2026-05-25 02:03:39.2712 [INFO] [NHI_AI_MedReportViewerWebApi.Program] [TraceID: N/A]
  Event: 0
  Request: N/A N/A 
  Message: Allowed origin: http://localhost:5173
  Properties: 
  ======================================================================

2026-05-25 02:03:39.4487 [INFO] [NHI_AI_MedReportViewerWebApi.Program] [TraceID: N/A]
  Event: 0
  Request: N/A N/A 
  Message: Authentication enabled with JWT Bearer tokens
  Properties: 
  ======================================================================

2026-05-25 02:03:39.7398 [INFO] [NHI_AI_MedReportViewerWebApi.Program] [TraceID: N/A]
  Event: 0
  Request: N/A N/A 
  Message: Exceptionless 設定完成，ServerUrl: "https://h30lhclogsvr.intra.nhi.gov.tw:8443"
  Properties: ServerUrl=https://h30lhclogsvr.intra.nhi.gov.tw:8443
  ======================================================================

2026-05-25 02:03:40.5551 [WARN] [Microsoft.AspNetCore.DataProtection.Repositories.EphemeralXmlRepository] [TraceID: N/A]
  Event: 0
  Request: N/A N/A 
  Message: Using an in-memory repository. Keys will not be persisted to storage.
  Properties: EventId=50; EventName=UsingInMemoryRepository
  ======================================================================

2026-05-25 02:03:40.5648 [WARN] [Microsoft.AspNetCore.DataProtection.KeyManagement.XmlKeyManager] [TraceID: N/A]
  Event: 0
  Request: N/A N/A 
  Message: Neither user profile nor HKLM registry available. Using an ephemeral key repository. Protected data will be unavailable when application exits.
  Properties: EventId=59; EventName=UsingEphemeralKeyRepository
  ======================================================================

2026-05-25 02:03:40.5898 [WARN] [Microsoft.AspNetCore.DataProtection.KeyManagement.XmlKeyManager] [TraceID: N/A]
  Event: 0
  Request: N/A N/A 
  Message: No XML encryptor configured. Key {5524a095-45dd-486f-9521-082c10a130ed} may be persisted to storage in unencrypted form.
  Properties: KeyId=5524a095-45dd-486f-9521-082c10a130ed; EventId=35; EventName=NoXMLEncryptorConfiguredKeyMayBePersistedToStorageInUnencryptedForm
  ======================================================================

2026-05-25 10:02:37.8746 [INFO] [NHI_AI_MedReportViewerWebApi.Services.UrlTokenValidator] [TraceID: 00-59edf079a875aa63c14cb2fc879d297c-7ac192d1728e50fe-00]
  Event: 0
  Request: GET https://lcr-tp.nhi.gov.tw/reports/view 
  Message: 正在載入 URL 驗證用 JWKS。Issuer=https://auth.cohesion.internal/url-issuer, Audience=viewer-app, Path=Config/url.jwks.json
  Properties: Issuer=https://auth.cohesion.internal/url-issuer; Audience=viewer-app; Path=Config/url.jwks.json; RequestId=4000021c-0007-fd00-b63f-84710c7967bb; RequestPath=/reports/view; ActionId=34db68e8-d3a7-4aef-98b7-0f4ebddc13c2; ActionName=NHI_AI_MedReportViewerWebApi.Controllers.ReportsController.ViewReport (NHI-AI-MedReportViewerWebApi)
  ======================================================================

2026-05-25 10:02:37.8853 [INFO] [NHI_AI_MedReportViewerWebApi.Services.UrlTokenValidator] [TraceID: 00-59edf079a875aa63c14cb2fc879d297c-7ac192d1728e50fe-00]
  Event: 0
  Request: GET https://lcr-tp.nhi.gov.tw/reports/view 
  Message: URL 驗證用 JWKS 載入完成，共 1 把金鑰。
  Properties: Count=1; RequestId=4000021c-0007-fd00-b63f-84710c7967bb; RequestPath=/reports/view; ActionId=34db68e8-d3a7-4aef-98b7-0f4ebddc13c2; ActionName=NHI_AI_MedReportViewerWebApi.Controllers.ReportsController.ViewReport (NHI-AI-MedReportViewerWebApi)
  ======================================================================

2026-05-25 10:02:37.8853 [INFO] [NHI_AI_MedReportViewerWebApi.Services.ViewerTokenIssuer] [TraceID: 00-59edf079a875aa63c14cb2fc879d297c-7ac192d1728e50fe-00]
  Event: 0
  Request: GET https://lcr-tp.nhi.gov.tw/reports/view 
  Message: 正在載入 Viewer 簽章私鑰 PEM (初始化)。Issuer=https://auth.cohesion.internal/viewer-issuer, Audience=viewer-app, PemPath=Config/viewer-issuer-private.pem, Kid=VW-2025-03, TTL=14400s
  Properties: Phase=初始化; Issuer=https://auth.cohesion.internal/viewer-issuer; Audience=viewer-app; Path=Config/viewer-issuer-private.pem; Kid=VW-2025-03; TTL=14400; RequestId=4000021c-0007-fd00-b63f-84710c7967bb; RequestPath=/reports/view; ActionId=34db68e8-d3a7-4aef-98b7-0f4ebddc13c2; ActionName=NHI_AI_MedReportViewerWebApi.Controllers.ReportsController.ViewReport (NHI-AI-MedReportViewerWebApi)
  ======================================================================

2026-05-25 10:02:37.9217 [INFO] [NHI_AI_MedReportViewerWebApi.Services.ViewerTokenIssuer] [TraceID: 00-59edf079a875aa63c14cb2fc879d297c-7ac192d1728e50fe-00]
  Event: 0
  Request: GET https://lcr-tp.nhi.gov.tw/reports/view 
  Message: Viewer 簽章私鑰 PEM 載入完成，簽章設定 初始化成功。Kid=VW-2025-03, 存活秒數=14400
  Properties: Phase=初始化成功; Kid=VW-2025-03; TTL=14400; RequestId=4000021c-0007-fd00-b63f-84710c7967bb; RequestPath=/reports/view; ActionId=34db68e8-d3a7-4aef-98b7-0f4ebddc13c2; ActionName=NHI_AI_MedReportViewerWebApi.Controllers.ReportsController.ViewReport (NHI-AI-MedReportViewerWebApi)
  ======================================================================

2026-05-25 10:02:37.9380 [INFO] [NHI_AI_MedReportViewerWebApi.Controllers.ReportsController] [TraceID: 00-59edf079a875aa63c14cb2fc879d297c-7ac192d1728e50fe-00]
  Event: 0
  Request: GET https://lcr-tp.nhi.gov.tw/reports/view 
  Message: 開始驗證 URL Token。
  Properties: RequestId=4000021c-0007-fd00-b63f-84710c7967bb; RequestPath=/reports/view; ActionId=34db68e8-d3a7-4aef-98b7-0f4ebddc13c2; ActionName=NHI_AI_MedReportViewerWebApi.Controllers.ReportsController.ViewReport (NHI-AI-MedReportViewerWebApi); TraceId=4000021c-0007-fd00-b63f-84710c7967bb; UrlTokenLen=745
  ======================================================================

2026-05-25 10:02:37.9856 [INFO] [NHI_AI_MedReportViewerWebApi.Services.UrlTokenValidator] [TraceID: 00-59edf079a875aa63c14cb2fc879d297c-7ac192d1728e50fe-00]
  Event: 0
  Request: GET https://lcr-tp.nhi.gov.tw/reports/view 
  Message: URL Token 驗證通過。kid=UX-2025-02
  Properties: Kid=UX-2025-02; RequestId=4000021c-0007-fd00-b63f-84710c7967bb; RequestPath=/reports/view; ActionId=34db68e8-d3a7-4aef-98b7-0f4ebddc13c2; ActionName=NHI_AI_MedReportViewerWebApi.Controllers.ReportsController.ViewReport (NHI-AI-MedReportViewerWebApi); TraceId=4000021c-0007-fd00-b63f-84710c7967bb; UrlTokenLen=745
  ======================================================================

2026-05-25 10:02:37.9917 [INFO] [NHI_AI_MedReportViewerWebApi.Controllers.ReportsController] [TraceID: 00-59edf079a875aa63c14cb2fc879d297c-7ac192d1728e50fe-00]
  Event: 0
  Request: GET https://lcr-tp.nhi.gov.tw/reports/view 
  Message: URL Token 驗證通過，準備簽發 Viewer Token。
  Properties: RequestId=4000021c-0007-fd00-b63f-84710c7967bb; RequestPath=/reports/view; ActionId=34db68e8-d3a7-4aef-98b7-0f4ebddc13c2; ActionName=NHI_AI_MedReportViewerWebApi.Controllers.ReportsController.ViewReport (NHI-AI-MedReportViewerWebApi); TraceId=4000021c-0007-fd00-b63f-84710c7967bb; UrlTokenLen=745; PatientId=EBD71A864A0F7E6A355827754B89259E; Birthday=19410712; HospId=1234567890; PrsnId=Z123123123; ClientIp=192.168.139.110
  ======================================================================

2026-05-25 10:02:37.9917 [INFO] [NHI_AI_MedReportViewerWebApi.Services.ViewerTokenIssuer] [TraceID: 00-59edf079a875aa63c14cb2fc879d297c-7ac192d1728e50fe-00]
  Event: 0
  Request: GET https://lcr-tp.nhi.gov.tw/reports/view 
  Message: 正在簽發 Viewer Token。存活秒數=14400, 到期時間(UTC)=05/25/2026 06:02:37, kid=VW-2025-03, 最大會話壽命(amax)=05/25/2026 06:02:37
  Properties: TTL=14400; Exp=05/25/2026 06:02:37; Kid=VW-2025-03; Amax=05/25/2026 06:02:37; RequestId=4000021c-0007-fd00-b63f-84710c7967bb; RequestPath=/reports/view; ActionId=34db68e8-d3a7-4aef-98b7-0f4ebddc13c2; ActionName=NHI_AI_MedReportViewerWebApi.Controllers.ReportsController.ViewReport (NHI-AI-MedReportViewerWebApi); TraceId=4000021c-0007-fd00-b63f-84710c7967bb; UrlTokenLen=745; PatientId=EBD71A864A0F7E6A355827754B89259E; Birthday=19410712; HospId=1234567890; PrsnId=Z123123123; ClientIp=192.168.139.110
  ======================================================================

2026-05-25 10:02:38.0243 [INFO] [NHI_AI_MedReportViewerWebApi.Controllers.ReportsController] [TraceID: 00-59edf079a875aa63c14cb2fc879d297c-7ac192d1728e50fe-00]
  Event: 0
  Request: GET https://lcr-tp.nhi.gov.tw/reports/view 
  Message: 以 Redirect 模式回應，導向前端頁面。
  Properties: RequestId=4000021c-0007-fd00-b63f-84710c7967bb; RequestPath=/reports/view; ActionId=34db68e8-d3a7-4aef-98b7-0f4ebddc13c2; ActionName=NHI_AI_MedReportViewerWebApi.Controllers.ReportsController.ViewReport (NHI-AI-MedReportViewerWebApi); TraceId=4000021c-0007-fd00-b63f-84710c7967bb; UrlTokenLen=745; PatientId=EBD71A864A0F7E6A355827754B89259E; Birthday=19410712; HospId=1234567890; PrsnId=Z123123123; ClientIp=192.168.139.110
  ======================================================================

2026-05-25 10:02:38.5140 [INFO] [NHI_AI_MedReportViewerWebApi.Services.OutputGenerationService] [TraceID: 00-06bdd79a2357edd0c2e749231a4fb309-4d7fd0916e86bbf6-00]
  Event: 0
  Request: GET https://lcr-tp.nhi.gov.tw/api/digestsummary 
  Message: 開始建立 extracted_data for Patient: Z299999830-20251102-1211-00000000001
  Properties: PatientObjId=Z299999830-20251102-1211-00000000001; RequestId=4000000e-0004-f300-b63f-84710c7967bb; RequestPath=/api/digestsummary; ActionId=3aa4d379-6018-4ff6-bb12-a22020df4a18; ActionName=NHI_AI_MedReportViewerWebApi.Controllers.DigestSummaryController.Get (NHI-AI-MedReportViewerWebApi)
  ======================================================================

2026-05-25 10:02:39.0534 [INFO] [NHI_AI_MedReportViewerWebApi.Services.OutputGenerationService] [TraceID: 00-06bdd79a2357edd0c2e749231a4fb309-4d7fd0916e86bbf6-00]
  Event: 0
  Request: GET https://lcr-tp.nhi.gov.tw/api/digestsummary 
  Message: 完成建立 23 筆 extracted_data
  Properties: Count=23; RequestId=4000000e-0004-f300-b63f-84710c7967bb; RequestPath=/api/digestsummary; ActionId=3aa4d379-6018-4ff6-bb12-a22020df4a18; ActionName=NHI_AI_MedReportViewerWebApi.Controllers.DigestSummaryController.Get (NHI-AI-MedReportViewerWebApi)
  ======================================================================

2026-05-25 10:02:39.0616 [INFO] [NHI_AI_MedReportViewerWebApi.Services.OutputGenerationService] [TraceID: 00-06bdd79a2357edd0c2e749231a4fb309-4d7fd0916e86bbf6-00]
  Event: 0
  Request: GET https://lcr-tp.nhi.gov.tw/api/digestsummary 
  Message: 開始建立 summary for Patient: Z299999830-20251102-1211-00000000001
  Properties: PatientObjId=Z299999830-20251102-1211-00000000001; RequestId=4000000e-0004-f300-b63f-84710c7967bb; RequestPath=/api/digestsummary; ActionId=3aa4d379-6018-4ff6-bb12-a22020df4a18; ActionName=NHI_AI_MedReportViewerWebApi.Controllers.DigestSummaryController.Get (NHI-AI-MedReportViewerWebApi)
  ======================================================================

2026-05-25 10:02:39.1750 [INFO] [NHI_AI_MedReportViewerWebApi.Services.OutputGenerationService] [TraceID: 00-06bdd79a2357edd0c2e749231a4fb309-4d7fd0916e86bbf6-00]
  Event: 0
  Request: GET https://lcr-tp.nhi.gov.tw/api/digestsummary 
  Message: 完成建立 4 筆 summary
  Properties: Count=4; RequestId=4000000e-0004-f300-b63f-84710c7967bb; RequestPath=/api/digestsummary; ActionId=3aa4d379-6018-4ff6-bb12-a22020df4a18; ActionName=NHI_AI_MedReportViewerWebApi.Controllers.DigestSummaryController.Get (NHI-AI-MedReportViewerWebApi)
  ======================================================================

2026-05-25 10:02:39.1884 [INFO] [Polly] [TraceID: 00-06bdd79a2357edd0c2e749231a4fb309-4d7fd0916e86bbf6-00]
  Event: 0
  Request: GET https://lcr-tp.nhi.gov.tw/api/digestsummary 
  Message: Execution attempt. Source: 'OracleResiliencePipeline/(null)/Retry', Operation Key: '', Result: 'NHI_AI_MedReportViewerWebApi.Models.OutputJsonDto', Handled: 'False', Attempt: '0', Execution Time: '833.9246'
  Properties: PipelineName=OracleResiliencePipeline; PipelineInstance=(null); StrategyName=Retry; Result=NHI_AI_MedReportViewerWebApi.Models.OutputJsonDto; Handled=false; Attempt=0; ExecutionTimeMs=833.9246; EventId=3; EventName=ExecutionAttempt; RequestId=4000000e-0004-f300-b63f-84710c7967bb; RequestPath=/api/digestsummary; ActionId=3aa4d379-6018-4ff6-bb12-a22020df4a18; ActionName=NHI_AI_MedReportViewerWebApi.Controllers.DigestSummaryController.Get (NHI-AI-MedReportViewerWebApi)
  ======================================================================

2026-05-25 10:02:39.4332 [INFO] [NHI_AI_MedReportViewerWebApi.Services.OutputGenerationService] [TraceID: 00-f3eafeee059fd581b281f08f557775e0-b1c304ea200652e4-00]
  Event: 0
  Request: GET https://lcr-tp.nhi.gov.tw/api/DigestSummary/key-images 
  Message: 開始取得病患關鍵影像: IdAes=EBD71A864A0F7E6A355827754B89259E, Birthday=19410712
  Properties: IdAes=EBD71A864A0F7E6A355827754B89259E; Birthday=19410712; RequestId=4000011b-0006-f300-b63f-84710c7967bb; RequestPath=/api/DigestSummary/key-images; ActionId=dd385bca-fb50-4bef-af35-27f05ff2b6b9; ActionName=NHI_AI_MedReportViewerWebApi.Controllers.DigestSummaryController.GetPatientKeyImages (NHI-AI-MedReportViewerWebApi)
  ======================================================================

2026-05-25 10:02:39.5026 [INFO] [Polly] [TraceID: 00-f3eafeee059fd581b281f08f557775e0-b1c304ea200652e4-00]
  Event: 0
  Request: GET https://lcr-tp.nhi.gov.tw/api/DigestSummary/key-images 
  Message: Execution attempt. Source: 'OracleResiliencePipeline/(null)/Retry', Operation Key: '', Result: 'System.Collections.Generic.List`1[NHI_AI_MedReportViewerWebApi.Models.KeyImageInfo]', Handled: 'False', Attempt: '0', Execution Time: '60.7099'
  Properties: PipelineName=OracleResiliencePipeline; PipelineInstance=(null); StrategyName=Retry; Result=NHI_AI_MedReportViewerWebApi.Models.KeyImageInfo, NHI_AI_MedReportViewerWebApi.Models.KeyImageInfo, NHI_AI_MedReportViewerWebApi.Models.KeyImageInfo, NHI_AI_MedReportViewerWebApi.Models.KeyImageInfo; Handled=false; Attempt=0; ExecutionTimeMs=60.7099; EventId=3; EventName=ExecutionAttempt; RequestId=4000011b-0006-f300-b63f-84710c7967bb; RequestPath=/api/DigestSummary/key-images; ActionId=dd385bca-fb50-4bef-af35-27f05ff2b6b9; ActionName=NHI_AI_MedReportViewerWebApi.Controllers.DigestSummaryController.GetPatientKeyImages (NHI-AI-MedReportViewerWebApi)
  ======================================================================

2026-05-25 10:02:39.5026 [INFO] [NHI_AI_MedReportViewerWebApi.Services.NhiPatientImageService] [TraceID: 00-24c1b0797aab1014f2b7f58834d2fd15-d1f5ad9bbda422dd-00]
  Event: 0
  Request: GET https://lcr-tp.nhi.gov.tw/api/NhiPatientImage/studies/1.2.840.133888132105150143162871541411731780159144/series-uid 
  Message: 開始查詢 Series Instance UID: Study=1.2.840.133888132105150143162871541411731780159144, SeriesNumber=15
  Properties: RequestId=400000f9-0006-f700-b63f-84710c7967bb; RequestPath=/api/NhiPatientImage/studies/1.2.840.133888132105150143162871541411731780159144/series-uid; ActionId=4aeb1ff5-d75b-4ae7-bc60-1eb478a303f7; ActionName=NHI_AI_MedReportViewerWebApi.Controllers.NhiPatientImageController.GetSeriesInstanceUid (NHI-AI-MedReportViewerWebApi); StudyInstanceUid=1.2.840.133888132105150143162871541411731780159144; SeriesNumber=15
  ======================================================================

2026-05-25 10:02:39.5135 [INFO] [NHI_AI_MedReportViewerWebApi.Services.OutputGenerationService] [TraceID: 00-f3eafeee059fd581b281f08f557775e0-b1c304ea200652e4-00]
  Event: 0
  Request: GET https://lcr-tp.nhi.gov.tw/api/DigestSummary/key-images 
  Message: 完成取得病患關鍵影像，共 4 筆
  Properties: Count=4; RequestId=4000011b-0006-f300-b63f-84710c7967bb; RequestPath=/api/DigestSummary/key-images; ActionId=dd385bca-fb50-4bef-af35-27f05ff2b6b9; ActionName=NHI_AI_MedReportViewerWebApi.Controllers.DigestSummaryController.GetPatientKeyImages (NHI-AI-MedReportViewerWebApi)
  ======================================================================

2026-05-25 10:02:39.5543 [INFO] [AIRS.Core.Helpers.ZfpOracleDbHelper] [TraceID: 00-71ee6a1e2da346717f9e6ab6ffb2a2d4-48d395fe3d6a4a5e-00]
  Event: 0
  Request: GET https://lcr-tp.nhi.gov.tw/api/NhiPatientImage/studies/1.2.840.1405011311801131732011012121012200126134/series/1.2.840.51111141244381216847820799116149155151129/instances/1.2.840.232761451702923525417733227971231052812514/jpg 
  Message: GetImageKey(studyInstanceUid: 1.2.840.1405011311801131732011012121012200126134, seriesInstanceUid: 1.2.840.51111141244381216847820799116149155151129, sopInstanceUid: 1.2.840.232761451702923525417733227971231052812514)
  Properties: StudyUid=1.2.840.1405011311801131732011012121012200126134; SeriesUid=1.2.840.51111141244381216847820799116149155151129; SopUid=1.2.840.232761451702923525417733227971231052812514; RequestId=4000021e-0007-fd00-b63f-84710c7967bb; RequestPath=/api/NhiPatientImage/studies/1.2.840.1405011311801131732011012121012200126134/series/1.2.840.51111141244381216847820799116149155151129/instances/1.2.840.232761451702923525417733227971231052812514/jpg; ActionId=cb71940e-2364-4f5a-9a95-36884141ace0; ActionName=NHI_AI_MedReportViewerWebApi.Controllers.NhiPatientImageController.GetImageScreenshotAsync (NHI-AI-MedReportViewerWebApi); StudyInstanceUid=1.2.840.1405011311801131732011012121012200126134; SeriesInstanceUid=1.2.840.51111141244381216847820799116149155151129; SopInstanceUid=1.2.840.232761451702923525417733227971231052812514
  ======================================================================

2026-05-25 10:02:39.5543 [INFO] [AIRS.Core.Helpers.ZfpOracleDbHelper] [TraceID: 00-75fd6a9f56c6ecb61f626b5fcaf25c6f-297a5b200c8fab22-00]
  Event: 0
  Request: GET https://lcr-tp.nhi.gov.tw/api/NhiPatientImage/studies/1.2.840.6610321904118510815420318233761831142014/series/1.2.840.185393732156165237212158241127106677643111/instances/1.2.840.3417124205586658229153205402522644/jpg 
  Message: GetImageKey(studyInstanceUid: 1.2.840.6610321904118510815420318233761831142014, seriesInstanceUid: 1.2.840.185393732156165237212158241127106677643111, sopInstanceUid: 1.2.840.3417124205586658229153205402522644)
  Properties: StudyUid=1.2.840.6610321904118510815420318233761831142014; SeriesUid=1.2.840.185393732156165237212158241127106677643111; SopUid=1.2.840.3417124205586658229153205402522644; RequestId=4000011d-0006-f300-b63f-84710c7967bb; RequestPath=/api/NhiPatientImage/studies/1.2.840.6610321904118510815420318233761831142014/series/1.2.840.185393732156165237212158241127106677643111/instances/1.2.840.3417124205586658229153205402522644/jpg; ActionId=cb71940e-2364-4f5a-9a95-36884141ace0; ActionName=NHI_AI_MedReportViewerWebApi.Controllers.NhiPatientImageController.GetImageScreenshotAsync (NHI-AI-MedReportViewerWebApi); StudyInstanceUid=1.2.840.6610321904118510815420318233761831142014; SeriesInstanceUid=1.2.840.185393732156165237212158241127106677643111; SopInstanceUid=1.2.840.3417124205586658229153205402522644
  ======================================================================

2026-05-25 10:02:39.5543 [INFO] [AIRS.Core.Helpers.ZfpOracleDbHelper] [TraceID: 00-a28ff4c614149108865abaad0d1b79f2-bad7dd0643abdb51-00]
  Event: 0
  Request: GET https://lcr-tp.nhi.gov.tw/api/NhiPatientImage/studies/1.2.840.6610321904118510815420318233761831142014/series/1.2.840.185393732156165237212158241127106677643111/instances/1.2.840.1051457738253118922381479013141215320088/jpg 
  Message: GetImageKey(studyInstanceUid: 1.2.840.6610321904118510815420318233761831142014, seriesInstanceUid: 1.2.840.185393732156165237212158241127106677643111, sopInstanceUid: 1.2.840.1051457738253118922381479013141215320088)
  Properties: StudyUid=1.2.840.6610321904118510815420318233761831142014; SeriesUid=1.2.840.185393732156165237212158241127106677643111; SopUid=1.2.840.1051457738253118922381479013141215320088; RequestId=400001e2-0006-fc00-b63f-84710c7967bb; RequestPath=/api/NhiPatientImage/studies/1.2.840.6610321904118510815420318233761831142014/series/1.2.840.185393732156165237212158241127106677643111/instances/1.2.840.1051457738253118922381479013141215320088/jpg; ActionId=cb71940e-2364-4f5a-9a95-36884141ace0; ActionName=NHI_AI_MedReportViewerWebApi.Controllers.NhiPatientImageController.GetImageScreenshotAsync (NHI-AI-MedReportViewerWebApi); StudyInstanceUid=1.2.840.6610321904118510815420318233761831142014; SeriesInstanceUid=1.2.840.185393732156165237212158241127106677643111; SopInstanceUid=1.2.840.1051457738253118922381479013141215320088
  ======================================================================

2026-05-25 10:02:39.5609 [INFO] [AIRS.Core.Helpers.ZfpOracleDbHelper] [TraceID: 00-2e0b15285e93c42afa53cf580a25363f-cf4c74a2b0750f91-00]
  Event: 0
  Request: GET https://lcr-tp.nhi.gov.tw/api/NhiPatientImage/studies/1.2.840.1405011311801131732011012121012200126134/series/1.2.840.51111141244381216847820799116149155151129/instances/1.2.840.3219370233171571652261152261706625011114738/jpg 
  Message: GetImageKey(studyInstanceUid: 1.2.840.1405011311801131732011012121012200126134, seriesInstanceUid: 1.2.840.51111141244381216847820799116149155151129, sopInstanceUid: 1.2.840.3219370233171571652261152261706625011114738)
  Properties: StudyUid=1.2.840.1405011311801131732011012121012200126134; SeriesUid=1.2.840.51111141244381216847820799116149155151129; SopUid=1.2.840.3219370233171571652261152261706625011114738; RequestId=40000102-0007-fb00-b63f-84710c7967bb; RequestPath=/api/NhiPatientImage/studies/1.2.840.1405011311801131732011012121012200126134/series/1.2.840.51111141244381216847820799116149155151129/instances/1.2.840.3219370233171571652261152261706625011114738/jpg; ActionId=cb71940e-2364-4f5a-9a95-36884141ace0; ActionName=NHI_AI_MedReportViewerWebApi.Controllers.NhiPatientImageController.GetImageScreenshotAsync (NHI-AI-MedReportViewerWebApi); StudyInstanceUid=1.2.840.1405011311801131732011012121012200126134; SeriesInstanceUid=1.2.840.51111141244381216847820799116149155151129; SopInstanceUid=1.2.840.3219370233171571652261152261706625011114738
  ======================================================================

2026-05-25 10:02:39.9856 [INFO] [Polly] [TraceID: 00-71ee6a1e2da346717f9e6ab6ffb2a2d4-48d395fe3d6a4a5e-00]
  Event: 0
  Request: GET https://lcr-tp.nhi.gov.tw/api/NhiPatientImage/studies/1.2.840.1405011311801131732011012121012200126134/series/1.2.840.51111141244381216847820799116149155151129/instances/1.2.840.232761451702923525417733227971231052812514/jpg 
  Message: Execution attempt. Source: 'OracleResiliencePipeline/(null)/Retry', Operation Key: '', Result: 'NHI_ZFP_Viewer.ImageSources.ImageInfo', Handled: 'False', Attempt: '0', Execution Time: '422.8579'
  Properties: PipelineName=OracleResiliencePipeline; PipelineInstance=(null); StrategyName=Retry; Result=NHI_ZFP_Viewer.ImageSources.ImageInfo; Handled=false; Attempt=0; ExecutionTimeMs=422.8579; EventId=3; EventName=ExecutionAttempt; RequestId=4000021e-0007-fd00-b63f-84710c7967bb; RequestPath=/api/NhiPatientImage/studies/1.2.840.1405011311801131732011012121012200126134/series/1.2.840.51111141244381216847820799116149155151129/instances/1.2.840.232761451702923525417733227971231052812514/jpg; ActionId=cb71940e-2364-4f5a-9a95-36884141ace0; ActionName=NHI_AI_MedReportViewerWebApi.Controllers.NhiPatientImageController.GetImageScreenshotAsync (NHI-AI-MedReportViewerWebApi); StudyInstanceUid=1.2.840.1405011311801131732011012121012200126134; SeriesInstanceUid=1.2.840.51111141244381216847820799116149155151129; SopInstanceUid=1.2.840.232761451702923525417733227971231052812514
  ======================================================================

2026-05-25 10:02:39.9856 [INFO] [Polly] [TraceID: 00-a28ff4c614149108865abaad0d1b79f2-bad7dd0643abdb51-00]
  Event: 0
  Request: GET https://lcr-tp.nhi.gov.tw/api/NhiPatientImage/studies/1.2.840.6610321904118510815420318233761831142014/series/1.2.840.185393732156165237212158241127106677643111/instances/1.2.840.1051457738253118922381479013141215320088/jpg 
  Message: Execution attempt. Source: 'OracleResiliencePipeline/(null)/Retry', Operation Key: '', Result: 'NHI_ZFP_Viewer.ImageSources.ImageInfo', Handled: 'False', Attempt: '0', Execution Time: '416.548'
  Properties: PipelineName=OracleResiliencePipeline; PipelineInstance=(null); StrategyName=Retry; Result=NHI_ZFP_Viewer.ImageSources.ImageInfo; Handled=false; Attempt=0; ExecutionTimeMs=416.548; EventId=3; EventName=ExecutionAttempt; RequestId=400001e2-0006-fc00-b63f-84710c7967bb; RequestPath=/api/NhiPatientImage/studies/1.2.840.6610321904118510815420318233761831142014/series/1.2.840.185393732156165237212158241127106677643111/instances/1.2.840.1051457738253118922381479013141215320088/jpg; ActionId=cb71940e-2364-4f5a-9a95-36884141ace0; ActionName=NHI_AI_MedReportViewerWebApi.Controllers.NhiPatientImageController.GetImageScreenshotAsync (NHI-AI-MedReportViewerWebApi); StudyInstanceUid=1.2.840.6610321904118510815420318233761831142014; SeriesInstanceUid=1.2.840.185393732156165237212158241127106677643111; SopInstanceUid=1.2.840.1051457738253118922381479013141215320088
  ======================================================================

2026-05-25 10:02:39.9856 [INFO] [Polly] [TraceID: 00-2e0b15285e93c42afa53cf580a25363f-cf4c74a2b0750f91-00]
  Event: 0
  Request: GET https://lcr-tp.nhi.gov.tw/api/NhiPatientImage/studies/1.2.840.1405011311801131732011012121012200126134/series/1.2.840.51111141244381216847820799116149155151129/instances/1.2.840.3219370233171571652261152261706625011114738/jpg 
  Message: Execution attempt. Source: 'OracleResiliencePipeline/(null)/Retry', Operation Key: '', Result: 'NHI_ZFP_Viewer.ImageSources.ImageInfo', Handled: 'False', Attempt: '0', Execution Time: '415.8022'
  Properties: PipelineName=OracleResiliencePipeline; PipelineInstance=(null); StrategyName=Retry; Result=NHI_ZFP_Viewer.ImageSources.ImageInfo; Handled=false; Attempt=0; ExecutionTimeMs=415.8022; EventId=3; EventName=ExecutionAttempt; RequestId=40000102-0007-fb00-b63f-84710c7967bb; RequestPath=/api/NhiPatientImage/studies/1.2.840.1405011311801131732011012121012200126134/series/1.2.840.51111141244381216847820799116149155151129/instances/1.2.840.3219370233171571652261152261706625011114738/jpg; ActionId=cb71940e-2364-4f5a-9a95-36884141ace0; ActionName=NHI_AI_MedReportViewerWebApi.Controllers.NhiPatientImageController.GetImageScreenshotAsync (NHI-AI-MedReportViewerWebApi); StudyInstanceUid=1.2.840.1405011311801131732011012121012200126134; SeriesInstanceUid=1.2.840.51111141244381216847820799116149155151129; SopInstanceUid=1.2.840.3219370233171571652261152261706625011114738
  ======================================================================

2026-05-25 10:02:39.9856 [INFO] [Polly] [TraceID: 00-75fd6a9f56c6ecb61f626b5fcaf25c6f-297a5b200c8fab22-00]
  Event: 0
  Request: GET https://lcr-tp.nhi.gov.tw/api/NhiPatientImage/studies/1.2.840.6610321904118510815420318233761831142014/series/1.2.840.185393732156165237212158241127106677643111/instances/1.2.840.3417124205586658229153205402522644/jpg 
  Message: Execution attempt. Source: 'OracleResiliencePipeline/(null)/Retry', Operation Key: '', Result: 'NHI_ZFP_Viewer.ImageSources.ImageInfo', Handled: 'False', Attempt: '0', Execution Time: '427.0482'
  Properties: PipelineName=OracleResiliencePipeline; PipelineInstance=(null); StrategyName=Retry; Result=NHI_ZFP_Viewer.ImageSources.ImageInfo; Handled=false; Attempt=0; ExecutionTimeMs=427.0482; EventId=3; EventName=ExecutionAttempt; RequestId=4000011d-0006-f300-b63f-84710c7967bb; RequestPath=/api/NhiPatientImage/studies/1.2.840.6610321904118510815420318233761831142014/series/1.2.840.185393732156165237212158241127106677643111/instances/1.2.840.3417124205586658229153205402522644/jpg; ActionId=cb71940e-2364-4f5a-9a95-36884141ace0; ActionName=NHI_AI_MedReportViewerWebApi.Controllers.NhiPatientImageController.GetImageScreenshotAsync (NHI-AI-MedReportViewerWebApi); StudyInstanceUid=1.2.840.6610321904118510815420318233761831142014; SeriesInstanceUid=1.2.840.185393732156165237212158241127106677643111; SopInstanceUid=1.2.840.3417124205586658229153205402522644
  ======================================================================

2026-05-25 10:02:39.9951 [INFO] [Polly] [TraceID: 00-cdfabab003df287618f7d37713edaefc-f67163104d6814ec-00]
  Event: 0
  Request: GET https://lcr-tp.nhi.gov.tw/api/DigestSummary/hospital 
  Message: Execution attempt. Source: 'OracleResiliencePipeline/(null)/Retry', Operation Key: '', Result: '台大醫院', Handled: 'False', Attempt: '0', Execution Time: '566.748'
  Properties: PipelineName=OracleResiliencePipeline; PipelineInstance=(null); StrategyName=Retry; Result=台大醫院; Handled=false; Attempt=0; ExecutionTimeMs=566.748; EventId=3; EventName=ExecutionAttempt; RequestId=40000010-0004-f300-b63f-84710c7967bb; RequestPath=/api/DigestSummary/hospital; ActionId=a10747a9-3a3d-4b2b-805f-4ca0f2bb03d7; ActionName=NHI_AI_MedReportViewerWebApi.Controllers.DigestSummaryController.GetHospitalName (NHI-AI-MedReportViewerWebApi)
  ======================================================================

2026-05-25 10:02:39.9951 [INFO] [AIRS.Core.Helpers.ZfpOracleDbHelper] [TraceID: 00-71ee6a1e2da346717f9e6ab6ffb2a2d4-48d395fe3d6a4a5e-00]
  Event: 0
  Request: GET https://lcr-tp.nhi.gov.tw/api/NhiPatientImage/studies/1.2.840.1405011311801131732011012121012200126134/series/1.2.840.51111141244381216847820799116149155151129/instances/1.2.840.232761451702923525417733227971231052812514/jpg 
  Message: GetImageKey = Archived/20230210/1.2.840.1405011311801131732011012121012200126134/1.2.840.51111141244381216847820799116149155151129/1.2.840.232761451702923525417733227971231052812514.dcm, 444 ms elapsed.
  Properties: S3ObjectKey=Archived/20230210/1.2.840.1405011311801131732011012121012200126134/1.2.840.51111141244381216847820799116149155151129/1.2.840.232761451702923525417733227971231052812514.dcm; Elapsed=444; RequestId=4000021e-0007-fd00-b63f-84710c7967bb; RequestPath=/api/NhiPatientImage/studies/1.2.840.1405011311801131732011012121012200126134/series/1.2.840.51111141244381216847820799116149155151129/instances/1.2.840.232761451702923525417733227971231052812514/jpg; ActionId=cb71940e-2364-4f5a-9a95-36884141ace0; ActionName=NHI_AI_MedReportViewerWebApi.Controllers.NhiPatientImageController.GetImageScreenshotAsync (NHI-AI-MedReportViewerWebApi); StudyInstanceUid=1.2.840.1405011311801131732011012121012200126134; SeriesInstanceUid=1.2.840.51111141244381216847820799116149155151129; SopInstanceUid=1.2.840.232761451702923525417733227971231052812514
  ======================================================================

2026-05-25 10:02:40.0121 [INFO] [AIRS.Core.Helpers.ZfpOracleDbHelper] [TraceID: 00-a28ff4c614149108865abaad0d1b79f2-bad7dd0643abdb51-00]
  Event: 0
  Request: GET https://lcr-tp.nhi.gov.tw/api/NhiPatientImage/studies/1.2.840.6610321904118510815420318233761831142014/series/1.2.840.185393732156165237212158241127106677643111/instances/1.2.840.1051457738253118922381479013141215320088/jpg 
  Message: GetImageKey = Archived/20230510/1.2.840.6610321904118510815420318233761831142014/1.2.840.185393732156165237212158241127106677643111/1.2.840.1051457738253118922381479013141215320088.dcm, 446 ms elapsed.
  Properties: S3ObjectKey=Archived/20230510/1.2.840.6610321904118510815420318233761831142014/1.2.840.185393732156165237212158241127106677643111/1.2.840.1051457738253118922381479013141215320088.dcm; Elapsed=446; RequestId=400001e2-0006-fc00-b63f-84710c7967bb; RequestPath=/api/NhiPatientImage/studies/1.2.840.6610321904118510815420318233761831142014/series/1.2.840.185393732156165237212158241127106677643111/instances/1.2.840.1051457738253118922381479013141215320088/jpg; ActionId=cb71940e-2364-4f5a-9a95-36884141ace0; ActionName=NHI_AI_MedReportViewerWebApi.Controllers.NhiPatientImageController.GetImageScreenshotAsync (NHI-AI-MedReportViewerWebApi); StudyInstanceUid=1.2.840.6610321904118510815420318233761831142014; SeriesInstanceUid=1.2.840.185393732156165237212158241127106677643111; SopInstanceUid=1.2.840.1051457738253118922381479013141215320088
  ======================================================================

2026-05-25 10:02:40.0121 [INFO] [AIRS.Core.Helpers.ZfpOracleDbHelper] [TraceID: 00-2e0b15285e93c42afa53cf580a25363f-cf4c74a2b0750f91-00]
  Event: 0
  Request: GET https://lcr-tp.nhi.gov.tw/api/NhiPatientImage/studies/1.2.840.1405011311801131732011012121012200126134/series/1.2.840.51111141244381216847820799116149155151129/instances/1.2.840.3219370233171571652261152261706625011114738/jpg 
  Message: GetImageKey = Archived/20230210/1.2.840.1405011311801131732011012121012200126134/1.2.840.51111141244381216847820799116149155151129/1.2.840.3219370233171571652261152261706625011114738.dcm, 447 ms elapsed.
  Properties: S3ObjectKey=Archived/20230210/1.2.840.1405011311801131732011012121012200126134/1.2.840.51111141244381216847820799116149155151129/1.2.840.3219370233171571652261152261706625011114738.dcm; Elapsed=447; RequestId=40000102-0007-fb00-b63f-84710c7967bb; RequestPath=/api/NhiPatientImage/studies/1.2.840.1405011311801131732011012121012200126134/series/1.2.840.51111141244381216847820799116149155151129/instances/1.2.840.3219370233171571652261152261706625011114738/jpg; ActionId=cb71940e-2364-4f5a-9a95-36884141ace0; ActionName=NHI_AI_MedReportViewerWebApi.Controllers.NhiPatientImageController.GetImageScreenshotAsync (NHI-AI-MedReportViewerWebApi); StudyInstanceUid=1.2.840.1405011311801131732011012121012200126134; SeriesInstanceUid=1.2.840.51111141244381216847820799116149155151129; SopInstanceUid=1.2.840.3219370233171571652261152261706625011114738
  ======================================================================

2026-05-25 10:02:40.0121 [INFO] [AIRS.Core.Helpers.ZfpOracleDbHelper] [TraceID: 00-75fd6a9f56c6ecb61f626b5fcaf25c6f-297a5b200c8fab22-00]
  Event: 0
  Request: GET https://lcr-tp.nhi.gov.tw/api/NhiPatientImage/studies/1.2.840.6610321904118510815420318233761831142014/series/1.2.840.185393732156165237212158241127106677643111/instances/1.2.840.3417124205586658229153205402522644/jpg 
  Message: GetImageKey = Archived/20230510/1.2.840.6610321904118510815420318233761831142014/1.2.840.185393732156165237212158241127106677643111/1.2.840.3417124205586658229153205402522644.dcm, 455 ms elapsed.
  Properties: S3ObjectKey=Archived/20230510/1.2.840.6610321904118510815420318233761831142014/1.2.840.185393732156165237212158241127106677643111/1.2.840.3417124205586658229153205402522644.dcm; Elapsed=455; RequestId=4000011d-0006-f300-b63f-84710c7967bb; RequestPath=/api/NhiPatientImage/studies/1.2.840.6610321904118510815420318233761831142014/series/1.2.840.185393732156165237212158241127106677643111/instances/1.2.840.3417124205586658229153205402522644/jpg; ActionId=cb71940e-2364-4f5a-9a95-36884141ace0; ActionName=NHI_AI_MedReportViewerWebApi.Controllers.NhiPatientImageController.GetImageScreenshotAsync (NHI-AI-MedReportViewerWebApi); StudyInstanceUid=1.2.840.6610321904118510815420318233761831142014; SeriesInstanceUid=1.2.840.185393732156165237212158241127106677643111; SopInstanceUid=1.2.840.3417124205586658229153205402522644
  ======================================================================

2026-05-25 10:02:40.0427 [INFO] [Polly] [TraceID: 00-24c1b0797aab1014f2b7f58834d2fd15-d1f5ad9bbda422dd-00]
  Event: 0
  Request: GET https://lcr-tp.nhi.gov.tw/api/NhiPatientImage/studies/1.2.840.133888132105150143162871541411731780159144/series-uid 
  Message: Execution attempt. Source: 'OracleResiliencePipeline/(null)/Retry', Operation Key: '', Result: '1.2.840.19216622352892321110282110210111240391850', Handled: 'False', Attempt: '0', Execution Time: '525.7937'
  Properties: PipelineName=OracleResiliencePipeline; PipelineInstance=(null); StrategyName=Retry; Result=1.2.840.19216622352892321110282110210111240391850; Handled=false; Attempt=0; ExecutionTimeMs=525.7937; EventId=3; EventName=ExecutionAttempt; RequestId=400000f9-0006-f700-b63f-84710c7967bb; RequestPath=/api/NhiPatientImage/studies/1.2.840.133888132105150143162871541411731780159144/series-uid; ActionId=4aeb1ff5-d75b-4ae7-bc60-1eb478a303f7; ActionName=NHI_AI_MedReportViewerWebApi.Controllers.NhiPatientImageController.GetSeriesInstanceUid (NHI-AI-MedReportViewerWebApi); StudyInstanceUid=1.2.840.133888132105150143162871541411731780159144; SeriesNumber=15
  ======================================================================

2026-05-25 10:02:40.0585 [INFO] [NHI_AI_MedReportViewerWebApi.Services.NhiPatientImageService] [TraceID: 00-24c1b0797aab1014f2b7f58834d2fd15-d1f5ad9bbda422dd-00]
  Event: 0
  Request: GET https://lcr-tp.nhi.gov.tw/api/NhiPatientImage/studies/1.2.840.133888132105150143162871541411731780159144/series-uid 
  Message: 找到 Series Number 15 對應的 Series Instance UID: 1.2.840.19216622352892321110282110210111240391850
  Properties: RequestId=400000f9-0006-f700-b63f-84710c7967bb; RequestPath=/api/NhiPatientImage/studies/1.2.840.133888132105150143162871541411731780159144/series-uid; ActionId=4aeb1ff5-d75b-4ae7-bc60-1eb478a303f7; ActionName=NHI_AI_MedReportViewerWebApi.Controllers.NhiPatientImageController.GetSeriesInstanceUid (NHI-AI-MedReportViewerWebApi); StudyInstanceUid=1.2.840.133888132105150143162871541411731780159144; SeriesNumber=15
  ======================================================================

2026-05-25 10:02:40.0585 [INFO] [AIRS.Core.Common.LogForgingTools] [TraceID: 00-71ee6a1e2da346717f9e6ab6ffb2a2d4-48d395fe3d6a4a5e-00]
  Event: 0
  Request: GET https://lcr-tp.nhi.gov.tw/api/NhiPatientImage/studies/1.2.840.1405011311801131732011012121012200126134/series/1.2.840.51111141244381216847820799116149155151129/instances/1.2.840.232761451702923525417733227971231052812514/jpg 
  Message: 1779674560071 GetImage() 由 S3 取得 stream，耗時 49 ms.
  Properties: RequestId=4000021e-0007-fd00-b63f-84710c7967bb; RequestPath=/api/NhiPatientImage/studies/1.2.840.1405011311801131732011012121012200126134/series/1.2.840.51111141244381216847820799116149155151129/instances/1.2.840.232761451702923525417733227971231052812514/jpg; ActionId=cb71940e-2364-4f5a-9a95-36884141ace0; ActionName=NHI_AI_MedReportViewerWebApi.Controllers.NhiPatientImageController.GetImageScreenshotAsync (NHI-AI-MedReportViewerWebApi); StudyInstanceUid=1.2.840.1405011311801131732011012121012200126134; SeriesInstanceUid=1.2.840.51111141244381216847820799116149155151129; SopInstanceUid=1.2.840.232761451702923525417733227971231052812514
  ======================================================================

2026-05-25 10:02:40.0738 [INFO] [AIRS.Core.Common.LogForgingTools] [TraceID: 00-2e0b15285e93c42afa53cf580a25363f-cf4c74a2b0750f91-00]
  Event: 0
  Request: GET https://lcr-tp.nhi.gov.tw/api/NhiPatientImage/studies/1.2.840.1405011311801131732011012121012200126134/series/1.2.840.51111141244381216847820799116149155151129/instances/1.2.840.3219370233171571652261152261706625011114738/jpg 
  Message: 1779674560073 GetImage() 由 S3 取得 stream，耗時 47 ms.
  Properties: RequestId=40000102-0007-fb00-b63f-84710c7967bb; RequestPath=/api/NhiPatientImage/studies/1.2.840.1405011311801131732011012121012200126134/series/1.2.840.51111141244381216847820799116149155151129/instances/1.2.840.3219370233171571652261152261706625011114738/jpg; ActionId=cb71940e-2364-4f5a-9a95-36884141ace0; ActionName=NHI_AI_MedReportViewerWebApi.Controllers.NhiPatientImageController.GetImageScreenshotAsync (NHI-AI-MedReportViewerWebApi); StudyInstanceUid=1.2.840.1405011311801131732011012121012200126134; SeriesInstanceUid=1.2.840.51111141244381216847820799116149155151129; SopInstanceUid=1.2.840.3219370233171571652261152261706625011114738
  ======================================================================

2026-05-25 10:02:40.0738 [INFO] [AIRS.Core.Helpers.ZfpOracleDbHelper] [TraceID: 00-253777b80081952f23890f8360cca000-92397587650a08cf-00]
  Event: 0
  Request: GET https://lcr-tp.nhi.gov.tw/api/NhiPatientImage/studies/1.2.840.133888132105150143162871541411731780159144/series/1.2.840.19216622352892321110282110210111240391850/images 
  Message: GetSortedImagesBySeries(studyInstanceUid: 1.2.840.133888132105150143162871541411731780159144, seriesInstanceUid: 1.2.840.19216622352892321110282110210111240391850)
  Properties: StudyUid=1.2.840.133888132105150143162871541411731780159144; SeriesUid=1.2.840.19216622352892321110282110210111240391850; RequestId=40000125-0003-fd00-b63f-84710c7967bb; RequestPath=/api/NhiPatientImage/studies/1.2.840.133888132105150143162871541411731780159144/series/1.2.840.19216622352892321110282110210111240391850/images; ActionId=fc3ec55e-5bff-4701-a39d-404147d85f55; ActionName=NHI_AI_MedReportViewerWebApi.Controllers.NhiPatientImageController.GetImagesInSeries (NHI-AI-MedReportViewerWebApi); StudyInstanceUid=1.2.840.133888132105150143162871541411731780159144; SeriesInstanceUid=1.2.840.19216622352892321110282110210111240391850
  ======================================================================

2026-05-25 10:02:40.0738 [INFO] [NHI_AI_MedReportViewerWebApi.Services.NhiPatientImageService] [TraceID: 00-71ee6a1e2da346717f9e6ab6ffb2a2d4-48d395fe3d6a4a5e-00]
  Event: 0
  Request: GET https://lcr-tp.nhi.gov.tw/api/NhiPatientImage/studies/1.2.840.1405011311801131732011012121012200126134/series/1.2.840.51111141244381216847820799116149155151129/instances/1.2.840.232761451702923525417733227971231052812514/jpg 
  Message: 成功從 S3 取得影像: 1.2.840.232761451702923525417733227971231052812514
  Properties: RequestId=4000021e-0007-fd00-b63f-84710c7967bb; RequestPath=/api/NhiPatientImage/studies/1.2.840.1405011311801131732011012121012200126134/series/1.2.840.51111141244381216847820799116149155151129/instances/1.2.840.232761451702923525417733227971231052812514/jpg; ActionId=cb71940e-2364-4f5a-9a95-36884141ace0; ActionName=NHI_AI_MedReportViewerWebApi.Controllers.NhiPatientImageController.GetImageScreenshotAsync (NHI-AI-MedReportViewerWebApi); StudyInstanceUid=1.2.840.1405011311801131732011012121012200126134; SeriesInstanceUid=1.2.840.51111141244381216847820799116149155151129; SopInstanceUid=1.2.840.232761451702923525417733227971231052812514
  ======================================================================

2026-05-25 10:02:40.0738 [INFO] [NHI_AI_MedReportViewerWebApi.Services.NhiPatientImageService] [TraceID: 00-2e0b15285e93c42afa53cf580a25363f-cf4c74a2b0750f91-00]
  Event: 0
  Request: GET https://lcr-tp.nhi.gov.tw/api/NhiPatientImage/studies/1.2.840.1405011311801131732011012121012200126134/series/1.2.840.51111141244381216847820799116149155151129/instances/1.2.840.3219370233171571652261152261706625011114738/jpg 
  Message: 成功從 S3 取得影像: 1.2.840.3219370233171571652261152261706625011114738
  Properties: RequestId=40000102-0007-fb00-b63f-84710c7967bb; RequestPath=/api/NhiPatientImage/studies/1.2.840.1405011311801131732011012121012200126134/series/1.2.840.51111141244381216847820799116149155151129/instances/1.2.840.3219370233171571652261152261706625011114738/jpg; ActionId=cb71940e-2364-4f5a-9a95-36884141ace0; ActionName=NHI_AI_MedReportViewerWebApi.Controllers.NhiPatientImageController.GetImageScreenshotAsync (NHI-AI-MedReportViewerWebApi); StudyInstanceUid=1.2.840.1405011311801131732011012121012200126134; SeriesInstanceUid=1.2.840.51111141244381216847820799116149155151129; SopInstanceUid=1.2.840.3219370233171571652261152261706625011114738
  ======================================================================

2026-05-25 10:02:40.0738 [INFO] [AIRS.Core.Common.LogForgingTools] [TraceID: 00-a28ff4c614149108865abaad0d1b79f2-bad7dd0643abdb51-00]
  Event: 0
  Request: GET https://lcr-tp.nhi.gov.tw/api/NhiPatientImage/studies/1.2.840.6610321904118510815420318233761831142014/series/1.2.840.185393732156165237212158241127106677643111/instances/1.2.840.1051457738253118922381479013141215320088/jpg 
  Message: 1779674560081 GetImage() 由 S3 取得 stream，耗時 58 ms.
  Properties: RequestId=400001e2-0006-fc00-b63f-84710c7967bb; RequestPath=/api/NhiPatientImage/studies/1.2.840.6610321904118510815420318233761831142014/series/1.2.840.185393732156165237212158241127106677643111/instances/1.2.840.1051457738253118922381479013141215320088/jpg; ActionId=cb71940e-2364-4f5a-9a95-36884141ace0; ActionName=NHI_AI_MedReportViewerWebApi.Controllers.NhiPatientImageController.GetImageScreenshotAsync (NHI-AI-MedReportViewerWebApi); StudyInstanceUid=1.2.840.6610321904118510815420318233761831142014; SeriesInstanceUid=1.2.840.185393732156165237212158241127106677643111; SopInstanceUid=1.2.840.1051457738253118922381479013141215320088
  ======================================================================

2026-05-25 10:02:40.0738 [INFO] [NHI_AI_MedReportViewerWebApi.Services.NhiPatientImageService] [TraceID: 00-71ee6a1e2da346717f9e6ab6ffb2a2d4-48d395fe3d6a4a5e-00]
  Event: 0
  Request: GET https://lcr-tp.nhi.gov.tw/api/NhiPatientImage/studies/1.2.840.1405011311801131732011012121012200126134/series/1.2.840.51111141244381216847820799116149155151129/instances/1.2.840.232761451702923525417733227971231052812514/jpg 
  Message: 開始轉換 DICOM 為 JPG: SOP Instance UID=1.2.840.232761451702923525417733227971231052812514, ContentType=application/dicom
  Properties: RequestId=4000021e-0007-fd00-b63f-84710c7967bb; RequestPath=/api/NhiPatientImage/studies/1.2.840.1405011311801131732011012121012200126134/series/1.2.840.51111141244381216847820799116149155151129/instances/1.2.840.232761451702923525417733227971231052812514/jpg; ActionId=cb71940e-2364-4f5a-9a95-36884141ace0; ActionName=NHI_AI_MedReportViewerWebApi.Controllers.NhiPatientImageController.GetImageScreenshotAsync (NHI-AI-MedReportViewerWebApi); StudyInstanceUid=1.2.840.1405011311801131732011012121012200126134; SeriesInstanceUid=1.2.840.51111141244381216847820799116149155151129; SopInstanceUid=1.2.840.232761451702923525417733227971231052812514
  ======================================================================

2026-05-25 10:02:40.0889 [INFO] [NHI_AI_MedReportViewerWebApi.Services.NhiPatientImageService] [TraceID: 00-2e0b15285e93c42afa53cf580a25363f-cf4c74a2b0750f91-00]
  Event: 0
  Request: GET https://lcr-tp.nhi.gov.tw/api/NhiPatientImage/studies/1.2.840.1405011311801131732011012121012200126134/series/1.2.840.51111141244381216847820799116149155151129/instances/1.2.840.3219370233171571652261152261706625011114738/jpg 
  Message: 開始轉換 DICOM 為 JPG: SOP Instance UID=1.2.840.3219370233171571652261152261706625011114738, ContentType=application/dicom
  Properties: RequestId=40000102-0007-fb00-b63f-84710c7967bb; RequestPath=/api/NhiPatientImage/studies/1.2.840.1405011311801131732011012121012200126134/series/1.2.840.51111141244381216847820799116149155151129/instances/1.2.840.3219370233171571652261152261706625011114738/jpg; ActionId=cb71940e-2364-4f5a-9a95-36884141ace0; ActionName=NHI_AI_MedReportViewerWebApi.Controllers.NhiPatientImageController.GetImageScreenshotAsync (NHI-AI-MedReportViewerWebApi); StudyInstanceUid=1.2.840.1405011311801131732011012121012200126134; SeriesInstanceUid=1.2.840.51111141244381216847820799116149155151129; SopInstanceUid=1.2.840.3219370233171571652261152261706625011114738
  ======================================================================

2026-05-25 10:02:40.0889 [INFO] [NHI_AI_MedReportViewerWebApi.Services.NhiPatientImageService] [TraceID: 00-a28ff4c614149108865abaad0d1b79f2-bad7dd0643abdb51-00]
  Event: 0
  Request: GET https://lcr-tp.nhi.gov.tw/api/NhiPatientImage/studies/1.2.840.6610321904118510815420318233761831142014/series/1.2.840.185393732156165237212158241127106677643111/instances/1.2.840.1051457738253118922381479013141215320088/jpg 
  Message: 成功從 S3 取得影像: 1.2.840.1051457738253118922381479013141215320088
  Properties: RequestId=400001e2-0006-fc00-b63f-84710c7967bb; RequestPath=/api/NhiPatientImage/studies/1.2.840.6610321904118510815420318233761831142014/series/1.2.840.185393732156165237212158241127106677643111/instances/1.2.840.1051457738253118922381479013141215320088/jpg; ActionId=cb71940e-2364-4f5a-9a95-36884141ace0; ActionName=NHI_AI_MedReportViewerWebApi.Controllers.NhiPatientImageController.GetImageScreenshotAsync (NHI-AI-MedReportViewerWebApi); StudyInstanceUid=1.2.840.6610321904118510815420318233761831142014; SeriesInstanceUid=1.2.840.185393732156165237212158241127106677643111; SopInstanceUid=1.2.840.1051457738253118922381479013141215320088
  ======================================================================

2026-05-25 10:02:40.0889 [INFO] [NHI_AI_MedReportViewerWebApi.Services.NhiPatientImageService] [TraceID: 00-a28ff4c614149108865abaad0d1b79f2-bad7dd0643abdb51-00]
  Event: 0
  Request: GET https://lcr-tp.nhi.gov.tw/api/NhiPatientImage/studies/1.2.840.6610321904118510815420318233761831142014/series/1.2.840.185393732156165237212158241127106677643111/instances/1.2.840.1051457738253118922381479013141215320088/jpg 
  Message: 開始轉換 DICOM 為 JPG: SOP Instance UID=1.2.840.1051457738253118922381479013141215320088, ContentType=application/dicom
  Properties: RequestId=400001e2-0006-fc00-b63f-84710c7967bb; RequestPath=/api/NhiPatientImage/studies/1.2.840.6610321904118510815420318233761831142014/series/1.2.840.185393732156165237212158241127106677643111/instances/1.2.840.1051457738253118922381479013141215320088/jpg; ActionId=cb71940e-2364-4f5a-9a95-36884141ace0; ActionName=NHI_AI_MedReportViewerWebApi.Controllers.NhiPatientImageController.GetImageScreenshotAsync (NHI-AI-MedReportViewerWebApi); StudyInstanceUid=1.2.840.6610321904118510815420318233761831142014; SeriesInstanceUid=1.2.840.185393732156165237212158241127106677643111; SopInstanceUid=1.2.840.1051457738253118922381479013141215320088
  ======================================================================

2026-05-25 10:02:40.1242 [INFO] [AIRS.Core.Common.LogForgingTools] [TraceID: 00-75fd6a9f56c6ecb61f626b5fcaf25c6f-297a5b200c8fab22-00]
  Event: 0
  Request: GET https://lcr-tp.nhi.gov.tw/api/NhiPatientImage/studies/1.2.840.6610321904118510815420318233761831142014/series/1.2.840.185393732156165237212158241127106677643111/instances/1.2.840.3417124205586658229153205402522644/jpg 
  Message: 1779674560124 GetImage() 由 S3 取得 stream，耗時 94 ms.
  Properties: RequestId=4000011d-0006-f300-b63f-84710c7967bb; RequestPath=/api/NhiPatientImage/studies/1.2.840.6610321904118510815420318233761831142014/series/1.2.840.185393732156165237212158241127106677643111/instances/1.2.840.3417124205586658229153205402522644/jpg; ActionId=cb71940e-2364-4f5a-9a95-36884141ace0; ActionName=NHI_AI_MedReportViewerWebApi.Controllers.NhiPatientImageController.GetImageScreenshotAsync (NHI-AI-MedReportViewerWebApi); StudyInstanceUid=1.2.840.6610321904118510815420318233761831142014; SeriesInstanceUid=1.2.840.185393732156165237212158241127106677643111; SopInstanceUid=1.2.840.3417124205586658229153205402522644
  ======================================================================

2026-05-25 10:02:40.1242 [INFO] [NHI_AI_MedReportViewerWebApi.Services.NhiPatientImageService] [TraceID: 00-75fd6a9f56c6ecb61f626b5fcaf25c6f-297a5b200c8fab22-00]
  Event: 0
  Request: GET https://lcr-tp.nhi.gov.tw/api/NhiPatientImage/studies/1.2.840.6610321904118510815420318233761831142014/series/1.2.840.185393732156165237212158241127106677643111/instances/1.2.840.3417124205586658229153205402522644/jpg 
  Message: 成功從 S3 取得影像: 1.2.840.3417124205586658229153205402522644
  Properties: RequestId=4000011d-0006-f300-b63f-84710c7967bb; RequestPath=/api/NhiPatientImage/studies/1.2.840.6610321904118510815420318233761831142014/series/1.2.840.185393732156165237212158241127106677643111/instances/1.2.840.3417124205586658229153205402522644/jpg; ActionId=cb71940e-2364-4f5a-9a95-36884141ace0; ActionName=NHI_AI_MedReportViewerWebApi.Controllers.NhiPatientImageController.GetImageScreenshotAsync (NHI-AI-MedReportViewerWebApi); StudyInstanceUid=1.2.840.6610321904118510815420318233761831142014; SeriesInstanceUid=1.2.840.185393732156165237212158241127106677643111; SopInstanceUid=1.2.840.3417124205586658229153205402522644
  ======================================================================

2026-05-25 10:02:40.1391 [INFO] [NHI_AI_MedReportViewerWebApi.Services.NhiPatientImageService] [TraceID: 00-75fd6a9f56c6ecb61f626b5fcaf25c6f-297a5b200c8fab22-00]
  Event: 0
  Request: GET https://lcr-tp.nhi.gov.tw/api/NhiPatientImage/studies/1.2.840.6610321904118510815420318233761831142014/series/1.2.840.185393732156165237212158241127106677643111/instances/1.2.840.3417124205586658229153205402522644/jpg 
  Message: 開始轉換 DICOM 為 JPG: SOP Instance UID=1.2.840.3417124205586658229153205402522644, ContentType=application/dicom
  Properties: RequestId=4000011d-0006-f300-b63f-84710c7967bb; RequestPath=/api/NhiPatientImage/studies/1.2.840.6610321904118510815420318233761831142014/series/1.2.840.185393732156165237212158241127106677643111/instances/1.2.840.3417124205586658229153205402522644/jpg; ActionId=cb71940e-2364-4f5a-9a95-36884141ace0; ActionName=NHI_AI_MedReportViewerWebApi.Controllers.NhiPatientImageController.GetImageScreenshotAsync (NHI-AI-MedReportViewerWebApi); StudyInstanceUid=1.2.840.6610321904118510815420318233761831142014; SeriesInstanceUid=1.2.840.185393732156165237212158241127106677643111; SopInstanceUid=1.2.840.3417124205586658229153205402522644
  ======================================================================

2026-05-25 10:02:40.2860 [INFO] [Polly] [TraceID: 00-253777b80081952f23890f8360cca000-92397587650a08cf-00]
  Event: 0
  Request: GET https://lcr-tp.nhi.gov.tw/api/NhiPatientImage/studies/1.2.840.133888132105150143162871541411731780159144/series/1.2.840.19216622352892321110282110210111240391850/images 
  Message: Execution attempt. Source: 'OracleResiliencePipeline/(null)/Retry', Operation Key: '', Result: 'System.Collections.Generic.List`1[System.String]', Handled: 'False', Attempt: '0', Execution Time: '198.9553'
  Properties: PipelineName=OracleResiliencePipeline; PipelineInstance=(null); StrategyName=Retry; Result="1.2.840.15116225230158118975412622041871962468104", "1.2.840.44542256821551060245135851771617698139", "1.2.840.213115105749221414215113210170101331179222", "1.2.840.12114513921313719820317344175109200217247153", "1.2.840.114822210314114621323211912215325752610687", "1.2.840.1062223317692962204410324121839121104142134", "1.2.840.812211801453118631337614997442271881138", "1.2.840.71846220011012318319615284551117618516348", "1.2.840.244208230167245826816416411670148317770253", "1.2.840.81081038825104205912823321327167110240141", "1.2.840.114151521110920085141135160252262431321485", "1.2.840.2201096613715943177811732479419617723334194", "1.2.840.23811913117823664236164181331431282591225218", "1.2.840.165114102210181701751122402394336238104212208", "1.2.840.17994232168914984391372316786924528127", "1.2.840.1261319373241351648418211118975669810218", "1.2.840.111196402819487014692140572002133720118", "1.2.840.197179791170191450371512182912111204156", "1.2.840.262334123418516814120912213101995916031", "1.2.840.12232154274815932372442015817144238250", "1.2.840.1213583310713092931421404932391562482", "1.2.840.513124083742381402201101702128772124134211", "1.2.840.35188168144103133156135216464011146152104225", "1.2.840.210160119511242501411221071413613252229157", "1.2.840.5047186194851551622810722616815323843212178", "1.2.840.218239159136175181165231170218163114623792184", "1.2.840.9616714988235138166204108143324715919624354", "1.2.840.202125186215272161781476602232561982150", "1.2.840.12417613237371161519417719486123121749", "1.2.840.495718318184216195925222515770314759181", "1.2.840.966422140143337412410921727322352711419", "1.2.840.110142162228205183482110910719621611625484181", "1.2.840.209364124882426946732332351977261219165", "1.2.840.902085212775922122618421276182177173176177", "1.2.840.85132185219146356615518115322922120722913826", "1.2.840.76123112112071341561944312711117521193723", "1.2.840.15235446422821082243282162241321802132639", "1.2.840.6100432420122459417720020617224523742111", "1.2.840.15617855192212114224163542471242341365216729", "1.2.840.217197864924017523161149120311217220196", "1.2.840.251233231371542297185193160621291051022682", "1.2.840.188129133233801981071554813132168142208223171", "1.2.840.2320161621711813211912011522804116350118", "1.2.840.623134138216165513720222236171161183143255", "1.2.840.614722272226223713024436219919469239233", "1.2.840.1941131566417472197238131392158022814443155", "1.2.840.24214721615876837414097291421322336247196", "1.2.840.2532031681262129746319790213519713254139", "1.2.840.49113225160136133109313315221140978424069", "1.2.840.80224703524750177253313141551991484680", "1.2.840.25011014325446805525999223204145121228", "1.2.840.6938233180246163212201272112545913552162181", "1.2.840.3421481772472985951828229131412173242", "1.2.840.2162552213322540225461011071041141774240141", "1.2.840.2102311122319817915132981621052519236149", "1.2.840.6724417713112613523315310324718122157218146", "1.2.840.232193111693169261186214721425017919213796", "1.2.840.576624813402232161321659917708868214106", "1.2.840.17088179379411714417524725395144175166154", "1.2.840.78120190186768017422511710275245236207207197", "1.2.840.164019371134834322813338382342542265612", "1.2.840.977843622765512620715058153124392121", "1.2.840.482011944215123634417254113150211231582", "1.2.840.1231237114102245126137508210310092174129202"; Handled=false; Attempt=0; ExecutionTimeMs=198.9553; EventId=3; EventName=ExecutionAttempt; RequestId=40000125-0003-fd00-b63f-84710c7967bb; RequestPath=/api/NhiPatientImage/studies/1.2.840.133888132105150143162871541411731780159144/series/1.2.840.19216622352892321110282110210111240391850/images; ActionId=fc3ec55e-5bff-4701-a39d-404147d85f55; ActionName=NHI_AI_MedReportViewerWebApi.Controllers.NhiPatientImageController.GetImagesInSeries (NHI-AI-MedReportViewerWebApi); StudyInstanceUid=1.2.840.133888132105150143162871541411731780159144; SeriesInstanceUid=1.2.840.19216622352892321110282110210111240391850
  ======================================================================

2026-05-25 10:02:40.2933 [INFO] [NHI_AI_MedReportViewerWebApi.Services.NhiPatientImageService] [TraceID: 00-253777b80081952f23890f8360cca000-92397587650a08cf-00]
  Event: 0
  Request: GET https://lcr-tp.nhi.gov.tw/api/NhiPatientImage/studies/1.2.840.133888132105150143162871541411731780159144/series/1.2.840.19216622352892321110282110210111240391850/images 
  Message: Series 1.2.840.19216622352892321110282110210111240391850 包含 64 個影像（已快取）
  Properties: SeriesInstanceUid=1.2.840.19216622352892321110282110210111240391850; Count=64; RequestId=40000125-0003-fd00-b63f-84710c7967bb; RequestPath=/api/NhiPatientImage/studies/1.2.840.133888132105150143162871541411731780159144/series/1.2.840.19216622352892321110282110210111240391850/images; ActionId=fc3ec55e-5bff-4701-a39d-404147d85f55; ActionName=NHI_AI_MedReportViewerWebApi.Controllers.NhiPatientImageController.GetImagesInSeries (NHI-AI-MedReportViewerWebApi); StudyInstanceUid=1.2.840.133888132105150143162871541411731780159144; SeriesInstanceUid=1.2.840.19216622352892321110282110210111240391850
  ======================================================================

2026-05-25 10:02:41.0272 [INFO] [NHI_AI_MedReportViewerWebApi.Services.NhiPatientImageService] [TraceID: 00-2e0b15285e93c42afa53cf580a25363f-cf4c74a2b0750f91-00]
  Event: 0
  Request: GET https://lcr-tp.nhi.gov.tw/api/NhiPatientImage/studies/1.2.840.1405011311801131732011012121012200126134/series/1.2.840.51111141244381216847820799116149155151129/instances/1.2.840.3219370233171571652261152261706625011114738/jpg 
  Message: 成功轉換 DICOM 為 JPG: SOP Instance UID=1.2.840.3219370233171571652261152261706625011114738
  Properties: RequestId=40000102-0007-fb00-b63f-84710c7967bb; RequestPath=/api/NhiPatientImage/studies/1.2.840.1405011311801131732011012121012200126134/series/1.2.840.51111141244381216847820799116149155151129/instances/1.2.840.3219370233171571652261152261706625011114738/jpg; ActionId=cb71940e-2364-4f5a-9a95-36884141ace0; ActionName=NHI_AI_MedReportViewerWebApi.Controllers.NhiPatientImageController.GetImageScreenshotAsync (NHI-AI-MedReportViewerWebApi); StudyInstanceUid=1.2.840.1405011311801131732011012121012200126134; SeriesInstanceUid=1.2.840.51111141244381216847820799116149155151129; SopInstanceUid=1.2.840.3219370233171571652261152261706625011114738
  ======================================================================

2026-05-25 10:02:41.0272 [INFO] [NHI_AI_MedReportViewerWebApi.Services.NhiPatientImageService] [TraceID: 00-71ee6a1e2da346717f9e6ab6ffb2a2d4-48d395fe3d6a4a5e-00]
  Event: 0
  Request: GET https://lcr-tp.nhi.gov.tw/api/NhiPatientImage/studies/1.2.840.1405011311801131732011012121012200126134/series/1.2.840.51111141244381216847820799116149155151129/instances/1.2.840.232761451702923525417733227971231052812514/jpg 
  Message: 成功轉換 DICOM 為 JPG: SOP Instance UID=1.2.840.232761451702923525417733227971231052812514
  Properties: RequestId=4000021e-0007-fd00-b63f-84710c7967bb; RequestPath=/api/NhiPatientImage/studies/1.2.840.1405011311801131732011012121012200126134/series/1.2.840.51111141244381216847820799116149155151129/instances/1.2.840.232761451702923525417733227971231052812514/jpg; ActionId=cb71940e-2364-4f5a-9a95-36884141ace0; ActionName=NHI_AI_MedReportViewerWebApi.Controllers.NhiPatientImageController.GetImageScreenshotAsync (NHI-AI-MedReportViewerWebApi); StudyInstanceUid=1.2.840.1405011311801131732011012121012200126134; SeriesInstanceUid=1.2.840.51111141244381216847820799116149155151129; SopInstanceUid=1.2.840.232761451702923525417733227971231052812514
  ======================================================================

2026-05-25 10:02:41.0272 [INFO] [NHI_AI_MedReportViewerWebApi.Services.NhiPatientImageService] [TraceID: 00-a28ff4c614149108865abaad0d1b79f2-bad7dd0643abdb51-00]
  Event: 0
  Request: GET https://lcr-tp.nhi.gov.tw/api/NhiPatientImage/studies/1.2.840.6610321904118510815420318233761831142014/series/1.2.840.185393732156165237212158241127106677643111/instances/1.2.840.1051457738253118922381479013141215320088/jpg 
  Message: 成功轉換 DICOM 為 JPG: SOP Instance UID=1.2.840.1051457738253118922381479013141215320088
  Properties: RequestId=400001e2-0006-fc00-b63f-84710c7967bb; RequestPath=/api/NhiPatientImage/studies/1.2.840.6610321904118510815420318233761831142014/series/1.2.840.185393732156165237212158241127106677643111/instances/1.2.840.1051457738253118922381479013141215320088/jpg; ActionId=cb71940e-2364-4f5a-9a95-36884141ace0; ActionName=NHI_AI_MedReportViewerWebApi.Controllers.NhiPatientImageController.GetImageScreenshotAsync (NHI-AI-MedReportViewerWebApi); StudyInstanceUid=1.2.840.6610321904118510815420318233761831142014; SeriesInstanceUid=1.2.840.185393732156165237212158241127106677643111; SopInstanceUid=1.2.840.1051457738253118922381479013141215320088
  ======================================================================

2026-05-25 10:02:41.0272 [INFO] [NHI_AI_MedReportViewerWebApi.Services.NhiPatientImageService] [TraceID: 00-75fd6a9f56c6ecb61f626b5fcaf25c6f-297a5b200c8fab22-00]
  Event: 0
  Request: GET https://lcr-tp.nhi.gov.tw/api/NhiPatientImage/studies/1.2.840.6610321904118510815420318233761831142014/series/1.2.840.185393732156165237212158241127106677643111/instances/1.2.840.3417124205586658229153205402522644/jpg 
  Message: 成功轉換 DICOM 為 JPG: SOP Instance UID=1.2.840.3417124205586658229153205402522644
  Properties: RequestId=4000011d-0006-f300-b63f-84710c7967bb; RequestPath=/api/NhiPatientImage/studies/1.2.840.6610321904118510815420318233761831142014/series/1.2.840.185393732156165237212158241127106677643111/instances/1.2.840.3417124205586658229153205402522644/jpg; ActionId=cb71940e-2364-4f5a-9a95-36884141ace0; ActionName=NHI_AI_MedReportViewerWebApi.Controllers.NhiPatientImageController.GetImageScreenshotAsync (NHI-AI-MedReportViewerWebApi); StudyInstanceUid=1.2.840.6610321904118510815420318233761831142014; SeriesInstanceUid=1.2.840.185393732156165237212158241127106677643111; SopInstanceUid=1.2.840.3417124205586658229153205402522644
  ======================================================================

2026-05-25 10:03:31.0567 [INFO] [AIRS.Core.Helpers.ZfpOracleDbHelper] [TraceID: 00-5b66aee394f159205021020865744a9c-6f6368c4f34f93b8-00]
  Event: 0
  Request: GET https://lcr-tp.nhi.gov.tw/api/NhiPatientImage/studies/1.2.840.133888132105150143162871541411731780159144/series/1.2.840.19216622352892321110282110210111240391850/instances/1.2.840.1261319373241351648418211118975669810218 
  Message: GetImageKey(studyInstanceUid: 1.2.840.133888132105150143162871541411731780159144, seriesInstanceUid: 1.2.840.19216622352892321110282110210111240391850, sopInstanceUid: 1.2.840.1261319373241351648418211118975669810218)
  Properties: StudyUid=1.2.840.133888132105150143162871541411731780159144; SeriesUid=1.2.840.19216622352892321110282110210111240391850; SopUid=1.2.840.1261319373241351648418211118975669810218; RequestId=400000a7-0001-fb00-b63f-84710c7967bb; RequestPath=/api/NhiPatientImage/studies/1.2.840.133888132105150143162871541411731780159144/series/1.2.840.19216622352892321110282110210111240391850/instances/1.2.840.1261319373241351648418211118975669810218; ActionId=aa92c01f-0771-4d00-b1d9-1444c5fbe45b; ActionName=NHI_AI_MedReportViewerWebApi.Controllers.NhiPatientImageController.GetImage (NHI-AI-MedReportViewerWebApi); StudyInstanceUid=1.2.840.133888132105150143162871541411731780159144; SeriesInstanceUid=1.2.840.19216622352892321110282110210111240391850; SopInstanceUid=1.2.840.1261319373241351648418211118975669810218
  ======================================================================

2026-05-25 10:03:31.0834 [INFO] [Polly] [TraceID: 00-5b66aee394f159205021020865744a9c-6f6368c4f34f93b8-00]
  Event: 0
  Request: GET https://lcr-tp.nhi.gov.tw/api/NhiPatientImage/studies/1.2.840.133888132105150143162871541411731780159144/series/1.2.840.19216622352892321110282110210111240391850/instances/1.2.840.1261319373241351648418211118975669810218 
  Message: Execution attempt. Source: 'OracleResiliencePipeline/(null)/Retry', Operation Key: '', Result: 'NHI_ZFP_Viewer.ImageSources.ImageInfo', Handled: 'False', Attempt: '0', Execution Time: '17.8268'
  Properties: PipelineName=OracleResiliencePipeline; PipelineInstance=(null); StrategyName=Retry; Result=NHI_ZFP_Viewer.ImageSources.ImageInfo; Handled=false; Attempt=0; ExecutionTimeMs=17.8268; EventId=3; EventName=ExecutionAttempt; RequestId=400000a7-0001-fb00-b63f-84710c7967bb; RequestPath=/api/NhiPatientImage/studies/1.2.840.133888132105150143162871541411731780159144/series/1.2.840.19216622352892321110282110210111240391850/instances/1.2.840.1261319373241351648418211118975669810218; ActionId=aa92c01f-0771-4d00-b1d9-1444c5fbe45b; ActionName=NHI_AI_MedReportViewerWebApi.Controllers.NhiPatientImageController.GetImage (NHI-AI-MedReportViewerWebApi); StudyInstanceUid=1.2.840.133888132105150143162871541411731780159144; SeriesInstanceUid=1.2.840.19216622352892321110282110210111240391850; SopInstanceUid=1.2.840.1261319373241351648418211118975669810218
  ======================================================================

2026-05-25 10:03:31.0962 [INFO] [AIRS.Core.Helpers.ZfpOracleDbHelper] [TraceID: 00-5b66aee394f159205021020865744a9c-6f6368c4f34f93b8-00]
  Event: 0
  Request: GET https://lcr-tp.nhi.gov.tw/api/NhiPatientImage/studies/1.2.840.133888132105150143162871541411731780159144/series/1.2.840.19216622352892321110282110210111240391850/instances/1.2.840.1261319373241351648418211118975669810218 
  Message: GetImageKey = Archived/20250812/1.2.840.133888132105150143162871541411731780159144/1.2.840.19216622352892321110282110210111240391850/1.2.840.1261319373241351648418211118975669810218.dcm, 32 ms elapsed.
  Properties: S3ObjectKey=Archived/20250812/1.2.840.133888132105150143162871541411731780159144/1.2.840.19216622352892321110282110210111240391850/1.2.840.1261319373241351648418211118975669810218.dcm; Elapsed=32; RequestId=400000a7-0001-fb00-b63f-84710c7967bb; RequestPath=/api/NhiPatientImage/studies/1.2.840.133888132105150143162871541411731780159144/series/1.2.840.19216622352892321110282110210111240391850/instances/1.2.840.1261319373241351648418211118975669810218; ActionId=aa92c01f-0771-4d00-b1d9-1444c5fbe45b; ActionName=NHI_AI_MedReportViewerWebApi.Controllers.NhiPatientImageController.GetImage (NHI-AI-MedReportViewerWebApi); StudyInstanceUid=1.2.840.133888132105150143162871541411731780159144; SeriesInstanceUid=1.2.840.19216622352892321110282110210111240391850; SopInstanceUid=1.2.840.1261319373241351648418211118975669810218
  ======================================================================

2026-05-25 10:03:31.1470 [INFO] [AIRS.Core.Common.LogForgingTools] [TraceID: 00-5b66aee394f159205021020865744a9c-6f6368c4f34f93b8-00]
  Event: 0
  Request: GET https://lcr-tp.nhi.gov.tw/api/NhiPatientImage/studies/1.2.840.133888132105150143162871541411731780159144/series/1.2.840.19216622352892321110282110210111240391850/instances/1.2.840.1261319373241351648418211118975669810218 
  Message: 1779674611147 GetImage() 由 S3 取得 stream，耗時 44 ms.
  Properties: RequestId=400000a7-0001-fb00-b63f-84710c7967bb; RequestPath=/api/NhiPatientImage/studies/1.2.840.133888132105150143162871541411731780159144/series/1.2.840.19216622352892321110282110210111240391850/instances/1.2.840.1261319373241351648418211118975669810218; ActionId=aa92c01f-0771-4d00-b1d9-1444c5fbe45b; ActionName=NHI_AI_MedReportViewerWebApi.Controllers.NhiPatientImageController.GetImage (NHI-AI-MedReportViewerWebApi); StudyInstanceUid=1.2.840.133888132105150143162871541411731780159144; SeriesInstanceUid=1.2.840.19216622352892321110282110210111240391850; SopInstanceUid=1.2.840.1261319373241351648418211118975669810218
  ======================================================================

2026-05-25 10:03:31.1470 [INFO] [NHI_AI_MedReportViewerWebApi.Services.NhiPatientImageService] [TraceID: 00-5b66aee394f159205021020865744a9c-6f6368c4f34f93b8-00]
  Event: 0
  Request: GET https://lcr-tp.nhi.gov.tw/api/NhiPatientImage/studies/1.2.840.133888132105150143162871541411731780159144/series/1.2.840.19216622352892321110282110210111240391850/instances/1.2.840.1261319373241351648418211118975669810218 
  Message: 成功從 S3 取得影像: 1.2.840.1261319373241351648418211118975669810218
  Properties: RequestId=400000a7-0001-fb00-b63f-84710c7967bb; RequestPath=/api/NhiPatientImage/studies/1.2.840.133888132105150143162871541411731780159144/series/1.2.840.19216622352892321110282110210111240391850/instances/1.2.840.1261319373241351648418211118975669810218; ActionId=aa92c01f-0771-4d00-b1d9-1444c5fbe45b; ActionName=NHI_AI_MedReportViewerWebApi.Controllers.NhiPatientImageController.GetImage (NHI-AI-MedReportViewerWebApi); StudyInstanceUid=1.2.840.133888132105150143162871541411731780159144; SeriesInstanceUid=1.2.840.19216622352892321110282110210111240391850; SopInstanceUid=1.2.840.1261319373241351648418211118975669810218
  ======================================================================

2026-05-25 10:03:31.2756 [INFO] [AIRS.Core.Helpers.ZfpOracleDbHelper] [TraceID: 00-7198c30c3058e7daafe150b0ae5de5b6-97f240e07a8ccf40-00]
  Event: 0
  Request: GET https://lcr-tp.nhi.gov.tw/api/NhiPatientImage/studies/1.2.840.133888132105150143162871541411731780159144/series/1.2.840.19216622352892321110282110210111240391850/instances/1.2.840.12232154274815932372442015817144238250 
  Message: GetImageKey(studyInstanceUid: 1.2.840.133888132105150143162871541411731780159144, seriesInstanceUid: 1.2.840.19216622352892321110282110210111240391850, sopInstanceUid: 1.2.840.12232154274815932372442015817144238250)
  Properties: StudyUid=1.2.840.133888132105150143162871541411731780159144; SeriesUid=1.2.840.19216622352892321110282110210111240391850; SopUid=1.2.840.12232154274815932372442015817144238250; RequestId=400000a9-0001-fb00-b63f-84710c7967bb; RequestPath=/api/NhiPatientImage/studies/1.2.840.133888132105150143162871541411731780159144/series/1.2.840.19216622352892321110282110210111240391850/instances/1.2.840.12232154274815932372442015817144238250; ActionId=aa92c01f-0771-4d00-b1d9-1444c5fbe45b; ActionName=NHI_AI_MedReportViewerWebApi.Controllers.NhiPatientImageController.GetImage (NHI-AI-MedReportViewerWebApi); StudyInstanceUid=1.2.840.133888132105150143162871541411731780159144; SeriesInstanceUid=1.2.840.19216622352892321110282110210111240391850; SopInstanceUid=1.2.840.12232154274815932372442015817144238250
  ======================================================================

2026-05-25 10:03:31.2991 [INFO] [Polly] [TraceID: 00-7198c30c3058e7daafe150b0ae5de5b6-97f240e07a8ccf40-00]
  Event: 0
  Request: GET https://lcr-tp.nhi.gov.tw/api/NhiPatientImage/studies/1.2.840.133888132105150143162871541411731780159144/series/1.2.840.19216622352892321110282110210111240391850/instances/1.2.840.12232154274815932372442015817144238250 
  Message: Execution attempt. Source: 'OracleResiliencePipeline/(null)/Retry', Operation Key: '', Result: 'NHI_ZFP_Viewer.ImageSources.ImageInfo', Handled: 'False', Attempt: '0', Execution Time: '15.1731'
  Properties: PipelineName=OracleResiliencePipeline; PipelineInstance=(null); StrategyName=Retry; Result=NHI_ZFP_Viewer.ImageSources.ImageInfo; Handled=false; Attempt=0; ExecutionTimeMs=15.1731; EventId=3; EventName=ExecutionAttempt; RequestId=400000a9-0001-fb00-b63f-84710c7967bb; RequestPath=/api/NhiPatientImage/studies/1.2.840.133888132105150143162871541411731780159144/series/1.2.840.19216622352892321110282110210111240391850/instances/1.2.840.12232154274815932372442015817144238250; ActionId=aa92c01f-0771-4d00-b1d9-1444c5fbe45b; ActionName=NHI_AI_MedReportViewerWebApi.Controllers.NhiPatientImageController.GetImage (NHI-AI-MedReportViewerWebApi); StudyInstanceUid=1.2.840.133888132105150143162871541411731780159144; SeriesInstanceUid=1.2.840.19216622352892321110282110210111240391850; SopInstanceUid=1.2.840.12232154274815932372442015817144238250
  ======================================================================

2026-05-25 10:03:31.2991 [INFO] [AIRS.Core.Helpers.ZfpOracleDbHelper] [TraceID: 00-7198c30c3058e7daafe150b0ae5de5b6-97f240e07a8ccf40-00]
  Event: 0
  Request: GET https://lcr-tp.nhi.gov.tw/api/NhiPatientImage/studies/1.2.840.133888132105150143162871541411731780159144/series/1.2.840.19216622352892321110282110210111240391850/instances/1.2.840.12232154274815932372442015817144238250 
  Message: GetImageKey = Archived/20250812/1.2.840.133888132105150143162871541411731780159144/1.2.840.19216622352892321110282110210111240391850/1.2.840.12232154274815932372442015817144238250.dcm, 26 ms elapsed.
  Properties: S3ObjectKey=Archived/20250812/1.2.840.133888132105150143162871541411731780159144/1.2.840.19216622352892321110282110210111240391850/1.2.840.12232154274815932372442015817144238250.dcm; Elapsed=26; RequestId=400000a9-0001-fb00-b63f-84710c7967bb; RequestPath=/api/NhiPatientImage/studies/1.2.840.133888132105150143162871541411731780159144/series/1.2.840.19216622352892321110282110210111240391850/instances/1.2.840.12232154274815932372442015817144238250; ActionId=aa92c01f-0771-4d00-b1d9-1444c5fbe45b; ActionName=NHI_AI_MedReportViewerWebApi.Controllers.NhiPatientImageController.GetImage (NHI-AI-MedReportViewerWebApi); StudyInstanceUid=1.2.840.133888132105150143162871541411731780159144; SeriesInstanceUid=1.2.840.19216622352892321110282110210111240391850; SopInstanceUid=1.2.840.12232154274815932372442015817144238250
  ======================================================================

2026-05-25 10:03:31.3579 [INFO] [AIRS.Core.Common.LogForgingTools] [TraceID: 00-7198c30c3058e7daafe150b0ae5de5b6-97f240e07a8ccf40-00]
  Event: 0
  Request: GET https://lcr-tp.nhi.gov.tw/api/NhiPatientImage/studies/1.2.840.133888132105150143162871541411731780159144/series/1.2.840.19216622352892321110282110210111240391850/instances/1.2.840.12232154274815932372442015817144238250 
  Message: 1779674611357 GetImage() 由 S3 取得 stream，耗時 43 ms.
  Properties: RequestId=400000a9-0001-fb00-b63f-84710c7967bb; RequestPath=/api/NhiPatientImage/studies/1.2.840.133888132105150143162871541411731780159144/series/1.2.840.19216622352892321110282110210111240391850/instances/1.2.840.12232154274815932372442015817144238250; ActionId=aa92c01f-0771-4d00-b1d9-1444c5fbe45b; ActionName=NHI_AI_MedReportViewerWebApi.Controllers.NhiPatientImageController.GetImage (NHI-AI-MedReportViewerWebApi); StudyInstanceUid=1.2.840.133888132105150143162871541411731780159144; SeriesInstanceUid=1.2.840.19216622352892321110282110210111240391850; SopInstanceUid=1.2.840.12232154274815932372442015817144238250
  ======================================================================

2026-05-25 10:03:31.3641 [INFO] [NHI_AI_MedReportViewerWebApi.Services.NhiPatientImageService] [TraceID: 00-7198c30c3058e7daafe150b0ae5de5b6-97f240e07a8ccf40-00]
  Event: 0
  Request: GET https://lcr-tp.nhi.gov.tw/api/NhiPatientImage/studies/1.2.840.133888132105150143162871541411731780159144/series/1.2.840.19216622352892321110282110210111240391850/instances/1.2.840.12232154274815932372442015817144238250 
  Message: 成功從 S3 取得影像: 1.2.840.12232154274815932372442015817144238250
  Properties: RequestId=400000a9-0001-fb00-b63f-84710c7967bb; RequestPath=/api/NhiPatientImage/studies/1.2.840.133888132105150143162871541411731780159144/series/1.2.840.19216622352892321110282110210111240391850/instances/1.2.840.12232154274815932372442015817144238250; ActionId=aa92c01f-0771-4d00-b1d9-1444c5fbe45b; ActionName=NHI_AI_MedReportViewerWebApi.Controllers.NhiPatientImageController.GetImage (NHI-AI-MedReportViewerWebApi); StudyInstanceUid=1.2.840.133888132105150143162871541411731780159144; SeriesInstanceUid=1.2.840.19216622352892321110282110210111240391850; SopInstanceUid=1.2.840.12232154274815932372442015817144238250
  ======================================================================

2026-05-25 10:03:31.5587 [INFO] [AIRS.Core.Helpers.ZfpOracleDbHelper] [TraceID: 00-e5586c1cbc04ddade39cc6923e9cf95e-d119cca59ea30e48-00]
  Event: 0
  Request: GET https://lcr-tp.nhi.gov.tw/api/NhiPatientImage/studies/1.2.840.133888132105150143162871541411731780159144/series/1.2.840.19216622352892321110282110210111240391850/instances/1.2.840.5047186194851551622810722616815323843212178 
  Message: GetImageKey(studyInstanceUid: 1.2.840.133888132105150143162871541411731780159144, seriesInstanceUid: 1.2.840.19216622352892321110282110210111240391850, sopInstanceUid: 1.2.840.5047186194851551622810722616815323843212178)
  Properties: StudyUid=1.2.840.133888132105150143162871541411731780159144; SeriesUid=1.2.840.19216622352892321110282110210111240391850; SopUid=1.2.840.5047186194851551622810722616815323843212178; RequestId=400000ab-0001-fb00-b63f-84710c7967bb; RequestPath=/api/NhiPatientImage/studies/1.2.840.133888132105150143162871541411731780159144/series/1.2.840.19216622352892321110282110210111240391850/instances/1.2.840.5047186194851551622810722616815323843212178; ActionId=aa92c01f-0771-4d00-b1d9-1444c5fbe45b; ActionName=NHI_AI_MedReportViewerWebApi.Controllers.NhiPatientImageController.GetImage (NHI-AI-MedReportViewerWebApi); StudyInstanceUid=1.2.840.133888132105150143162871541411731780159144; SeriesInstanceUid=1.2.840.19216622352892321110282110210111240391850; SopInstanceUid=1.2.840.5047186194851551622810722616815323843212178
  ======================================================================

2026-05-25 10:03:31.5771 [INFO] [Polly] [TraceID: 00-e5586c1cbc04ddade39cc6923e9cf95e-d119cca59ea30e48-00]
  Event: 0
  Request: GET https://lcr-tp.nhi.gov.tw/api/NhiPatientImage/studies/1.2.840.133888132105150143162871541411731780159144/series/1.2.840.19216622352892321110282110210111240391850/instances/1.2.840.5047186194851551622810722616815323843212178 
  Message: Execution attempt. Source: 'OracleResiliencePipeline/(null)/Retry', Operation Key: '', Result: 'NHI_ZFP_Viewer.ImageSources.ImageInfo', Handled: 'False', Attempt: '0', Execution Time: '9.9494'
  Properties: PipelineName=OracleResiliencePipeline; PipelineInstance=(null); StrategyName=Retry; Result=NHI_ZFP_Viewer.ImageSources.ImageInfo; Handled=false; Attempt=0; ExecutionTimeMs=9.9494; EventId=3; EventName=ExecutionAttempt; RequestId=400000ab-0001-fb00-b63f-84710c7967bb; RequestPath=/api/NhiPatientImage/studies/1.2.840.133888132105150143162871541411731780159144/series/1.2.840.19216622352892321110282110210111240391850/instances/1.2.840.5047186194851551622810722616815323843212178; ActionId=aa92c01f-0771-4d00-b1d9-1444c5fbe45b; ActionName=NHI_AI_MedReportViewerWebApi.Controllers.NhiPatientImageController.GetImage (NHI-AI-MedReportViewerWebApi); StudyInstanceUid=1.2.840.133888132105150143162871541411731780159144; SeriesInstanceUid=1.2.840.19216622352892321110282110210111240391850; SopInstanceUid=1.2.840.5047186194851551622810722616815323843212178
  ======================================================================

2026-05-25 10:03:31.5771 [INFO] [AIRS.Core.Helpers.ZfpOracleDbHelper] [TraceID: 00-e5586c1cbc04ddade39cc6923e9cf95e-d119cca59ea30e48-00]
  Event: 0
  Request: GET https://lcr-tp.nhi.gov.tw/api/NhiPatientImage/studies/1.2.840.133888132105150143162871541411731780159144/series/1.2.840.19216622352892321110282110210111240391850/instances/1.2.840.5047186194851551622810722616815323843212178 
  Message: GetImageKey = Archived/20250812/1.2.840.133888132105150143162871541411731780159144/1.2.840.19216622352892321110282110210111240391850/1.2.840.5047186194851551622810722616815323843212178.dcm, 22 ms elapsed.
  Properties: S3ObjectKey=Archived/20250812/1.2.840.133888132105150143162871541411731780159144/1.2.840.19216622352892321110282110210111240391850/1.2.840.5047186194851551622810722616815323843212178.dcm; Elapsed=22; RequestId=400000ab-0001-fb00-b63f-84710c7967bb; RequestPath=/api/NhiPatientImage/studies/1.2.840.133888132105150143162871541411731780159144/series/1.2.840.19216622352892321110282110210111240391850/instances/1.2.840.5047186194851551622810722616815323843212178; ActionId=aa92c01f-0771-4d00-b1d9-1444c5fbe45b; ActionName=NHI_AI_MedReportViewerWebApi.Controllers.NhiPatientImageController.GetImage (NHI-AI-MedReportViewerWebApi); StudyInstanceUid=1.2.840.133888132105150143162871541411731780159144; SeriesInstanceUid=1.2.840.19216622352892321110282110210111240391850; SopInstanceUid=1.2.840.5047186194851551622810722616815323843212178
  ======================================================================

2026-05-25 10:03:31.6481 [INFO] [AIRS.Core.Common.LogForgingTools] [TraceID: 00-e5586c1cbc04ddade39cc6923e9cf95e-d119cca59ea30e48-00]
  Event: 0
  Request: GET https://lcr-tp.nhi.gov.tw/api/NhiPatientImage/studies/1.2.840.133888132105150143162871541411731780159144/series/1.2.840.19216622352892321110282110210111240391850/instances/1.2.840.5047186194851551622810722616815323843212178 
  Message: 1779674611648 GetImage() 由 S3 取得 stream，耗時 54 ms.
  Properties: RequestId=400000ab-0001-fb00-b63f-84710c7967bb; RequestPath=/api/NhiPatientImage/studies/1.2.840.133888132105150143162871541411731780159144/series/1.2.840.19216622352892321110282110210111240391850/instances/1.2.840.5047186194851551622810722616815323843212178; ActionId=aa92c01f-0771-4d00-b1d9-1444c5fbe45b; ActionName=NHI_AI_MedReportViewerWebApi.Controllers.NhiPatientImageController.GetImage (NHI-AI-MedReportViewerWebApi); StudyInstanceUid=1.2.840.133888132105150143162871541411731780159144; SeriesInstanceUid=1.2.840.19216622352892321110282110210111240391850; SopInstanceUid=1.2.840.5047186194851551622810722616815323843212178
  ======================================================================

2026-05-25 10:03:31.6481 [INFO] [NHI_AI_MedReportViewerWebApi.Services.NhiPatientImageService] [TraceID: 00-e5586c1cbc04ddade39cc6923e9cf95e-d119cca59ea30e48-00]
  Event: 0
  Request: GET https://lcr-tp.nhi.gov.tw/api/NhiPatientImage/studies/1.2.840.133888132105150143162871541411731780159144/series/1.2.840.19216622352892321110282110210111240391850/instances/1.2.840.5047186194851551622810722616815323843212178 
  Message: 成功從 S3 取得影像: 1.2.840.5047186194851551622810722616815323843212178
  Properties: RequestId=400000ab-0001-fb00-b63f-84710c7967bb; RequestPath=/api/NhiPatientImage/studies/1.2.840.133888132105150143162871541411731780159144/series/1.2.840.19216622352892321110282110210111240391850/instances/1.2.840.5047186194851551622810722616815323843212178; ActionId=aa92c01f-0771-4d00-b1d9-1444c5fbe45b; ActionName=NHI_AI_MedReportViewerWebApi.Controllers.NhiPatientImageController.GetImage (NHI-AI-MedReportViewerWebApi); StudyInstanceUid=1.2.840.133888132105150143162871541411731780159144; SeriesInstanceUid=1.2.840.19216622352892321110282110210111240391850; SopInstanceUid=1.2.840.5047186194851551622810722616815323843212178
  ======================================================================

2026-05-25 10:03:31.7974 [INFO] [AIRS.Core.Helpers.ZfpOracleDbHelper] [TraceID: 00-6bd5ca129e1d58ac346a8cb491d184df-9e576abd92382266-00]
  Event: 0
  Request: GET https://lcr-tp.nhi.gov.tw/api/NhiPatientImage/studies/1.2.840.133888132105150143162871541411731780159144/series/1.2.840.19216622352892321110282110210111240391850/instances/1.2.840.12417613237371161519417719486123121749 
  Message: GetImageKey(studyInstanceUid: 1.2.840.133888132105150143162871541411731780159144, seriesInstanceUid: 1.2.840.19216622352892321110282110210111240391850, sopInstanceUid: 1.2.840.12417613237371161519417719486123121749)
  Properties: StudyUid=1.2.840.133888132105150143162871541411731780159144; SeriesUid=1.2.840.19216622352892321110282110210111240391850; SopUid=1.2.840.12417613237371161519417719486123121749; RequestId=400000ad-0001-fb00-b63f-84710c7967bb; RequestPath=/api/NhiPatientImage/studies/1.2.840.133888132105150143162871541411731780159144/series/1.2.840.19216622352892321110282110210111240391850/instances/1.2.840.12417613237371161519417719486123121749; ActionId=aa92c01f-0771-4d00-b1d9-1444c5fbe45b; ActionName=NHI_AI_MedReportViewerWebApi.Controllers.NhiPatientImageController.GetImage (NHI-AI-MedReportViewerWebApi); StudyInstanceUid=1.2.840.133888132105150143162871541411731780159144; SeriesInstanceUid=1.2.840.19216622352892321110282110210111240391850; SopInstanceUid=1.2.840.12417613237371161519417719486123121749
  ======================================================================

2026-05-25 10:03:31.8221 [INFO] [Polly] [TraceID: 00-6bd5ca129e1d58ac346a8cb491d184df-9e576abd92382266-00]
  Event: 0
  Request: GET https://lcr-tp.nhi.gov.tw/api/NhiPatientImage/studies/1.2.840.133888132105150143162871541411731780159144/series/1.2.840.19216622352892321110282110210111240391850/instances/1.2.840.12417613237371161519417719486123121749 
  Message: Execution attempt. Source: 'OracleResiliencePipeline/(null)/Retry', Operation Key: '', Result: 'NHI_ZFP_Viewer.ImageSources.ImageInfo', Handled: 'False', Attempt: '0', Execution Time: '16.5597'
  Properties: PipelineName=OracleResiliencePipeline; PipelineInstance=(null); StrategyName=Retry; Result=NHI_ZFP_Viewer.ImageSources.ImageInfo; Handled=false; Attempt=0; ExecutionTimeMs=16.5597; EventId=3; EventName=ExecutionAttempt; RequestId=400000ad-0001-fb00-b63f-84710c7967bb; RequestPath=/api/NhiPatientImage/studies/1.2.840.133888132105150143162871541411731780159144/series/1.2.840.19216622352892321110282110210111240391850/instances/1.2.840.12417613237371161519417719486123121749; ActionId=aa92c01f-0771-4d00-b1d9-1444c5fbe45b; ActionName=NHI_AI_MedReportViewerWebApi.Controllers.NhiPatientImageController.GetImage (NHI-AI-MedReportViewerWebApi); StudyInstanceUid=1.2.840.133888132105150143162871541411731780159144; SeriesInstanceUid=1.2.840.19216622352892321110282110210111240391850; SopInstanceUid=1.2.840.12417613237371161519417719486123121749
  ======================================================================

2026-05-25 10:03:31.8299 [INFO] [AIRS.Core.Helpers.ZfpOracleDbHelper] [TraceID: 00-6bd5ca129e1d58ac346a8cb491d184df-9e576abd92382266-00]
  Event: 0
  Request: GET https://lcr-tp.nhi.gov.tw/api/NhiPatientImage/studies/1.2.840.133888132105150143162871541411731780159144/series/1.2.840.19216622352892321110282110210111240391850/instances/1.2.840.12417613237371161519417719486123121749 
  Message: GetImageKey = Archived/20250812/1.2.840.133888132105150143162871541411731780159144/1.2.840.19216622352892321110282110210111240391850/1.2.840.12417613237371161519417719486123121749.dcm, 29 ms elapsed.
  Properties: S3ObjectKey=Archived/20250812/1.2.840.133888132105150143162871541411731780159144/1.2.840.19216622352892321110282110210111240391850/1.2.840.12417613237371161519417719486123121749.dcm; Elapsed=29; RequestId=400000ad-0001-fb00-b63f-84710c7967bb; RequestPath=/api/NhiPatientImage/studies/1.2.840.133888132105150143162871541411731780159144/series/1.2.840.19216622352892321110282110210111240391850/instances/1.2.840.12417613237371161519417719486123121749; ActionId=aa92c01f-0771-4d00-b1d9-1444c5fbe45b; ActionName=NHI_AI_MedReportViewerWebApi.Controllers.NhiPatientImageController.GetImage (NHI-AI-MedReportViewerWebApi); StudyInstanceUid=1.2.840.133888132105150143162871541411731780159144; SeriesInstanceUid=1.2.840.19216622352892321110282110210111240391850; SopInstanceUid=1.2.840.12417613237371161519417719486123121749
  ======================================================================

2026-05-25 10:03:31.8742 [INFO] [AIRS.Core.Common.LogForgingTools] [TraceID: 00-6bd5ca129e1d58ac346a8cb491d184df-9e576abd92382266-00]
  Event: 0
  Request: GET https://lcr-tp.nhi.gov.tw/api/NhiPatientImage/studies/1.2.840.133888132105150143162871541411731780159144/series/1.2.840.19216622352892321110282110210111240391850/instances/1.2.840.12417613237371161519417719486123121749 
  Message: 1779674611874 GetImage() 由 S3 取得 stream，耗時 34 ms.
  Properties: RequestId=400000ad-0001-fb00-b63f-84710c7967bb; RequestPath=/api/NhiPatientImage/studies/1.2.840.133888132105150143162871541411731780159144/series/1.2.840.19216622352892321110282110210111240391850/instances/1.2.840.12417613237371161519417719486123121749; ActionId=aa92c01f-0771-4d00-b1d9-1444c5fbe45b; ActionName=NHI_AI_MedReportViewerWebApi.Controllers.NhiPatientImageController.GetImage (NHI-AI-MedReportViewerWebApi); StudyInstanceUid=1.2.840.133888132105150143162871541411731780159144; SeriesInstanceUid=1.2.840.19216622352892321110282110210111240391850; SopInstanceUid=1.2.840.12417613237371161519417719486123121749
  ======================================================================

2026-05-25 10:03:31.8742 [INFO] [NHI_AI_MedReportViewerWebApi.Services.NhiPatientImageService] [TraceID: 00-6bd5ca129e1d58ac346a8cb491d184df-9e576abd92382266-00]
  Event: 0
  Request: GET https://lcr-tp.nhi.gov.tw/api/NhiPatientImage/studies/1.2.840.133888132105150143162871541411731780159144/series/1.2.840.19216622352892321110282110210111240391850/instances/1.2.840.12417613237371161519417719486123121749 
  Message: 成功從 S3 取得影像: 1.2.840.12417613237371161519417719486123121749
  Properties: RequestId=400000ad-0001-fb00-b63f-84710c7967bb; RequestPath=/api/NhiPatientImage/studies/1.2.840.133888132105150143162871541411731780159144/series/1.2.840.19216622352892321110282110210111240391850/instances/1.2.840.12417613237371161519417719486123121749; ActionId=aa92c01f-0771-4d00-b1d9-1444c5fbe45b; ActionName=NHI_AI_MedReportViewerWebApi.Controllers.NhiPatientImageController.GetImage (NHI-AI-MedReportViewerWebApi); StudyInstanceUid=1.2.840.133888132105150143162871541411731780159144; SeriesInstanceUid=1.2.840.19216622352892321110282110210111240391850; SopInstanceUid=1.2.840.12417613237371161519417719486123121749
  ======================================================================

2026-05-25 10:03:32.1026 [INFO] [AIRS.Core.Helpers.ZfpOracleDbHelper] [TraceID: 00-ff5fd91e84ed3955e995b52f9beeb5ed-e28a7c7313f8391d-00]
  Event: 0
  Request: GET https://lcr-tp.nhi.gov.tw/api/NhiPatientImage/studies/1.2.840.133888132105150143162871541411731780159144/series/1.2.840.19216622352892321110282110210111240391850/instances/1.2.840.902085212775922122618421276182177173176177 
  Message: GetImageKey(studyInstanceUid: 1.2.840.133888132105150143162871541411731780159144, seriesInstanceUid: 1.2.840.19216622352892321110282110210111240391850, sopInstanceUid: 1.2.840.902085212775922122618421276182177173176177)
  Properties: StudyUid=1.2.840.133888132105150143162871541411731780159144; SeriesUid=1.2.840.19216622352892321110282110210111240391850; SopUid=1.2.840.902085212775922122618421276182177173176177; RequestId=400000af-0001-fb00-b63f-84710c7967bb; RequestPath=/api/NhiPatientImage/studies/1.2.840.133888132105150143162871541411731780159144/series/1.2.840.19216622352892321110282110210111240391850/instances/1.2.840.902085212775922122618421276182177173176177; ActionId=aa92c01f-0771-4d00-b1d9-1444c5fbe45b; ActionName=NHI_AI_MedReportViewerWebApi.Controllers.NhiPatientImageController.GetImage (NHI-AI-MedReportViewerWebApi); StudyInstanceUid=1.2.840.133888132105150143162871541411731780159144; SeriesInstanceUid=1.2.840.19216622352892321110282110210111240391850; SopInstanceUid=1.2.840.902085212775922122618421276182177173176177
  ======================================================================

2026-05-25 10:03:32.1091 [INFO] [Polly] [TraceID: 00-ff5fd91e84ed3955e995b52f9beeb5ed-e28a7c7313f8391d-00]
  Event: 0
  Request: GET https://lcr-tp.nhi.gov.tw/api/NhiPatientImage/studies/1.2.840.133888132105150143162871541411731780159144/series/1.2.840.19216622352892321110282110210111240391850/instances/1.2.840.902085212775922122618421276182177173176177 
  Message: Execution attempt. Source: 'OracleResiliencePipeline/(null)/Retry', Operation Key: '', Result: 'NHI_ZFP_Viewer.ImageSources.ImageInfo', Handled: 'False', Attempt: '0', Execution Time: '9.0738'
  Properties: PipelineName=OracleResiliencePipeline; PipelineInstance=(null); StrategyName=Retry; Result=NHI_ZFP_Viewer.ImageSources.ImageInfo; Handled=false; Attempt=0; ExecutionTimeMs=9.0738; EventId=3; EventName=ExecutionAttempt; RequestId=400000af-0001-fb00-b63f-84710c7967bb; RequestPath=/api/NhiPatientImage/studies/1.2.840.133888132105150143162871541411731780159144/series/1.2.840.19216622352892321110282110210111240391850/instances/1.2.840.902085212775922122618421276182177173176177; ActionId=aa92c01f-0771-4d00-b1d9-1444c5fbe45b; ActionName=NHI_AI_MedReportViewerWebApi.Controllers.NhiPatientImageController.GetImage (NHI-AI-MedReportViewerWebApi); StudyInstanceUid=1.2.840.133888132105150143162871541411731780159144; SeriesInstanceUid=1.2.840.19216622352892321110282110210111240391850; SopInstanceUid=1.2.840.902085212775922122618421276182177173176177
  ======================================================================

2026-05-25 10:03:32.1280 [INFO] [AIRS.Core.Helpers.ZfpOracleDbHelper] [TraceID: 00-ff5fd91e84ed3955e995b52f9beeb5ed-e28a7c7313f8391d-00]
  Event: 0
  Request: GET https://lcr-tp.nhi.gov.tw/api/NhiPatientImage/studies/1.2.840.133888132105150143162871541411731780159144/series/1.2.840.19216622352892321110282110210111240391850/instances/1.2.840.902085212775922122618421276182177173176177 
  Message: GetImageKey = Archived/20250812/1.2.840.133888132105150143162871541411731780159144/1.2.840.19216622352892321110282110210111240391850/1.2.840.902085212775922122618421276182177173176177.dcm, 21 ms elapsed.
  Properties: S3ObjectKey=Archived/20250812/1.2.840.133888132105150143162871541411731780159144/1.2.840.19216622352892321110282110210111240391850/1.2.840.902085212775922122618421276182177173176177.dcm; Elapsed=21; RequestId=400000af-0001-fb00-b63f-84710c7967bb; RequestPath=/api/NhiPatientImage/studies/1.2.840.133888132105150143162871541411731780159144/series/1.2.840.19216622352892321110282110210111240391850/instances/1.2.840.902085212775922122618421276182177173176177; ActionId=aa92c01f-0771-4d00-b1d9-1444c5fbe45b; ActionName=NHI_AI_MedReportViewerWebApi.Controllers.NhiPatientImageController.GetImage (NHI-AI-MedReportViewerWebApi); StudyInstanceUid=1.2.840.133888132105150143162871541411731780159144; SeriesInstanceUid=1.2.840.19216622352892321110282110210111240391850; SopInstanceUid=1.2.840.902085212775922122618421276182177173176177
  ======================================================================

2026-05-25 10:03:32.1777 [INFO] [AIRS.Core.Common.LogForgingTools] [TraceID: 00-ff5fd91e84ed3955e995b52f9beeb5ed-e28a7c7313f8391d-00]
  Event: 0
  Request: GET https://lcr-tp.nhi.gov.tw/api/NhiPatientImage/studies/1.2.840.133888132105150143162871541411731780159144/series/1.2.840.19216622352892321110282110210111240391850/instances/1.2.840.902085212775922122618421276182177173176177 
  Message: 1779674612177 GetImage() 由 S3 取得 stream，耗時 40 ms.
  Properties: RequestId=400000af-0001-fb00-b63f-84710c7967bb; RequestPath=/api/NhiPatientImage/studies/1.2.840.133888132105150143162871541411731780159144/series/1.2.840.19216622352892321110282110210111240391850/instances/1.2.840.902085212775922122618421276182177173176177; ActionId=aa92c01f-0771-4d00-b1d9-1444c5fbe45b; ActionName=NHI_AI_MedReportViewerWebApi.Controllers.NhiPatientImageController.GetImage (NHI-AI-MedReportViewerWebApi); StudyInstanceUid=1.2.840.133888132105150143162871541411731780159144; SeriesInstanceUid=1.2.840.19216622352892321110282110210111240391850; SopInstanceUid=1.2.840.902085212775922122618421276182177173176177
  ======================================================================

2026-05-25 10:03:32.1777 [INFO] [NHI_AI_MedReportViewerWebApi.Services.NhiPatientImageService] [TraceID: 00-ff5fd91e84ed3955e995b52f9beeb5ed-e28a7c7313f8391d-00]
  Event: 0
  Request: GET https://lcr-tp.nhi.gov.tw/api/NhiPatientImage/studies/1.2.840.133888132105150143162871541411731780159144/series/1.2.840.19216622352892321110282110210111240391850/instances/1.2.840.902085212775922122618421276182177173176177 
  Message: 成功從 S3 取得影像: 1.2.840.902085212775922122618421276182177173176177
  Properties: RequestId=400000af-0001-fb00-b63f-84710c7967bb; RequestPath=/api/NhiPatientImage/studies/1.2.840.133888132105150143162871541411731780159144/series/1.2.840.19216622352892321110282110210111240391850/instances/1.2.840.902085212775922122618421276182177173176177; ActionId=aa92c01f-0771-4d00-b1d9-1444c5fbe45b; ActionName=NHI_AI_MedReportViewerWebApi.Controllers.NhiPatientImageController.GetImage (NHI-AI-MedReportViewerWebApi); StudyInstanceUid=1.2.840.133888132105150143162871541411731780159144; SeriesInstanceUid=1.2.840.19216622352892321110282110210111240391850; SopInstanceUid=1.2.840.902085212775922122618421276182177173176177
  ======================================================================

2026-05-25 10:03:32.4107 [INFO] [AIRS.Core.Helpers.ZfpOracleDbHelper] [TraceID: 00-f048d7efc1a89db7f5f5bb67ee177c15-4b77f89c97df6c13-00]
  Event: 0
  Request: GET https://lcr-tp.nhi.gov.tw/api/NhiPatientImage/studies/1.2.840.133888132105150143162871541411731780159144/series/1.2.840.19216622352892321110282110210111240391850/instances/1.2.840.495718318184216195925222515770314759181 
  Message: GetImageKey(studyInstanceUid: 1.2.840.133888132105150143162871541411731780159144, seriesInstanceUid: 1.2.840.19216622352892321110282110210111240391850, sopInstanceUid: 1.2.840.495718318184216195925222515770314759181)
  Properties: StudyUid=1.2.840.133888132105150143162871541411731780159144; SeriesUid=1.2.840.19216622352892321110282110210111240391850; SopUid=1.2.840.495718318184216195925222515770314759181; RequestId=400000b1-0001-fb00-b63f-84710c7967bb; RequestPath=/api/NhiPatientImage/studies/1.2.840.133888132105150143162871541411731780159144/series/1.2.840.19216622352892321110282110210111240391850/instances/1.2.840.495718318184216195925222515770314759181; ActionId=aa92c01f-0771-4d00-b1d9-1444c5fbe45b; ActionName=NHI_AI_MedReportViewerWebApi.Controllers.NhiPatientImageController.GetImage (NHI-AI-MedReportViewerWebApi); StudyInstanceUid=1.2.840.133888132105150143162871541411731780159144; SeriesInstanceUid=1.2.840.19216622352892321110282110210111240391850; SopInstanceUid=1.2.840.495718318184216195925222515770314759181
  ======================================================================

2026-05-25 10:03:32.4266 [INFO] [Polly] [TraceID: 00-f048d7efc1a89db7f5f5bb67ee177c15-4b77f89c97df6c13-00]
  Event: 0
  Request: GET https://lcr-tp.nhi.gov.tw/api/NhiPatientImage/studies/1.2.840.133888132105150143162871541411731780159144/series/1.2.840.19216622352892321110282110210111240391850/instances/1.2.840.495718318184216195925222515770314759181 
  Message: Execution attempt. Source: 'OracleResiliencePipeline/(null)/Retry', Operation Key: '', Result: 'NHI_ZFP_Viewer.ImageSources.ImageInfo', Handled: 'False', Attempt: '0', Execution Time: '8.0711'
  Properties: PipelineName=OracleResiliencePipeline; PipelineInstance=(null); StrategyName=Retry; Result=NHI_ZFP_Viewer.ImageSources.ImageInfo; Handled=false; Attempt=0; ExecutionTimeMs=8.0711; EventId=3; EventName=ExecutionAttempt; RequestId=400000b1-0001-fb00-b63f-84710c7967bb; RequestPath=/api/NhiPatientImage/studies/1.2.840.133888132105150143162871541411731780159144/series/1.2.840.19216622352892321110282110210111240391850/instances/1.2.840.495718318184216195925222515770314759181; ActionId=aa92c01f-0771-4d00-b1d9-1444c5fbe45b; ActionName=NHI_AI_MedReportViewerWebApi.Controllers.NhiPatientImageController.GetImage (NHI-AI-MedReportViewerWebApi); StudyInstanceUid=1.2.840.133888132105150143162871541411731780159144; SeriesInstanceUid=1.2.840.19216622352892321110282110210111240391850; SopInstanceUid=1.2.840.495718318184216195925222515770314759181
  ======================================================================

2026-05-25 10:03:32.4370 [INFO] [AIRS.Core.Helpers.ZfpOracleDbHelper] [TraceID: 00-f048d7efc1a89db7f5f5bb67ee177c15-4b77f89c97df6c13-00]
  Event: 0
  Request: GET https://lcr-tp.nhi.gov.tw/api/NhiPatientImage/studies/1.2.840.133888132105150143162871541411731780159144/series/1.2.840.19216622352892321110282110210111240391850/instances/1.2.840.495718318184216195925222515770314759181 
  Message: GetImageKey = Archived/20250812/1.2.840.133888132105150143162871541411731780159144/1.2.840.19216622352892321110282110210111240391850/1.2.840.495718318184216195925222515770314759181.dcm, 19 ms elapsed.
  Properties: S3ObjectKey=Archived/20250812/1.2.840.133888132105150143162871541411731780159144/1.2.840.19216622352892321110282110210111240391850/1.2.840.495718318184216195925222515770314759181.dcm; Elapsed=19; RequestId=400000b1-0001-fb00-b63f-84710c7967bb; RequestPath=/api/NhiPatientImage/studies/1.2.840.133888132105150143162871541411731780159144/series/1.2.840.19216622352892321110282110210111240391850/instances/1.2.840.495718318184216195925222515770314759181; ActionId=aa92c01f-0771-4d00-b1d9-1444c5fbe45b; ActionName=NHI_AI_MedReportViewerWebApi.Controllers.NhiPatientImageController.GetImage (NHI-AI-MedReportViewerWebApi); StudyInstanceUid=1.2.840.133888132105150143162871541411731780159144; SeriesInstanceUid=1.2.840.19216622352892321110282110210111240391850; SopInstanceUid=1.2.840.495718318184216195925222515770314759181
  ======================================================================

2026-05-25 10:03:32.4762 [INFO] [AIRS.Core.Common.LogForgingTools] [TraceID: 00-f048d7efc1a89db7f5f5bb67ee177c15-4b77f89c97df6c13-00]
  Event: 0
  Request: GET https://lcr-tp.nhi.gov.tw/api/NhiPatientImage/studies/1.2.840.133888132105150143162871541411731780159144/series/1.2.840.19216622352892321110282110210111240391850/instances/1.2.840.495718318184216195925222515770314759181 
  Message: 1779674612476 GetImage() 由 S3 取得 stream，耗時 32 ms.
  Properties: RequestId=400000b1-0001-fb00-b63f-84710c7967bb; RequestPath=/api/NhiPatientImage/studies/1.2.840.133888132105150143162871541411731780159144/series/1.2.840.19216622352892321110282110210111240391850/instances/1.2.840.495718318184216195925222515770314759181; ActionId=aa92c01f-0771-4d00-b1d9-1444c5fbe45b; ActionName=NHI_AI_MedReportViewerWebApi.Controllers.NhiPatientImageController.GetImage (NHI-AI-MedReportViewerWebApi); StudyInstanceUid=1.2.840.133888132105150143162871541411731780159144; SeriesInstanceUid=1.2.840.19216622352892321110282110210111240391850; SopInstanceUid=1.2.840.495718318184216195925222515770314759181
  ======================================================================

2026-05-25 10:03:32.4762 [INFO] [NHI_AI_MedReportViewerWebApi.Services.NhiPatientImageService] [TraceID: 00-f048d7efc1a89db7f5f5bb67ee177c15-4b77f89c97df6c13-00]
  Event: 0
  Request: GET https://lcr-tp.nhi.gov.tw/api/NhiPatientImage/studies/1.2.840.133888132105150143162871541411731780159144/series/1.2.840.19216622352892321110282110210111240391850/instances/1.2.840.495718318184216195925222515770314759181 
  Message: 成功從 S3 取得影像: 1.2.840.495718318184216195925222515770314759181
  Properties: RequestId=400000b1-0001-fb00-b63f-84710c7967bb; RequestPath=/api/NhiPatientImage/studies/1.2.840.133888132105150143162871541411731780159144/series/1.2.840.19216622352892321110282110210111240391850/instances/1.2.840.495718318184216195925222515770314759181; ActionId=aa92c01f-0771-4d00-b1d9-1444c5fbe45b; ActionName=NHI_AI_MedReportViewerWebApi.Controllers.NhiPatientImageController.GetImage (NHI-AI-MedReportViewerWebApi); StudyInstanceUid=1.2.840.133888132105150143162871541411731780159144; SeriesInstanceUid=1.2.840.19216622352892321110282110210111240391850; SopInstanceUid=1.2.840.495718318184216195925222515770314759181
  ======================================================================

2026-05-25 10:03:32.7443 [INFO] [AIRS.Core.Helpers.ZfpOracleDbHelper] [TraceID: 00-37d99b14a0e9339aaa0739f4e93faf4f-9d53439652264214-00]
  Event: 0
  Request: GET https://lcr-tp.nhi.gov.tw/api/NhiPatientImage/studies/1.2.840.133888132105150143162871541411731780159144/series/1.2.840.19216622352892321110282110210111240391850/instances/1.2.840.218239159136175181165231170218163114623792184 
  Message: GetImageKey(studyInstanceUid: 1.2.840.133888132105150143162871541411731780159144, seriesInstanceUid: 1.2.840.19216622352892321110282110210111240391850, sopInstanceUid: 1.2.840.218239159136175181165231170218163114623792184)
  Properties: StudyUid=1.2.840.133888132105150143162871541411731780159144; SeriesUid=1.2.840.19216622352892321110282110210111240391850; SopUid=1.2.840.218239159136175181165231170218163114623792184; RequestId=400000b3-0001-fb00-b63f-84710c7967bb; RequestPath=/api/NhiPatientImage/studies/1.2.840.133888132105150143162871541411731780159144/series/1.2.840.19216622352892321110282110210111240391850/instances/1.2.840.218239159136175181165231170218163114623792184; ActionId=aa92c01f-0771-4d00-b1d9-1444c5fbe45b; ActionName=NHI_AI_MedReportViewerWebApi.Controllers.NhiPatientImageController.GetImage (NHI-AI-MedReportViewerWebApi); StudyInstanceUid=1.2.840.133888132105150143162871541411731780159144; SeriesInstanceUid=1.2.840.19216622352892321110282110210111240391850; SopInstanceUid=1.2.840.218239159136175181165231170218163114623792184
  ======================================================================

2026-05-25 10:03:32.7510 [INFO] [Polly] [TraceID: 00-37d99b14a0e9339aaa0739f4e93faf4f-9d53439652264214-00]
  Event: 0
  Request: GET https://lcr-tp.nhi.gov.tw/api/NhiPatientImage/studies/1.2.840.133888132105150143162871541411731780159144/series/1.2.840.19216622352892321110282110210111240391850/instances/1.2.840.218239159136175181165231170218163114623792184 
  Message: Execution attempt. Source: 'OracleResiliencePipeline/(null)/Retry', Operation Key: '', Result: 'NHI_ZFP_Viewer.ImageSources.ImageInfo', Handled: 'False', Attempt: '0', Execution Time: '9.8364'
  Properties: PipelineName=OracleResiliencePipeline; PipelineInstance=(null); StrategyName=Retry; Result=NHI_ZFP_Viewer.ImageSources.ImageInfo; Handled=false; Attempt=0; ExecutionTimeMs=9.8364; EventId=3; EventName=ExecutionAttempt; RequestId=400000b3-0001-fb00-b63f-84710c7967bb; RequestPath=/api/NhiPatientImage/studies/1.2.840.133888132105150143162871541411731780159144/series/1.2.840.19216622352892321110282110210111240391850/instances/1.2.840.218239159136175181165231170218163114623792184; ActionId=aa92c01f-0771-4d00-b1d9-1444c5fbe45b; ActionName=NHI_AI_MedReportViewerWebApi.Controllers.NhiPatientImageController.GetImage (NHI-AI-MedReportViewerWebApi); StudyInstanceUid=1.2.840.133888132105150143162871541411731780159144; SeriesInstanceUid=1.2.840.19216622352892321110282110210111240391850; SopInstanceUid=1.2.840.218239159136175181165231170218163114623792184
  ======================================================================

2026-05-25 10:03:32.7703 [INFO] [AIRS.Core.Helpers.ZfpOracleDbHelper] [TraceID: 00-37d99b14a0e9339aaa0739f4e93faf4f-9d53439652264214-00]
  Event: 0
  Request: GET https://lcr-tp.nhi.gov.tw/api/NhiPatientImage/studies/1.2.840.133888132105150143162871541411731780159144/series/1.2.840.19216622352892321110282110210111240391850/instances/1.2.840.218239159136175181165231170218163114623792184 
  Message: GetImageKey = Archived/20250812/1.2.840.133888132105150143162871541411731780159144/1.2.840.19216622352892321110282110210111240391850/1.2.840.218239159136175181165231170218163114623792184.dcm, 22 ms elapsed.
  Properties: S3ObjectKey=Archived/20250812/1.2.840.133888132105150143162871541411731780159144/1.2.840.19216622352892321110282110210111240391850/1.2.840.218239159136175181165231170218163114623792184.dcm; Elapsed=22; RequestId=400000b3-0001-fb00-b63f-84710c7967bb; RequestPath=/api/NhiPatientImage/studies/1.2.840.133888132105150143162871541411731780159144/series/1.2.840.19216622352892321110282110210111240391850/instances/1.2.840.218239159136175181165231170218163114623792184; ActionId=aa92c01f-0771-4d00-b1d9-1444c5fbe45b; ActionName=NHI_AI_MedReportViewerWebApi.Controllers.NhiPatientImageController.GetImage (NHI-AI-MedReportViewerWebApi); StudyInstanceUid=1.2.840.133888132105150143162871541411731780159144; SeriesInstanceUid=1.2.840.19216622352892321110282110210111240391850; SopInstanceUid=1.2.840.218239159136175181165231170218163114623792184
  ======================================================================

2026-05-25 10:03:32.8060 [INFO] [AIRS.Core.Helpers.ZfpOracleDbHelper] [TraceID: 00-2a425e74fa4d1a46672c2152774853e5-4c4133977e1d270d-00]
  Event: 0
  Request: GET https://lcr-tp.nhi.gov.tw/api/NhiPatientImage/studies/1.2.840.133888132105150143162871541411731780159144/series/1.2.840.19216622352892321110282110210111240391850/instances/1.2.840.210160119511242501411221071413613252229157 
  Message: GetImageKey(studyInstanceUid: 1.2.840.133888132105150143162871541411731780159144, seriesInstanceUid: 1.2.840.19216622352892321110282110210111240391850, sopInstanceUid: 1.2.840.210160119511242501411221071413613252229157)
  Properties: StudyUid=1.2.840.133888132105150143162871541411731780159144; SeriesUid=1.2.840.19216622352892321110282110210111240391850; SopUid=1.2.840.210160119511242501411221071413613252229157; RequestId=40000239-0001-fe00-b63f-84710c7967bb; RequestPath=/api/NhiPatientImage/studies/1.2.840.133888132105150143162871541411731780159144/series/1.2.840.19216622352892321110282110210111240391850/instances/1.2.840.210160119511242501411221071413613252229157; ActionId=aa92c01f-0771-4d00-b1d9-1444c5fbe45b; ActionName=NHI_AI_MedReportViewerWebApi.Controllers.NhiPatientImageController.GetImage (NHI-AI-MedReportViewerWebApi); StudyInstanceUid=1.2.840.133888132105150143162871541411731780159144; SeriesInstanceUid=1.2.840.19216622352892321110282110210111240391850; SopInstanceUid=1.2.840.210160119511242501411221071413613252229157
  ======================================================================

2026-05-25 10:03:32.8129 [INFO] [Polly] [TraceID: 00-2a425e74fa4d1a46672c2152774853e5-4c4133977e1d270d-00]
  Event: 0
  Request: GET https://lcr-tp.nhi.gov.tw/api/NhiPatientImage/studies/1.2.840.133888132105150143162871541411731780159144/series/1.2.840.19216622352892321110282110210111240391850/instances/1.2.840.210160119511242501411221071413613252229157 
  Message: Execution attempt. Source: 'OracleResiliencePipeline/(null)/Retry', Operation Key: '', Result: 'NHI_ZFP_Viewer.ImageSources.ImageInfo', Handled: 'False', Attempt: '0', Execution Time: '8.7475'
  Properties: PipelineName=OracleResiliencePipeline; PipelineInstance=(null); StrategyName=Retry; Result=NHI_ZFP_Viewer.ImageSources.ImageInfo; Handled=false; Attempt=0; ExecutionTimeMs=8.7475; EventId=3; EventName=ExecutionAttempt; RequestId=40000239-0001-fe00-b63f-84710c7967bb; RequestPath=/api/NhiPatientImage/studies/1.2.840.133888132105150143162871541411731780159144/series/1.2.840.19216622352892321110282110210111240391850/instances/1.2.840.210160119511242501411221071413613252229157; ActionId=aa92c01f-0771-4d00-b1d9-1444c5fbe45b; ActionName=NHI_AI_MedReportViewerWebApi.Controllers.NhiPatientImageController.GetImage (NHI-AI-MedReportViewerWebApi); StudyInstanceUid=1.2.840.133888132105150143162871541411731780159144; SeriesInstanceUid=1.2.840.19216622352892321110282110210111240391850; SopInstanceUid=1.2.840.210160119511242501411221071413613252229157
  ======================================================================

2026-05-25 10:03:32.8129 [INFO] [AIRS.Core.Common.LogForgingTools] [TraceID: 00-37d99b14a0e9339aaa0739f4e93faf4f-9d53439652264214-00]
  Event: 0
  Request: GET https://lcr-tp.nhi.gov.tw/api/NhiPatientImage/studies/1.2.840.133888132105150143162871541411731780159144/series/1.2.840.19216622352892321110282110210111240391850/instances/1.2.840.218239159136175181165231170218163114623792184 
  Message: 1779674612823 GetImage() 由 S3 取得 stream，耗時 44 ms.
  Properties: RequestId=400000b3-0001-fb00-b63f-84710c7967bb; RequestPath=/api/NhiPatientImage/studies/1.2.840.133888132105150143162871541411731780159144/series/1.2.840.19216622352892321110282110210111240391850/instances/1.2.840.218239159136175181165231170218163114623792184; ActionId=aa92c01f-0771-4d00-b1d9-1444c5fbe45b; ActionName=NHI_AI_MedReportViewerWebApi.Controllers.NhiPatientImageController.GetImage (NHI-AI-MedReportViewerWebApi); StudyInstanceUid=1.2.840.133888132105150143162871541411731780159144; SeriesInstanceUid=1.2.840.19216622352892321110282110210111240391850; SopInstanceUid=1.2.840.218239159136175181165231170218163114623792184
  ======================================================================

2026-05-25 10:03:32.8315 [INFO] [AIRS.Core.Helpers.ZfpOracleDbHelper] [TraceID: 00-2a425e74fa4d1a46672c2152774853e5-4c4133977e1d270d-00]
  Event: 0
  Request: GET https://lcr-tp.nhi.gov.tw/api/NhiPatientImage/studies/1.2.840.133888132105150143162871541411731780159144/series/1.2.840.19216622352892321110282110210111240391850/instances/1.2.840.210160119511242501411221071413613252229157 
  Message: GetImageKey = Archived/20250812/1.2.840.133888132105150143162871541411731780159144/1.2.840.19216622352892321110282110210111240391850/1.2.840.210160119511242501411221071413613252229157.dcm, 21 ms elapsed.
  Properties: S3ObjectKey=Archived/20250812/1.2.840.133888132105150143162871541411731780159144/1.2.840.19216622352892321110282110210111240391850/1.2.840.210160119511242501411221071413613252229157.dcm; Elapsed=21; RequestId=40000239-0001-fe00-b63f-84710c7967bb; RequestPath=/api/NhiPatientImage/studies/1.2.840.133888132105150143162871541411731780159144/series/1.2.840.19216622352892321110282110210111240391850/instances/1.2.840.210160119511242501411221071413613252229157; ActionId=aa92c01f-0771-4d00-b1d9-1444c5fbe45b; ActionName=NHI_AI_MedReportViewerWebApi.Controllers.NhiPatientImageController.GetImage (NHI-AI-MedReportViewerWebApi); StudyInstanceUid=1.2.840.133888132105150143162871541411731780159144; SeriesInstanceUid=1.2.840.19216622352892321110282110210111240391850; SopInstanceUid=1.2.840.210160119511242501411221071413613252229157
  ======================================================================

2026-05-25 10:03:32.8315 [INFO] [NHI_AI_MedReportViewerWebApi.Services.NhiPatientImageService] [TraceID: 00-37d99b14a0e9339aaa0739f4e93faf4f-9d53439652264214-00]
  Event: 0
  Request: GET https://lcr-tp.nhi.gov.tw/api/NhiPatientImage/studies/1.2.840.133888132105150143162871541411731780159144/series/1.2.840.19216622352892321110282110210111240391850/instances/1.2.840.218239159136175181165231170218163114623792184 
  Message: 成功從 S3 取得影像: 1.2.840.218239159136175181165231170218163114623792184
  Properties: RequestId=400000b3-0001-fb00-b63f-84710c7967bb; RequestPath=/api/NhiPatientImage/studies/1.2.840.133888132105150143162871541411731780159144/series/1.2.840.19216622352892321110282110210111240391850/instances/1.2.840.218239159136175181165231170218163114623792184; ActionId=aa92c01f-0771-4d00-b1d9-1444c5fbe45b; ActionName=NHI_AI_MedReportViewerWebApi.Controllers.NhiPatientImageController.GetImage (NHI-AI-MedReportViewerWebApi); StudyInstanceUid=1.2.840.133888132105150143162871541411731780159144; SeriesInstanceUid=1.2.840.19216622352892321110282110210111240391850; SopInstanceUid=1.2.840.218239159136175181165231170218163114623792184
  ======================================================================

2026-05-25 10:03:32.9557 [INFO] [AIRS.Core.Common.LogForgingTools] [TraceID: 00-2a425e74fa4d1a46672c2152774853e5-4c4133977e1d270d-00]
  Event: 0
  Request: GET https://lcr-tp.nhi.gov.tw/api/NhiPatientImage/studies/1.2.840.133888132105150143162871541411731780159144/series/1.2.840.19216622352892321110282110210111240391850/instances/1.2.840.210160119511242501411221071413613252229157 
  Message: 1779674612955 GetImage() 由 S3 取得 stream，耗時 115 ms.
  Properties: RequestId=40000239-0001-fe00-b63f-84710c7967bb; RequestPath=/api/NhiPatientImage/studies/1.2.840.133888132105150143162871541411731780159144/series/1.2.840.19216622352892321110282110210111240391850/instances/1.2.840.210160119511242501411221071413613252229157; ActionId=aa92c01f-0771-4d00-b1d9-1444c5fbe45b; ActionName=NHI_AI_MedReportViewerWebApi.Controllers.NhiPatientImageController.GetImage (NHI-AI-MedReportViewerWebApi); StudyInstanceUid=1.2.840.133888132105150143162871541411731780159144; SeriesInstanceUid=1.2.840.19216622352892321110282110210111240391850; SopInstanceUid=1.2.840.210160119511242501411221071413613252229157
  ======================================================================

2026-05-25 10:03:32.9557 [INFO] [NHI_AI_MedReportViewerWebApi.Services.NhiPatientImageService] [TraceID: 00-2a425e74fa4d1a46672c2152774853e5-4c4133977e1d270d-00]
  Event: 0
  Request: GET https://lcr-tp.nhi.gov.tw/api/NhiPatientImage/studies/1.2.840.133888132105150143162871541411731780159144/series/1.2.840.19216622352892321110282110210111240391850/instances/1.2.840.210160119511242501411221071413613252229157 
  Message: 成功從 S3 取得影像: 1.2.840.210160119511242501411221071413613252229157
  Properties: RequestId=40000239-0001-fe00-b63f-84710c7967bb; RequestPath=/api/NhiPatientImage/studies/1.2.840.133888132105150143162871541411731780159144/series/1.2.840.19216622352892321110282110210111240391850/instances/1.2.840.210160119511242501411221071413613252229157; ActionId=aa92c01f-0771-4d00-b1d9-1444c5fbe45b; ActionName=NHI_AI_MedReportViewerWebApi.Controllers.NhiPatientImageController.GetImage (NHI-AI-MedReportViewerWebApi); StudyInstanceUid=1.2.840.133888132105150143162871541411731780159144; SeriesInstanceUid=1.2.840.19216622352892321110282110210111240391850; SopInstanceUid=1.2.840.210160119511242501411221071413613252229157
  ======================================================================

2026-05-25 10:03:33.3207 [INFO] [AIRS.Core.Helpers.ZfpOracleDbHelper] [TraceID: 00-7513a9563ed53ad7066f7afd9e011244-fe7962c908ecc363-00]
  Event: 0
  Request: GET https://lcr-tp.nhi.gov.tw/api/NhiPatientImage/studies/1.2.840.133888132105150143162871541411731780159144/series/1.2.840.19216622352892321110282110210111240391850/instances/1.2.840.202125186215272161781476602232561982150 
  Message: GetImageKey(studyInstanceUid: 1.2.840.133888132105150143162871541411731780159144, seriesInstanceUid: 1.2.840.19216622352892321110282110210111240391850, sopInstanceUid: 1.2.840.202125186215272161781476602232561982150)
  Properties: StudyUid=1.2.840.133888132105150143162871541411731780159144; SeriesUid=1.2.840.19216622352892321110282110210111240391850; SopUid=1.2.840.202125186215272161781476602232561982150; RequestId=4000023b-0001-fe00-b63f-84710c7967bb; RequestPath=/api/NhiPatientImage/studies/1.2.840.133888132105150143162871541411731780159144/series/1.2.840.19216622352892321110282110210111240391850/instances/1.2.840.202125186215272161781476602232561982150; ActionId=aa92c01f-0771-4d00-b1d9-1444c5fbe45b; ActionName=NHI_AI_MedReportViewerWebApi.Controllers.NhiPatientImageController.GetImage (NHI-AI-MedReportViewerWebApi); StudyInstanceUid=1.2.840.133888132105150143162871541411731780159144; SeriesInstanceUid=1.2.840.19216622352892321110282110210111240391850; SopInstanceUid=1.2.840.202125186215272161781476602232561982150
  ======================================================================

2026-05-25 10:03:33.3279 [INFO] [Polly] [TraceID: 00-7513a9563ed53ad7066f7afd9e011244-fe7962c908ecc363-00]
  Event: 0
  Request: GET https://lcr-tp.nhi.gov.tw/api/NhiPatientImage/studies/1.2.840.133888132105150143162871541411731780159144/series/1.2.840.19216622352892321110282110210111240391850/instances/1.2.840.202125186215272161781476602232561982150 
  Message: Execution attempt. Source: 'OracleResiliencePipeline/(null)/Retry', Operation Key: '', Result: 'NHI_ZFP_Viewer.ImageSources.ImageInfo', Handled: 'False', Attempt: '0', Execution Time: '9.7555'
  Properties: PipelineName=OracleResiliencePipeline; PipelineInstance=(null); StrategyName=Retry; Result=NHI_ZFP_Viewer.ImageSources.ImageInfo; Handled=false; Attempt=0; ExecutionTimeMs=9.7555; EventId=3; EventName=ExecutionAttempt; RequestId=4000023b-0001-fe00-b63f-84710c7967bb; RequestPath=/api/NhiPatientImage/studies/1.2.840.133888132105150143162871541411731780159144/series/1.2.840.19216622352892321110282110210111240391850/instances/1.2.840.202125186215272161781476602232561982150; ActionId=aa92c01f-0771-4d00-b1d9-1444c5fbe45b; ActionName=NHI_AI_MedReportViewerWebApi.Controllers.NhiPatientImageController.GetImage (NHI-AI-MedReportViewerWebApi); StudyInstanceUid=1.2.840.133888132105150143162871541411731780159144; SeriesInstanceUid=1.2.840.19216622352892321110282110210111240391850; SopInstanceUid=1.2.840.202125186215272161781476602232561982150
  ======================================================================

2026-05-25 10:03:33.3475 [INFO] [AIRS.Core.Helpers.ZfpOracleDbHelper] [TraceID: 00-7513a9563ed53ad7066f7afd9e011244-fe7962c908ecc363-00]
  Event: 0
  Request: GET https://lcr-tp.nhi.gov.tw/api/NhiPatientImage/studies/1.2.840.133888132105150143162871541411731780159144/series/1.2.840.19216622352892321110282110210111240391850/instances/1.2.840.202125186215272161781476602232561982150 
  Message: GetImageKey = Archived/20250812/1.2.840.133888132105150143162871541411731780159144/1.2.840.19216622352892321110282110210111240391850/1.2.840.202125186215272161781476602232561982150.dcm, 22 ms elapsed.
  Properties: S3ObjectKey=Archived/20250812/1.2.840.133888132105150143162871541411731780159144/1.2.840.19216622352892321110282110210111240391850/1.2.840.202125186215272161781476602232561982150.dcm; Elapsed=22; RequestId=4000023b-0001-fe00-b63f-84710c7967bb; RequestPath=/api/NhiPatientImage/studies/1.2.840.133888132105150143162871541411731780159144/series/1.2.840.19216622352892321110282110210111240391850/instances/1.2.840.202125186215272161781476602232561982150; ActionId=aa92c01f-0771-4d00-b1d9-1444c5fbe45b; ActionName=NHI_AI_MedReportViewerWebApi.Controllers.NhiPatientImageController.GetImage (NHI-AI-MedReportViewerWebApi); StudyInstanceUid=1.2.840.133888132105150143162871541411731780159144; SeriesInstanceUid=1.2.840.19216622352892321110282110210111240391850; SopInstanceUid=1.2.840.202125186215272161781476602232561982150
  ======================================================================

2026-05-25 10:03:33.4000 [INFO] [AIRS.Core.Common.LogForgingTools] [TraceID: 00-7513a9563ed53ad7066f7afd9e011244-fe7962c908ecc363-00]
  Event: 0
  Request: GET https://lcr-tp.nhi.gov.tw/api/NhiPatientImage/studies/1.2.840.133888132105150143162871541411731780159144/series/1.2.840.19216622352892321110282110210111240391850/instances/1.2.840.202125186215272161781476602232561982150 
  Message: 1779674613400 GetImage() 由 S3 取得 stream，耗時 43 ms.
  Properties: RequestId=4000023b-0001-fe00-b63f-84710c7967bb; RequestPath=/api/NhiPatientImage/studies/1.2.840.133888132105150143162871541411731780159144/series/1.2.840.19216622352892321110282110210111240391850/instances/1.2.840.202125186215272161781476602232561982150; ActionId=aa92c01f-0771-4d00-b1d9-1444c5fbe45b; ActionName=NHI_AI_MedReportViewerWebApi.Controllers.NhiPatientImageController.GetImage (NHI-AI-MedReportViewerWebApi); StudyInstanceUid=1.2.840.133888132105150143162871541411731780159144; SeriesInstanceUid=1.2.840.19216622352892321110282110210111240391850; SopInstanceUid=1.2.840.202125186215272161781476602232561982150
  ======================================================================

2026-05-25 10:03:33.4067 [INFO] [NHI_AI_MedReportViewerWebApi.Services.NhiPatientImageService] [TraceID: 00-7513a9563ed53ad7066f7afd9e011244-fe7962c908ecc363-00]
  Event: 0
  Request: GET https://lcr-tp.nhi.gov.tw/api/NhiPatientImage/studies/1.2.840.133888132105150143162871541411731780159144/series/1.2.840.19216622352892321110282110210111240391850/instances/1.2.840.202125186215272161781476602232561982150 
  Message: 成功從 S3 取得影像: 1.2.840.202125186215272161781476602232561982150
  Properties: RequestId=4000023b-0001-fe00-b63f-84710c7967bb; RequestPath=/api/NhiPatientImage/studies/1.2.840.133888132105150143162871541411731780159144/series/1.2.840.19216622352892321110282110210111240391850/instances/1.2.840.202125186215272161781476602232561982150; ActionId=aa92c01f-0771-4d00-b1d9-1444c5fbe45b; ActionName=NHI_AI_MedReportViewerWebApi.Controllers.NhiPatientImageController.GetImage (NHI-AI-MedReportViewerWebApi); StudyInstanceUid=1.2.840.133888132105150143162871541411731780159144; SeriesInstanceUid=1.2.840.19216622352892321110282110210111240391850; SopInstanceUid=1.2.840.202125186215272161781476602232561982150
  ======================================================================

2026-05-25 10:03:33.6060 [INFO] [AIRS.Core.Helpers.ZfpOracleDbHelper] [TraceID: 00-317b901b08106c3d82341fc72120bd56-bd51a57d537ec098-00]
  Event: 0
  Request: GET https://lcr-tp.nhi.gov.tw/api/NhiPatientImage/studies/1.2.840.133888132105150143162871541411731780159144/series/1.2.840.19216622352892321110282110210111240391850/instances/1.2.840.110142162228205183482110910719621611625484181 
  Message: GetImageKey(studyInstanceUid: 1.2.840.133888132105150143162871541411731780159144, seriesInstanceUid: 1.2.840.19216622352892321110282110210111240391850, sopInstanceUid: 1.2.840.110142162228205183482110910719621611625484181)
  Properties: StudyUid=1.2.840.133888132105150143162871541411731780159144; SeriesUid=1.2.840.19216622352892321110282110210111240391850; SopUid=1.2.840.110142162228205183482110910719621611625484181; RequestId=4000023d-0001-fe00-b63f-84710c7967bb; RequestPath=/api/NhiPatientImage/studies/1.2.840.133888132105150143162871541411731780159144/series/1.2.840.19216622352892321110282110210111240391850/instances/1.2.840.110142162228205183482110910719621611625484181; ActionId=aa92c01f-0771-4d00-b1d9-1444c5fbe45b; ActionName=NHI_AI_MedReportViewerWebApi.Controllers.NhiPatientImageController.GetImage (NHI-AI-MedReportViewerWebApi); StudyInstanceUid=1.2.840.133888132105150143162871541411731780159144; SeriesInstanceUid=1.2.840.19216622352892321110282110210111240391850; SopInstanceUid=1.2.840.110142162228205183482110910719621611625484181
  ======================================================================

2026-05-25 10:03:33.6129 [INFO] [Polly] [TraceID: 00-317b901b08106c3d82341fc72120bd56-bd51a57d537ec098-00]
  Event: 0
  Request: GET https://lcr-tp.nhi.gov.tw/api/NhiPatientImage/studies/1.2.840.133888132105150143162871541411731780159144/series/1.2.840.19216622352892321110282110210111240391850/instances/1.2.840.110142162228205183482110910719621611625484181 
  Message: Execution attempt. Source: 'OracleResiliencePipeline/(null)/Retry', Operation Key: '', Result: 'NHI_ZFP_Viewer.ImageSources.ImageInfo', Handled: 'False', Attempt: '0', Execution Time: '7.8047'
  Properties: PipelineName=OracleResiliencePipeline; PipelineInstance=(null); StrategyName=Retry; Result=NHI_ZFP_Viewer.ImageSources.ImageInfo; Handled=false; Attempt=0; ExecutionTimeMs=7.8047; EventId=3; EventName=ExecutionAttempt; RequestId=4000023d-0001-fe00-b63f-84710c7967bb; RequestPath=/api/NhiPatientImage/studies/1.2.840.133888132105150143162871541411731780159144/series/1.2.840.19216622352892321110282110210111240391850/instances/1.2.840.110142162228205183482110910719621611625484181; ActionId=aa92c01f-0771-4d00-b1d9-1444c5fbe45b; ActionName=NHI_AI_MedReportViewerWebApi.Controllers.NhiPatientImageController.GetImage (NHI-AI-MedReportViewerWebApi); StudyInstanceUid=1.2.840.133888132105150143162871541411731780159144; SeriesInstanceUid=1.2.840.19216622352892321110282110210111240391850; SopInstanceUid=1.2.840.110142162228205183482110910719621611625484181
  ======================================================================

2026-05-25 10:03:33.6307 [INFO] [AIRS.Core.Helpers.ZfpOracleDbHelper] [TraceID: 00-317b901b08106c3d82341fc72120bd56-bd51a57d537ec098-00]
  Event: 0
  Request: GET https://lcr-tp.nhi.gov.tw/api/NhiPatientImage/studies/1.2.840.133888132105150143162871541411731780159144/series/1.2.840.19216622352892321110282110210111240391850/instances/1.2.840.110142162228205183482110910719621611625484181 
  Message: GetImageKey = Archived/20250812/1.2.840.133888132105150143162871541411731780159144/1.2.840.19216622352892321110282110210111240391850/1.2.840.110142162228205183482110910719621611625484181.dcm, 20 ms elapsed.
  Properties: S3ObjectKey=Archived/20250812/1.2.840.133888132105150143162871541411731780159144/1.2.840.19216622352892321110282110210111240391850/1.2.840.110142162228205183482110910719621611625484181.dcm; Elapsed=20; RequestId=4000023d-0001-fe00-b63f-84710c7967bb; RequestPath=/api/NhiPatientImage/studies/1.2.840.133888132105150143162871541411731780159144/series/1.2.840.19216622352892321110282110210111240391850/instances/1.2.840.110142162228205183482110910719621611625484181; ActionId=aa92c01f-0771-4d00-b1d9-1444c5fbe45b; ActionName=NHI_AI_MedReportViewerWebApi.Controllers.NhiPatientImageController.GetImage (NHI-AI-MedReportViewerWebApi); StudyInstanceUid=1.2.840.133888132105150143162871541411731780159144; SeriesInstanceUid=1.2.840.19216622352892321110282110210111240391850; SopInstanceUid=1.2.840.110142162228205183482110910719621611625484181
  ======================================================================

2026-05-25 10:03:33.6757 [INFO] [AIRS.Core.Common.LogForgingTools] [TraceID: 00-317b901b08106c3d82341fc72120bd56-bd51a57d537ec098-00]
  Event: 0
  Request: GET https://lcr-tp.nhi.gov.tw/api/NhiPatientImage/studies/1.2.840.133888132105150143162871541411731780159144/series/1.2.840.19216622352892321110282110210111240391850/instances/1.2.840.110142162228205183482110910719621611625484181 
  Message: 1779674613675 GetImage() 由 S3 取得 stream，耗時 35 ms.
  Properties: RequestId=4000023d-0001-fe00-b63f-84710c7967bb; RequestPath=/api/NhiPatientImage/studies/1.2.840.133888132105150143162871541411731780159144/series/1.2.840.19216622352892321110282110210111240391850/instances/1.2.840.110142162228205183482110910719621611625484181; ActionId=aa92c01f-0771-4d00-b1d9-1444c5fbe45b; ActionName=NHI_AI_MedReportViewerWebApi.Controllers.NhiPatientImageController.GetImage (NHI-AI-MedReportViewerWebApi); StudyInstanceUid=1.2.840.133888132105150143162871541411731780159144; SeriesInstanceUid=1.2.840.19216622352892321110282110210111240391850; SopInstanceUid=1.2.840.110142162228205183482110910719621611625484181
  ======================================================================

2026-05-25 10:03:33.6757 [INFO] [NHI_AI_MedReportViewerWebApi.Services.NhiPatientImageService] [TraceID: 00-317b901b08106c3d82341fc72120bd56-bd51a57d537ec098-00]
  Event: 0
  Request: GET https://lcr-tp.nhi.gov.tw/api/NhiPatientImage/studies/1.2.840.133888132105150143162871541411731780159144/series/1.2.840.19216622352892321110282110210111240391850/instances/1.2.840.110142162228205183482110910719621611625484181 
  Message: 成功從 S3 取得影像: 1.2.840.110142162228205183482110910719621611625484181
  Properties: RequestId=4000023d-0001-fe00-b63f-84710c7967bb; RequestPath=/api/NhiPatientImage/studies/1.2.840.133888132105150143162871541411731780159144/series/1.2.840.19216622352892321110282110210111240391850/instances/1.2.840.110142162228205183482110910719621611625484181; ActionId=aa92c01f-0771-4d00-b1d9-1444c5fbe45b; ActionName=NHI_AI_MedReportViewerWebApi.Controllers.NhiPatientImageController.GetImage (NHI-AI-MedReportViewerWebApi); StudyInstanceUid=1.2.840.133888132105150143162871541411731780159144; SeriesInstanceUid=1.2.840.19216622352892321110282110210111240391850; SopInstanceUid=1.2.840.110142162228205183482110910719621611625484181
  ======================================================================

2026-05-25 10:03:34.2384 [INFO] [AIRS.Core.Helpers.ZfpOracleDbHelper] [TraceID: 00-698f8c4c20916e9728f440d5b4a192a7-824d9ce949c54245-00]
  Event: 0
  Request: GET https://lcr-tp.nhi.gov.tw/api/NhiPatientImage/studies/1.2.840.133888132105150143162871541411731780159144/series/1.2.840.19216622352892321110282110210111240391850/instances/1.2.840.209364124882426946732332351977261219165 
  Message: GetImageKey(studyInstanceUid: 1.2.840.133888132105150143162871541411731780159144, seriesInstanceUid: 1.2.840.19216622352892321110282110210111240391850, sopInstanceUid: 1.2.840.209364124882426946732332351977261219165)
  Properties: StudyUid=1.2.840.133888132105150143162871541411731780159144; SeriesUid=1.2.840.19216622352892321110282110210111240391850; SopUid=1.2.840.209364124882426946732332351977261219165; RequestId=4000023f-0001-fe00-b63f-84710c7967bb; RequestPath=/api/NhiPatientImage/studies/1.2.840.133888132105150143162871541411731780159144/series/1.2.840.19216622352892321110282110210111240391850/instances/1.2.840.209364124882426946732332351977261219165; ActionId=aa92c01f-0771-4d00-b1d9-1444c5fbe45b; ActionName=NHI_AI_MedReportViewerWebApi.Controllers.NhiPatientImageController.GetImage (NHI-AI-MedReportViewerWebApi); StudyInstanceUid=1.2.840.133888132105150143162871541411731780159144; SeriesInstanceUid=1.2.840.19216622352892321110282110210111240391850; SopInstanceUid=1.2.840.209364124882426946732332351977261219165
  ======================================================================

2026-05-25 10:03:34.2568 [INFO] [Polly] [TraceID: 00-698f8c4c20916e9728f440d5b4a192a7-824d9ce949c54245-00]
  Event: 0
  Request: GET https://lcr-tp.nhi.gov.tw/api/NhiPatientImage/studies/1.2.840.133888132105150143162871541411731780159144/series/1.2.840.19216622352892321110282110210111240391850/instances/1.2.840.209364124882426946732332351977261219165 
  Message: Execution attempt. Source: 'OracleResiliencePipeline/(null)/Retry', Operation Key: '', Result: 'NHI_ZFP_Viewer.ImageSources.ImageInfo', Handled: 'False', Attempt: '0', Execution Time: '9.147'
  Properties: PipelineName=OracleResiliencePipeline; PipelineInstance=(null); StrategyName=Retry; Result=NHI_ZFP_Viewer.ImageSources.ImageInfo; Handled=false; Attempt=0; ExecutionTimeMs=9.147; EventId=3; EventName=ExecutionAttempt; RequestId=4000023f-0001-fe00-b63f-84710c7967bb; RequestPath=/api/NhiPatientImage/studies/1.2.840.133888132105150143162871541411731780159144/series/1.2.840.19216622352892321110282110210111240391850/instances/1.2.840.209364124882426946732332351977261219165; ActionId=aa92c01f-0771-4d00-b1d9-1444c5fbe45b; ActionName=NHI_AI_MedReportViewerWebApi.Controllers.NhiPatientImageController.GetImage (NHI-AI-MedReportViewerWebApi); StudyInstanceUid=1.2.840.133888132105150143162871541411731780159144; SeriesInstanceUid=1.2.840.19216622352892321110282110210111240391850; SopInstanceUid=1.2.840.209364124882426946732332351977261219165
  ======================================================================

2026-05-25 10:03:34.2647 [INFO] [AIRS.Core.Helpers.ZfpOracleDbHelper] [TraceID: 00-698f8c4c20916e9728f440d5b4a192a7-824d9ce949c54245-00]
  Event: 0
  Request: GET https://lcr-tp.nhi.gov.tw/api/NhiPatientImage/studies/1.2.840.133888132105150143162871541411731780159144/series/1.2.840.19216622352892321110282110210111240391850/instances/1.2.840.209364124882426946732332351977261219165 
  Message: GetImageKey = Archived/20250812/1.2.840.133888132105150143162871541411731780159144/1.2.840.19216622352892321110282110210111240391850/1.2.840.209364124882426946732332351977261219165.dcm, 21 ms elapsed.
  Properties: S3ObjectKey=Archived/20250812/1.2.840.133888132105150143162871541411731780159144/1.2.840.19216622352892321110282110210111240391850/1.2.840.209364124882426946732332351977261219165.dcm; Elapsed=21; RequestId=4000023f-0001-fe00-b63f-84710c7967bb; RequestPath=/api/NhiPatientImage/studies/1.2.840.133888132105150143162871541411731780159144/series/1.2.840.19216622352892321110282110210111240391850/instances/1.2.840.209364124882426946732332351977261219165; ActionId=aa92c01f-0771-4d00-b1d9-1444c5fbe45b; ActionName=NHI_AI_MedReportViewerWebApi.Controllers.NhiPatientImageController.GetImage (NHI-AI-MedReportViewerWebApi); StudyInstanceUid=1.2.840.133888132105150143162871541411731780159144; SeriesInstanceUid=1.2.840.19216622352892321110282110210111240391850; SopInstanceUid=1.2.840.209364124882426946732332351977261219165
  ======================================================================

2026-05-25 10:03:34.3157 [INFO] [AIRS.Core.Common.LogForgingTools] [TraceID: 00-698f8c4c20916e9728f440d5b4a192a7-824d9ce949c54245-00]
  Event: 0
  Request: GET https://lcr-tp.nhi.gov.tw/api/NhiPatientImage/studies/1.2.840.133888132105150143162871541411731780159144/series/1.2.840.19216622352892321110282110210111240391850/instances/1.2.840.209364124882426946732332351977261219165 
  Message: 1779674614315 GetImage() 由 S3 取得 stream，耗時 41 ms.
  Properties: RequestId=4000023f-0001-fe00-b63f-84710c7967bb; RequestPath=/api/NhiPatientImage/studies/1.2.840.133888132105150143162871541411731780159144/series/1.2.840.19216622352892321110282110210111240391850/instances/1.2.840.209364124882426946732332351977261219165; ActionId=aa92c01f-0771-4d00-b1d9-1444c5fbe45b; ActionName=NHI_AI_MedReportViewerWebApi.Controllers.NhiPatientImageController.GetImage (NHI-AI-MedReportViewerWebApi); StudyInstanceUid=1.2.840.133888132105150143162871541411731780159144; SeriesInstanceUid=1.2.840.19216622352892321110282110210111240391850; SopInstanceUid=1.2.840.209364124882426946732332351977261219165
  ======================================================================

2026-05-25 10:03:34.3157 [INFO] [NHI_AI_MedReportViewerWebApi.Services.NhiPatientImageService] [TraceID: 00-698f8c4c20916e9728f440d5b4a192a7-824d9ce949c54245-00]
  Event: 0
  Request: GET https://lcr-tp.nhi.gov.tw/api/NhiPatientImage/studies/1.2.840.133888132105150143162871541411731780159144/series/1.2.840.19216622352892321110282110210111240391850/instances/1.2.840.209364124882426946732332351977261219165 
  Message: 成功從 S3 取得影像: 1.2.840.209364124882426946732332351977261219165
  Properties: RequestId=4000023f-0001-fe00-b63f-84710c7967bb; RequestPath=/api/NhiPatientImage/studies/1.2.840.133888132105150143162871541411731780159144/series/1.2.840.19216622352892321110282110210111240391850/instances/1.2.840.209364124882426946732332351977261219165; ActionId=aa92c01f-0771-4d00-b1d9-1444c5fbe45b; ActionName=NHI_AI_MedReportViewerWebApi.Controllers.NhiPatientImageController.GetImage (NHI-AI-MedReportViewerWebApi); StudyInstanceUid=1.2.840.133888132105150143162871541411731780159144; SeriesInstanceUid=1.2.840.19216622352892321110282110210111240391850; SopInstanceUid=1.2.840.209364124882426946732332351977261219165
  ======================================================================

2026-05-25 10:03:35.3528 [INFO] [AIRS.Core.Helpers.ZfpOracleDbHelper] [TraceID: 00-64b56f71f1fde8de6ae8c3a6eb7a211f-85f5a410d83b9063-00]
  Event: 0
  Request: GET https://lcr-tp.nhi.gov.tw/api/NhiPatientImage/studies/1.2.840.133888132105150143162871541411731780159144/series/1.2.840.19216622352892321110282110210111240391850/instances/1.2.840.85132185219146356615518115322922120722913826 
  Message: GetImageKey(studyInstanceUid: 1.2.840.133888132105150143162871541411731780159144, seriesInstanceUid: 1.2.840.19216622352892321110282110210111240391850, sopInstanceUid: 1.2.840.85132185219146356615518115322922120722913826)
  Properties: StudyUid=1.2.840.133888132105150143162871541411731780159144; SeriesUid=1.2.840.19216622352892321110282110210111240391850; SopUid=1.2.840.85132185219146356615518115322922120722913826; RequestId=40000241-0001-fe00-b63f-84710c7967bb; RequestPath=/api/NhiPatientImage/studies/1.2.840.133888132105150143162871541411731780159144/series/1.2.840.19216622352892321110282110210111240391850/instances/1.2.840.85132185219146356615518115322922120722913826; ActionId=aa92c01f-0771-4d00-b1d9-1444c5fbe45b; ActionName=NHI_AI_MedReportViewerWebApi.Controllers.NhiPatientImageController.GetImage (NHI-AI-MedReportViewerWebApi); StudyInstanceUid=1.2.840.133888132105150143162871541411731780159144; SeriesInstanceUid=1.2.840.19216622352892321110282110210111240391850; SopInstanceUid=1.2.840.85132185219146356615518115322922120722913826
  ======================================================================

2026-05-25 10:03:35.3599 [INFO] [Polly] [TraceID: 00-64b56f71f1fde8de6ae8c3a6eb7a211f-85f5a410d83b9063-00]
  Event: 0
  Request: GET https://lcr-tp.nhi.gov.tw/api/NhiPatientImage/studies/1.2.840.133888132105150143162871541411731780159144/series/1.2.840.19216622352892321110282110210111240391850/instances/1.2.840.85132185219146356615518115322922120722913826 
  Message: Execution attempt. Source: 'OracleResiliencePipeline/(null)/Retry', Operation Key: '', Result: 'NHI_ZFP_Viewer.ImageSources.ImageInfo', Handled: 'False', Attempt: '0', Execution Time: '7.0354'
  Properties: PipelineName=OracleResiliencePipeline; PipelineInstance=(null); StrategyName=Retry; Result=NHI_ZFP_Viewer.ImageSources.ImageInfo; Handled=false; Attempt=0; ExecutionTimeMs=7.0354; EventId=3; EventName=ExecutionAttempt; RequestId=40000241-0001-fe00-b63f-84710c7967bb; RequestPath=/api/NhiPatientImage/studies/1.2.840.133888132105150143162871541411731780159144/series/1.2.840.19216622352892321110282110210111240391850/instances/1.2.840.85132185219146356615518115322922120722913826; ActionId=aa92c01f-0771-4d00-b1d9-1444c5fbe45b; ActionName=NHI_AI_MedReportViewerWebApi.Controllers.NhiPatientImageController.GetImage (NHI-AI-MedReportViewerWebApi); StudyInstanceUid=1.2.840.133888132105150143162871541411731780159144; SeriesInstanceUid=1.2.840.19216622352892321110282110210111240391850; SopInstanceUid=1.2.840.85132185219146356615518115322922120722913826
  ======================================================================

2026-05-25 10:03:35.3776 [INFO] [AIRS.Core.Helpers.ZfpOracleDbHelper] [TraceID: 00-64b56f71f1fde8de6ae8c3a6eb7a211f-85f5a410d83b9063-00]
  Event: 0
  Request: GET https://lcr-tp.nhi.gov.tw/api/NhiPatientImage/studies/1.2.840.133888132105150143162871541411731780159144/series/1.2.840.19216622352892321110282110210111240391850/instances/1.2.840.85132185219146356615518115322922120722913826 
  Message: GetImageKey = Archived/20250812/1.2.840.133888132105150143162871541411731780159144/1.2.840.19216622352892321110282110210111240391850/1.2.840.85132185219146356615518115322922120722913826.dcm, 20 ms elapsed.
  Properties: S3ObjectKey=Archived/20250812/1.2.840.133888132105150143162871541411731780159144/1.2.840.19216622352892321110282110210111240391850/1.2.840.85132185219146356615518115322922120722913826.dcm; Elapsed=20; RequestId=40000241-0001-fe00-b63f-84710c7967bb; RequestPath=/api/NhiPatientImage/studies/1.2.840.133888132105150143162871541411731780159144/series/1.2.840.19216622352892321110282110210111240391850/instances/1.2.840.85132185219146356615518115322922120722913826; ActionId=aa92c01f-0771-4d00-b1d9-1444c5fbe45b; ActionName=NHI_AI_MedReportViewerWebApi.Controllers.NhiPatientImageController.GetImage (NHI-AI-MedReportViewerWebApi); StudyInstanceUid=1.2.840.133888132105150143162871541411731780159144; SeriesInstanceUid=1.2.840.19216622352892321110282110210111240391850; SopInstanceUid=1.2.840.85132185219146356615518115322922120722913826
  ======================================================================

2026-05-25 10:03:35.4312 [INFO] [AIRS.Core.Common.LogForgingTools] [TraceID: 00-64b56f71f1fde8de6ae8c3a6eb7a211f-85f5a410d83b9063-00]
  Event: 0
  Request: GET https://lcr-tp.nhi.gov.tw/api/NhiPatientImage/studies/1.2.840.133888132105150143162871541411731780159144/series/1.2.840.19216622352892321110282110210111240391850/instances/1.2.840.85132185219146356615518115322922120722913826 
  Message: 1779674615431 GetImage() 由 S3 取得 stream，耗時 43 ms.
  Properties: RequestId=40000241-0001-fe00-b63f-84710c7967bb; RequestPath=/api/NhiPatientImage/studies/1.2.840.133888132105150143162871541411731780159144/series/1.2.840.19216622352892321110282110210111240391850/instances/1.2.840.85132185219146356615518115322922120722913826; ActionId=aa92c01f-0771-4d00-b1d9-1444c5fbe45b; ActionName=NHI_AI_MedReportViewerWebApi.Controllers.NhiPatientImageController.GetImage (NHI-AI-MedReportViewerWebApi); StudyInstanceUid=1.2.840.133888132105150143162871541411731780159144; SeriesInstanceUid=1.2.840.19216622352892321110282110210111240391850; SopInstanceUid=1.2.840.85132185219146356615518115322922120722913826
  ======================================================================

2026-05-25 10:03:35.4388 [INFO] [NHI_AI_MedReportViewerWebApi.Services.NhiPatientImageService] [TraceID: 00-64b56f71f1fde8de6ae8c3a6eb7a211f-85f5a410d83b9063-00]
  Event: 0
  Request: GET https://lcr-tp.nhi.gov.tw/api/NhiPatientImage/studies/1.2.840.133888132105150143162871541411731780159144/series/1.2.840.19216622352892321110282110210111240391850/instances/1.2.840.85132185219146356615518115322922120722913826 
  Message: 成功從 S3 取得影像: 1.2.840.85132185219146356615518115322922120722913826
  Properties: RequestId=40000241-0001-fe00-b63f-84710c7967bb; RequestPath=/api/NhiPatientImage/studies/1.2.840.133888132105150143162871541411731780159144/series/1.2.840.19216622352892321110282110210111240391850/instances/1.2.840.85132185219146356615518115322922120722913826; ActionId=aa92c01f-0771-4d00-b1d9-1444c5fbe45b; ActionName=NHI_AI_MedReportViewerWebApi.Controllers.NhiPatientImageController.GetImage (NHI-AI-MedReportViewerWebApi); StudyInstanceUid=1.2.840.133888132105150143162871541411731780159144; SeriesInstanceUid=1.2.840.19216622352892321110282110210111240391850; SopInstanceUid=1.2.840.85132185219146356615518115322922120722913826
  ======================================================================

2026-05-25 10:04:12.8108 [INFO] [NHI_AI_MedReportViewerWebApi.Services.NhiPatientImageService] [TraceID: 00-547f37e164f44b36a59a02ae817ed120-1aad7ec2df9642e1-00]
  Event: 0
  Request: GET https://lcr-tp.nhi.gov.tw/api/NhiPatientImage/studies/1.2.840.1405011311801131732011012121012200126134/series-uid 
  Message: 開始查詢 Series Instance UID: Study=1.2.840.1405011311801131732011012121012200126134, SeriesNumber=4
  Properties: RequestId=40000129-0003-fd00-b63f-84710c7967bb; RequestPath=/api/NhiPatientImage/studies/1.2.840.1405011311801131732011012121012200126134/series-uid; ActionId=4aeb1ff5-d75b-4ae7-bc60-1eb478a303f7; ActionName=NHI_AI_MedReportViewerWebApi.Controllers.NhiPatientImageController.GetSeriesInstanceUid (NHI-AI-MedReportViewerWebApi); StudyInstanceUid=1.2.840.1405011311801131732011012121012200126134; SeriesNumber=4
  ======================================================================

2026-05-25 10:04:12.8262 [INFO] [Polly] [TraceID: 00-547f37e164f44b36a59a02ae817ed120-1aad7ec2df9642e1-00]
  Event: 0
  Request: GET https://lcr-tp.nhi.gov.tw/api/NhiPatientImage/studies/1.2.840.1405011311801131732011012121012200126134/series-uid 
  Message: Execution attempt. Source: 'OracleResiliencePipeline/(null)/Retry', Operation Key: '', Result: '1.2.840.51111141244381216847820799116149155151129', Handled: 'False', Attempt: '0', Execution Time: '6.8484'
  Properties: PipelineName=OracleResiliencePipeline; PipelineInstance=(null); StrategyName=Retry; Result=1.2.840.51111141244381216847820799116149155151129; Handled=false; Attempt=0; ExecutionTimeMs=6.8484; EventId=3; EventName=ExecutionAttempt; RequestId=40000129-0003-fd00-b63f-84710c7967bb; RequestPath=/api/NhiPatientImage/studies/1.2.840.1405011311801131732011012121012200126134/series-uid; ActionId=4aeb1ff5-d75b-4ae7-bc60-1eb478a303f7; ActionName=NHI_AI_MedReportViewerWebApi.Controllers.NhiPatientImageController.GetSeriesInstanceUid (NHI-AI-MedReportViewerWebApi); StudyInstanceUid=1.2.840.1405011311801131732011012121012200126134; SeriesNumber=4
  ======================================================================

2026-05-25 10:04:12.8385 [INFO] [NHI_AI_MedReportViewerWebApi.Services.NhiPatientImageService] [TraceID: 00-547f37e164f44b36a59a02ae817ed120-1aad7ec2df9642e1-00]
  Event: 0
  Request: GET https://lcr-tp.nhi.gov.tw/api/NhiPatientImage/studies/1.2.840.1405011311801131732011012121012200126134/series-uid 
  Message: 找到 Series Number 4 對應的 Series Instance UID: 1.2.840.51111141244381216847820799116149155151129
  Properties: RequestId=40000129-0003-fd00-b63f-84710c7967bb; RequestPath=/api/NhiPatientImage/studies/1.2.840.1405011311801131732011012121012200126134/series-uid; ActionId=4aeb1ff5-d75b-4ae7-bc60-1eb478a303f7; ActionName=NHI_AI_MedReportViewerWebApi.Controllers.NhiPatientImageController.GetSeriesInstanceUid (NHI-AI-MedReportViewerWebApi); StudyInstanceUid=1.2.840.1405011311801131732011012121012200126134; SeriesNumber=4
  ======================================================================

2026-05-25 10:04:12.8385 [INFO] [NHI_AI_MedReportViewerWebApi.Services.NhiPatientImageService] [TraceID: 00-3685928c8adc94cb7b6e93888f8f1c1a-2adf28b7f081da8a-00]
  Event: 0
  Request: GET https://lcr-tp.nhi.gov.tw/api/NhiPatientImage/studies/1.2.840.1405011311801131732011012121012200126134/series-uid 
  Message: 開始查詢 Series Instance UID: Study=1.2.840.1405011311801131732011012121012200126134, SeriesNumber=4
  Properties: RequestId=4000012b-0003-fd00-b63f-84710c7967bb; RequestPath=/api/NhiPatientImage/studies/1.2.840.1405011311801131732011012121012200126134/series-uid; ActionId=4aeb1ff5-d75b-4ae7-bc60-1eb478a303f7; ActionName=NHI_AI_MedReportViewerWebApi.Controllers.NhiPatientImageController.GetSeriesInstanceUid (NHI-AI-MedReportViewerWebApi); StudyInstanceUid=1.2.840.1405011311801131732011012121012200126134; SeriesNumber=4
  ======================================================================

2026-05-25 10:04:12.8385 [INFO] [NHI_AI_MedReportViewerWebApi.Services.NhiPatientImageService] [TraceID: 00-d2a062a7fa5bff23b209ac37649d1872-e5efc586f3eae598-00]
  Event: 0
  Request: GET https://lcr-tp.nhi.gov.tw/api/NhiPatientImage/studies/1.2.840.192741192620116023140810067713017078213/series-uid 
  Message: 開始查詢 Series Instance UID: Study=1.2.840.192741192620116023140810067713017078213, SeriesNumber=5
  Properties: RequestId=400000cb-0003-fc00-b63f-84710c7967bb; RequestPath=/api/NhiPatientImage/studies/1.2.840.192741192620116023140810067713017078213/series-uid; ActionId=4aeb1ff5-d75b-4ae7-bc60-1eb478a303f7; ActionName=NHI_AI_MedReportViewerWebApi.Controllers.NhiPatientImageController.GetSeriesInstanceUid (NHI-AI-MedReportViewerWebApi); StudyInstanceUid=1.2.840.192741192620116023140810067713017078213; SeriesNumber=5
  ======================================================================

2026-05-25 10:04:12.8571 [INFO] [Polly] [TraceID: 00-3685928c8adc94cb7b6e93888f8f1c1a-2adf28b7f081da8a-00]
  Event: 0
  Request: GET https://lcr-tp.nhi.gov.tw/api/NhiPatientImage/studies/1.2.840.1405011311801131732011012121012200126134/series-uid 
  Message: Execution attempt. Source: 'OracleResiliencePipeline/(null)/Retry', Operation Key: '', Result: '1.2.840.51111141244381216847820799116149155151129', Handled: 'False', Attempt: '0', Execution Time: '4.4023'
  Properties: PipelineName=OracleResiliencePipeline; PipelineInstance=(null); StrategyName=Retry; Result=1.2.840.51111141244381216847820799116149155151129; Handled=false; Attempt=0; ExecutionTimeMs=4.4023; EventId=3; EventName=ExecutionAttempt; RequestId=4000012b-0003-fd00-b63f-84710c7967bb; RequestPath=/api/NhiPatientImage/studies/1.2.840.1405011311801131732011012121012200126134/series-uid; ActionId=4aeb1ff5-d75b-4ae7-bc60-1eb478a303f7; ActionName=NHI_AI_MedReportViewerWebApi.Controllers.NhiPatientImageController.GetSeriesInstanceUid (NHI-AI-MedReportViewerWebApi); StudyInstanceUid=1.2.840.1405011311801131732011012121012200126134; SeriesNumber=4
  ======================================================================

2026-05-25 10:04:12.8711 [INFO] [NHI_AI_MedReportViewerWebApi.Services.NhiPatientImageService] [TraceID: 00-3685928c8adc94cb7b6e93888f8f1c1a-2adf28b7f081da8a-00]
  Event: 0
  Request: GET https://lcr-tp.nhi.gov.tw/api/NhiPatientImage/studies/1.2.840.1405011311801131732011012121012200126134/series-uid 
  Message: 找到 Series Number 4 對應的 Series Instance UID: 1.2.840.51111141244381216847820799116149155151129
  Properties: RequestId=4000012b-0003-fd00-b63f-84710c7967bb; RequestPath=/api/NhiPatientImage/studies/1.2.840.1405011311801131732011012121012200126134/series-uid; ActionId=4aeb1ff5-d75b-4ae7-bc60-1eb478a303f7; ActionName=NHI_AI_MedReportViewerWebApi.Controllers.NhiPatientImageController.GetSeriesInstanceUid (NHI-AI-MedReportViewerWebApi); StudyInstanceUid=1.2.840.1405011311801131732011012121012200126134; SeriesNumber=4
  ======================================================================

2026-05-25 10:04:12.8711 [INFO] [Polly] [TraceID: 00-d2a062a7fa5bff23b209ac37649d1872-e5efc586f3eae598-00]
  Event: 0
  Request: GET https://lcr-tp.nhi.gov.tw/api/NhiPatientImage/studies/1.2.840.192741192620116023140810067713017078213/series-uid 
  Message: Execution attempt. Source: 'OracleResiliencePipeline/(null)/Retry', Operation Key: '', Result: '1.2.840.66120190272382141921581501684383220150117188', Handled: 'False', Attempt: '0', Execution Time: '13.2594'
  Properties: PipelineName=OracleResiliencePipeline; PipelineInstance=(null); StrategyName=Retry; Result=1.2.840.66120190272382141921581501684383220150117188; Handled=false; Attempt=0; ExecutionTimeMs=13.2594; EventId=3; EventName=ExecutionAttempt; RequestId=400000cb-0003-fc00-b63f-84710c7967bb; RequestPath=/api/NhiPatientImage/studies/1.2.840.192741192620116023140810067713017078213/series-uid; ActionId=4aeb1ff5-d75b-4ae7-bc60-1eb478a303f7; ActionName=NHI_AI_MedReportViewerWebApi.Controllers.NhiPatientImageController.GetSeriesInstanceUid (NHI-AI-MedReportViewerWebApi); StudyInstanceUid=1.2.840.192741192620116023140810067713017078213; SeriesNumber=5
  ======================================================================

2026-05-25 10:04:12.8711 [INFO] [NHI_AI_MedReportViewerWebApi.Services.NhiPatientImageService] [TraceID: 00-c2738cc75fe9325286b68f1b80c6f0e6-ff46cd87eaa1c430-00]
  Event: 0
  Request: GET https://lcr-tp.nhi.gov.tw/api/NhiPatientImage/studies/1.2.840.1405011311801131732011012121012200126134/series-uid 
  Message: 開始查詢 Series Instance UID: Study=1.2.840.1405011311801131732011012121012200126134, SeriesNumber=4
  Properties: RequestId=4000012d-0003-fd00-b63f-84710c7967bb; RequestPath=/api/NhiPatientImage/studies/1.2.840.1405011311801131732011012121012200126134/series-uid; ActionId=4aeb1ff5-d75b-4ae7-bc60-1eb478a303f7; ActionName=NHI_AI_MedReportViewerWebApi.Controllers.NhiPatientImageController.GetSeriesInstanceUid (NHI-AI-MedReportViewerWebApi); StudyInstanceUid=1.2.840.1405011311801131732011012121012200126134; SeriesNumber=4
  ======================================================================

2026-05-25 10:04:12.8711 [INFO] [NHI_AI_MedReportViewerWebApi.Services.NhiPatientImageService] [TraceID: 00-d2a062a7fa5bff23b209ac37649d1872-e5efc586f3eae598-00]
  Event: 0
  Request: GET https://lcr-tp.nhi.gov.tw/api/NhiPatientImage/studies/1.2.840.192741192620116023140810067713017078213/series-uid 
  Message: 找到 Series Number 5 對應的 Series Instance UID: 1.2.840.66120190272382141921581501684383220150117188
  Properties: RequestId=400000cb-0003-fc00-b63f-84710c7967bb; RequestPath=/api/NhiPatientImage/studies/1.2.840.192741192620116023140810067713017078213/series-uid; ActionId=4aeb1ff5-d75b-4ae7-bc60-1eb478a303f7; ActionName=NHI_AI_MedReportViewerWebApi.Controllers.NhiPatientImageController.GetSeriesInstanceUid (NHI-AI-MedReportViewerWebApi); StudyInstanceUid=1.2.840.192741192620116023140810067713017078213; SeriesNumber=5
  ======================================================================

2026-05-25 10:04:12.8900 [INFO] [NHI_AI_MedReportViewerWebApi.Services.NhiPatientImageService] [TraceID: 00-57c03b8a43b05442af71933771e3ec12-135b16ac3bcaf081-00]
  Event: 0
  Request: GET https://lcr-tp.nhi.gov.tw/api/NhiPatientImage/studies/1.2.840.1405011311801131732011012121012200126134/series/1.2.840.51111141244381216847820799116149155151129/sop-uid 
  Message: 開始查詢 SOP Instance UID: Study=1.2.840.1405011311801131732011012121012200126134, Series=1.2.840.51111141244381216847820799116149155151129, InstanceNumber=46
  Properties: RequestId=40000088-0004-fc00-b63f-84710c7967bb; RequestPath=/api/NhiPatientImage/studies/1.2.840.1405011311801131732011012121012200126134/series/1.2.840.51111141244381216847820799116149155151129/sop-uid; ActionId=23d89113-aaeb-43f2-8fff-fb67c2497075; ActionName=NHI_AI_MedReportViewerWebApi.Controllers.NhiPatientImageController.GetSopInstanceUid (NHI-AI-MedReportViewerWebApi); StudyInstanceUid=1.2.840.1405011311801131732011012121012200126134; SeriesInstanceUid=1.2.840.51111141244381216847820799116149155151129; InstanceNumber=46
  ======================================================================

2026-05-25 10:04:12.8900 [INFO] [Polly] [TraceID: 00-c2738cc75fe9325286b68f1b80c6f0e6-ff46cd87eaa1c430-00]
  Event: 0
  Request: GET https://lcr-tp.nhi.gov.tw/api/NhiPatientImage/studies/1.2.840.1405011311801131732011012121012200126134/series-uid 
  Message: Execution attempt. Source: 'OracleResiliencePipeline/(null)/Retry', Operation Key: '', Result: '1.2.840.51111141244381216847820799116149155151129', Handled: 'False', Attempt: '0', Execution Time: '4.3638'
  Properties: PipelineName=OracleResiliencePipeline; PipelineInstance=(null); StrategyName=Retry; Result=1.2.840.51111141244381216847820799116149155151129; Handled=false; Attempt=0; ExecutionTimeMs=4.3638; EventId=3; EventName=ExecutionAttempt; RequestId=4000012d-0003-fd00-b63f-84710c7967bb; RequestPath=/api/NhiPatientImage/studies/1.2.840.1405011311801131732011012121012200126134/series-uid; ActionId=4aeb1ff5-d75b-4ae7-bc60-1eb478a303f7; ActionName=NHI_AI_MedReportViewerWebApi.Controllers.NhiPatientImageController.GetSeriesInstanceUid (NHI-AI-MedReportViewerWebApi); StudyInstanceUid=1.2.840.1405011311801131732011012121012200126134; SeriesNumber=4
  ======================================================================

2026-05-25 10:04:12.9017 [INFO] [NHI_AI_MedReportViewerWebApi.Services.NhiPatientImageService] [TraceID: 00-c2738cc75fe9325286b68f1b80c6f0e6-ff46cd87eaa1c430-00]
  Event: 0
  Request: GET https://lcr-tp.nhi.gov.tw/api/NhiPatientImage/studies/1.2.840.1405011311801131732011012121012200126134/series-uid 
  Message: 找到 Series Number 4 對應的 Series Instance UID: 1.2.840.51111141244381216847820799116149155151129
  Properties: RequestId=4000012d-0003-fd00-b63f-84710c7967bb; RequestPath=/api/NhiPatientImage/studies/1.2.840.1405011311801131732011012121012200126134/series-uid; ActionId=4aeb1ff5-d75b-4ae7-bc60-1eb478a303f7; ActionName=NHI_AI_MedReportViewerWebApi.Controllers.NhiPatientImageController.GetSeriesInstanceUid (NHI-AI-MedReportViewerWebApi); StudyInstanceUid=1.2.840.1405011311801131732011012121012200126134; SeriesNumber=4
  ======================================================================

2026-05-25 10:04:12.9017 [INFO] [NHI_AI_MedReportViewerWebApi.Services.NhiRegistrationService] [TraceID: 00-216e86d31f38871e28a8b9e84a4da7a3-f774ea1ca2d040ff-00]
  Event: 0
  Request: GET https://lcr-tp.nhi.gov.tw/api/registration/get-target-instance 
  Message: 查詢目標 Instance Number。Patient: Z299999830-20251102-1211-00000000001, RefSeries: 1.2.840.51111141244381216847820799116149155151129, DstSeries: 1.2.840.66120190272382141921581501684383220150117188
  Properties: PatientId=Z299999830-20251102-1211-00000000001; RefSeriesUid=1.2.840.51111141244381216847820799116149155151129; DstSeriesUid=1.2.840.66120190272382141921581501684383220150117188; RequestId=4000011f-0006-f300-b63f-84710c7967bb; RequestPath=/api/registration/get-target-instance; ActionId=2e15296a-ac65-4145-8435-44b5f51489a1; ActionName=NHI_AI_MedReportViewerWebApi.Controllers.RegistrationController.GetTargetInstance (NHI-AI-MedReportViewerWebApi); patientObjId=Z299999830-20251102-1211-00000000001; refStudyObjId=Z299999830-STUDY-OBJID-2025110200020; refStudyUid=1.2.840.1405011311801131732011012121012200126134; refSeriesUid=1.2.840.51111141244381216847820799116149155151129; refInstanceNum=46; targetStudyObjId=Z299999830-STUDY-OBJID-2025110200017; targetStudyUid=1.2.840.192741192620116023140810067713017078213; targetSeriesUid=1.2.840.66120190272382141921581501684383220150117188
  ======================================================================

2026-05-25 10:04:12.9017 [INFO] [NHI_AI_MedReportViewerWebApi.Services.NhiPatientImageService] [TraceID: 00-84ef37106b3aeecfa5b343a281e8ed4a-f9c687991881fafa-00]
  Event: 0
  Request: GET https://lcr-tp.nhi.gov.tw/api/NhiPatientImage/studies/1.2.840.6610321904118510815420318233761831142014/series-uid 
  Message: 開始查詢 Series Instance UID: Study=1.2.840.6610321904118510815420318233761831142014, SeriesNumber=4
  Properties: RequestId=400001e4-0006-fc00-b63f-84710c7967bb; RequestPath=/api/NhiPatientImage/studies/1.2.840.6610321904118510815420318233761831142014/series-uid; ActionId=4aeb1ff5-d75b-4ae7-bc60-1eb478a303f7; ActionName=NHI_AI_MedReportViewerWebApi.Controllers.NhiPatientImageController.GetSeriesInstanceUid (NHI-AI-MedReportViewerWebApi); StudyInstanceUid=1.2.840.6610321904118510815420318233761831142014; SeriesNumber=4
  ======================================================================

2026-05-25 10:04:12.9219 [INFO] [Polly] [TraceID: 00-57c03b8a43b05442af71933771e3ec12-135b16ac3bcaf081-00]
  Event: 0
  Request: GET https://lcr-tp.nhi.gov.tw/api/NhiPatientImage/studies/1.2.840.1405011311801131732011012121012200126134/series/1.2.840.51111141244381216847820799116149155151129/sop-uid 
  Message: Execution attempt. Source: 'OracleResiliencePipeline/(null)/Retry', Operation Key: '', Result: '1.2.840.232761451702923525417733227971231052812514', Handled: 'False', Attempt: '0', Execution Time: '28.7391'
  Properties: PipelineName=OracleResiliencePipeline; PipelineInstance=(null); StrategyName=Retry; Result=1.2.840.232761451702923525417733227971231052812514; Handled=false; Attempt=0; ExecutionTimeMs=28.7391; EventId=3; EventName=ExecutionAttempt; RequestId=40000088-0004-fc00-b63f-84710c7967bb; RequestPath=/api/NhiPatientImage/studies/1.2.840.1405011311801131732011012121012200126134/series/1.2.840.51111141244381216847820799116149155151129/sop-uid; ActionId=23d89113-aaeb-43f2-8fff-fb67c2497075; ActionName=NHI_AI_MedReportViewerWebApi.Controllers.NhiPatientImageController.GetSopInstanceUid (NHI-AI-MedReportViewerWebApi); StudyInstanceUid=1.2.840.1405011311801131732011012121012200126134; SeriesInstanceUid=1.2.840.51111141244381216847820799116149155151129; InstanceNumber=46
  ======================================================================

2026-05-25 10:04:12.9219 [INFO] [Polly] [TraceID: 00-84ef37106b3aeecfa5b343a281e8ed4a-f9c687991881fafa-00]
  Event: 0
  Request: GET https://lcr-tp.nhi.gov.tw/api/NhiPatientImage/studies/1.2.840.6610321904118510815420318233761831142014/series-uid 
  Message: Execution attempt. Source: 'OracleResiliencePipeline/(null)/Retry', Operation Key: '', Result: '1.2.840.185393732156165237212158241127106677643111', Handled: 'False', Attempt: '0', Execution Time: '7.3981'
  Properties: PipelineName=OracleResiliencePipeline; PipelineInstance=(null); StrategyName=Retry; Result=1.2.840.185393732156165237212158241127106677643111; Handled=false; Attempt=0; ExecutionTimeMs=7.3981; EventId=3; EventName=ExecutionAttempt; RequestId=400001e4-0006-fc00-b63f-84710c7967bb; RequestPath=/api/NhiPatientImage/studies/1.2.840.6610321904118510815420318233761831142014/series-uid; ActionId=4aeb1ff5-d75b-4ae7-bc60-1eb478a303f7; ActionName=NHI_AI_MedReportViewerWebApi.Controllers.NhiPatientImageController.GetSeriesInstanceUid (NHI-AI-MedReportViewerWebApi); StudyInstanceUid=1.2.840.6610321904118510815420318233761831142014; SeriesNumber=4
  ======================================================================

2026-05-25 10:04:12.9346 [INFO] [NHI_AI_MedReportViewerWebApi.Services.NhiPatientImageService] [TraceID: 00-57c03b8a43b05442af71933771e3ec12-135b16ac3bcaf081-00]
  Event: 0
  Request: GET https://lcr-tp.nhi.gov.tw/api/NhiPatientImage/studies/1.2.840.1405011311801131732011012121012200126134/series/1.2.840.51111141244381216847820799116149155151129/sop-uid 
  Message: 找到 Instance Number 46 對應的 SOP Instance UID: 1.2.840.232761451702923525417733227971231052812514
  Properties: RequestId=40000088-0004-fc00-b63f-84710c7967bb; RequestPath=/api/NhiPatientImage/studies/1.2.840.1405011311801131732011012121012200126134/series/1.2.840.51111141244381216847820799116149155151129/sop-uid; ActionId=23d89113-aaeb-43f2-8fff-fb67c2497075; ActionName=NHI_AI_MedReportViewerWebApi.Controllers.NhiPatientImageController.GetSopInstanceUid (NHI-AI-MedReportViewerWebApi); StudyInstanceUid=1.2.840.1405011311801131732011012121012200126134; SeriesInstanceUid=1.2.840.51111141244381216847820799116149155151129; InstanceNumber=46
  ======================================================================

2026-05-25 10:04:12.9346 [INFO] [NHI_AI_MedReportViewerWebApi.Services.NhiPatientImageService] [TraceID: 00-84ef37106b3aeecfa5b343a281e8ed4a-f9c687991881fafa-00]
  Event: 0
  Request: GET https://lcr-tp.nhi.gov.tw/api/NhiPatientImage/studies/1.2.840.6610321904118510815420318233761831142014/series-uid 
  Message: 找到 Series Number 4 對應的 Series Instance UID: 1.2.840.185393732156165237212158241127106677643111
  Properties: RequestId=400001e4-0006-fc00-b63f-84710c7967bb; RequestPath=/api/NhiPatientImage/studies/1.2.840.6610321904118510815420318233761831142014/series-uid; ActionId=4aeb1ff5-d75b-4ae7-bc60-1eb478a303f7; ActionName=NHI_AI_MedReportViewerWebApi.Controllers.NhiPatientImageController.GetSeriesInstanceUid (NHI-AI-MedReportViewerWebApi); StudyInstanceUid=1.2.840.6610321904118510815420318233761831142014; SeriesNumber=4
  ======================================================================

2026-05-25 10:04:12.9579 [INFO] [AIRS.Core.Helpers.ZfpOracleDbHelper] [TraceID: 00-ac2ca722b555b8c7ed25c47e48ff823f-e2a565256ca3d133-00]
  Event: 0
  Request: GET https://lcr-tp.nhi.gov.tw/api/NhiPatientImage/studies/1.2.840.1405011311801131732011012121012200126134/series/1.2.840.51111141244381216847820799116149155151129/images 
  Message: GetSortedImagesBySeries(studyInstanceUid: 1.2.840.1405011311801131732011012121012200126134, seriesInstanceUid: 1.2.840.51111141244381216847820799116149155151129)
  Properties: StudyUid=1.2.840.1405011311801131732011012121012200126134; SeriesUid=1.2.840.51111141244381216847820799116149155151129; RequestId=4000008a-0004-fc00-b63f-84710c7967bb; RequestPath=/api/NhiPatientImage/studies/1.2.840.1405011311801131732011012121012200126134/series/1.2.840.51111141244381216847820799116149155151129/images; ActionId=fc3ec55e-5bff-4701-a39d-404147d85f55; ActionName=NHI_AI_MedReportViewerWebApi.Controllers.NhiPatientImageController.GetImagesInSeries (NHI-AI-MedReportViewerWebApi); StudyInstanceUid=1.2.840.1405011311801131732011012121012200126134; SeriesInstanceUid=1.2.840.51111141244381216847820799116149155151129
  ======================================================================

2026-05-25 10:04:12.9579 [INFO] [NHI_AI_MedReportViewerWebApi.Services.NhiRegistrationService] [TraceID: 00-437d9b09fbc13e035f027bcb098ae9d8-a1e0c900184e2b85-00]
  Event: 0
  Request: GET https://lcr-tp.nhi.gov.tw/api/registration/get-target-instance 
  Message: 查詢目標 Instance Number。Patient: Z299999830-20251102-1211-00000000001, RefSeries: 1.2.840.51111141244381216847820799116149155151129, DstSeries: 1.2.840.185393732156165237212158241127106677643111
  Properties: PatientId=Z299999830-20251102-1211-00000000001; RefSeriesUid=1.2.840.51111141244381216847820799116149155151129; DstSeriesUid=1.2.840.185393732156165237212158241127106677643111; RequestId=4000001e-0004-f300-b63f-84710c7967bb; RequestPath=/api/registration/get-target-instance; ActionId=2e15296a-ac65-4145-8435-44b5f51489a1; ActionName=NHI_AI_MedReportViewerWebApi.Controllers.RegistrationController.GetTargetInstance (NHI-AI-MedReportViewerWebApi); patientObjId=Z299999830-20251102-1211-00000000001; refStudyObjId=Z299999830-STUDY-OBJID-2025110200020; refStudyUid=1.2.840.1405011311801131732011012121012200126134; refSeriesUid=1.2.840.51111141244381216847820799116149155151129; refInstanceNum=46; targetStudyObjId=Z299999830-STUDY-OBJID-2025110200018; targetStudyUid=1.2.840.6610321904118510815420318233761831142014; targetSeriesUid=1.2.840.185393732156165237212158241127106677643111
  ======================================================================

2026-05-25 10:04:12.9655 [INFO] [Polly] [TraceID: 00-216e86d31f38871e28a8b9e84a4da7a3-f774ea1ca2d040ff-00]
  Event: 0
  Request: GET https://lcr-tp.nhi.gov.tw/api/registration/get-target-instance 
  Message: Execution attempt. Source: 'OracleResiliencePipeline/(null)/Retry', Operation Key: '', Result: '40', Handled: 'False', Attempt: '0', Execution Time: '53.3017'
  Properties: PipelineName=OracleResiliencePipeline; PipelineInstance=(null); StrategyName=Retry; Result=40; Handled=false; Attempt=0; ExecutionTimeMs=53.3017; EventId=3; EventName=ExecutionAttempt; RequestId=4000011f-0006-f300-b63f-84710c7967bb; RequestPath=/api/registration/get-target-instance; ActionId=2e15296a-ac65-4145-8435-44b5f51489a1; ActionName=NHI_AI_MedReportViewerWebApi.Controllers.RegistrationController.GetTargetInstance (NHI-AI-MedReportViewerWebApi); patientObjId=Z299999830-20251102-1211-00000000001; refStudyObjId=Z299999830-STUDY-OBJID-2025110200020; refStudyUid=1.2.840.1405011311801131732011012121012200126134; refSeriesUid=1.2.840.51111141244381216847820799116149155151129; refInstanceNum=46; targetStudyObjId=Z299999830-STUDY-OBJID-2025110200017; targetStudyUid=1.2.840.192741192620116023140810067713017078213; targetSeriesUid=1.2.840.66120190272382141921581501684383220150117188
  ======================================================================

2026-05-25 10:04:12.9655 [INFO] [Polly] [TraceID: 00-ac2ca722b555b8c7ed25c47e48ff823f-e2a565256ca3d133-00]
  Event: 0
  Request: GET https://lcr-tp.nhi.gov.tw/api/NhiPatientImage/studies/1.2.840.1405011311801131732011012121012200126134/series/1.2.840.51111141244381216847820799116149155151129/images 
  Message: Execution attempt. Source: 'OracleResiliencePipeline/(null)/Retry', Operation Key: '', Result: 'System.Collections.Generic.List`1[System.String]', Handled: 'False', Attempt: '0', Execution Time: '6.687'
  Properties: PipelineName=OracleResiliencePipeline; PipelineInstance=(null); StrategyName=Retry; Result="1.2.840.2061571949218919334175231551712412547510074", "1.2.840.4317422109666377202252183116461781761730", "1.2.840.101783112147232172831772838225446128176", "1.2.840.2303953785712521920117339160942687129213", "1.2.840.200021613616468224191622522053543348340", "1.2.840.198184179512391447017013322219849112219204231", "1.2.840.106141244162012018721413819312714323417954131", "1.2.840.1927661702395058248254106820725487246171", "1.2.840.163958132292354012310611219013328199252", "1.2.840.19181166251812515325562322029666164161189", "1.2.840.67801661932519123111014316925539237246255124", "1.2.840.20623142111132262332041011621081583711788228", "1.2.840.72162213133125028151971073166138144170", "1.2.840.2505092322019924820216752372744239124139", "1.2.840.39134455429773612210132992143042195251", "1.2.840.21968231175216249160111166180231191801394690", "1.2.840.11215642183941092733110821413222116251132", "1.2.840.15414346236251182292191652451982257182162240", "1.2.840.16314192051791352222351951007719355104160237", "1.2.840.32742142037423824461212641081602119623122", "1.2.840.20823743177130641801492461606449220614196", "1.2.840.1456024318615254146161233342715115025132", "1.2.840.138372231751691761532314619817225195120845", "1.2.840.202193111243208481988771172312455314113886", "1.2.840.204248191132167118174140124108220230208234184225", "1.2.840.244712061814917399272254525152771539", "1.2.840.2434934109152101581536511610012316913848107", "1.2.840.232451451860230217203158127747320321513839", "1.2.840.3219370233171571652261152261706625011114738", "1.2.840.152196199221672382241715263117220158388", "1.2.840.2495819220919723319215897253228238153019898", "1.2.840.136198245209951011039682301972141761725516", "1.2.840.24579199223184521533823815810478347056196", "1.2.840.121101162301451061431712490229533715686240", "1.2.840.7499111637790839129431708552728204", "1.2.840.17620941479171284898262227124811117329", "1.2.840.911228174233112962715321252163237261011", "1.2.840.10902301695619217323116820145200745190105", "1.2.840.4823620746212509172106421102176233223107", "1.2.840.13115091142231331436320116010018198622197", "1.2.840.177871712112351721355421792314382197212226", "1.2.840.17230180122942297223510210933215591832308", "1.2.840.902467845121291941056421200146896719275", "1.2.840.851241510497240195701611681021620155285", "1.2.840.8972124312838111351341958611122684255176", "1.2.840.232761451702923525417733227971231052812514", "1.2.840.674111832312223811583222123199315320066", "1.2.840.2511512441031312144124014619222025510920714614", "1.2.840.2551131162449872678459192842219625019257", "1.2.840.67175254104199150222151251272511884254117218", "1.2.840.1252092281241615101135610523317516913170253", "1.2.840.1222281738219121330205431421111515522717716", "1.2.840.1652322162171725272442391142284521137198125", "1.2.840.124193124958311740161715137118230504724", "1.2.840.75872211022024494166608611991711021429", "1.2.840.6070123121031771799610711835109123254237101", "1.2.840.13310157362485784271378410206716104216", "1.2.840.13139451895221920127245824121220524615146", "1.2.840.9911885882496730109140208244216105913585", "1.2.840.24219415516223032401334344741361648371198", "1.2.840.192235252151741171123812418935197661788042", "1.2.840.10219713612611281251331311241572223491939", "1.2.840.15019216525211672175610116221723420832112129", "1.2.840.8521715523175116512125187163310419240206", "1.2.840.5640155349615416612353138230222611314157", "1.2.840.11819119791138491152017516470321621296155", "1.2.840.158231741381201461887317691521132138112167", "1.2.840.12422323480115142120111766210773725125336", "1.2.840.98412375212423414778189212105722323718485", "1.2.840.14417621397288362217601035514713010511889", "1.2.840.2432091551373133420813517145121249172022", "1.2.840.230865117852421442062081399210917211075222", "1.2.840.1417134827712933152241501441131816537112"; Handled=false; Attempt=0; ExecutionTimeMs=6.687; EventId=3; EventName=ExecutionAttempt; RequestId=4000008a-0004-fc00-b63f-84710c7967bb; RequestPath=/api/NhiPatientImage/studies/1.2.840.1405011311801131732011012121012200126134/series/1.2.840.51111141244381216847820799116149155151129/images; ActionId=fc3ec55e-5bff-4701-a39d-404147d85f55; ActionName=NHI_AI_MedReportViewerWebApi.Controllers.NhiPatientImageController.GetImagesInSeries (NHI-AI-MedReportViewerWebApi); StudyInstanceUid=1.2.840.1405011311801131732011012121012200126134; SeriesInstanceUid=1.2.840.51111141244381216847820799116149155151129
  ======================================================================

2026-05-25 10:04:12.9655 [INFO] [Polly] [TraceID: 00-437d9b09fbc13e035f027bcb098ae9d8-a1e0c900184e2b85-00]
  Event: 0
  Request: GET https://lcr-tp.nhi.gov.tw/api/registration/get-target-instance 
  Message: Execution attempt. Source: 'OracleResiliencePipeline/(null)/Retry', Operation Key: '', Result: '41', Handled: 'False', Attempt: '0', Execution Time: '4.0376'
  Properties: PipelineName=OracleResiliencePipeline; PipelineInstance=(null); StrategyName=Retry; Result=41; Handled=false; Attempt=0; ExecutionTimeMs=4.0376; EventId=3; EventName=ExecutionAttempt; RequestId=4000001e-0004-f300-b63f-84710c7967bb; RequestPath=/api/registration/get-target-instance; ActionId=2e15296a-ac65-4145-8435-44b5f51489a1; ActionName=NHI_AI_MedReportViewerWebApi.Controllers.RegistrationController.GetTargetInstance (NHI-AI-MedReportViewerWebApi); patientObjId=Z299999830-20251102-1211-00000000001; refStudyObjId=Z299999830-STUDY-OBJID-2025110200020; refStudyUid=1.2.840.1405011311801131732011012121012200126134; refSeriesUid=1.2.840.51111141244381216847820799116149155151129; refInstanceNum=46; targetStudyObjId=Z299999830-STUDY-OBJID-2025110200018; targetStudyUid=1.2.840.6610321904118510815420318233761831142014; targetSeriesUid=1.2.840.185393732156165237212158241127106677643111
  ======================================================================

2026-05-25 10:04:12.9800 [INFO] [NHI_AI_MedReportViewerWebApi.Services.NhiRegistrationService] [TraceID: 00-216e86d31f38871e28a8b9e84a4da7a3-f774ea1ca2d040ff-00]
  Event: 0
  Request: GET https://lcr-tp.nhi.gov.tw/api/registration/get-target-instance 
  Message: 找到對應的目標 Instance Number: 40
  Properties: TargetInstanceNum=40; RequestId=4000011f-0006-f300-b63f-84710c7967bb; RequestPath=/api/registration/get-target-instance; ActionId=2e15296a-ac65-4145-8435-44b5f51489a1; ActionName=NHI_AI_MedReportViewerWebApi.Controllers.RegistrationController.GetTargetInstance (NHI-AI-MedReportViewerWebApi); patientObjId=Z299999830-20251102-1211-00000000001; refStudyObjId=Z299999830-STUDY-OBJID-2025110200020; refStudyUid=1.2.840.1405011311801131732011012121012200126134; refSeriesUid=1.2.840.51111141244381216847820799116149155151129; refInstanceNum=46; targetStudyObjId=Z299999830-STUDY-OBJID-2025110200017; targetStudyUid=1.2.840.192741192620116023140810067713017078213; targetSeriesUid=1.2.840.66120190272382141921581501684383220150117188
  ======================================================================

2026-05-25 10:04:12.9800 [INFO] [NHI_AI_MedReportViewerWebApi.Services.NhiPatientImageService] [TraceID: 00-ac2ca722b555b8c7ed25c47e48ff823f-e2a565256ca3d133-00]
  Event: 0
  Request: GET https://lcr-tp.nhi.gov.tw/api/NhiPatientImage/studies/1.2.840.1405011311801131732011012121012200126134/series/1.2.840.51111141244381216847820799116149155151129/images 
  Message: Series 1.2.840.51111141244381216847820799116149155151129 包含 73 個影像（已快取）
  Properties: SeriesInstanceUid=1.2.840.51111141244381216847820799116149155151129; Count=73; RequestId=4000008a-0004-fc00-b63f-84710c7967bb; RequestPath=/api/NhiPatientImage/studies/1.2.840.1405011311801131732011012121012200126134/series/1.2.840.51111141244381216847820799116149155151129/images; ActionId=fc3ec55e-5bff-4701-a39d-404147d85f55; ActionName=NHI_AI_MedReportViewerWebApi.Controllers.NhiPatientImageController.GetImagesInSeries (NHI-AI-MedReportViewerWebApi); StudyInstanceUid=1.2.840.1405011311801131732011012121012200126134; SeriesInstanceUid=1.2.840.51111141244381216847820799116149155151129
  ======================================================================

2026-05-25 10:04:12.9800 [INFO] [NHI_AI_MedReportViewerWebApi.Services.NhiRegistrationService] [TraceID: 00-437d9b09fbc13e035f027bcb098ae9d8-a1e0c900184e2b85-00]
  Event: 0
  Request: GET https://lcr-tp.nhi.gov.tw/api/registration/get-target-instance 
  Message: 找到對應的目標 Instance Number: 41
  Properties: TargetInstanceNum=41; RequestId=4000001e-0004-f300-b63f-84710c7967bb; RequestPath=/api/registration/get-target-instance; ActionId=2e15296a-ac65-4145-8435-44b5f51489a1; ActionName=NHI_AI_MedReportViewerWebApi.Controllers.RegistrationController.GetTargetInstance (NHI-AI-MedReportViewerWebApi); patientObjId=Z299999830-20251102-1211-00000000001; refStudyObjId=Z299999830-STUDY-OBJID-2025110200020; refStudyUid=1.2.840.1405011311801131732011012121012200126134; refSeriesUid=1.2.840.51111141244381216847820799116149155151129; refInstanceNum=46; targetStudyObjId=Z299999830-STUDY-OBJID-2025110200018; targetStudyUid=1.2.840.6610321904118510815420318233761831142014; targetSeriesUid=1.2.840.185393732156165237212158241127106677643111
  ======================================================================

2026-05-25 10:04:12.9800 [INFO] [NHI_AI_MedReportViewerWebApi.Services.NhiPatientImageService] [TraceID: 00-216e86d31f38871e28a8b9e84a4da7a3-f774ea1ca2d040ff-00]
  Event: 0
  Request: GET https://lcr-tp.nhi.gov.tw/api/registration/get-target-instance 
  Message: 開始查詢 SOP Instance UID: Study=1.2.840.192741192620116023140810067713017078213, Series=1.2.840.66120190272382141921581501684383220150117188, InstanceNumber=40
  Properties: RequestId=4000011f-0006-f300-b63f-84710c7967bb; RequestPath=/api/registration/get-target-instance; ActionId=2e15296a-ac65-4145-8435-44b5f51489a1; ActionName=NHI_AI_MedReportViewerWebApi.Controllers.RegistrationController.GetTargetInstance (NHI-AI-MedReportViewerWebApi); patientObjId=Z299999830-20251102-1211-00000000001; refStudyObjId=Z299999830-STUDY-OBJID-2025110200020; refStudyUid=1.2.840.1405011311801131732011012121012200126134; refSeriesUid=1.2.840.51111141244381216847820799116149155151129; refInstanceNum=46; targetStudyObjId=Z299999830-STUDY-OBJID-2025110200017; targetStudyUid=1.2.840.192741192620116023140810067713017078213; targetSeriesUid=1.2.840.66120190272382141921581501684383220150117188
  ======================================================================

2026-05-25 10:04:12.9962 [INFO] [NHI_AI_MedReportViewerWebApi.Services.NhiPatientImageService] [TraceID: 00-437d9b09fbc13e035f027bcb098ae9d8-a1e0c900184e2b85-00]
  Event: 0
  Request: GET https://lcr-tp.nhi.gov.tw/api/registration/get-target-instance 
  Message: 開始查詢 SOP Instance UID: Study=1.2.840.6610321904118510815420318233761831142014, Series=1.2.840.185393732156165237212158241127106677643111, InstanceNumber=41
  Properties: RequestId=4000001e-0004-f300-b63f-84710c7967bb; RequestPath=/api/registration/get-target-instance; ActionId=2e15296a-ac65-4145-8435-44b5f51489a1; ActionName=NHI_AI_MedReportViewerWebApi.Controllers.RegistrationController.GetTargetInstance (NHI-AI-MedReportViewerWebApi); patientObjId=Z299999830-20251102-1211-00000000001; refStudyObjId=Z299999830-STUDY-OBJID-2025110200020; refStudyUid=1.2.840.1405011311801131732011012121012200126134; refSeriesUid=1.2.840.51111141244381216847820799116149155151129; refInstanceNum=46; targetStudyObjId=Z299999830-STUDY-OBJID-2025110200018; targetStudyUid=1.2.840.6610321904118510815420318233761831142014; targetSeriesUid=1.2.840.185393732156165237212158241127106677643111
  ======================================================================

2026-05-25 10:04:12.9962 [INFO] [AIRS.Core.Helpers.ZfpOracleDbHelper] [TraceID: 00-5285b0d667b9e6dc1856d6451bba2ffe-8b137c2228a7c87b-00]
  Event: 0
  Request: GET https://lcr-tp.nhi.gov.tw/api/NhiPatientImage/studies/1.2.840.1405011311801131732011012121012200126134/series/1.2.840.51111141244381216847820799116149155151129/instances/1.2.840.232761451702923525417733227971231052812514 
  Message: GetImageKey(studyInstanceUid: 1.2.840.1405011311801131732011012121012200126134, seriesInstanceUid: 1.2.840.51111141244381216847820799116149155151129, sopInstanceUid: 1.2.840.232761451702923525417733227971231052812514)
  Properties: StudyUid=1.2.840.1405011311801131732011012121012200126134; SeriesUid=1.2.840.51111141244381216847820799116149155151129; SopUid=1.2.840.232761451702923525417733227971231052812514; RequestId=4000037f-0002-fb00-b63f-84710c7967bb; RequestPath=/api/NhiPatientImage/studies/1.2.840.1405011311801131732011012121012200126134/series/1.2.840.51111141244381216847820799116149155151129/instances/1.2.840.232761451702923525417733227971231052812514; ActionId=aa92c01f-0771-4d00-b1d9-1444c5fbe45b; ActionName=NHI_AI_MedReportViewerWebApi.Controllers.NhiPatientImageController.GetImage (NHI-AI-MedReportViewerWebApi); StudyInstanceUid=1.2.840.1405011311801131732011012121012200126134; SeriesInstanceUid=1.2.840.51111141244381216847820799116149155151129; SopInstanceUid=1.2.840.232761451702923525417733227971231052812514
  ======================================================================

2026-05-25 10:04:13.0124 [INFO] [Polly] [TraceID: 00-216e86d31f38871e28a8b9e84a4da7a3-f774ea1ca2d040ff-00]
  Event: 0
  Request: GET https://lcr-tp.nhi.gov.tw/api/registration/get-target-instance 
  Message: Execution attempt. Source: 'OracleResiliencePipeline/(null)/Retry', Operation Key: '', Result: '1.2.840.34390969398162072098617863132191224108', Handled: 'False', Attempt: '0', Execution Time: '11.5925'
  Properties: PipelineName=OracleResiliencePipeline; PipelineInstance=(null); StrategyName=Retry; Result=1.2.840.34390969398162072098617863132191224108; Handled=false; Attempt=0; ExecutionTimeMs=11.5925; EventId=3; EventName=ExecutionAttempt; RequestId=4000011f-0006-f300-b63f-84710c7967bb; RequestPath=/api/registration/get-target-instance; ActionId=2e15296a-ac65-4145-8435-44b5f51489a1; ActionName=NHI_AI_MedReportViewerWebApi.Controllers.RegistrationController.GetTargetInstance (NHI-AI-MedReportViewerWebApi); patientObjId=Z299999830-20251102-1211-00000000001; refStudyObjId=Z299999830-STUDY-OBJID-2025110200020; refStudyUid=1.2.840.1405011311801131732011012121012200126134; refSeriesUid=1.2.840.51111141244381216847820799116149155151129; refInstanceNum=46; targetStudyObjId=Z299999830-STUDY-OBJID-2025110200017; targetStudyUid=1.2.840.192741192620116023140810067713017078213; targetSeriesUid=1.2.840.66120190272382141921581501684383220150117188
  ======================================================================

2026-05-25 10:04:13.0124 [INFO] [Polly] [TraceID: 00-437d9b09fbc13e035f027bcb098ae9d8-a1e0c900184e2b85-00]
  Event: 0
  Request: GET https://lcr-tp.nhi.gov.tw/api/registration/get-target-instance 
  Message: Execution attempt. Source: 'OracleResiliencePipeline/(null)/Retry', Operation Key: '', Result: '1.2.840.14653247416410524878117871322191302189276', Handled: 'False', Attempt: '0', Execution Time: '8.6219'
  Properties: PipelineName=OracleResiliencePipeline; PipelineInstance=(null); StrategyName=Retry; Result=1.2.840.14653247416410524878117871322191302189276; Handled=false; Attempt=0; ExecutionTimeMs=8.6219; EventId=3; EventName=ExecutionAttempt; RequestId=4000001e-0004-f300-b63f-84710c7967bb; RequestPath=/api/registration/get-target-instance; ActionId=2e15296a-ac65-4145-8435-44b5f51489a1; ActionName=NHI_AI_MedReportViewerWebApi.Controllers.RegistrationController.GetTargetInstance (NHI-AI-MedReportViewerWebApi); patientObjId=Z299999830-20251102-1211-00000000001; refStudyObjId=Z299999830-STUDY-OBJID-2025110200020; refStudyUid=1.2.840.1405011311801131732011012121012200126134; refSeriesUid=1.2.840.51111141244381216847820799116149155151129; refInstanceNum=46; targetStudyObjId=Z299999830-STUDY-OBJID-2025110200018; targetStudyUid=1.2.840.6610321904118510815420318233761831142014; targetSeriesUid=1.2.840.185393732156165237212158241127106677643111
  ======================================================================

2026-05-25 10:04:13.0124 [INFO] [Polly] [TraceID: 00-5285b0d667b9e6dc1856d6451bba2ffe-8b137c2228a7c87b-00]
  Event: 0
  Request: GET https://lcr-tp.nhi.gov.tw/api/NhiPatientImage/studies/1.2.840.1405011311801131732011012121012200126134/series/1.2.840.51111141244381216847820799116149155151129/instances/1.2.840.232761451702923525417733227971231052812514 
  Message: Execution attempt. Source: 'OracleResiliencePipeline/(null)/Retry', Operation Key: '', Result: 'NHI_ZFP_Viewer.ImageSources.ImageInfo', Handled: 'False', Attempt: '0', Execution Time: '6.6046'
  Properties: PipelineName=OracleResiliencePipeline; PipelineInstance=(null); StrategyName=Retry; Result=NHI_ZFP_Viewer.ImageSources.ImageInfo; Handled=false; Attempt=0; ExecutionTimeMs=6.6046; EventId=3; EventName=ExecutionAttempt; RequestId=4000037f-0002-fb00-b63f-84710c7967bb; RequestPath=/api/NhiPatientImage/studies/1.2.840.1405011311801131732011012121012200126134/series/1.2.840.51111141244381216847820799116149155151129/instances/1.2.840.232761451702923525417733227971231052812514; ActionId=aa92c01f-0771-4d00-b1d9-1444c5fbe45b; ActionName=NHI_AI_MedReportViewerWebApi.Controllers.NhiPatientImageController.GetImage (NHI-AI-MedReportViewerWebApi); StudyInstanceUid=1.2.840.1405011311801131732011012121012200126134; SeriesInstanceUid=1.2.840.51111141244381216847820799116149155151129; SopInstanceUid=1.2.840.232761451702923525417733227971231052812514
  ======================================================================

2026-05-25 10:04:13.0124 [INFO] [NHI_AI_MedReportViewerWebApi.Services.NhiPatientImageService] [TraceID: 00-216e86d31f38871e28a8b9e84a4da7a3-f774ea1ca2d040ff-00]
  Event: 0
  Request: GET https://lcr-tp.nhi.gov.tw/api/registration/get-target-instance 
  Message: 找到 Instance Number 40 對應的 SOP Instance UID: 1.2.840.34390969398162072098617863132191224108
  Properties: RequestId=4000011f-0006-f300-b63f-84710c7967bb; RequestPath=/api/registration/get-target-instance; ActionId=2e15296a-ac65-4145-8435-44b5f51489a1; ActionName=NHI_AI_MedReportViewerWebApi.Controllers.RegistrationController.GetTargetInstance (NHI-AI-MedReportViewerWebApi); patientObjId=Z299999830-20251102-1211-00000000001; refStudyObjId=Z299999830-STUDY-OBJID-2025110200020; refStudyUid=1.2.840.1405011311801131732011012121012200126134; refSeriesUid=1.2.840.51111141244381216847820799116149155151129; refInstanceNum=46; targetStudyObjId=Z299999830-STUDY-OBJID-2025110200017; targetStudyUid=1.2.840.192741192620116023140810067713017078213; targetSeriesUid=1.2.840.66120190272382141921581501684383220150117188
  ======================================================================

2026-05-25 10:04:13.0124 [INFO] [NHI_AI_MedReportViewerWebApi.Services.NhiPatientImageService] [TraceID: 00-437d9b09fbc13e035f027bcb098ae9d8-a1e0c900184e2b85-00]
  Event: 0
  Request: GET https://lcr-tp.nhi.gov.tw/api/registration/get-target-instance 
  Message: 找到 Instance Number 41 對應的 SOP Instance UID: 1.2.840.14653247416410524878117871322191302189276
  Properties: RequestId=4000001e-0004-f300-b63f-84710c7967bb; RequestPath=/api/registration/get-target-instance; ActionId=2e15296a-ac65-4145-8435-44b5f51489a1; ActionName=NHI_AI_MedReportViewerWebApi.Controllers.RegistrationController.GetTargetInstance (NHI-AI-MedReportViewerWebApi); patientObjId=Z299999830-20251102-1211-00000000001; refStudyObjId=Z299999830-STUDY-OBJID-2025110200020; refStudyUid=1.2.840.1405011311801131732011012121012200126134; refSeriesUid=1.2.840.51111141244381216847820799116149155151129; refInstanceNum=46; targetStudyObjId=Z299999830-STUDY-OBJID-2025110200018; targetStudyUid=1.2.840.6610321904118510815420318233761831142014; targetSeriesUid=1.2.840.185393732156165237212158241127106677643111
  ======================================================================

2026-05-25 10:04:13.0279 [INFO] [AIRS.Core.Helpers.ZfpOracleDbHelper] [TraceID: 00-5285b0d667b9e6dc1856d6451bba2ffe-8b137c2228a7c87b-00]
  Event: 0
  Request: GET https://lcr-tp.nhi.gov.tw/api/NhiPatientImage/studies/1.2.840.1405011311801131732011012121012200126134/series/1.2.840.51111141244381216847820799116149155151129/instances/1.2.840.232761451702923525417733227971231052812514 
  Message: GetImageKey = Archived/20230210/1.2.840.1405011311801131732011012121012200126134/1.2.840.51111141244381216847820799116149155151129/1.2.840.232761451702923525417733227971231052812514.dcm, 23 ms elapsed.
  Properties: S3ObjectKey=Archived/20230210/1.2.840.1405011311801131732011012121012200126134/1.2.840.51111141244381216847820799116149155151129/1.2.840.232761451702923525417733227971231052812514.dcm; Elapsed=23; RequestId=4000037f-0002-fb00-b63f-84710c7967bb; RequestPath=/api/NhiPatientImage/studies/1.2.840.1405011311801131732011012121012200126134/series/1.2.840.51111141244381216847820799116149155151129/instances/1.2.840.232761451702923525417733227971231052812514; ActionId=aa92c01f-0771-4d00-b1d9-1444c5fbe45b; ActionName=NHI_AI_MedReportViewerWebApi.Controllers.NhiPatientImageController.GetImage (NHI-AI-MedReportViewerWebApi); StudyInstanceUid=1.2.840.1405011311801131732011012121012200126134; SeriesInstanceUid=1.2.840.51111141244381216847820799116149155151129; SopInstanceUid=1.2.840.232761451702923525417733227971231052812514
  ======================================================================

2026-05-25 10:04:13.0487 [INFO] [AIRS.Core.Helpers.ZfpOracleDbHelper] [TraceID: 00-c56149121b717de2c1a98bd9230a03be-8977a48064d5c7a7-00]
  Event: 0
  Request: GET https://lcr-tp.nhi.gov.tw/api/NhiPatientImage/studies/1.2.840.6610321904118510815420318233761831142014/series/1.2.840.185393732156165237212158241127106677643111/images 
  Message: GetSortedImagesBySeries(studyInstanceUid: 1.2.840.6610321904118510815420318233761831142014, seriesInstanceUid: 1.2.840.185393732156165237212158241127106677643111)
  Properties: StudyUid=1.2.840.6610321904118510815420318233761831142014; SeriesUid=1.2.840.185393732156165237212158241127106677643111; RequestId=4000008c-0004-fc00-b63f-84710c7967bb; RequestPath=/api/NhiPatientImage/studies/1.2.840.6610321904118510815420318233761831142014/series/1.2.840.185393732156165237212158241127106677643111/images; ActionId=fc3ec55e-5bff-4701-a39d-404147d85f55; ActionName=NHI_AI_MedReportViewerWebApi.Controllers.NhiPatientImageController.GetImagesInSeries (NHI-AI-MedReportViewerWebApi); StudyInstanceUid=1.2.840.6610321904118510815420318233761831142014; SeriesInstanceUid=1.2.840.185393732156165237212158241127106677643111
  ======================================================================

2026-05-25 10:04:13.0487 [INFO] [AIRS.Core.Helpers.ZfpOracleDbHelper] [TraceID: 00-8a2c7f2068f89e44f021abfa69774200-7a172875a6a8a114-00]
  Event: 0
  Request: GET https://lcr-tp.nhi.gov.tw/api/NhiPatientImage/studies/1.2.840.192741192620116023140810067713017078213/series/1.2.840.66120190272382141921581501684383220150117188/images 
  Message: GetSortedImagesBySeries(studyInstanceUid: 1.2.840.192741192620116023140810067713017078213, seriesInstanceUid: 1.2.840.66120190272382141921581501684383220150117188)
  Properties: StudyUid=1.2.840.192741192620116023140810067713017078213; SeriesUid=1.2.840.66120190272382141921581501684383220150117188; RequestId=40000020-0004-f300-b63f-84710c7967bb; RequestPath=/api/NhiPatientImage/studies/1.2.840.192741192620116023140810067713017078213/series/1.2.840.66120190272382141921581501684383220150117188/images; ActionId=fc3ec55e-5bff-4701-a39d-404147d85f55; ActionName=NHI_AI_MedReportViewerWebApi.Controllers.NhiPatientImageController.GetImagesInSeries (NHI-AI-MedReportViewerWebApi); StudyInstanceUid=1.2.840.192741192620116023140810067713017078213; SeriesInstanceUid=1.2.840.66120190272382141921581501684383220150117188
  ======================================================================

2026-05-25 10:04:13.0590 [INFO] [Polly] [TraceID: 00-c56149121b717de2c1a98bd9230a03be-8977a48064d5c7a7-00]
  Event: 0
  Request: GET https://lcr-tp.nhi.gov.tw/api/NhiPatientImage/studies/1.2.840.6610321904118510815420318233761831142014/series/1.2.840.185393732156165237212158241127106677643111/images 
  Message: Execution attempt. Source: 'OracleResiliencePipeline/(null)/Retry', Operation Key: '', Result: 'System.Collections.Generic.List`1[System.String]', Handled: 'False', Attempt: '0', Execution Time: '6.9104'
  Properties: PipelineName=OracleResiliencePipeline; PipelineInstance=(null); StrategyName=Retry; Result="1.2.840.1632043725513810816713916815619218925318642200", "1.2.840.12824610616196922242371316810622081166179208", "1.2.840.8022422321122157981788256192572041282127", "1.2.840.2206116663014716937301872401895018823180", "1.2.840.24916619524368135122165131699317812111917958", "1.2.840.2557418888171132781984218215321815314217182", "1.2.840.1331258610722313715914848612714736185549", "1.2.840.176471047618218319324976131437024062153104", "1.2.840.2317124914797591948217221525411981102165211", "1.2.840.2432291151001091116220170198462126124519525", "1.2.840.13718025284337916867205991721902221752241", "1.2.840.141249215811693831012211372055417317112244", "1.2.840.7915218421103666518885820798276365", "1.2.840.12725410512014414818147229781361351981777945", "1.2.840.2151951201541264014770521334200246010697", "1.2.840.2342512471292459209612524725355283636178", "1.2.840.831041441179212412617721019219315858194180208", "1.2.840.29362272496541751571417261332832127115", "1.2.840.17215012710320822013455119215223242532281928", "1.2.840.8619212522202191296414620244200137249129128", "1.2.840.134163985114017662298067944325423323819", "1.2.840.3571361221351368222140103211272069922136", "1.2.840.47125872001291166316812018168248167209165158", "1.2.840.12320412119924923521518413117631972551411634", "1.2.840.96851491431191261578792176216200206225228224", "1.2.840.24278111321442892202464721723399188110230", "1.2.840.138311622352399924018832227925171672155", "1.2.840.2341525274212127441751241052421352018064169", "1.2.840.3417124205586658229153205402522644", "1.2.840.2511664518631962291533152232211442233237", "1.2.840.1012237654199921541313414811823124615223932", "1.2.840.235799138187147710188228149187179103216181", "1.2.840.2321282215112972713121414711949702522269", "1.2.840.8272391622716640177791681201001961819384", "1.2.840.162627165206141194484216036163160720101", "1.2.840.3017021841391013223120134124379822867", "1.2.840.8912419623213524836117572263881132146369", "1.2.840.2473250841411613447189941919111216667", "1.2.840.17523612322514813713912018825414421121482100146", "1.2.840.14216522568252061463822719018817744176250131", "1.2.840.14653247416410524878117871322191302189276", "1.2.840.2002531052522011745273144209236211165872142", "1.2.840.12425122359121341039841902381911823369", "1.2.840.1471991676177142529816021331961202131867", "1.2.840.14219756175156242127251671842094184145231", "1.2.840.1051457738253118922381479013141215320088", "1.2.840.13464249170133801534318229831882081842132", "1.2.840.18017114530944338133176166141181209224204230", "1.2.840.120229167611227816611782181243130612610140", "1.2.840.12915454173234628251170732238340176", "1.2.840.16114204100105195122132316622368117225912", "1.2.840.23314315086582251594128239543835159146", "1.2.840.152823820312540165234111214651466916811045", "1.2.840.249214252228136200157176431459823419518110214", "1.2.840.1351281952382161411062171021335915170110121127", "1.2.840.206621859016799158162234223128767211718535", "1.2.840.17221910615454312413096196758432239173", "1.2.840.1327611416620254218238161981324347218179175", "1.2.840.18856124217612148553222244248235125110173", "1.2.840.12219751723612120653945124013313814577187", "1.2.840.73127216246105861702536425571448114798", "1.2.840.18422349179211129176253251461941395616619654", "1.2.840.9715347611361591012161925417522723297171135", "1.2.840.2472472575187192110128131166762005243217174", "1.2.840.133134104272481442408520715011311318169113205", "1.2.840.22653250141226615419522143801541336464215"; Handled=false; Attempt=0; ExecutionTimeMs=6.9104; EventId=3; EventName=ExecutionAttempt; RequestId=4000008c-0004-fc00-b63f-84710c7967bb; RequestPath=/api/NhiPatientImage/studies/1.2.840.6610321904118510815420318233761831142014/series/1.2.840.185393732156165237212158241127106677643111/images; ActionId=fc3ec55e-5bff-4701-a39d-404147d85f55; ActionName=NHI_AI_MedReportViewerWebApi.Controllers.NhiPatientImageController.GetImagesInSeries (NHI-AI-MedReportViewerWebApi); StudyInstanceUid=1.2.840.6610321904118510815420318233761831142014; SeriesInstanceUid=1.2.840.185393732156165237212158241127106677643111
  ======================================================================

2026-05-25 10:04:13.0590 [INFO] [Polly] [TraceID: 00-8a2c7f2068f89e44f021abfa69774200-7a172875a6a8a114-00]
  Event: 0
  Request: GET https://lcr-tp.nhi.gov.tw/api/NhiPatientImage/studies/1.2.840.192741192620116023140810067713017078213/series/1.2.840.66120190272382141921581501684383220150117188/images 
  Message: Execution attempt. Source: 'OracleResiliencePipeline/(null)/Retry', Operation Key: '', Result: 'System.Collections.Generic.List`1[System.String]', Handled: 'False', Attempt: '0', Execution Time: '8.7869'
  Properties: PipelineName=OracleResiliencePipeline; PipelineInstance=(null); StrategyName=Retry; Result="1.2.840.110205583209230712121312537619019124599114", "1.2.840.22591552031107612214825377134861722074493", "1.2.840.6143971611402207925358118198220206229242195", "1.2.840.110223742142081951361688938012545190206188", "1.2.840.189601911212374535701719342175103150191242", "1.2.840.231228204248172216205127226271913618922522790", "1.2.840.24931226183841545852102772186423154239", "1.2.840.2461371658615257141121448323116615329", "1.2.840.207511521714140121105168111142317264140197", "1.2.840.22621417424818024516245168461321309413479", "1.2.840.7039177191438017615108206971861172441696", "1.2.840.100251204472421932428918015323419693239252155", "1.2.840.90777319663220103411653679792423624", "1.2.840.77108024415414322824810316591199250113113206", "1.2.840.11422510042320510322365111181024628144128", "1.2.840.381794417910923412714243110117553465144", "1.2.840.20823920121712525410612514917212134197241156", "1.2.840.1251103724489193762417915610916076679", "1.2.840.11520924225385592520244190196212135136968", "1.2.840.7316117829180241273622221515655354153195", "1.2.840.24324321581151559615724330642044177181162", "1.2.840.29135104178781312167418220111210498253237106", "1.2.840.2371597364157561222102244100227571836061", "1.2.840.176441061251702361926013412716812310216259239", "1.2.840.1611072277015198749157818220355179177138", "1.2.840.91572051001271747905924487166100353696", "1.2.840.1672527619417430102144758924621911017138209", "1.2.840.24621754170137591422534038301669716380230", "1.2.840.18346240478714116479235692221728899174100", "1.2.840.7211222315410062519929842352016721177199", "1.2.840.13512922323294117149250101471561371729557", "1.2.840.208461427238119923222817714417117420021926", "1.2.840.24332606245288192212114307910641109195", "1.2.840.157720169245419962021966899674498104", "1.2.840.492032341751205220225021524723910211413639112", "1.2.840.21242169236342118829222136152111111112167197", "1.2.840.2201492269421122174169195401343210819310784", "1.2.840.21915255170254172179183532422003152208130120", "1.2.840.14472215596621194180822262371208212180217", "1.2.840.34390969398162072098617863132191224108", "1.2.840.16612418713713025115120122814881235917417527", "1.2.840.589012233195924412521594146104148293843", "1.2.840.561481681911956885923419012710797119127124", "1.2.840.114114421787888624018983831429917372112", "1.2.840.4315656223201671024813433319156320669", "1.2.840.1302522281281431532152037316686241193186112216", "1.2.840.20394401162441902512235435181210729169239", "1.2.840.1682859674158232153201971422016625182169", "1.2.840.510420612210011023570210235211157163878130", "1.2.840.129431542205022137967813311510312120414486", "1.2.840.1691252332231461163701691716824160226189105", "1.2.840.185548819492233220214889719178172223112109", "1.2.840.17621620415848242137196851851602922122195120", "1.2.840.19518522588134128281029624552248160741645", "1.2.840.90216187185107183361142211182401112421439133", "1.2.840.19116414173149222212214137104227206731192179", "1.2.840.20214023355166121113701260229181237812073", "1.2.840.461161714330222812511258101793018937130", "1.2.840.886319016618914113181185269768948208225", "1.2.840.22516191713512939950253709363157995", "1.2.840.101201132343213519350177756021015016312394", "1.2.840.2392411615815413220710513586231228926615184", "1.2.840.4319120080171366140199248130820949154197"; Handled=false; Attempt=0; ExecutionTimeMs=8.7869; EventId=3; EventName=ExecutionAttempt; RequestId=40000020-0004-f300-b63f-84710c7967bb; RequestPath=/api/NhiPatientImage/studies/1.2.840.192741192620116023140810067713017078213/series/1.2.840.66120190272382141921581501684383220150117188/images; ActionId=fc3ec55e-5bff-4701-a39d-404147d85f55; ActionName=NHI_AI_MedReportViewerWebApi.Controllers.NhiPatientImageController.GetImagesInSeries (NHI-AI-MedReportViewerWebApi); StudyInstanceUid=1.2.840.192741192620116023140810067713017078213; SeriesInstanceUid=1.2.840.66120190272382141921581501684383220150117188
  ======================================================================

2026-05-25 10:04:13.0737 [INFO] [AIRS.Core.Common.LogForgingTools] [TraceID: 00-5285b0d667b9e6dc1856d6451bba2ffe-8b137c2228a7c87b-00]
  Event: 0
  Request: GET https://lcr-tp.nhi.gov.tw/api/NhiPatientImage/studies/1.2.840.1405011311801131732011012121012200126134/series/1.2.840.51111141244381216847820799116149155151129/instances/1.2.840.232761451702923525417733227971231052812514 
  Message: 1779674653074 GetImage() 由 S3 取得 stream，耗時 37 ms.
  Properties: RequestId=4000037f-0002-fb00-b63f-84710c7967bb; RequestPath=/api/NhiPatientImage/studies/1.2.840.1405011311801131732011012121012200126134/series/1.2.840.51111141244381216847820799116149155151129/instances/1.2.840.232761451702923525417733227971231052812514; ActionId=aa92c01f-0771-4d00-b1d9-1444c5fbe45b; ActionName=NHI_AI_MedReportViewerWebApi.Controllers.NhiPatientImageController.GetImage (NHI-AI-MedReportViewerWebApi); StudyInstanceUid=1.2.840.1405011311801131732011012121012200126134; SeriesInstanceUid=1.2.840.51111141244381216847820799116149155151129; SopInstanceUid=1.2.840.232761451702923525417733227971231052812514
  ======================================================================

2026-05-25 10:04:13.0737 [INFO] [NHI_AI_MedReportViewerWebApi.Services.NhiPatientImageService] [TraceID: 00-c56149121b717de2c1a98bd9230a03be-8977a48064d5c7a7-00]
  Event: 0
  Request: GET https://lcr-tp.nhi.gov.tw/api/NhiPatientImage/studies/1.2.840.6610321904118510815420318233761831142014/series/1.2.840.185393732156165237212158241127106677643111/images 
  Message: Series 1.2.840.185393732156165237212158241127106677643111 包含 66 個影像（已快取）
  Properties: SeriesInstanceUid=1.2.840.185393732156165237212158241127106677643111; Count=66; RequestId=4000008c-0004-fc00-b63f-84710c7967bb; RequestPath=/api/NhiPatientImage/studies/1.2.840.6610321904118510815420318233761831142014/series/1.2.840.185393732156165237212158241127106677643111/images; ActionId=fc3ec55e-5bff-4701-a39d-404147d85f55; ActionName=NHI_AI_MedReportViewerWebApi.Controllers.NhiPatientImageController.GetImagesInSeries (NHI-AI-MedReportViewerWebApi); StudyInstanceUid=1.2.840.6610321904118510815420318233761831142014; SeriesInstanceUid=1.2.840.185393732156165237212158241127106677643111
  ======================================================================

2026-05-25 10:04:13.0737 [INFO] [NHI_AI_MedReportViewerWebApi.Services.NhiPatientImageService] [TraceID: 00-8a2c7f2068f89e44f021abfa69774200-7a172875a6a8a114-00]
  Event: 0
  Request: GET https://lcr-tp.nhi.gov.tw/api/NhiPatientImage/studies/1.2.840.192741192620116023140810067713017078213/series/1.2.840.66120190272382141921581501684383220150117188/images 
  Message: Series 1.2.840.66120190272382141921581501684383220150117188 包含 63 個影像（已快取）
  Properties: SeriesInstanceUid=1.2.840.66120190272382141921581501684383220150117188; Count=63; RequestId=40000020-0004-f300-b63f-84710c7967bb; RequestPath=/api/NhiPatientImage/studies/1.2.840.192741192620116023140810067713017078213/series/1.2.840.66120190272382141921581501684383220150117188/images; ActionId=fc3ec55e-5bff-4701-a39d-404147d85f55; ActionName=NHI_AI_MedReportViewerWebApi.Controllers.NhiPatientImageController.GetImagesInSeries (NHI-AI-MedReportViewerWebApi); StudyInstanceUid=1.2.840.192741192620116023140810067713017078213; SeriesInstanceUid=1.2.840.66120190272382141921581501684383220150117188
  ======================================================================

2026-05-25 10:04:13.0737 [INFO] [NHI_AI_MedReportViewerWebApi.Services.NhiPatientImageService] [TraceID: 00-5285b0d667b9e6dc1856d6451bba2ffe-8b137c2228a7c87b-00]
  Event: 0
  Request: GET https://lcr-tp.nhi.gov.tw/api/NhiPatientImage/studies/1.2.840.1405011311801131732011012121012200126134/series/1.2.840.51111141244381216847820799116149155151129/instances/1.2.840.232761451702923525417733227971231052812514 
  Message: 成功從 S3 取得影像: 1.2.840.232761451702923525417733227971231052812514
  Properties: RequestId=4000037f-0002-fb00-b63f-84710c7967bb; RequestPath=/api/NhiPatientImage/studies/1.2.840.1405011311801131732011012121012200126134/series/1.2.840.51111141244381216847820799116149155151129/instances/1.2.840.232761451702923525417733227971231052812514; ActionId=aa92c01f-0771-4d00-b1d9-1444c5fbe45b; ActionName=NHI_AI_MedReportViewerWebApi.Controllers.NhiPatientImageController.GetImage (NHI-AI-MedReportViewerWebApi); StudyInstanceUid=1.2.840.1405011311801131732011012121012200126134; SeriesInstanceUid=1.2.840.51111141244381216847820799116149155151129; SopInstanceUid=1.2.840.232761451702923525417733227971231052812514
  ======================================================================

2026-05-25 10:04:13.0906 [INFO] [AIRS.Core.Helpers.ZfpOracleDbHelper] [TraceID: 00-b0890bec913a126a53c697217ead65c6-3695482dbe729029-00]
  Event: 0
  Request: GET https://lcr-tp.nhi.gov.tw/api/NhiPatientImage/studies/1.2.840.6610321904118510815420318233761831142014/series/1.2.840.185393732156165237212158241127106677643111/instances/1.2.840.14653247416410524878117871322191302189276 
  Message: GetImageKey(studyInstanceUid: 1.2.840.6610321904118510815420318233761831142014, seriesInstanceUid: 1.2.840.185393732156165237212158241127106677643111, sopInstanceUid: 1.2.840.14653247416410524878117871322191302189276)
  Properties: StudyUid=1.2.840.6610321904118510815420318233761831142014; SeriesUid=1.2.840.185393732156165237212158241127106677643111; SopUid=1.2.840.14653247416410524878117871322191302189276; RequestId=40000022-0004-f300-b63f-84710c7967bb; RequestPath=/api/NhiPatientImage/studies/1.2.840.6610321904118510815420318233761831142014/series/1.2.840.185393732156165237212158241127106677643111/instances/1.2.840.14653247416410524878117871322191302189276; ActionId=aa92c01f-0771-4d00-b1d9-1444c5fbe45b; ActionName=NHI_AI_MedReportViewerWebApi.Controllers.NhiPatientImageController.GetImage (NHI-AI-MedReportViewerWebApi); StudyInstanceUid=1.2.840.6610321904118510815420318233761831142014; SeriesInstanceUid=1.2.840.185393732156165237212158241127106677643111; SopInstanceUid=1.2.840.14653247416410524878117871322191302189276
  ======================================================================

2026-05-25 10:04:13.0906 [INFO] [Polly] [TraceID: 00-b0890bec913a126a53c697217ead65c6-3695482dbe729029-00]
  Event: 0
  Request: GET https://lcr-tp.nhi.gov.tw/api/NhiPatientImage/studies/1.2.840.6610321904118510815420318233761831142014/series/1.2.840.185393732156165237212158241127106677643111/instances/1.2.840.14653247416410524878117871322191302189276 
  Message: Execution attempt. Source: 'OracleResiliencePipeline/(null)/Retry', Operation Key: '', Result: 'NHI_ZFP_Viewer.ImageSources.ImageInfo', Handled: 'False', Attempt: '0', Execution Time: '5.6187'
  Properties: PipelineName=OracleResiliencePipeline; PipelineInstance=(null); StrategyName=Retry; Result=NHI_ZFP_Viewer.ImageSources.ImageInfo; Handled=false; Attempt=0; ExecutionTimeMs=5.6187; EventId=3; EventName=ExecutionAttempt; RequestId=40000022-0004-f300-b63f-84710c7967bb; RequestPath=/api/NhiPatientImage/studies/1.2.840.6610321904118510815420318233761831142014/series/1.2.840.185393732156165237212158241127106677643111/instances/1.2.840.14653247416410524878117871322191302189276; ActionId=aa92c01f-0771-4d00-b1d9-1444c5fbe45b; ActionName=NHI_AI_MedReportViewerWebApi.Controllers.NhiPatientImageController.GetImage (NHI-AI-MedReportViewerWebApi); StudyInstanceUid=1.2.840.6610321904118510815420318233761831142014; SeriesInstanceUid=1.2.840.185393732156165237212158241127106677643111; SopInstanceUid=1.2.840.14653247416410524878117871322191302189276
  ======================================================================

2026-05-25 10:04:13.1067 [INFO] [AIRS.Core.Helpers.ZfpOracleDbHelper] [TraceID: 00-ca5523b429fac7ff81b0cf8db8863ba6-ef5f64767a867164-00]
  Event: 0
  Request: GET https://lcr-tp.nhi.gov.tw/api/NhiPatientImage/studies/1.2.840.192741192620116023140810067713017078213/series/1.2.840.66120190272382141921581501684383220150117188/instances/1.2.840.34390969398162072098617863132191224108 
  Message: GetImageKey(studyInstanceUid: 1.2.840.192741192620116023140810067713017078213, seriesInstanceUid: 1.2.840.66120190272382141921581501684383220150117188, sopInstanceUid: 1.2.840.34390969398162072098617863132191224108)
  Properties: StudyUid=1.2.840.192741192620116023140810067713017078213; SeriesUid=1.2.840.66120190272382141921581501684383220150117188; SopUid=1.2.840.34390969398162072098617863132191224108; RequestId=4000008e-0004-fc00-b63f-84710c7967bb; RequestPath=/api/NhiPatientImage/studies/1.2.840.192741192620116023140810067713017078213/series/1.2.840.66120190272382141921581501684383220150117188/instances/1.2.840.34390969398162072098617863132191224108; ActionId=aa92c01f-0771-4d00-b1d9-1444c5fbe45b; ActionName=NHI_AI_MedReportViewerWebApi.Controllers.NhiPatientImageController.GetImage (NHI-AI-MedReportViewerWebApi); StudyInstanceUid=1.2.840.192741192620116023140810067713017078213; SeriesInstanceUid=1.2.840.66120190272382141921581501684383220150117188; SopInstanceUid=1.2.840.34390969398162072098617863132191224108
  ======================================================================

2026-05-25 10:04:13.1067 [INFO] [AIRS.Core.Helpers.ZfpOracleDbHelper] [TraceID: 00-b0890bec913a126a53c697217ead65c6-3695482dbe729029-00]
  Event: 0
  Request: GET https://lcr-tp.nhi.gov.tw/api/NhiPatientImage/studies/1.2.840.6610321904118510815420318233761831142014/series/1.2.840.185393732156165237212158241127106677643111/instances/1.2.840.14653247416410524878117871322191302189276 
  Message: GetImageKey = Archived/20230510/1.2.840.6610321904118510815420318233761831142014/1.2.840.185393732156165237212158241127106677643111/1.2.840.14653247416410524878117871322191302189276.dcm, 17 ms elapsed.
  Properties: S3ObjectKey=Archived/20230510/1.2.840.6610321904118510815420318233761831142014/1.2.840.185393732156165237212158241127106677643111/1.2.840.14653247416410524878117871322191302189276.dcm; Elapsed=17; RequestId=40000022-0004-f300-b63f-84710c7967bb; RequestPath=/api/NhiPatientImage/studies/1.2.840.6610321904118510815420318233761831142014/series/1.2.840.185393732156165237212158241127106677643111/instances/1.2.840.14653247416410524878117871322191302189276; ActionId=aa92c01f-0771-4d00-b1d9-1444c5fbe45b; ActionName=NHI_AI_MedReportViewerWebApi.Controllers.NhiPatientImageController.GetImage (NHI-AI-MedReportViewerWebApi); StudyInstanceUid=1.2.840.6610321904118510815420318233761831142014; SeriesInstanceUid=1.2.840.185393732156165237212158241127106677643111; SopInstanceUid=1.2.840.14653247416410524878117871322191302189276
  ======================================================================

2026-05-25 10:04:13.1218 [INFO] [Polly] [TraceID: 00-ca5523b429fac7ff81b0cf8db8863ba6-ef5f64767a867164-00]
  Event: 0
  Request: GET https://lcr-tp.nhi.gov.tw/api/NhiPatientImage/studies/1.2.840.192741192620116023140810067713017078213/series/1.2.840.66120190272382141921581501684383220150117188/instances/1.2.840.34390969398162072098617863132191224108 
  Message: Execution attempt. Source: 'OracleResiliencePipeline/(null)/Retry', Operation Key: '', Result: 'NHI_ZFP_Viewer.ImageSources.ImageInfo', Handled: 'False', Attempt: '0', Execution Time: '4.9085'
  Properties: PipelineName=OracleResiliencePipeline; PipelineInstance=(null); StrategyName=Retry; Result=NHI_ZFP_Viewer.ImageSources.ImageInfo; Handled=false; Attempt=0; ExecutionTimeMs=4.9085; EventId=3; EventName=ExecutionAttempt; RequestId=4000008e-0004-fc00-b63f-84710c7967bb; RequestPath=/api/NhiPatientImage/studies/1.2.840.192741192620116023140810067713017078213/series/1.2.840.66120190272382141921581501684383220150117188/instances/1.2.840.34390969398162072098617863132191224108; ActionId=aa92c01f-0771-4d00-b1d9-1444c5fbe45b; ActionName=NHI_AI_MedReportViewerWebApi.Controllers.NhiPatientImageController.GetImage (NHI-AI-MedReportViewerWebApi); StudyInstanceUid=1.2.840.192741192620116023140810067713017078213; SeriesInstanceUid=1.2.840.66120190272382141921581501684383220150117188; SopInstanceUid=1.2.840.34390969398162072098617863132191224108
  ======================================================================

2026-05-25 10:04:13.1218 [INFO] [AIRS.Core.Helpers.ZfpOracleDbHelper] [TraceID: 00-ca5523b429fac7ff81b0cf8db8863ba6-ef5f64767a867164-00]
  Event: 0
  Request: GET https://lcr-tp.nhi.gov.tw/api/NhiPatientImage/studies/1.2.840.192741192620116023140810067713017078213/series/1.2.840.66120190272382141921581501684383220150117188/instances/1.2.840.34390969398162072098617863132191224108 
  Message: GetImageKey = Archived/20221110/1.2.840.192741192620116023140810067713017078213/1.2.840.66120190272382141921581501684383220150117188/1.2.840.34390969398162072098617863132191224108.dcm, 16 ms elapsed.
  Properties: S3ObjectKey=Archived/20221110/1.2.840.192741192620116023140810067713017078213/1.2.840.66120190272382141921581501684383220150117188/1.2.840.34390969398162072098617863132191224108.dcm; Elapsed=16; RequestId=4000008e-0004-fc00-b63f-84710c7967bb; RequestPath=/api/NhiPatientImage/studies/1.2.840.192741192620116023140810067713017078213/series/1.2.840.66120190272382141921581501684383220150117188/instances/1.2.840.34390969398162072098617863132191224108; ActionId=aa92c01f-0771-4d00-b1d9-1444c5fbe45b; ActionName=NHI_AI_MedReportViewerWebApi.Controllers.NhiPatientImageController.GetImage (NHI-AI-MedReportViewerWebApi); StudyInstanceUid=1.2.840.192741192620116023140810067713017078213; SeriesInstanceUid=1.2.840.66120190272382141921581501684383220150117188; SopInstanceUid=1.2.840.34390969398162072098617863132191224108
  ======================================================================

2026-05-25 10:04:13.1715 [INFO] [AIRS.Core.Common.LogForgingTools] [TraceID: 00-b0890bec913a126a53c697217ead65c6-3695482dbe729029-00]
  Event: 0
  Request: GET https://lcr-tp.nhi.gov.tw/api/NhiPatientImage/studies/1.2.840.6610321904118510815420318233761831142014/series/1.2.840.185393732156165237212158241127106677643111/instances/1.2.840.14653247416410524878117871322191302189276 
  Message: 1779674653171 GetImage() 由 S3 取得 stream，耗時 49 ms.
  Properties: RequestId=40000022-0004-f300-b63f-84710c7967bb; RequestPath=/api/NhiPatientImage/studies/1.2.840.6610321904118510815420318233761831142014/series/1.2.840.185393732156165237212158241127106677643111/instances/1.2.840.14653247416410524878117871322191302189276; ActionId=aa92c01f-0771-4d00-b1d9-1444c5fbe45b; ActionName=NHI_AI_MedReportViewerWebApi.Controllers.NhiPatientImageController.GetImage (NHI-AI-MedReportViewerWebApi); StudyInstanceUid=1.2.840.6610321904118510815420318233761831142014; SeriesInstanceUid=1.2.840.185393732156165237212158241127106677643111; SopInstanceUid=1.2.840.14653247416410524878117871322191302189276
  ======================================================================

2026-05-25 10:04:13.1715 [INFO] [AIRS.Core.Common.LogForgingTools] [TraceID: 00-ca5523b429fac7ff81b0cf8db8863ba6-ef5f64767a867164-00]
  Event: 0
  Request: GET https://lcr-tp.nhi.gov.tw/api/NhiPatientImage/studies/1.2.840.192741192620116023140810067713017078213/series/1.2.840.66120190272382141921581501684383220150117188/instances/1.2.840.34390969398162072098617863132191224108 
  Message: 1779674653179 GetImage() 由 S3 取得 stream，耗時 40 ms.
  Properties: RequestId=4000008e-0004-fc00-b63f-84710c7967bb; RequestPath=/api/NhiPatientImage/studies/1.2.840.192741192620116023140810067713017078213/series/1.2.840.66120190272382141921581501684383220150117188/instances/1.2.840.34390969398162072098617863132191224108; ActionId=aa92c01f-0771-4d00-b1d9-1444c5fbe45b; ActionName=NHI_AI_MedReportViewerWebApi.Controllers.NhiPatientImageController.GetImage (NHI-AI-MedReportViewerWebApi); StudyInstanceUid=1.2.840.192741192620116023140810067713017078213; SeriesInstanceUid=1.2.840.66120190272382141921581501684383220150117188; SopInstanceUid=1.2.840.34390969398162072098617863132191224108
  ======================================================================

2026-05-25 10:04:13.1715 [INFO] [NHI_AI_MedReportViewerWebApi.Services.NhiPatientImageService] [TraceID: 00-b0890bec913a126a53c697217ead65c6-3695482dbe729029-00]
  Event: 0
  Request: GET https://lcr-tp.nhi.gov.tw/api/NhiPatientImage/studies/1.2.840.6610321904118510815420318233761831142014/series/1.2.840.185393732156165237212158241127106677643111/instances/1.2.840.14653247416410524878117871322191302189276 
  Message: 成功從 S3 取得影像: 1.2.840.14653247416410524878117871322191302189276
  Properties: RequestId=40000022-0004-f300-b63f-84710c7967bb; RequestPath=/api/NhiPatientImage/studies/1.2.840.6610321904118510815420318233761831142014/series/1.2.840.185393732156165237212158241127106677643111/instances/1.2.840.14653247416410524878117871322191302189276; ActionId=aa92c01f-0771-4d00-b1d9-1444c5fbe45b; ActionName=NHI_AI_MedReportViewerWebApi.Controllers.NhiPatientImageController.GetImage (NHI-AI-MedReportViewerWebApi); StudyInstanceUid=1.2.840.6610321904118510815420318233761831142014; SeriesInstanceUid=1.2.840.185393732156165237212158241127106677643111; SopInstanceUid=1.2.840.14653247416410524878117871322191302189276
  ======================================================================

2026-05-25 10:04:13.1867 [INFO] [NHI_AI_MedReportViewerWebApi.Services.NhiPatientImageService] [TraceID: 00-ca5523b429fac7ff81b0cf8db8863ba6-ef5f64767a867164-00]
  Event: 0
  Request: GET https://lcr-tp.nhi.gov.tw/api/NhiPatientImage/studies/1.2.840.192741192620116023140810067713017078213/series/1.2.840.66120190272382141921581501684383220150117188/instances/1.2.840.34390969398162072098617863132191224108 
  Message: 成功從 S3 取得影像: 1.2.840.34390969398162072098617863132191224108
  Properties: RequestId=4000008e-0004-fc00-b63f-84710c7967bb; RequestPath=/api/NhiPatientImage/studies/1.2.840.192741192620116023140810067713017078213/series/1.2.840.66120190272382141921581501684383220150117188/instances/1.2.840.34390969398162072098617863132191224108; ActionId=aa92c01f-0771-4d00-b1d9-1444c5fbe45b; ActionName=NHI_AI_MedReportViewerWebApi.Controllers.NhiPatientImageController.GetImage (NHI-AI-MedReportViewerWebApi); StudyInstanceUid=1.2.840.192741192620116023140810067713017078213; SeriesInstanceUid=1.2.840.66120190272382141921581501684383220150117188; SopInstanceUid=1.2.840.34390969398162072098617863132191224108
  ======================================================================

2026-05-25 10:05:25.2937 [INFO] [AIRS.Core.Helpers.ZfpOracleDbHelper] [TraceID: 00-c7752425334a4de2d08676cf1055cbba-d1acfa7b0e011d82-00]
  Event: 0
  Request: GET https://lcr-tp.nhi.gov.tw/api/NhiPatientImage/studies/1.2.840.1405011311801131732011012121012200126134/series/1.2.840.51111141244381216847820799116149155151129/instances/1.2.840.674111832312223811583222123199315320066 
  Message: GetImageKey(studyInstanceUid: 1.2.840.1405011311801131732011012121012200126134, seriesInstanceUid: 1.2.840.51111141244381216847820799116149155151129, sopInstanceUid: 1.2.840.674111832312223811583222123199315320066)
  Properties: StudyUid=1.2.840.1405011311801131732011012121012200126134; SeriesUid=1.2.840.51111141244381216847820799116149155151129; SopUid=1.2.840.674111832312223811583222123199315320066; RequestId=4000012f-0003-fd00-b63f-84710c7967bb; RequestPath=/api/NhiPatientImage/studies/1.2.840.1405011311801131732011012121012200126134/series/1.2.840.51111141244381216847820799116149155151129/instances/1.2.840.674111832312223811583222123199315320066; ActionId=aa92c01f-0771-4d00-b1d9-1444c5fbe45b; ActionName=NHI_AI_MedReportViewerWebApi.Controllers.NhiPatientImageController.GetImage (NHI-AI-MedReportViewerWebApi); StudyInstanceUid=1.2.840.1405011311801131732011012121012200126134; SeriesInstanceUid=1.2.840.51111141244381216847820799116149155151129; SopInstanceUid=1.2.840.674111832312223811583222123199315320066
  ======================================================================

2026-05-25 10:05:25.3114 [INFO] [Polly] [TraceID: 00-c7752425334a4de2d08676cf1055cbba-d1acfa7b0e011d82-00]
  Event: 0
  Request: GET https://lcr-tp.nhi.gov.tw/api/NhiPatientImage/studies/1.2.840.1405011311801131732011012121012200126134/series/1.2.840.51111141244381216847820799116149155151129/instances/1.2.840.674111832312223811583222123199315320066 
  Message: Execution attempt. Source: 'OracleResiliencePipeline/(null)/Retry', Operation Key: '', Result: 'NHI_ZFP_Viewer.ImageSources.ImageInfo', Handled: 'False', Attempt: '0', Execution Time: '7.0336'
  Properties: PipelineName=OracleResiliencePipeline; PipelineInstance=(null); StrategyName=Retry; Result=NHI_ZFP_Viewer.ImageSources.ImageInfo; Handled=false; Attempt=0; ExecutionTimeMs=7.0336; EventId=3; EventName=ExecutionAttempt; RequestId=4000012f-0003-fd00-b63f-84710c7967bb; RequestPath=/api/NhiPatientImage/studies/1.2.840.1405011311801131732011012121012200126134/series/1.2.840.51111141244381216847820799116149155151129/instances/1.2.840.674111832312223811583222123199315320066; ActionId=aa92c01f-0771-4d00-b1d9-1444c5fbe45b; ActionName=NHI_AI_MedReportViewerWebApi.Controllers.NhiPatientImageController.GetImage (NHI-AI-MedReportViewerWebApi); StudyInstanceUid=1.2.840.1405011311801131732011012121012200126134; SeriesInstanceUid=1.2.840.51111141244381216847820799116149155151129; SopInstanceUid=1.2.840.674111832312223811583222123199315320066
  ======================================================================

2026-05-25 10:05:25.3227 [INFO] [AIRS.Core.Helpers.ZfpOracleDbHelper] [TraceID: 00-c7752425334a4de2d08676cf1055cbba-d1acfa7b0e011d82-00]
  Event: 0
  Request: GET https://lcr-tp.nhi.gov.tw/api/NhiPatientImage/studies/1.2.840.1405011311801131732011012121012200126134/series/1.2.840.51111141244381216847820799116149155151129/instances/1.2.840.674111832312223811583222123199315320066 
  Message: GetImageKey = Archived/20230210/1.2.840.1405011311801131732011012121012200126134/1.2.840.51111141244381216847820799116149155151129/1.2.840.674111832312223811583222123199315320066.dcm, 22 ms elapsed.
  Properties: S3ObjectKey=Archived/20230210/1.2.840.1405011311801131732011012121012200126134/1.2.840.51111141244381216847820799116149155151129/1.2.840.674111832312223811583222123199315320066.dcm; Elapsed=22; RequestId=4000012f-0003-fd00-b63f-84710c7967bb; RequestPath=/api/NhiPatientImage/studies/1.2.840.1405011311801131732011012121012200126134/series/1.2.840.51111141244381216847820799116149155151129/instances/1.2.840.674111832312223811583222123199315320066; ActionId=aa92c01f-0771-4d00-b1d9-1444c5fbe45b; ActionName=NHI_AI_MedReportViewerWebApi.Controllers.NhiPatientImageController.GetImage (NHI-AI-MedReportViewerWebApi); StudyInstanceUid=1.2.840.1405011311801131732011012121012200126134; SeriesInstanceUid=1.2.840.51111141244381216847820799116149155151129; SopInstanceUid=1.2.840.674111832312223811583222123199315320066
  ======================================================================

2026-05-25 10:05:25.3757 [INFO] [AIRS.Core.Common.LogForgingTools] [TraceID: 00-c7752425334a4de2d08676cf1055cbba-d1acfa7b0e011d82-00]
  Event: 0
  Request: GET https://lcr-tp.nhi.gov.tw/api/NhiPatientImage/studies/1.2.840.1405011311801131732011012121012200126134/series/1.2.840.51111141244381216847820799116149155151129/instances/1.2.840.674111832312223811583222123199315320066 
  Message: 1779674725375 GetImage() 由 S3 取得 stream，耗時 42 ms.
  Properties: RequestId=4000012f-0003-fd00-b63f-84710c7967bb; RequestPath=/api/NhiPatientImage/studies/1.2.840.1405011311801131732011012121012200126134/series/1.2.840.51111141244381216847820799116149155151129/instances/1.2.840.674111832312223811583222123199315320066; ActionId=aa92c01f-0771-4d00-b1d9-1444c5fbe45b; ActionName=NHI_AI_MedReportViewerWebApi.Controllers.NhiPatientImageController.GetImage (NHI-AI-MedReportViewerWebApi); StudyInstanceUid=1.2.840.1405011311801131732011012121012200126134; SeriesInstanceUid=1.2.840.51111141244381216847820799116149155151129; SopInstanceUid=1.2.840.674111832312223811583222123199315320066
  ======================================================================

2026-05-25 10:05:25.3757 [INFO] [NHI_AI_MedReportViewerWebApi.Services.NhiPatientImageService] [TraceID: 00-c7752425334a4de2d08676cf1055cbba-d1acfa7b0e011d82-00]
  Event: 0
  Request: GET https://lcr-tp.nhi.gov.tw/api/NhiPatientImage/studies/1.2.840.1405011311801131732011012121012200126134/series/1.2.840.51111141244381216847820799116149155151129/instances/1.2.840.674111832312223811583222123199315320066 
  Message: 成功從 S3 取得影像: 1.2.840.674111832312223811583222123199315320066
  Properties: RequestId=4000012f-0003-fd00-b63f-84710c7967bb; RequestPath=/api/NhiPatientImage/studies/1.2.840.1405011311801131732011012121012200126134/series/1.2.840.51111141244381216847820799116149155151129/instances/1.2.840.674111832312223811583222123199315320066; ActionId=aa92c01f-0771-4d00-b1d9-1444c5fbe45b; ActionName=NHI_AI_MedReportViewerWebApi.Controllers.NhiPatientImageController.GetImage (NHI-AI-MedReportViewerWebApi); StudyInstanceUid=1.2.840.1405011311801131732011012121012200126134; SeriesInstanceUid=1.2.840.51111141244381216847820799116149155151129; SopInstanceUid=1.2.840.674111832312223811583222123199315320066
  ======================================================================

2026-05-25 10:05:25.4171 [INFO] [AIRS.Core.Helpers.ZfpOracleDbHelper] [TraceID: 00-8bf4cfff588ed88c9cf75ea47b28d76f-30300bba076807e2-00]
  Event: 0
  Request: GET https://lcr-tp.nhi.gov.tw/api/NhiPatientImage/studies/1.2.840.1405011311801131732011012121012200126134/series/1.2.840.51111141244381216847820799116149155151129/instances/1.2.840.2511512441031312144124014619222025510920714614 
  Message: GetImageKey(studyInstanceUid: 1.2.840.1405011311801131732011012121012200126134, seriesInstanceUid: 1.2.840.51111141244381216847820799116149155151129, sopInstanceUid: 1.2.840.2511512441031312144124014619222025510920714614)
  Properties: StudyUid=1.2.840.1405011311801131732011012121012200126134; SeriesUid=1.2.840.51111141244381216847820799116149155151129; SopUid=1.2.840.2511512441031312144124014619222025510920714614; RequestId=4000019f-0005-fe00-b63f-84710c7967bb; RequestPath=/api/NhiPatientImage/studies/1.2.840.1405011311801131732011012121012200126134/series/1.2.840.51111141244381216847820799116149155151129/instances/1.2.840.2511512441031312144124014619222025510920714614; ActionId=aa92c01f-0771-4d00-b1d9-1444c5fbe45b; ActionName=NHI_AI_MedReportViewerWebApi.Controllers.NhiPatientImageController.GetImage (NHI-AI-MedReportViewerWebApi); StudyInstanceUid=1.2.840.1405011311801131732011012121012200126134; SeriesInstanceUid=1.2.840.51111141244381216847820799116149155151129; SopInstanceUid=1.2.840.2511512441031312144124014619222025510920714614
  ======================================================================

2026-05-25 10:05:25.4317 [INFO] [Polly] [TraceID: 00-8bf4cfff588ed88c9cf75ea47b28d76f-30300bba076807e2-00]
  Event: 0
  Request: GET https://lcr-tp.nhi.gov.tw/api/NhiPatientImage/studies/1.2.840.1405011311801131732011012121012200126134/series/1.2.840.51111141244381216847820799116149155151129/instances/1.2.840.2511512441031312144124014619222025510920714614 
  Message: Execution attempt. Source: 'OracleResiliencePipeline/(null)/Retry', Operation Key: '', Result: 'NHI_ZFP_Viewer.ImageSources.ImageInfo', Handled: 'False', Attempt: '0', Execution Time: '5.0267'
  Properties: PipelineName=OracleResiliencePipeline; PipelineInstance=(null); StrategyName=Retry; Result=NHI_ZFP_Viewer.ImageSources.ImageInfo; Handled=false; Attempt=0; ExecutionTimeMs=5.0267; EventId=3; EventName=ExecutionAttempt; RequestId=4000019f-0005-fe00-b63f-84710c7967bb; RequestPath=/api/NhiPatientImage/studies/1.2.840.1405011311801131732011012121012200126134/series/1.2.840.51111141244381216847820799116149155151129/instances/1.2.840.2511512441031312144124014619222025510920714614; ActionId=aa92c01f-0771-4d00-b1d9-1444c5fbe45b; ActionName=NHI_AI_MedReportViewerWebApi.Controllers.NhiPatientImageController.GetImage (NHI-AI-MedReportViewerWebApi); StudyInstanceUid=1.2.840.1405011311801131732011012121012200126134; SeriesInstanceUid=1.2.840.51111141244381216847820799116149155151129; SopInstanceUid=1.2.840.2511512441031312144124014619222025510920714614
  ======================================================================

2026-05-25 10:05:25.4317 [INFO] [AIRS.Core.Helpers.ZfpOracleDbHelper] [TraceID: 00-8bf4cfff588ed88c9cf75ea47b28d76f-30300bba076807e2-00]
  Event: 0
  Request: GET https://lcr-tp.nhi.gov.tw/api/NhiPatientImage/studies/1.2.840.1405011311801131732011012121012200126134/series/1.2.840.51111141244381216847820799116149155151129/instances/1.2.840.2511512441031312144124014619222025510920714614 
  Message: GetImageKey = Archived/20230210/1.2.840.1405011311801131732011012121012200126134/1.2.840.51111141244381216847820799116149155151129/1.2.840.2511512441031312144124014619222025510920714614.dcm, 17 ms elapsed.
  Properties: S3ObjectKey=Archived/20230210/1.2.840.1405011311801131732011012121012200126134/1.2.840.51111141244381216847820799116149155151129/1.2.840.2511512441031312144124014619222025510920714614.dcm; Elapsed=17; RequestId=4000019f-0005-fe00-b63f-84710c7967bb; RequestPath=/api/NhiPatientImage/studies/1.2.840.1405011311801131732011012121012200126134/series/1.2.840.51111141244381216847820799116149155151129/instances/1.2.840.2511512441031312144124014619222025510920714614; ActionId=aa92c01f-0771-4d00-b1d9-1444c5fbe45b; ActionName=NHI_AI_MedReportViewerWebApi.Controllers.NhiPatientImageController.GetImage (NHI-AI-MedReportViewerWebApi); StudyInstanceUid=1.2.840.1405011311801131732011012121012200126134; SeriesInstanceUid=1.2.840.51111141244381216847820799116149155151129; SopInstanceUid=1.2.840.2511512441031312144124014619222025510920714614
  ======================================================================

2026-05-25 10:05:25.4906 [INFO] [AIRS.Core.Common.LogForgingTools] [TraceID: 00-8bf4cfff588ed88c9cf75ea47b28d76f-30300bba076807e2-00]
  Event: 0
  Request: GET https://lcr-tp.nhi.gov.tw/api/NhiPatientImage/studies/1.2.840.1405011311801131732011012121012200126134/series/1.2.840.51111141244381216847820799116149155151129/instances/1.2.840.2511512441031312144124014619222025510920714614 
  Message: 1779674725490 GetImage() 由 S3 取得 stream，耗時 40 ms.
  Properties: RequestId=4000019f-0005-fe00-b63f-84710c7967bb; RequestPath=/api/NhiPatientImage/studies/1.2.840.1405011311801131732011012121012200126134/series/1.2.840.51111141244381216847820799116149155151129/instances/1.2.840.2511512441031312144124014619222025510920714614; ActionId=aa92c01f-0771-4d00-b1d9-1444c5fbe45b; ActionName=NHI_AI_MedReportViewerWebApi.Controllers.NhiPatientImageController.GetImage (NHI-AI-MedReportViewerWebApi); StudyInstanceUid=1.2.840.1405011311801131732011012121012200126134; SeriesInstanceUid=1.2.840.51111141244381216847820799116149155151129; SopInstanceUid=1.2.840.2511512441031312144124014619222025510920714614
  ======================================================================

2026-05-25 10:05:25.4988 [INFO] [NHI_AI_MedReportViewerWebApi.Services.NhiPatientImageService] [TraceID: 00-8bf4cfff588ed88c9cf75ea47b28d76f-30300bba076807e2-00]
  Event: 0
  Request: GET https://lcr-tp.nhi.gov.tw/api/NhiPatientImage/studies/1.2.840.1405011311801131732011012121012200126134/series/1.2.840.51111141244381216847820799116149155151129/instances/1.2.840.2511512441031312144124014619222025510920714614 
  Message: 成功從 S3 取得影像: 1.2.840.2511512441031312144124014619222025510920714614
  Properties: RequestId=4000019f-0005-fe00-b63f-84710c7967bb; RequestPath=/api/NhiPatientImage/studies/1.2.840.1405011311801131732011012121012200126134/series/1.2.840.51111141244381216847820799116149155151129/instances/1.2.840.2511512441031312144124014619222025510920714614; ActionId=aa92c01f-0771-4d00-b1d9-1444c5fbe45b; ActionName=NHI_AI_MedReportViewerWebApi.Controllers.NhiPatientImageController.GetImage (NHI-AI-MedReportViewerWebApi); StudyInstanceUid=1.2.840.1405011311801131732011012121012200126134; SeriesInstanceUid=1.2.840.51111141244381216847820799116149155151129; SopInstanceUid=1.2.840.2511512441031312144124014619222025510920714614
  ======================================================================

2026-05-25 10:05:26.0082 [INFO] [AIRS.Core.Helpers.ZfpOracleDbHelper] [TraceID: 00-2e3dc68c6b0d733eaf89c804c2971f7c-b24ff5a5dea39dd5-00]
  Event: 0
  Request: GET https://lcr-tp.nhi.gov.tw/api/NhiPatientImage/studies/1.2.840.1405011311801131732011012121012200126134/series/1.2.840.51111141244381216847820799116149155151129/instances/1.2.840.2551131162449872678459192842219625019257 
  Message: GetImageKey(studyInstanceUid: 1.2.840.1405011311801131732011012121012200126134, seriesInstanceUid: 1.2.840.51111141244381216847820799116149155151129, sopInstanceUid: 1.2.840.2551131162449872678459192842219625019257)
  Properties: StudyUid=1.2.840.1405011311801131732011012121012200126134; SeriesUid=1.2.840.51111141244381216847820799116149155151129; SopUid=1.2.840.2551131162449872678459192842219625019257; RequestId=400001a1-0005-fe00-b63f-84710c7967bb; RequestPath=/api/NhiPatientImage/studies/1.2.840.1405011311801131732011012121012200126134/series/1.2.840.51111141244381216847820799116149155151129/instances/1.2.840.2551131162449872678459192842219625019257; ActionId=aa92c01f-0771-4d00-b1d9-1444c5fbe45b; ActionName=NHI_AI_MedReportViewerWebApi.Controllers.NhiPatientImageController.GetImage (NHI-AI-MedReportViewerWebApi); StudyInstanceUid=1.2.840.1405011311801131732011012121012200126134; SeriesInstanceUid=1.2.840.51111141244381216847820799116149155151129; SopInstanceUid=1.2.840.2551131162449872678459192842219625019257
  ======================================================================

2026-05-25 10:05:26.0334 [INFO] [Polly] [TraceID: 00-2e3dc68c6b0d733eaf89c804c2971f7c-b24ff5a5dea39dd5-00]
  Event: 0
  Request: GET https://lcr-tp.nhi.gov.tw/api/NhiPatientImage/studies/1.2.840.1405011311801131732011012121012200126134/series/1.2.840.51111141244381216847820799116149155151129/instances/1.2.840.2551131162449872678459192842219625019257 
  Message: Execution attempt. Source: 'OracleResiliencePipeline/(null)/Retry', Operation Key: '', Result: 'NHI_ZFP_Viewer.ImageSources.ImageInfo', Handled: 'False', Attempt: '0', Execution Time: '15.4053'
  Properties: PipelineName=OracleResiliencePipeline; PipelineInstance=(null); StrategyName=Retry; Result=NHI_ZFP_Viewer.ImageSources.ImageInfo; Handled=false; Attempt=0; ExecutionTimeMs=15.4053; EventId=3; EventName=ExecutionAttempt; RequestId=400001a1-0005-fe00-b63f-84710c7967bb; RequestPath=/api/NhiPatientImage/studies/1.2.840.1405011311801131732011012121012200126134/series/1.2.840.51111141244381216847820799116149155151129/instances/1.2.840.2551131162449872678459192842219625019257; ActionId=aa92c01f-0771-4d00-b1d9-1444c5fbe45b; ActionName=NHI_AI_MedReportViewerWebApi.Controllers.NhiPatientImageController.GetImage (NHI-AI-MedReportViewerWebApi); StudyInstanceUid=1.2.840.1405011311801131732011012121012200126134; SeriesInstanceUid=1.2.840.51111141244381216847820799116149155151129; SopInstanceUid=1.2.840.2551131162449872678459192842219625019257
  ======================================================================

2026-05-25 10:05:26.0431 [INFO] [AIRS.Core.Helpers.ZfpOracleDbHelper] [TraceID: 00-2e3dc68c6b0d733eaf89c804c2971f7c-b24ff5a5dea39dd5-00]
  Event: 0
  Request: GET https://lcr-tp.nhi.gov.tw/api/NhiPatientImage/studies/1.2.840.1405011311801131732011012121012200126134/series/1.2.840.51111141244381216847820799116149155151129/instances/1.2.840.2551131162449872678459192842219625019257 
  Message: GetImageKey = Archived/20230210/1.2.840.1405011311801131732011012121012200126134/1.2.840.51111141244381216847820799116149155151129/1.2.840.2551131162449872678459192842219625019257.dcm, 29 ms elapsed.
  Properties: S3ObjectKey=Archived/20230210/1.2.840.1405011311801131732011012121012200126134/1.2.840.51111141244381216847820799116149155151129/1.2.840.2551131162449872678459192842219625019257.dcm; Elapsed=29; RequestId=400001a1-0005-fe00-b63f-84710c7967bb; RequestPath=/api/NhiPatientImage/studies/1.2.840.1405011311801131732011012121012200126134/series/1.2.840.51111141244381216847820799116149155151129/instances/1.2.840.2551131162449872678459192842219625019257; ActionId=aa92c01f-0771-4d00-b1d9-1444c5fbe45b; ActionName=NHI_AI_MedReportViewerWebApi.Controllers.NhiPatientImageController.GetImage (NHI-AI-MedReportViewerWebApi); StudyInstanceUid=1.2.840.1405011311801131732011012121012200126134; SeriesInstanceUid=1.2.840.51111141244381216847820799116149155151129; SopInstanceUid=1.2.840.2551131162449872678459192842219625019257
  ======================================================================

2026-05-25 10:05:26.0718 [INFO] [AIRS.Core.Helpers.ZfpOracleDbHelper] [TraceID: 00-6e1b6be8e0702552c270518169736094-17658b43e9cd0fde-00]
  Event: 0
  Request: GET https://lcr-tp.nhi.gov.tw/api/NhiPatientImage/studies/1.2.840.1405011311801131732011012121012200126134/series/1.2.840.51111141244381216847820799116149155151129/instances/1.2.840.67175254104199150222151251272511884254117218 
  Message: GetImageKey(studyInstanceUid: 1.2.840.1405011311801131732011012121012200126134, seriesInstanceUid: 1.2.840.51111141244381216847820799116149155151129, sopInstanceUid: 1.2.840.67175254104199150222151251272511884254117218)
  Properties: StudyUid=1.2.840.1405011311801131732011012121012200126134; SeriesUid=1.2.840.51111141244381216847820799116149155151129; SopUid=1.2.840.67175254104199150222151251272511884254117218; RequestId=40000090-0004-fc00-b63f-84710c7967bb; RequestPath=/api/NhiPatientImage/studies/1.2.840.1405011311801131732011012121012200126134/series/1.2.840.51111141244381216847820799116149155151129/instances/1.2.840.67175254104199150222151251272511884254117218; ActionId=aa92c01f-0771-4d00-b1d9-1444c5fbe45b; ActionName=NHI_AI_MedReportViewerWebApi.Controllers.NhiPatientImageController.GetImage (NHI-AI-MedReportViewerWebApi); StudyInstanceUid=1.2.840.1405011311801131732011012121012200126134; SeriesInstanceUid=1.2.840.51111141244381216847820799116149155151129; SopInstanceUid=1.2.840.67175254104199150222151251272511884254117218
  ======================================================================

2026-05-25 10:05:26.0902 [INFO] [Polly] [TraceID: 00-6e1b6be8e0702552c270518169736094-17658b43e9cd0fde-00]
  Event: 0
  Request: GET https://lcr-tp.nhi.gov.tw/api/NhiPatientImage/studies/1.2.840.1405011311801131732011012121012200126134/series/1.2.840.51111141244381216847820799116149155151129/instances/1.2.840.67175254104199150222151251272511884254117218 
  Message: Execution attempt. Source: 'OracleResiliencePipeline/(null)/Retry', Operation Key: '', Result: 'NHI_ZFP_Viewer.ImageSources.ImageInfo', Handled: 'False', Attempt: '0', Execution Time: '7.6972'
  Properties: PipelineName=OracleResiliencePipeline; PipelineInstance=(null); StrategyName=Retry; Result=NHI_ZFP_Viewer.ImageSources.ImageInfo; Handled=false; Attempt=0; ExecutionTimeMs=7.6972; EventId=3; EventName=ExecutionAttempt; RequestId=40000090-0004-fc00-b63f-84710c7967bb; RequestPath=/api/NhiPatientImage/studies/1.2.840.1405011311801131732011012121012200126134/series/1.2.840.51111141244381216847820799116149155151129/instances/1.2.840.67175254104199150222151251272511884254117218; ActionId=aa92c01f-0771-4d00-b1d9-1444c5fbe45b; ActionName=NHI_AI_MedReportViewerWebApi.Controllers.NhiPatientImageController.GetImage (NHI-AI-MedReportViewerWebApi); StudyInstanceUid=1.2.840.1405011311801131732011012121012200126134; SeriesInstanceUid=1.2.840.51111141244381216847820799116149155151129; SopInstanceUid=1.2.840.67175254104199150222151251272511884254117218
  ======================================================================

2026-05-25 10:05:26.0902 [INFO] [AIRS.Core.Common.LogForgingTools] [TraceID: 00-2e3dc68c6b0d733eaf89c804c2971f7c-b24ff5a5dea39dd5-00]
  Event: 0
  Request: GET https://lcr-tp.nhi.gov.tw/api/NhiPatientImage/studies/1.2.840.1405011311801131732011012121012200126134/series/1.2.840.51111141244381216847820799116149155151129/instances/1.2.840.2551131162449872678459192842219625019257 
  Message: 1779674726101 GetImage() 由 S3 取得 stream，耗時 46 ms.
  Properties: RequestId=400001a1-0005-fe00-b63f-84710c7967bb; RequestPath=/api/NhiPatientImage/studies/1.2.840.1405011311801131732011012121012200126134/series/1.2.840.51111141244381216847820799116149155151129/instances/1.2.840.2551131162449872678459192842219625019257; ActionId=aa92c01f-0771-4d00-b1d9-1444c5fbe45b; ActionName=NHI_AI_MedReportViewerWebApi.Controllers.NhiPatientImageController.GetImage (NHI-AI-MedReportViewerWebApi); StudyInstanceUid=1.2.840.1405011311801131732011012121012200126134; SeriesInstanceUid=1.2.840.51111141244381216847820799116149155151129; SopInstanceUid=1.2.840.2551131162449872678459192842219625019257
  ======================================================================

2026-05-25 10:05:26.1031 [INFO] [AIRS.Core.Helpers.ZfpOracleDbHelper] [TraceID: 00-6e1b6be8e0702552c270518169736094-17658b43e9cd0fde-00]
  Event: 0
  Request: GET https://lcr-tp.nhi.gov.tw/api/NhiPatientImage/studies/1.2.840.1405011311801131732011012121012200126134/series/1.2.840.51111141244381216847820799116149155151129/instances/1.2.840.67175254104199150222151251272511884254117218 
  Message: GetImageKey = Archived/20230210/1.2.840.1405011311801131732011012121012200126134/1.2.840.51111141244381216847820799116149155151129/1.2.840.67175254104199150222151251272511884254117218.dcm, 22 ms elapsed.
  Properties: S3ObjectKey=Archived/20230210/1.2.840.1405011311801131732011012121012200126134/1.2.840.51111141244381216847820799116149155151129/1.2.840.67175254104199150222151251272511884254117218.dcm; Elapsed=22; RequestId=40000090-0004-fc00-b63f-84710c7967bb; RequestPath=/api/NhiPatientImage/studies/1.2.840.1405011311801131732011012121012200126134/series/1.2.840.51111141244381216847820799116149155151129/instances/1.2.840.67175254104199150222151251272511884254117218; ActionId=aa92c01f-0771-4d00-b1d9-1444c5fbe45b; ActionName=NHI_AI_MedReportViewerWebApi.Controllers.NhiPatientImageController.GetImage (NHI-AI-MedReportViewerWebApi); StudyInstanceUid=1.2.840.1405011311801131732011012121012200126134; SeriesInstanceUid=1.2.840.51111141244381216847820799116149155151129; SopInstanceUid=1.2.840.67175254104199150222151251272511884254117218
  ======================================================================

2026-05-25 10:05:26.1031 [INFO] [NHI_AI_MedReportViewerWebApi.Services.NhiPatientImageService] [TraceID: 00-2e3dc68c6b0d733eaf89c804c2971f7c-b24ff5a5dea39dd5-00]
  Event: 0
  Request: GET https://lcr-tp.nhi.gov.tw/api/NhiPatientImage/studies/1.2.840.1405011311801131732011012121012200126134/series/1.2.840.51111141244381216847820799116149155151129/instances/1.2.840.2551131162449872678459192842219625019257 
  Message: 成功從 S3 取得影像: 1.2.840.2551131162449872678459192842219625019257
  Properties: RequestId=400001a1-0005-fe00-b63f-84710c7967bb; RequestPath=/api/NhiPatientImage/studies/1.2.840.1405011311801131732011012121012200126134/series/1.2.840.51111141244381216847820799116149155151129/instances/1.2.840.2551131162449872678459192842219625019257; ActionId=aa92c01f-0771-4d00-b1d9-1444c5fbe45b; ActionName=NHI_AI_MedReportViewerWebApi.Controllers.NhiPatientImageController.GetImage (NHI-AI-MedReportViewerWebApi); StudyInstanceUid=1.2.840.1405011311801131732011012121012200126134; SeriesInstanceUid=1.2.840.51111141244381216847820799116149155151129; SopInstanceUid=1.2.840.2551131162449872678459192842219625019257
  ======================================================================

2026-05-25 10:05:26.1598 [INFO] [AIRS.Core.Common.LogForgingTools] [TraceID: 00-6e1b6be8e0702552c270518169736094-17658b43e9cd0fde-00]
  Event: 0
  Request: GET https://lcr-tp.nhi.gov.tw/api/NhiPatientImage/studies/1.2.840.1405011311801131732011012121012200126134/series/1.2.840.51111141244381216847820799116149155151129/instances/1.2.840.67175254104199150222151251272511884254117218 
  Message: 1779674726159 GetImage() 由 S3 取得 stream，耗時 45 ms.
  Properties: RequestId=40000090-0004-fc00-b63f-84710c7967bb; RequestPath=/api/NhiPatientImage/studies/1.2.840.1405011311801131732011012121012200126134/series/1.2.840.51111141244381216847820799116149155151129/instances/1.2.840.67175254104199150222151251272511884254117218; ActionId=aa92c01f-0771-4d00-b1d9-1444c5fbe45b; ActionName=NHI_AI_MedReportViewerWebApi.Controllers.NhiPatientImageController.GetImage (NHI-AI-MedReportViewerWebApi); StudyInstanceUid=1.2.840.1405011311801131732011012121012200126134; SeriesInstanceUid=1.2.840.51111141244381216847820799116149155151129; SopInstanceUid=1.2.840.67175254104199150222151251272511884254117218
  ======================================================================

2026-05-25 10:05:26.1674 [INFO] [NHI_AI_MedReportViewerWebApi.Services.NhiPatientImageService] [TraceID: 00-6e1b6be8e0702552c270518169736094-17658b43e9cd0fde-00]
  Event: 0
  Request: GET https://lcr-tp.nhi.gov.tw/api/NhiPatientImage/studies/1.2.840.1405011311801131732011012121012200126134/series/1.2.840.51111141244381216847820799116149155151129/instances/1.2.840.67175254104199150222151251272511884254117218 
  Message: 成功從 S3 取得影像: 1.2.840.67175254104199150222151251272511884254117218
  Properties: RequestId=40000090-0004-fc00-b63f-84710c7967bb; RequestPath=/api/NhiPatientImage/studies/1.2.840.1405011311801131732011012121012200126134/series/1.2.840.51111141244381216847820799116149155151129/instances/1.2.840.67175254104199150222151251272511884254117218; ActionId=aa92c01f-0771-4d00-b1d9-1444c5fbe45b; ActionName=NHI_AI_MedReportViewerWebApi.Controllers.NhiPatientImageController.GetImage (NHI-AI-MedReportViewerWebApi); StudyInstanceUid=1.2.840.1405011311801131732011012121012200126134; SeriesInstanceUid=1.2.840.51111141244381216847820799116149155151129; SopInstanceUid=1.2.840.67175254104199150222151251272511884254117218
  ======================================================================

2026-05-25 10:05:26.6615 [INFO] [AIRS.Core.Helpers.ZfpOracleDbHelper] [TraceID: 00-713ddf3fa279e3a16423c53bb908ac05-bee7e9bfa99fbe95-00]
  Event: 0
  Request: GET https://lcr-tp.nhi.gov.tw/api/NhiPatientImage/studies/1.2.840.1405011311801131732011012121012200126134/series/1.2.840.51111141244381216847820799116149155151129/instances/1.2.840.1252092281241615101135610523317516913170253 
  Message: GetImageKey(studyInstanceUid: 1.2.840.1405011311801131732011012121012200126134, seriesInstanceUid: 1.2.840.51111141244381216847820799116149155151129, sopInstanceUid: 1.2.840.1252092281241615101135610523317516913170253)
  Properties: StudyUid=1.2.840.1405011311801131732011012121012200126134; SeriesUid=1.2.840.51111141244381216847820799116149155151129; SopUid=1.2.840.1252092281241615101135610523317516913170253; RequestId=400001a3-0005-fe00-b63f-84710c7967bb; RequestPath=/api/NhiPatientImage/studies/1.2.840.1405011311801131732011012121012200126134/series/1.2.840.51111141244381216847820799116149155151129/instances/1.2.840.1252092281241615101135610523317516913170253; ActionId=aa92c01f-0771-4d00-b1d9-1444c5fbe45b; ActionName=NHI_AI_MedReportViewerWebApi.Controllers.NhiPatientImageController.GetImage (NHI-AI-MedReportViewerWebApi); StudyInstanceUid=1.2.840.1405011311801131732011012121012200126134; SeriesInstanceUid=1.2.840.51111141244381216847820799116149155151129; SopInstanceUid=1.2.840.1252092281241615101135610523317516913170253
  ======================================================================

2026-05-25 10:05:26.6868 [INFO] [Polly] [TraceID: 00-713ddf3fa279e3a16423c53bb908ac05-bee7e9bfa99fbe95-00]
  Event: 0
  Request: GET https://lcr-tp.nhi.gov.tw/api/NhiPatientImage/studies/1.2.840.1405011311801131732011012121012200126134/series/1.2.840.51111141244381216847820799116149155151129/instances/1.2.840.1252092281241615101135610523317516913170253 
  Message: Execution attempt. Source: 'OracleResiliencePipeline/(null)/Retry', Operation Key: '', Result: 'NHI_ZFP_Viewer.ImageSources.ImageInfo', Handled: 'False', Attempt: '0', Execution Time: '15.7288'
  Properties: PipelineName=OracleResiliencePipeline; PipelineInstance=(null); StrategyName=Retry; Result=NHI_ZFP_Viewer.ImageSources.ImageInfo; Handled=false; Attempt=0; ExecutionTimeMs=15.7288; EventId=3; EventName=ExecutionAttempt; RequestId=400001a3-0005-fe00-b63f-84710c7967bb; RequestPath=/api/NhiPatientImage/studies/1.2.840.1405011311801131732011012121012200126134/series/1.2.840.51111141244381216847820799116149155151129/instances/1.2.840.1252092281241615101135610523317516913170253; ActionId=aa92c01f-0771-4d00-b1d9-1444c5fbe45b; ActionName=NHI_AI_MedReportViewerWebApi.Controllers.NhiPatientImageController.GetImage (NHI-AI-MedReportViewerWebApi); StudyInstanceUid=1.2.840.1405011311801131732011012121012200126134; SeriesInstanceUid=1.2.840.51111141244381216847820799116149155151129; SopInstanceUid=1.2.840.1252092281241615101135610523317516913170253
  ======================================================================

2026-05-25 10:05:26.6971 [INFO] [AIRS.Core.Helpers.ZfpOracleDbHelper] [TraceID: 00-713ddf3fa279e3a16423c53bb908ac05-bee7e9bfa99fbe95-00]
  Event: 0
  Request: GET https://lcr-tp.nhi.gov.tw/api/NhiPatientImage/studies/1.2.840.1405011311801131732011012121012200126134/series/1.2.840.51111141244381216847820799116149155151129/instances/1.2.840.1252092281241615101135610523317516913170253 
  Message: GetImageKey = Archived/20230210/1.2.840.1405011311801131732011012121012200126134/1.2.840.51111141244381216847820799116149155151129/1.2.840.1252092281241615101135610523317516913170253.dcm, 30 ms elapsed.
  Properties: S3ObjectKey=Archived/20230210/1.2.840.1405011311801131732011012121012200126134/1.2.840.51111141244381216847820799116149155151129/1.2.840.1252092281241615101135610523317516913170253.dcm; Elapsed=30; RequestId=400001a3-0005-fe00-b63f-84710c7967bb; RequestPath=/api/NhiPatientImage/studies/1.2.840.1405011311801131732011012121012200126134/series/1.2.840.51111141244381216847820799116149155151129/instances/1.2.840.1252092281241615101135610523317516913170253; ActionId=aa92c01f-0771-4d00-b1d9-1444c5fbe45b; ActionName=NHI_AI_MedReportViewerWebApi.Controllers.NhiPatientImageController.GetImage (NHI-AI-MedReportViewerWebApi); StudyInstanceUid=1.2.840.1405011311801131732011012121012200126134; SeriesInstanceUid=1.2.840.51111141244381216847820799116149155151129; SopInstanceUid=1.2.840.1252092281241615101135610523317516913170253
  ======================================================================

2026-05-25 10:05:26.6971 [INFO] [AIRS.Core.Helpers.ZfpOracleDbHelper] [TraceID: 00-dd0596f61e5300e803d66666f289e586-d3bd5b36ed1e40c4-00]
  Event: 0
  Request: GET https://lcr-tp.nhi.gov.tw/api/NhiPatientImage/studies/1.2.840.1405011311801131732011012121012200126134/series/1.2.840.51111141244381216847820799116149155151129/instances/1.2.840.1222281738219121330205431421111515522717716 
  Message: GetImageKey(studyInstanceUid: 1.2.840.1405011311801131732011012121012200126134, seriesInstanceUid: 1.2.840.51111141244381216847820799116149155151129, sopInstanceUid: 1.2.840.1222281738219121330205431421111515522717716)
  Properties: StudyUid=1.2.840.1405011311801131732011012121012200126134; SeriesUid=1.2.840.51111141244381216847820799116149155151129; SopUid=1.2.840.1222281738219121330205431421111515522717716; RequestId=40000092-0004-fc00-b63f-84710c7967bb; RequestPath=/api/NhiPatientImage/studies/1.2.840.1405011311801131732011012121012200126134/series/1.2.840.51111141244381216847820799116149155151129/instances/1.2.840.1222281738219121330205431421111515522717716; ActionId=aa92c01f-0771-4d00-b1d9-1444c5fbe45b; ActionName=NHI_AI_MedReportViewerWebApi.Controllers.NhiPatientImageController.GetImage (NHI-AI-MedReportViewerWebApi); StudyInstanceUid=1.2.840.1405011311801131732011012121012200126134; SeriesInstanceUid=1.2.840.51111141244381216847820799116149155151129; SopInstanceUid=1.2.840.1222281738219121330205431421111515522717716
  ======================================================================

2026-05-25 10:05:26.7151 [INFO] [Polly] [TraceID: 00-dd0596f61e5300e803d66666f289e586-d3bd5b36ed1e40c4-00]
  Event: 0
  Request: GET https://lcr-tp.nhi.gov.tw/api/NhiPatientImage/studies/1.2.840.1405011311801131732011012121012200126134/series/1.2.840.51111141244381216847820799116149155151129/instances/1.2.840.1222281738219121330205431421111515522717716 
  Message: Execution attempt. Source: 'OracleResiliencePipeline/(null)/Retry', Operation Key: '', Result: 'NHI_ZFP_Viewer.ImageSources.ImageInfo', Handled: 'False', Attempt: '0', Execution Time: '7.7961'
  Properties: PipelineName=OracleResiliencePipeline; PipelineInstance=(null); StrategyName=Retry; Result=NHI_ZFP_Viewer.ImageSources.ImageInfo; Handled=false; Attempt=0; ExecutionTimeMs=7.7961; EventId=3; EventName=ExecutionAttempt; RequestId=40000092-0004-fc00-b63f-84710c7967bb; RequestPath=/api/NhiPatientImage/studies/1.2.840.1405011311801131732011012121012200126134/series/1.2.840.51111141244381216847820799116149155151129/instances/1.2.840.1222281738219121330205431421111515522717716; ActionId=aa92c01f-0771-4d00-b1d9-1444c5fbe45b; ActionName=NHI_AI_MedReportViewerWebApi.Controllers.NhiPatientImageController.GetImage (NHI-AI-MedReportViewerWebApi); StudyInstanceUid=1.2.840.1405011311801131732011012121012200126134; SeriesInstanceUid=1.2.840.51111141244381216847820799116149155151129; SopInstanceUid=1.2.840.1222281738219121330205431421111515522717716
  ======================================================================

2026-05-25 10:05:26.7344 [INFO] [AIRS.Core.Helpers.ZfpOracleDbHelper] [TraceID: 00-dd0596f61e5300e803d66666f289e586-d3bd5b36ed1e40c4-00]
  Event: 0
  Request: GET https://lcr-tp.nhi.gov.tw/api/NhiPatientImage/studies/1.2.840.1405011311801131732011012121012200126134/series/1.2.840.51111141244381216847820799116149155151129/instances/1.2.840.1222281738219121330205431421111515522717716 
  Message: GetImageKey = Archived/20230210/1.2.840.1405011311801131732011012121012200126134/1.2.840.51111141244381216847820799116149155151129/1.2.840.1222281738219121330205431421111515522717716.dcm, 22 ms elapsed.
  Properties: S3ObjectKey=Archived/20230210/1.2.840.1405011311801131732011012121012200126134/1.2.840.51111141244381216847820799116149155151129/1.2.840.1222281738219121330205431421111515522717716.dcm; Elapsed=22; RequestId=40000092-0004-fc00-b63f-84710c7967bb; RequestPath=/api/NhiPatientImage/studies/1.2.840.1405011311801131732011012121012200126134/series/1.2.840.51111141244381216847820799116149155151129/instances/1.2.840.1222281738219121330205431421111515522717716; ActionId=aa92c01f-0771-4d00-b1d9-1444c5fbe45b; ActionName=NHI_AI_MedReportViewerWebApi.Controllers.NhiPatientImageController.GetImage (NHI-AI-MedReportViewerWebApi); StudyInstanceUid=1.2.840.1405011311801131732011012121012200126134; SeriesInstanceUid=1.2.840.51111141244381216847820799116149155151129; SopInstanceUid=1.2.840.1222281738219121330205431421111515522717716
  ======================================================================

2026-05-25 10:05:26.7454 [INFO] [AIRS.Core.Helpers.ZfpOracleDbHelper] [TraceID: 00-3b1d55c7f279604fe7d44e361e61f196-d05c04bbfffd50dd-00]
  Event: 0
  Request: GET https://lcr-tp.nhi.gov.tw/api/NhiPatientImage/studies/1.2.840.1405011311801131732011012121012200126134/series/1.2.840.51111141244381216847820799116149155151129/instances/1.2.840.1652322162171725272442391142284521137198125 
  Message: GetImageKey(studyInstanceUid: 1.2.840.1405011311801131732011012121012200126134, seriesInstanceUid: 1.2.840.51111141244381216847820799116149155151129, sopInstanceUid: 1.2.840.1652322162171725272442391142284521137198125)
  Properties: StudyUid=1.2.840.1405011311801131732011012121012200126134; SeriesUid=1.2.840.51111141244381216847820799116149155151129; SopUid=1.2.840.1652322162171725272442391142284521137198125; RequestId=40000024-0004-f300-b63f-84710c7967bb; RequestPath=/api/NhiPatientImage/studies/1.2.840.1405011311801131732011012121012200126134/series/1.2.840.51111141244381216847820799116149155151129/instances/1.2.840.1652322162171725272442391142284521137198125; ActionId=aa92c01f-0771-4d00-b1d9-1444c5fbe45b; ActionName=NHI_AI_MedReportViewerWebApi.Controllers.NhiPatientImageController.GetImage (NHI-AI-MedReportViewerWebApi); StudyInstanceUid=1.2.840.1405011311801131732011012121012200126134; SeriesInstanceUid=1.2.840.51111141244381216847820799116149155151129; SopInstanceUid=1.2.840.1652322162171725272442391142284521137198125
  ======================================================================

2026-05-25 10:05:26.7454 [INFO] [AIRS.Core.Common.LogForgingTools] [TraceID: 00-713ddf3fa279e3a16423c53bb908ac05-bee7e9bfa99fbe95-00]
  Event: 0
  Request: GET https://lcr-tp.nhi.gov.tw/api/NhiPatientImage/studies/1.2.840.1405011311801131732011012121012200126134/series/1.2.840.51111141244381216847820799116149155151129/instances/1.2.840.1252092281241615101135610523317516913170253 
  Message: 1779674726756 GetImage() 由 S3 取得 stream，耗時 48 ms.
  Properties: RequestId=400001a3-0005-fe00-b63f-84710c7967bb; RequestPath=/api/NhiPatientImage/studies/1.2.840.1405011311801131732011012121012200126134/series/1.2.840.51111141244381216847820799116149155151129/instances/1.2.840.1252092281241615101135610523317516913170253; ActionId=aa92c01f-0771-4d00-b1d9-1444c5fbe45b; ActionName=NHI_AI_MedReportViewerWebApi.Controllers.NhiPatientImageController.GetImage (NHI-AI-MedReportViewerWebApi); StudyInstanceUid=1.2.840.1405011311801131732011012121012200126134; SeriesInstanceUid=1.2.840.51111141244381216847820799116149155151129; SopInstanceUid=1.2.840.1252092281241615101135610523317516913170253
  ======================================================================

2026-05-25 10:05:26.7621 [INFO] [NHI_AI_MedReportViewerWebApi.Services.NhiPatientImageService] [TraceID: 00-713ddf3fa279e3a16423c53bb908ac05-bee7e9bfa99fbe95-00]
  Event: 0
  Request: GET https://lcr-tp.nhi.gov.tw/api/NhiPatientImage/studies/1.2.840.1405011311801131732011012121012200126134/series/1.2.840.51111141244381216847820799116149155151129/instances/1.2.840.1252092281241615101135610523317516913170253 
  Message: 成功從 S3 取得影像: 1.2.840.1252092281241615101135610523317516913170253
  Properties: RequestId=400001a3-0005-fe00-b63f-84710c7967bb; RequestPath=/api/NhiPatientImage/studies/1.2.840.1405011311801131732011012121012200126134/series/1.2.840.51111141244381216847820799116149155151129/instances/1.2.840.1252092281241615101135610523317516913170253; ActionId=aa92c01f-0771-4d00-b1d9-1444c5fbe45b; ActionName=NHI_AI_MedReportViewerWebApi.Controllers.NhiPatientImageController.GetImage (NHI-AI-MedReportViewerWebApi); StudyInstanceUid=1.2.840.1405011311801131732011012121012200126134; SeriesInstanceUid=1.2.840.51111141244381216847820799116149155151129; SopInstanceUid=1.2.840.1252092281241615101135610523317516913170253
  ======================================================================

2026-05-25 10:05:26.7621 [INFO] [Polly] [TraceID: 00-3b1d55c7f279604fe7d44e361e61f196-d05c04bbfffd50dd-00]
  Event: 0
  Request: GET https://lcr-tp.nhi.gov.tw/api/NhiPatientImage/studies/1.2.840.1405011311801131732011012121012200126134/series/1.2.840.51111141244381216847820799116149155151129/instances/1.2.840.1652322162171725272442391142284521137198125 
  Message: Execution attempt. Source: 'OracleResiliencePipeline/(null)/Retry', Operation Key: '', Result: 'NHI_ZFP_Viewer.ImageSources.ImageInfo', Handled: 'False', Attempt: '0', Execution Time: '5.7375'
  Properties: PipelineName=OracleResiliencePipeline; PipelineInstance=(null); StrategyName=Retry; Result=NHI_ZFP_Viewer.ImageSources.ImageInfo; Handled=false; Attempt=0; ExecutionTimeMs=5.7375; EventId=3; EventName=ExecutionAttempt; RequestId=40000024-0004-f300-b63f-84710c7967bb; RequestPath=/api/NhiPatientImage/studies/1.2.840.1405011311801131732011012121012200126134/series/1.2.840.51111141244381216847820799116149155151129/instances/1.2.840.1652322162171725272442391142284521137198125; ActionId=aa92c01f-0771-4d00-b1d9-1444c5fbe45b; ActionName=NHI_AI_MedReportViewerWebApi.Controllers.NhiPatientImageController.GetImage (NHI-AI-MedReportViewerWebApi); StudyInstanceUid=1.2.840.1405011311801131732011012121012200126134; SeriesInstanceUid=1.2.840.51111141244381216847820799116149155151129; SopInstanceUid=1.2.840.1652322162171725272442391142284521137198125
  ======================================================================

2026-05-25 10:05:26.7849 [INFO] [AIRS.Core.Helpers.ZfpOracleDbHelper] [TraceID: 00-3b1d55c7f279604fe7d44e361e61f196-d05c04bbfffd50dd-00]
  Event: 0
  Request: GET https://lcr-tp.nhi.gov.tw/api/NhiPatientImage/studies/1.2.840.1405011311801131732011012121012200126134/series/1.2.840.51111141244381216847820799116149155151129/instances/1.2.840.1652322162171725272442391142284521137198125 
  Message: GetImageKey = Archived/20230210/1.2.840.1405011311801131732011012121012200126134/1.2.840.51111141244381216847820799116149155151129/1.2.840.1652322162171725272442391142284521137198125.dcm, 26 ms elapsed.
  Properties: S3ObjectKey=Archived/20230210/1.2.840.1405011311801131732011012121012200126134/1.2.840.51111141244381216847820799116149155151129/1.2.840.1652322162171725272442391142284521137198125.dcm; Elapsed=26; RequestId=40000024-0004-f300-b63f-84710c7967bb; RequestPath=/api/NhiPatientImage/studies/1.2.840.1405011311801131732011012121012200126134/series/1.2.840.51111141244381216847820799116149155151129/instances/1.2.840.1652322162171725272442391142284521137198125; ActionId=aa92c01f-0771-4d00-b1d9-1444c5fbe45b; ActionName=NHI_AI_MedReportViewerWebApi.Controllers.NhiPatientImageController.GetImage (NHI-AI-MedReportViewerWebApi); StudyInstanceUid=1.2.840.1405011311801131732011012121012200126134; SeriesInstanceUid=1.2.840.51111141244381216847820799116149155151129; SopInstanceUid=1.2.840.1652322162171725272442391142284521137198125
  ======================================================================

2026-05-25 10:05:26.7928 [INFO] [AIRS.Core.Common.LogForgingTools] [TraceID: 00-dd0596f61e5300e803d66666f289e586-d3bd5b36ed1e40c4-00]
  Event: 0
  Request: GET https://lcr-tp.nhi.gov.tw/api/NhiPatientImage/studies/1.2.840.1405011311801131732011012121012200126134/series/1.2.840.51111141244381216847820799116149155151129/instances/1.2.840.1222281738219121330205431421111515522717716 
  Message: 1779674726792 GetImage() 由 S3 取得 stream，耗時 47 ms.
  Properties: RequestId=40000092-0004-fc00-b63f-84710c7967bb; RequestPath=/api/NhiPatientImage/studies/1.2.840.1405011311801131732011012121012200126134/series/1.2.840.51111141244381216847820799116149155151129/instances/1.2.840.1222281738219121330205431421111515522717716; ActionId=aa92c01f-0771-4d00-b1d9-1444c5fbe45b; ActionName=NHI_AI_MedReportViewerWebApi.Controllers.NhiPatientImageController.GetImage (NHI-AI-MedReportViewerWebApi); StudyInstanceUid=1.2.840.1405011311801131732011012121012200126134; SeriesInstanceUid=1.2.840.51111141244381216847820799116149155151129; SopInstanceUid=1.2.840.1222281738219121330205431421111515522717716
  ======================================================================

2026-05-25 10:05:26.7928 [INFO] [NHI_AI_MedReportViewerWebApi.Services.NhiPatientImageService] [TraceID: 00-dd0596f61e5300e803d66666f289e586-d3bd5b36ed1e40c4-00]
  Event: 0
  Request: GET https://lcr-tp.nhi.gov.tw/api/NhiPatientImage/studies/1.2.840.1405011311801131732011012121012200126134/series/1.2.840.51111141244381216847820799116149155151129/instances/1.2.840.1222281738219121330205431421111515522717716 
  Message: 成功從 S3 取得影像: 1.2.840.1222281738219121330205431421111515522717716
  Properties: RequestId=40000092-0004-fc00-b63f-84710c7967bb; RequestPath=/api/NhiPatientImage/studies/1.2.840.1405011311801131732011012121012200126134/series/1.2.840.51111141244381216847820799116149155151129/instances/1.2.840.1222281738219121330205431421111515522717716; ActionId=aa92c01f-0771-4d00-b1d9-1444c5fbe45b; ActionName=NHI_AI_MedReportViewerWebApi.Controllers.NhiPatientImageController.GetImage (NHI-AI-MedReportViewerWebApi); StudyInstanceUid=1.2.840.1405011311801131732011012121012200126134; SeriesInstanceUid=1.2.840.51111141244381216847820799116149155151129; SopInstanceUid=1.2.840.1222281738219121330205431421111515522717716
  ======================================================================

2026-05-25 10:05:26.8326 [INFO] [AIRS.Core.Common.LogForgingTools] [TraceID: 00-3b1d55c7f279604fe7d44e361e61f196-d05c04bbfffd50dd-00]
  Event: 0
  Request: GET https://lcr-tp.nhi.gov.tw/api/NhiPatientImage/studies/1.2.840.1405011311801131732011012121012200126134/series/1.2.840.51111141244381216847820799116149155151129/instances/1.2.840.1652322162171725272442391142284521137198125 
  Message: 1779674726832 GetImage() 由 S3 取得 stream，耗時 33 ms.
  Properties: RequestId=40000024-0004-f300-b63f-84710c7967bb; RequestPath=/api/NhiPatientImage/studies/1.2.840.1405011311801131732011012121012200126134/series/1.2.840.51111141244381216847820799116149155151129/instances/1.2.840.1652322162171725272442391142284521137198125; ActionId=aa92c01f-0771-4d00-b1d9-1444c5fbe45b; ActionName=NHI_AI_MedReportViewerWebApi.Controllers.NhiPatientImageController.GetImage (NHI-AI-MedReportViewerWebApi); StudyInstanceUid=1.2.840.1405011311801131732011012121012200126134; SeriesInstanceUid=1.2.840.51111141244381216847820799116149155151129; SopInstanceUid=1.2.840.1652322162171725272442391142284521137198125
  ======================================================================

2026-05-25 10:05:26.8420 [INFO] [NHI_AI_MedReportViewerWebApi.Services.NhiPatientImageService] [TraceID: 00-3b1d55c7f279604fe7d44e361e61f196-d05c04bbfffd50dd-00]
  Event: 0
  Request: GET https://lcr-tp.nhi.gov.tw/api/NhiPatientImage/studies/1.2.840.1405011311801131732011012121012200126134/series/1.2.840.51111141244381216847820799116149155151129/instances/1.2.840.1652322162171725272442391142284521137198125 
  Message: 成功從 S3 取得影像: 1.2.840.1652322162171725272442391142284521137198125
  Properties: RequestId=40000024-0004-f300-b63f-84710c7967bb; RequestPath=/api/NhiPatientImage/studies/1.2.840.1405011311801131732011012121012200126134/series/1.2.840.51111141244381216847820799116149155151129/instances/1.2.840.1652322162171725272442391142284521137198125; ActionId=aa92c01f-0771-4d00-b1d9-1444c5fbe45b; ActionName=NHI_AI_MedReportViewerWebApi.Controllers.NhiPatientImageController.GetImage (NHI-AI-MedReportViewerWebApi); StudyInstanceUid=1.2.840.1405011311801131732011012121012200126134; SeriesInstanceUid=1.2.840.51111141244381216847820799116149155151129; SopInstanceUid=1.2.840.1652322162171725272442391142284521137198125
  ======================================================================

2026-05-25 10:05:28.2251 [INFO] [AIRS.Core.Helpers.ZfpOracleDbHelper] [TraceID: 00-5e80d4e710f895f7bae7a56201ad7423-d1773e06a9d79887-00]
  Event: 0
  Request: GET https://lcr-tp.nhi.gov.tw/api/NhiPatientImage/studies/1.2.840.1405011311801131732011012121012200126134/series/1.2.840.51111141244381216847820799116149155151129/instances/1.2.840.851241510497240195701611681021620155285 
  Message: GetImageKey(studyInstanceUid: 1.2.840.1405011311801131732011012121012200126134, seriesInstanceUid: 1.2.840.51111141244381216847820799116149155151129, sopInstanceUid: 1.2.840.851241510497240195701611681021620155285)
  Properties: StudyUid=1.2.840.1405011311801131732011012121012200126134; SeriesUid=1.2.840.51111141244381216847820799116149155151129; SopUid=1.2.840.851241510497240195701611681021620155285; RequestId=40000121-0006-f300-b63f-84710c7967bb; RequestPath=/api/NhiPatientImage/studies/1.2.840.1405011311801131732011012121012200126134/series/1.2.840.51111141244381216847820799116149155151129/instances/1.2.840.851241510497240195701611681021620155285; ActionId=aa92c01f-0771-4d00-b1d9-1444c5fbe45b; ActionName=NHI_AI_MedReportViewerWebApi.Controllers.NhiPatientImageController.GetImage (NHI-AI-MedReportViewerWebApi); StudyInstanceUid=1.2.840.1405011311801131732011012121012200126134; SeriesInstanceUid=1.2.840.51111141244381216847820799116149155151129; SopInstanceUid=1.2.840.851241510497240195701611681021620155285
  ======================================================================

2026-05-25 10:05:28.2449 [INFO] [Polly] [TraceID: 00-5e80d4e710f895f7bae7a56201ad7423-d1773e06a9d79887-00]
  Event: 0
  Request: GET https://lcr-tp.nhi.gov.tw/api/NhiPatientImage/studies/1.2.840.1405011311801131732011012121012200126134/series/1.2.840.51111141244381216847820799116149155151129/instances/1.2.840.851241510497240195701611681021620155285 
  Message: Execution attempt. Source: 'OracleResiliencePipeline/(null)/Retry', Operation Key: '', Result: 'NHI_ZFP_Viewer.ImageSources.ImageInfo', Handled: 'False', Attempt: '0', Execution Time: '7.0813'
  Properties: PipelineName=OracleResiliencePipeline; PipelineInstance=(null); StrategyName=Retry; Result=NHI_ZFP_Viewer.ImageSources.ImageInfo; Handled=false; Attempt=0; ExecutionTimeMs=7.0813; EventId=3; EventName=ExecutionAttempt; RequestId=40000121-0006-f300-b63f-84710c7967bb; RequestPath=/api/NhiPatientImage/studies/1.2.840.1405011311801131732011012121012200126134/series/1.2.840.51111141244381216847820799116149155151129/instances/1.2.840.851241510497240195701611681021620155285; ActionId=aa92c01f-0771-4d00-b1d9-1444c5fbe45b; ActionName=NHI_AI_MedReportViewerWebApi.Controllers.NhiPatientImageController.GetImage (NHI-AI-MedReportViewerWebApi); StudyInstanceUid=1.2.840.1405011311801131732011012121012200126134; SeriesInstanceUid=1.2.840.51111141244381216847820799116149155151129; SopInstanceUid=1.2.840.851241510497240195701611681021620155285
  ======================================================================

2026-05-25 10:05:28.2449 [INFO] [AIRS.Core.Helpers.ZfpOracleDbHelper] [TraceID: 00-5e80d4e710f895f7bae7a56201ad7423-d1773e06a9d79887-00]
  Event: 0
  Request: GET https://lcr-tp.nhi.gov.tw/api/NhiPatientImage/studies/1.2.840.1405011311801131732011012121012200126134/series/1.2.840.51111141244381216847820799116149155151129/instances/1.2.840.851241510497240195701611681021620155285 
  Message: GetImageKey = Archived/20230210/1.2.840.1405011311801131732011012121012200126134/1.2.840.51111141244381216847820799116149155151129/1.2.840.851241510497240195701611681021620155285.dcm, 22 ms elapsed.
  Properties: S3ObjectKey=Archived/20230210/1.2.840.1405011311801131732011012121012200126134/1.2.840.51111141244381216847820799116149155151129/1.2.840.851241510497240195701611681021620155285.dcm; Elapsed=22; RequestId=40000121-0006-f300-b63f-84710c7967bb; RequestPath=/api/NhiPatientImage/studies/1.2.840.1405011311801131732011012121012200126134/series/1.2.840.51111141244381216847820799116149155151129/instances/1.2.840.851241510497240195701611681021620155285; ActionId=aa92c01f-0771-4d00-b1d9-1444c5fbe45b; ActionName=NHI_AI_MedReportViewerWebApi.Controllers.NhiPatientImageController.GetImage (NHI-AI-MedReportViewerWebApi); StudyInstanceUid=1.2.840.1405011311801131732011012121012200126134; SeriesInstanceUid=1.2.840.51111141244381216847820799116149155151129; SopInstanceUid=1.2.840.851241510497240195701611681021620155285
  ======================================================================

2026-05-25 10:05:28.3216 [INFO] [AIRS.Core.Common.LogForgingTools] [TraceID: 00-5e80d4e710f895f7bae7a56201ad7423-d1773e06a9d79887-00]
  Event: 0
  Request: GET https://lcr-tp.nhi.gov.tw/api/NhiPatientImage/studies/1.2.840.1405011311801131732011012121012200126134/series/1.2.840.51111141244381216847820799116149155151129/instances/1.2.840.851241510497240195701611681021620155285 
  Message: 1779674728321 GetImage() 由 S3 取得 stream，耗時 52 ms.
  Properties: RequestId=40000121-0006-f300-b63f-84710c7967bb; RequestPath=/api/NhiPatientImage/studies/1.2.840.1405011311801131732011012121012200126134/series/1.2.840.51111141244381216847820799116149155151129/instances/1.2.840.851241510497240195701611681021620155285; ActionId=aa92c01f-0771-4d00-b1d9-1444c5fbe45b; ActionName=NHI_AI_MedReportViewerWebApi.Controllers.NhiPatientImageController.GetImage (NHI-AI-MedReportViewerWebApi); StudyInstanceUid=1.2.840.1405011311801131732011012121012200126134; SeriesInstanceUid=1.2.840.51111141244381216847820799116149155151129; SopInstanceUid=1.2.840.851241510497240195701611681021620155285
  ======================================================================

2026-05-25 10:05:28.3339 [INFO] [NHI_AI_MedReportViewerWebApi.Services.NhiPatientImageService] [TraceID: 00-5e80d4e710f895f7bae7a56201ad7423-d1773e06a9d79887-00]
  Event: 0
  Request: GET https://lcr-tp.nhi.gov.tw/api/NhiPatientImage/studies/1.2.840.1405011311801131732011012121012200126134/series/1.2.840.51111141244381216847820799116149155151129/instances/1.2.840.851241510497240195701611681021620155285 
  Message: 成功從 S3 取得影像: 1.2.840.851241510497240195701611681021620155285
  Properties: RequestId=40000121-0006-f300-b63f-84710c7967bb; RequestPath=/api/NhiPatientImage/studies/1.2.840.1405011311801131732011012121012200126134/series/1.2.840.51111141244381216847820799116149155151129/instances/1.2.840.851241510497240195701611681021620155285; ActionId=aa92c01f-0771-4d00-b1d9-1444c5fbe45b; ActionName=NHI_AI_MedReportViewerWebApi.Controllers.NhiPatientImageController.GetImage (NHI-AI-MedReportViewerWebApi); StudyInstanceUid=1.2.840.1405011311801131732011012121012200126134; SeriesInstanceUid=1.2.840.51111141244381216847820799116149155151129; SopInstanceUid=1.2.840.851241510497240195701611681021620155285
  ======================================================================

2026-05-25 10:05:29.1586 [INFO] [AIRS.Core.Helpers.ZfpOracleDbHelper] [TraceID: 00-b2a970242f842e5b02c43048ea75e70f-93b15dce2457dfa0-00]
  Event: 0
  Request: GET https://lcr-tp.nhi.gov.tw/api/NhiPatientImage/studies/1.2.840.1405011311801131732011012121012200126134/series/1.2.840.51111141244381216847820799116149155151129/instances/1.2.840.17230180122942297223510210933215591832308 
  Message: GetImageKey(studyInstanceUid: 1.2.840.1405011311801131732011012121012200126134, seriesInstanceUid: 1.2.840.51111141244381216847820799116149155151129, sopInstanceUid: 1.2.840.17230180122942297223510210933215591832308)
  Properties: StudyUid=1.2.840.1405011311801131732011012121012200126134; SeriesUid=1.2.840.51111141244381216847820799116149155151129; SopUid=1.2.840.17230180122942297223510210933215591832308; RequestId=40000127-0006-f300-b63f-84710c7967bb; RequestPath=/api/NhiPatientImage/studies/1.2.840.1405011311801131732011012121012200126134/series/1.2.840.51111141244381216847820799116149155151129/instances/1.2.840.17230180122942297223510210933215591832308; ActionId=aa92c01f-0771-4d00-b1d9-1444c5fbe45b; ActionName=NHI_AI_MedReportViewerWebApi.Controllers.NhiPatientImageController.GetImage (NHI-AI-MedReportViewerWebApi); StudyInstanceUid=1.2.840.1405011311801131732011012121012200126134; SeriesInstanceUid=1.2.840.51111141244381216847820799116149155151129; SopInstanceUid=1.2.840.17230180122942297223510210933215591832308
  ======================================================================

2026-05-25 10:05:29.1680 [INFO] [Polly] [TraceID: 00-b2a970242f842e5b02c43048ea75e70f-93b15dce2457dfa0-00]
  Event: 0
  Request: GET https://lcr-tp.nhi.gov.tw/api/NhiPatientImage/studies/1.2.840.1405011311801131732011012121012200126134/series/1.2.840.51111141244381216847820799116149155151129/instances/1.2.840.17230180122942297223510210933215591832308 
  Message: Execution attempt. Source: 'OracleResiliencePipeline/(null)/Retry', Operation Key: '', Result: 'NHI_ZFP_Viewer.ImageSources.ImageInfo', Handled: 'False', Attempt: '0', Execution Time: '6.2007'
  Properties: PipelineName=OracleResiliencePipeline; PipelineInstance=(null); StrategyName=Retry; Result=NHI_ZFP_Viewer.ImageSources.ImageInfo; Handled=false; Attempt=0; ExecutionTimeMs=6.2007; EventId=3; EventName=ExecutionAttempt; RequestId=40000127-0006-f300-b63f-84710c7967bb; RequestPath=/api/NhiPatientImage/studies/1.2.840.1405011311801131732011012121012200126134/series/1.2.840.51111141244381216847820799116149155151129/instances/1.2.840.17230180122942297223510210933215591832308; ActionId=aa92c01f-0771-4d00-b1d9-1444c5fbe45b; ActionName=NHI_AI_MedReportViewerWebApi.Controllers.NhiPatientImageController.GetImage (NHI-AI-MedReportViewerWebApi); StudyInstanceUid=1.2.840.1405011311801131732011012121012200126134; SeriesInstanceUid=1.2.840.51111141244381216847820799116149155151129; SopInstanceUid=1.2.840.17230180122942297223510210933215591832308
  ======================================================================

2026-05-25 10:05:29.1869 [INFO] [AIRS.Core.Helpers.ZfpOracleDbHelper] [TraceID: 00-b2a970242f842e5b02c43048ea75e70f-93b15dce2457dfa0-00]
  Event: 0
  Request: GET https://lcr-tp.nhi.gov.tw/api/NhiPatientImage/studies/1.2.840.1405011311801131732011012121012200126134/series/1.2.840.51111141244381216847820799116149155151129/instances/1.2.840.17230180122942297223510210933215591832308 
  Message: GetImageKey = Archived/20230210/1.2.840.1405011311801131732011012121012200126134/1.2.840.51111141244381216847820799116149155151129/1.2.840.17230180122942297223510210933215591832308.dcm, 21 ms elapsed.
  Properties: S3ObjectKey=Archived/20230210/1.2.840.1405011311801131732011012121012200126134/1.2.840.51111141244381216847820799116149155151129/1.2.840.17230180122942297223510210933215591832308.dcm; Elapsed=21; RequestId=40000127-0006-f300-b63f-84710c7967bb; RequestPath=/api/NhiPatientImage/studies/1.2.840.1405011311801131732011012121012200126134/series/1.2.840.51111141244381216847820799116149155151129/instances/1.2.840.17230180122942297223510210933215591832308; ActionId=aa92c01f-0771-4d00-b1d9-1444c5fbe45b; ActionName=NHI_AI_MedReportViewerWebApi.Controllers.NhiPatientImageController.GetImage (NHI-AI-MedReportViewerWebApi); StudyInstanceUid=1.2.840.1405011311801131732011012121012200126134; SeriesInstanceUid=1.2.840.51111141244381216847820799116149155151129; SopInstanceUid=1.2.840.17230180122942297223510210933215591832308
  ======================================================================

2026-05-25 10:05:29.2367 [INFO] [AIRS.Core.Common.LogForgingTools] [TraceID: 00-b2a970242f842e5b02c43048ea75e70f-93b15dce2457dfa0-00]
  Event: 0
  Request: GET https://lcr-tp.nhi.gov.tw/api/NhiPatientImage/studies/1.2.840.1405011311801131732011012121012200126134/series/1.2.840.51111141244381216847820799116149155151129/instances/1.2.840.17230180122942297223510210933215591832308 
  Message: 1779674729236 GetImage() 由 S3 取得 stream，耗時 36 ms.
  Properties: RequestId=40000127-0006-f300-b63f-84710c7967bb; RequestPath=/api/NhiPatientImage/studies/1.2.840.1405011311801131732011012121012200126134/series/1.2.840.51111141244381216847820799116149155151129/instances/1.2.840.17230180122942297223510210933215591832308; ActionId=aa92c01f-0771-4d00-b1d9-1444c5fbe45b; ActionName=NHI_AI_MedReportViewerWebApi.Controllers.NhiPatientImageController.GetImage (NHI-AI-MedReportViewerWebApi); StudyInstanceUid=1.2.840.1405011311801131732011012121012200126134; SeriesInstanceUid=1.2.840.51111141244381216847820799116149155151129; SopInstanceUid=1.2.840.17230180122942297223510210933215591832308
  ======================================================================

2026-05-25 10:05:29.2461 [INFO] [NHI_AI_MedReportViewerWebApi.Services.NhiPatientImageService] [TraceID: 00-b2a970242f842e5b02c43048ea75e70f-93b15dce2457dfa0-00]
  Event: 0
  Request: GET https://lcr-tp.nhi.gov.tw/api/NhiPatientImage/studies/1.2.840.1405011311801131732011012121012200126134/series/1.2.840.51111141244381216847820799116149155151129/instances/1.2.840.17230180122942297223510210933215591832308 
  Message: 成功從 S3 取得影像: 1.2.840.17230180122942297223510210933215591832308
  Properties: RequestId=40000127-0006-f300-b63f-84710c7967bb; RequestPath=/api/NhiPatientImage/studies/1.2.840.1405011311801131732011012121012200126134/series/1.2.840.51111141244381216847820799116149155151129/instances/1.2.840.17230180122942297223510210933215591832308; ActionId=aa92c01f-0771-4d00-b1d9-1444c5fbe45b; ActionName=NHI_AI_MedReportViewerWebApi.Controllers.NhiPatientImageController.GetImage (NHI-AI-MedReportViewerWebApi); StudyInstanceUid=1.2.840.1405011311801131732011012121012200126134; SeriesInstanceUid=1.2.840.51111141244381216847820799116149155151129; SopInstanceUid=1.2.840.17230180122942297223510210933215591832308
  ======================================================================

2026-05-25 10:05:35.3884 [INFO] [AIRS.Core.Helpers.ZfpOracleDbHelper] [TraceID: 00-a23ca1eb8aa7ce5fdd5be164b3900ae2-a579b9b2d6bbcb72-00]
  Event: 0
  Request: GET https://lcr-tp.nhi.gov.tw/api/NhiPatientImage/studies/1.2.840.192741192620116023140810067713017078213/series/1.2.840.66120190272382141921581501684383220150117188/instances/1.2.840.16612418713713025115120122814881235917417527 
  Message: GetImageKey(studyInstanceUid: 1.2.840.192741192620116023140810067713017078213, seriesInstanceUid: 1.2.840.66120190272382141921581501684383220150117188, sopInstanceUid: 1.2.840.16612418713713025115120122814881235917417527)
  Properties: StudyUid=1.2.840.192741192620116023140810067713017078213; SeriesUid=1.2.840.66120190272382141921581501684383220150117188; SopUid=1.2.840.16612418713713025115120122814881235917417527; RequestId=40000026-0004-f300-b63f-84710c7967bb; RequestPath=/api/NhiPatientImage/studies/1.2.840.192741192620116023140810067713017078213/series/1.2.840.66120190272382141921581501684383220150117188/instances/1.2.840.16612418713713025115120122814881235917417527; ActionId=aa92c01f-0771-4d00-b1d9-1444c5fbe45b; ActionName=NHI_AI_MedReportViewerWebApi.Controllers.NhiPatientImageController.GetImage (NHI-AI-MedReportViewerWebApi); StudyInstanceUid=1.2.840.192741192620116023140810067713017078213; SeriesInstanceUid=1.2.840.66120190272382141921581501684383220150117188; SopInstanceUid=1.2.840.16612418713713025115120122814881235917417527
  ======================================================================

2026-05-25 10:05:35.4005 [INFO] [Polly] [TraceID: 00-a23ca1eb8aa7ce5fdd5be164b3900ae2-a579b9b2d6bbcb72-00]
  Event: 0
  Request: GET https://lcr-tp.nhi.gov.tw/api/NhiPatientImage/studies/1.2.840.192741192620116023140810067713017078213/series/1.2.840.66120190272382141921581501684383220150117188/instances/1.2.840.16612418713713025115120122814881235917417527 
  Message: Execution attempt. Source: 'OracleResiliencePipeline/(null)/Retry', Operation Key: '', Result: 'NHI_ZFP_Viewer.ImageSources.ImageInfo', Handled: 'False', Attempt: '0', Execution Time: '5.6952'
  Properties: PipelineName=OracleResiliencePipeline; PipelineInstance=(null); StrategyName=Retry; Result=NHI_ZFP_Viewer.ImageSources.ImageInfo; Handled=false; Attempt=0; ExecutionTimeMs=5.6952; EventId=3; EventName=ExecutionAttempt; RequestId=40000026-0004-f300-b63f-84710c7967bb; RequestPath=/api/NhiPatientImage/studies/1.2.840.192741192620116023140810067713017078213/series/1.2.840.66120190272382141921581501684383220150117188/instances/1.2.840.16612418713713025115120122814881235917417527; ActionId=aa92c01f-0771-4d00-b1d9-1444c5fbe45b; ActionName=NHI_AI_MedReportViewerWebApi.Controllers.NhiPatientImageController.GetImage (NHI-AI-MedReportViewerWebApi); StudyInstanceUid=1.2.840.192741192620116023140810067713017078213; SeriesInstanceUid=1.2.840.66120190272382141921581501684383220150117188; SopInstanceUid=1.2.840.16612418713713025115120122814881235917417527
  ======================================================================

2026-05-25 10:05:35.4188 [INFO] [AIRS.Core.Helpers.ZfpOracleDbHelper] [TraceID: 00-a23ca1eb8aa7ce5fdd5be164b3900ae2-a579b9b2d6bbcb72-00]
  Event: 0
  Request: GET https://lcr-tp.nhi.gov.tw/api/NhiPatientImage/studies/1.2.840.192741192620116023140810067713017078213/series/1.2.840.66120190272382141921581501684383220150117188/instances/1.2.840.16612418713713025115120122814881235917417527 
  Message: GetImageKey = Archived/20221110/1.2.840.192741192620116023140810067713017078213/1.2.840.66120190272382141921581501684383220150117188/1.2.840.16612418713713025115120122814881235917417527.dcm, 20 ms elapsed.
  Properties: S3ObjectKey=Archived/20221110/1.2.840.192741192620116023140810067713017078213/1.2.840.66120190272382141921581501684383220150117188/1.2.840.16612418713713025115120122814881235917417527.dcm; Elapsed=20; RequestId=40000026-0004-f300-b63f-84710c7967bb; RequestPath=/api/NhiPatientImage/studies/1.2.840.192741192620116023140810067713017078213/series/1.2.840.66120190272382141921581501684383220150117188/instances/1.2.840.16612418713713025115120122814881235917417527; ActionId=aa92c01f-0771-4d00-b1d9-1444c5fbe45b; ActionName=NHI_AI_MedReportViewerWebApi.Controllers.NhiPatientImageController.GetImage (NHI-AI-MedReportViewerWebApi); StudyInstanceUid=1.2.840.192741192620116023140810067713017078213; SeriesInstanceUid=1.2.840.66120190272382141921581501684383220150117188; SopInstanceUid=1.2.840.16612418713713025115120122814881235917417527
  ======================================================================

2026-05-25 10:05:35.4507 [INFO] [AIRS.Core.Helpers.ZfpOracleDbHelper] [TraceID: 00-2a3fb1728ade338ba4cf1c8941a006d6-bbf8b82ebff2dfbf-00]
  Event: 0
  Request: GET https://lcr-tp.nhi.gov.tw/api/NhiPatientImage/studies/1.2.840.192741192620116023140810067713017078213/series/1.2.840.66120190272382141921581501684383220150117188/instances/1.2.840.589012233195924412521594146104148293843 
  Message: GetImageKey(studyInstanceUid: 1.2.840.192741192620116023140810067713017078213, seriesInstanceUid: 1.2.840.66120190272382141921581501684383220150117188, sopInstanceUid: 1.2.840.589012233195924412521594146104148293843)
  Properties: StudyUid=1.2.840.192741192620116023140810067713017078213; SeriesUid=1.2.840.66120190272382141921581501684383220150117188; SopUid=1.2.840.589012233195924412521594146104148293843; RequestId=40000094-0004-fc00-b63f-84710c7967bb; RequestPath=/api/NhiPatientImage/studies/1.2.840.192741192620116023140810067713017078213/series/1.2.840.66120190272382141921581501684383220150117188/instances/1.2.840.589012233195924412521594146104148293843; ActionId=aa92c01f-0771-4d00-b1d9-1444c5fbe45b; ActionName=NHI_AI_MedReportViewerWebApi.Controllers.NhiPatientImageController.GetImage (NHI-AI-MedReportViewerWebApi); StudyInstanceUid=1.2.840.192741192620116023140810067713017078213; SeriesInstanceUid=1.2.840.66120190272382141921581501684383220150117188; SopInstanceUid=1.2.840.589012233195924412521594146104148293843
  ======================================================================

2026-05-25 10:05:35.4606 [INFO] [Polly] [TraceID: 00-2a3fb1728ade338ba4cf1c8941a006d6-bbf8b82ebff2dfbf-00]
  Event: 0
  Request: GET https://lcr-tp.nhi.gov.tw/api/NhiPatientImage/studies/1.2.840.192741192620116023140810067713017078213/series/1.2.840.66120190272382141921581501684383220150117188/instances/1.2.840.589012233195924412521594146104148293843 
  Message: Execution attempt. Source: 'OracleResiliencePipeline/(null)/Retry', Operation Key: '', Result: 'NHI_ZFP_Viewer.ImageSources.ImageInfo', Handled: 'False', Attempt: '0', Execution Time: '6.3193'
  Properties: PipelineName=OracleResiliencePipeline; PipelineInstance=(null); StrategyName=Retry; Result=NHI_ZFP_Viewer.ImageSources.ImageInfo; Handled=false; Attempt=0; ExecutionTimeMs=6.3193; EventId=3; EventName=ExecutionAttempt; RequestId=40000094-0004-fc00-b63f-84710c7967bb; RequestPath=/api/NhiPatientImage/studies/1.2.840.192741192620116023140810067713017078213/series/1.2.840.66120190272382141921581501684383220150117188/instances/1.2.840.589012233195924412521594146104148293843; ActionId=aa92c01f-0771-4d00-b1d9-1444c5fbe45b; ActionName=NHI_AI_MedReportViewerWebApi.Controllers.NhiPatientImageController.GetImage (NHI-AI-MedReportViewerWebApi); StudyInstanceUid=1.2.840.192741192620116023140810067713017078213; SeriesInstanceUid=1.2.840.66120190272382141921581501684383220150117188; SopInstanceUid=1.2.840.589012233195924412521594146104148293843
  ======================================================================

2026-05-25 10:05:35.4746 [INFO] [AIRS.Core.Common.LogForgingTools] [TraceID: 00-a23ca1eb8aa7ce5fdd5be164b3900ae2-a579b9b2d6bbcb72-00]
  Event: 0
  Request: GET https://lcr-tp.nhi.gov.tw/api/NhiPatientImage/studies/1.2.840.192741192620116023140810067713017078213/series/1.2.840.66120190272382141921581501684383220150117188/instances/1.2.840.16612418713713025115120122814881235917417527 
  Message: 1779674735474 GetImage() 由 S3 取得 stream，耗時 42 ms.
  Properties: RequestId=40000026-0004-f300-b63f-84710c7967bb; RequestPath=/api/NhiPatientImage/studies/1.2.840.192741192620116023140810067713017078213/series/1.2.840.66120190272382141921581501684383220150117188/instances/1.2.840.16612418713713025115120122814881235917417527; ActionId=aa92c01f-0771-4d00-b1d9-1444c5fbe45b; ActionName=NHI_AI_MedReportViewerWebApi.Controllers.NhiPatientImageController.GetImage (NHI-AI-MedReportViewerWebApi); StudyInstanceUid=1.2.840.192741192620116023140810067713017078213; SeriesInstanceUid=1.2.840.66120190272382141921581501684383220150117188; SopInstanceUid=1.2.840.16612418713713025115120122814881235917417527
  ======================================================================

2026-05-25 10:05:35.4746 [INFO] [AIRS.Core.Helpers.ZfpOracleDbHelper] [TraceID: 00-2a3fb1728ade338ba4cf1c8941a006d6-bbf8b82ebff2dfbf-00]
  Event: 0
  Request: GET https://lcr-tp.nhi.gov.tw/api/NhiPatientImage/studies/1.2.840.192741192620116023140810067713017078213/series/1.2.840.66120190272382141921581501684383220150117188/instances/1.2.840.589012233195924412521594146104148293843 
  Message: GetImageKey = Archived/20221110/1.2.840.192741192620116023140810067713017078213/1.2.840.66120190272382141921581501684383220150117188/1.2.840.589012233195924412521594146104148293843.dcm, 22 ms elapsed.
  Properties: S3ObjectKey=Archived/20221110/1.2.840.192741192620116023140810067713017078213/1.2.840.66120190272382141921581501684383220150117188/1.2.840.589012233195924412521594146104148293843.dcm; Elapsed=22; RequestId=40000094-0004-fc00-b63f-84710c7967bb; RequestPath=/api/NhiPatientImage/studies/1.2.840.192741192620116023140810067713017078213/series/1.2.840.66120190272382141921581501684383220150117188/instances/1.2.840.589012233195924412521594146104148293843; ActionId=aa92c01f-0771-4d00-b1d9-1444c5fbe45b; ActionName=NHI_AI_MedReportViewerWebApi.Controllers.NhiPatientImageController.GetImage (NHI-AI-MedReportViewerWebApi); StudyInstanceUid=1.2.840.192741192620116023140810067713017078213; SeriesInstanceUid=1.2.840.66120190272382141921581501684383220150117188; SopInstanceUid=1.2.840.589012233195924412521594146104148293843
  ======================================================================

2026-05-25 10:05:35.4746 [INFO] [NHI_AI_MedReportViewerWebApi.Services.NhiPatientImageService] [TraceID: 00-a23ca1eb8aa7ce5fdd5be164b3900ae2-a579b9b2d6bbcb72-00]
  Event: 0
  Request: GET https://lcr-tp.nhi.gov.tw/api/NhiPatientImage/studies/1.2.840.192741192620116023140810067713017078213/series/1.2.840.66120190272382141921581501684383220150117188/instances/1.2.840.16612418713713025115120122814881235917417527 
  Message: 成功從 S3 取得影像: 1.2.840.16612418713713025115120122814881235917417527
  Properties: RequestId=40000026-0004-f300-b63f-84710c7967bb; RequestPath=/api/NhiPatientImage/studies/1.2.840.192741192620116023140810067713017078213/series/1.2.840.66120190272382141921581501684383220150117188/instances/1.2.840.16612418713713025115120122814881235917417527; ActionId=aa92c01f-0771-4d00-b1d9-1444c5fbe45b; ActionName=NHI_AI_MedReportViewerWebApi.Controllers.NhiPatientImageController.GetImage (NHI-AI-MedReportViewerWebApi); StudyInstanceUid=1.2.840.192741192620116023140810067713017078213; SeriesInstanceUid=1.2.840.66120190272382141921581501684383220150117188; SopInstanceUid=1.2.840.16612418713713025115120122814881235917417527
  ======================================================================

2026-05-25 10:05:35.5125 [INFO] [AIRS.Core.Helpers.ZfpOracleDbHelper] [TraceID: 00-91afe8ea1632adca75ced8961944af5e-bb23e60946d42709-00]
  Event: 0
  Request: GET https://lcr-tp.nhi.gov.tw/api/NhiPatientImage/studies/1.2.840.192741192620116023140810067713017078213/series/1.2.840.66120190272382141921581501684383220150117188/instances/1.2.840.561481681911956885923419012710797119127124 
  Message: GetImageKey(studyInstanceUid: 1.2.840.192741192620116023140810067713017078213, seriesInstanceUid: 1.2.840.66120190272382141921581501684383220150117188, sopInstanceUid: 1.2.840.561481681911956885923419012710797119127124)
  Properties: StudyUid=1.2.840.192741192620116023140810067713017078213; SeriesUid=1.2.840.66120190272382141921581501684383220150117188; SopUid=1.2.840.561481681911956885923419012710797119127124; RequestId=40000028-0004-f300-b63f-84710c7967bb; RequestPath=/api/NhiPatientImage/studies/1.2.840.192741192620116023140810067713017078213/series/1.2.840.66120190272382141921581501684383220150117188/instances/1.2.840.561481681911956885923419012710797119127124; ActionId=aa92c01f-0771-4d00-b1d9-1444c5fbe45b; ActionName=NHI_AI_MedReportViewerWebApi.Controllers.NhiPatientImageController.GetImage (NHI-AI-MedReportViewerWebApi); StudyInstanceUid=1.2.840.192741192620116023140810067713017078213; SeriesInstanceUid=1.2.840.66120190272382141921581501684383220150117188; SopInstanceUid=1.2.840.561481681911956885923419012710797119127124
  ======================================================================

2026-05-25 10:05:35.5219 [INFO] [AIRS.Core.Common.LogForgingTools] [TraceID: 00-2a3fb1728ade338ba4cf1c8941a006d6-bbf8b82ebff2dfbf-00]
  Event: 0
  Request: GET https://lcr-tp.nhi.gov.tw/api/NhiPatientImage/studies/1.2.840.192741192620116023140810067713017078213/series/1.2.840.66120190272382141921581501684383220150117188/instances/1.2.840.589012233195924412521594146104148293843 
  Message: 1779674735523 GetImage() 由 S3 取得 stream，耗時 30 ms.
  Properties: RequestId=40000094-0004-fc00-b63f-84710c7967bb; RequestPath=/api/NhiPatientImage/studies/1.2.840.192741192620116023140810067713017078213/series/1.2.840.66120190272382141921581501684383220150117188/instances/1.2.840.589012233195924412521594146104148293843; ActionId=aa92c01f-0771-4d00-b1d9-1444c5fbe45b; ActionName=NHI_AI_MedReportViewerWebApi.Controllers.NhiPatientImageController.GetImage (NHI-AI-MedReportViewerWebApi); StudyInstanceUid=1.2.840.192741192620116023140810067713017078213; SeriesInstanceUid=1.2.840.66120190272382141921581501684383220150117188; SopInstanceUid=1.2.840.589012233195924412521594146104148293843
  ======================================================================

2026-05-25 10:05:35.5219 [INFO] [Polly] [TraceID: 00-91afe8ea1632adca75ced8961944af5e-bb23e60946d42709-00]
  Event: 0
  Request: GET https://lcr-tp.nhi.gov.tw/api/NhiPatientImage/studies/1.2.840.192741192620116023140810067713017078213/series/1.2.840.66120190272382141921581501684383220150117188/instances/1.2.840.561481681911956885923419012710797119127124 
  Message: Execution attempt. Source: 'OracleResiliencePipeline/(null)/Retry', Operation Key: '', Result: 'NHI_ZFP_Viewer.ImageSources.ImageInfo', Handled: 'False', Attempt: '0', Execution Time: '6.5066'
  Properties: PipelineName=OracleResiliencePipeline; PipelineInstance=(null); StrategyName=Retry; Result=NHI_ZFP_Viewer.ImageSources.ImageInfo; Handled=false; Attempt=0; ExecutionTimeMs=6.5066; EventId=3; EventName=ExecutionAttempt; RequestId=40000028-0004-f300-b63f-84710c7967bb; RequestPath=/api/NhiPatientImage/studies/1.2.840.192741192620116023140810067713017078213/series/1.2.840.66120190272382141921581501684383220150117188/instances/1.2.840.561481681911956885923419012710797119127124; ActionId=aa92c01f-0771-4d00-b1d9-1444c5fbe45b; ActionName=NHI_AI_MedReportViewerWebApi.Controllers.NhiPatientImageController.GetImage (NHI-AI-MedReportViewerWebApi); StudyInstanceUid=1.2.840.192741192620116023140810067713017078213; SeriesInstanceUid=1.2.840.66120190272382141921581501684383220150117188; SopInstanceUid=1.2.840.561481681911956885923419012710797119127124
  ======================================================================

2026-05-25 10:05:35.5219 [INFO] [NHI_AI_MedReportViewerWebApi.Services.NhiPatientImageService] [TraceID: 00-2a3fb1728ade338ba4cf1c8941a006d6-bbf8b82ebff2dfbf-00]
  Event: 0
  Request: GET https://lcr-tp.nhi.gov.tw/api/NhiPatientImage/studies/1.2.840.192741192620116023140810067713017078213/series/1.2.840.66120190272382141921581501684383220150117188/instances/1.2.840.589012233195924412521594146104148293843 
  Message: 成功從 S3 取得影像: 1.2.840.589012233195924412521594146104148293843
  Properties: RequestId=40000094-0004-fc00-b63f-84710c7967bb; RequestPath=/api/NhiPatientImage/studies/1.2.840.192741192620116023140810067713017078213/series/1.2.840.66120190272382141921581501684383220150117188/instances/1.2.840.589012233195924412521594146104148293843; ActionId=aa92c01f-0771-4d00-b1d9-1444c5fbe45b; ActionName=NHI_AI_MedReportViewerWebApi.Controllers.NhiPatientImageController.GetImage (NHI-AI-MedReportViewerWebApi); StudyInstanceUid=1.2.840.192741192620116023140810067713017078213; SeriesInstanceUid=1.2.840.66120190272382141921581501684383220150117188; SopInstanceUid=1.2.840.589012233195924412521594146104148293843
  ======================================================================

2026-05-25 10:05:35.5419 [INFO] [AIRS.Core.Helpers.ZfpOracleDbHelper] [TraceID: 00-91afe8ea1632adca75ced8961944af5e-bb23e60946d42709-00]
  Event: 0
  Request: GET https://lcr-tp.nhi.gov.tw/api/NhiPatientImage/studies/1.2.840.192741192620116023140810067713017078213/series/1.2.840.66120190272382141921581501684383220150117188/instances/1.2.840.561481681911956885923419012710797119127124 
  Message: GetImageKey = Archived/20221110/1.2.840.192741192620116023140810067713017078213/1.2.840.66120190272382141921581501684383220150117188/1.2.840.561481681911956885923419012710797119127124.dcm, 23 ms elapsed.
  Properties: S3ObjectKey=Archived/20221110/1.2.840.192741192620116023140810067713017078213/1.2.840.66120190272382141921581501684383220150117188/1.2.840.561481681911956885923419012710797119127124.dcm; Elapsed=23; RequestId=40000028-0004-f300-b63f-84710c7967bb; RequestPath=/api/NhiPatientImage/studies/1.2.840.192741192620116023140810067713017078213/series/1.2.840.66120190272382141921581501684383220150117188/instances/1.2.840.561481681911956885923419012710797119127124; ActionId=aa92c01f-0771-4d00-b1d9-1444c5fbe45b; ActionName=NHI_AI_MedReportViewerWebApi.Controllers.NhiPatientImageController.GetImage (NHI-AI-MedReportViewerWebApi); StudyInstanceUid=1.2.840.192741192620116023140810067713017078213; SeriesInstanceUid=1.2.840.66120190272382141921581501684383220150117188; SopInstanceUid=1.2.840.561481681911956885923419012710797119127124
  ======================================================================

2026-05-25 10:05:35.5881 [INFO] [AIRS.Core.Common.LogForgingTools] [TraceID: 00-91afe8ea1632adca75ced8961944af5e-bb23e60946d42709-00]
  Event: 0
  Request: GET https://lcr-tp.nhi.gov.tw/api/NhiPatientImage/studies/1.2.840.192741192620116023140810067713017078213/series/1.2.840.66120190272382141921581501684383220150117188/instances/1.2.840.561481681911956885923419012710797119127124 
  Message: 1779674735588 GetImage() 由 S3 取得 stream，耗時 33 ms.
  Properties: RequestId=40000028-0004-f300-b63f-84710c7967bb; RequestPath=/api/NhiPatientImage/studies/1.2.840.192741192620116023140810067713017078213/series/1.2.840.66120190272382141921581501684383220150117188/instances/1.2.840.561481681911956885923419012710797119127124; ActionId=aa92c01f-0771-4d00-b1d9-1444c5fbe45b; ActionName=NHI_AI_MedReportViewerWebApi.Controllers.NhiPatientImageController.GetImage (NHI-AI-MedReportViewerWebApi); StudyInstanceUid=1.2.840.192741192620116023140810067713017078213; SeriesInstanceUid=1.2.840.66120190272382141921581501684383220150117188; SopInstanceUid=1.2.840.561481681911956885923419012710797119127124
  ======================================================================

2026-05-25 10:05:35.5881 [INFO] [NHI_AI_MedReportViewerWebApi.Services.NhiPatientImageService] [TraceID: 00-91afe8ea1632adca75ced8961944af5e-bb23e60946d42709-00]
  Event: 0
  Request: GET https://lcr-tp.nhi.gov.tw/api/NhiPatientImage/studies/1.2.840.192741192620116023140810067713017078213/series/1.2.840.66120190272382141921581501684383220150117188/instances/1.2.840.561481681911956885923419012710797119127124 
  Message: 成功從 S3 取得影像: 1.2.840.561481681911956885923419012710797119127124
  Properties: RequestId=40000028-0004-f300-b63f-84710c7967bb; RequestPath=/api/NhiPatientImage/studies/1.2.840.192741192620116023140810067713017078213/series/1.2.840.66120190272382141921581501684383220150117188/instances/1.2.840.561481681911956885923419012710797119127124; ActionId=aa92c01f-0771-4d00-b1d9-1444c5fbe45b; ActionName=NHI_AI_MedReportViewerWebApi.Controllers.NhiPatientImageController.GetImage (NHI-AI-MedReportViewerWebApi); StudyInstanceUid=1.2.840.192741192620116023140810067713017078213; SeriesInstanceUid=1.2.840.66120190272382141921581501684383220150117188; SopInstanceUid=1.2.840.561481681911956885923419012710797119127124
  ======================================================================

2026-05-25 10:05:35.7624 [INFO] [AIRS.Core.Helpers.ZfpOracleDbHelper] [TraceID: 00-e45befed0cd9c65149e0de3b4b27044f-a429357b723ecd02-00]
  Event: 0
  Request: GET https://lcr-tp.nhi.gov.tw/api/NhiPatientImage/studies/1.2.840.192741192620116023140810067713017078213/series/1.2.840.66120190272382141921581501684383220150117188/instances/1.2.840.1302522281281431532152037316686241193186112216 
  Message: GetImageKey(studyInstanceUid: 1.2.840.192741192620116023140810067713017078213, seriesInstanceUid: 1.2.840.66120190272382141921581501684383220150117188, sopInstanceUid: 1.2.840.1302522281281431532152037316686241193186112216)
  Properties: StudyUid=1.2.840.192741192620116023140810067713017078213; SeriesUid=1.2.840.66120190272382141921581501684383220150117188; SopUid=1.2.840.1302522281281431532152037316686241193186112216; RequestId=4000002a-0004-f300-b63f-84710c7967bb; RequestPath=/api/NhiPatientImage/studies/1.2.840.192741192620116023140810067713017078213/series/1.2.840.66120190272382141921581501684383220150117188/instances/1.2.840.1302522281281431532152037316686241193186112216; ActionId=aa92c01f-0771-4d00-b1d9-1444c5fbe45b; ActionName=NHI_AI_MedReportViewerWebApi.Controllers.NhiPatientImageController.GetImage (NHI-AI-MedReportViewerWebApi); StudyInstanceUid=1.2.840.192741192620116023140810067713017078213; SeriesInstanceUid=1.2.840.66120190272382141921581501684383220150117188; SopInstanceUid=1.2.840.1302522281281431532152037316686241193186112216
  ======================================================================

2026-05-25 10:05:35.7721 [INFO] [Polly] [TraceID: 00-e45befed0cd9c65149e0de3b4b27044f-a429357b723ecd02-00]
  Event: 0
  Request: GET https://lcr-tp.nhi.gov.tw/api/NhiPatientImage/studies/1.2.840.192741192620116023140810067713017078213/series/1.2.840.66120190272382141921581501684383220150117188/instances/1.2.840.1302522281281431532152037316686241193186112216 
  Message: Execution attempt. Source: 'OracleResiliencePipeline/(null)/Retry', Operation Key: '', Result: 'NHI_ZFP_Viewer.ImageSources.ImageInfo', Handled: 'False', Attempt: '0', Execution Time: '11.6579'
  Properties: PipelineName=OracleResiliencePipeline; PipelineInstance=(null); StrategyName=Retry; Result=NHI_ZFP_Viewer.ImageSources.ImageInfo; Handled=false; Attempt=0; ExecutionTimeMs=11.6579; EventId=3; EventName=ExecutionAttempt; RequestId=4000002a-0004-f300-b63f-84710c7967bb; RequestPath=/api/NhiPatientImage/studies/1.2.840.192741192620116023140810067713017078213/series/1.2.840.66120190272382141921581501684383220150117188/instances/1.2.840.1302522281281431532152037316686241193186112216; ActionId=aa92c01f-0771-4d00-b1d9-1444c5fbe45b; ActionName=NHI_AI_MedReportViewerWebApi.Controllers.NhiPatientImageController.GetImage (NHI-AI-MedReportViewerWebApi); StudyInstanceUid=1.2.840.192741192620116023140810067713017078213; SeriesInstanceUid=1.2.840.66120190272382141921581501684383220150117188; SopInstanceUid=1.2.840.1302522281281431532152037316686241193186112216
  ======================================================================

2026-05-25 10:05:35.7970 [INFO] [AIRS.Core.Helpers.ZfpOracleDbHelper] [TraceID: 00-e45befed0cd9c65149e0de3b4b27044f-a429357b723ecd02-00]
  Event: 0
  Request: GET https://lcr-tp.nhi.gov.tw/api/NhiPatientImage/studies/1.2.840.192741192620116023140810067713017078213/series/1.2.840.66120190272382141921581501684383220150117188/instances/1.2.840.1302522281281431532152037316686241193186112216 
  Message: GetImageKey = Archived/20221110/1.2.840.192741192620116023140810067713017078213/1.2.840.66120190272382141921581501684383220150117188/1.2.840.1302522281281431532152037316686241193186112216.dcm, 28 ms elapsed.
  Properties: S3ObjectKey=Archived/20221110/1.2.840.192741192620116023140810067713017078213/1.2.840.66120190272382141921581501684383220150117188/1.2.840.1302522281281431532152037316686241193186112216.dcm; Elapsed=28; RequestId=4000002a-0004-f300-b63f-84710c7967bb; RequestPath=/api/NhiPatientImage/studies/1.2.840.192741192620116023140810067713017078213/series/1.2.840.66120190272382141921581501684383220150117188/instances/1.2.840.1302522281281431532152037316686241193186112216; ActionId=aa92c01f-0771-4d00-b1d9-1444c5fbe45b; ActionName=NHI_AI_MedReportViewerWebApi.Controllers.NhiPatientImageController.GetImage (NHI-AI-MedReportViewerWebApi); StudyInstanceUid=1.2.840.192741192620116023140810067713017078213; SeriesInstanceUid=1.2.840.66120190272382141921581501684383220150117188; SopInstanceUid=1.2.840.1302522281281431532152037316686241193186112216
  ======================================================================

2026-05-25 10:05:35.8515 [INFO] [AIRS.Core.Common.LogForgingTools] [TraceID: 00-e45befed0cd9c65149e0de3b4b27044f-a429357b723ecd02-00]
  Event: 0
  Request: GET https://lcr-tp.nhi.gov.tw/api/NhiPatientImage/studies/1.2.840.192741192620116023140810067713017078213/series/1.2.840.66120190272382141921581501684383220150117188/instances/1.2.840.1302522281281431532152037316686241193186112216 
  Message: 1779674735851 GetImage() 由 S3 取得 stream，耗時 39 ms.
  Properties: RequestId=4000002a-0004-f300-b63f-84710c7967bb; RequestPath=/api/NhiPatientImage/studies/1.2.840.192741192620116023140810067713017078213/series/1.2.840.66120190272382141921581501684383220150117188/instances/1.2.840.1302522281281431532152037316686241193186112216; ActionId=aa92c01f-0771-4d00-b1d9-1444c5fbe45b; ActionName=NHI_AI_MedReportViewerWebApi.Controllers.NhiPatientImageController.GetImage (NHI-AI-MedReportViewerWebApi); StudyInstanceUid=1.2.840.192741192620116023140810067713017078213; SeriesInstanceUid=1.2.840.66120190272382141921581501684383220150117188; SopInstanceUid=1.2.840.1302522281281431532152037316686241193186112216
  ======================================================================

2026-05-25 10:05:35.8515 [INFO] [NHI_AI_MedReportViewerWebApi.Services.NhiPatientImageService] [TraceID: 00-e45befed0cd9c65149e0de3b4b27044f-a429357b723ecd02-00]
  Event: 0
  Request: GET https://lcr-tp.nhi.gov.tw/api/NhiPatientImage/studies/1.2.840.192741192620116023140810067713017078213/series/1.2.840.66120190272382141921581501684383220150117188/instances/1.2.840.1302522281281431532152037316686241193186112216 
  Message: 成功從 S3 取得影像: 1.2.840.1302522281281431532152037316686241193186112216
  Properties: RequestId=4000002a-0004-f300-b63f-84710c7967bb; RequestPath=/api/NhiPatientImage/studies/1.2.840.192741192620116023140810067713017078213/series/1.2.840.66120190272382141921581501684383220150117188/instances/1.2.840.1302522281281431532152037316686241193186112216; ActionId=aa92c01f-0771-4d00-b1d9-1444c5fbe45b; ActionName=NHI_AI_MedReportViewerWebApi.Controllers.NhiPatientImageController.GetImage (NHI-AI-MedReportViewerWebApi); StudyInstanceUid=1.2.840.192741192620116023140810067713017078213; SeriesInstanceUid=1.2.840.66120190272382141921581501684383220150117188; SopInstanceUid=1.2.840.1302522281281431532152037316686241193186112216
  ======================================================================

2026-05-25 10:05:36.0454 [INFO] [AIRS.Core.Helpers.ZfpOracleDbHelper] [TraceID: 00-bb299e888e0b0773fd08a4533b44be66-b28df9b4836b273d-00]
  Event: 0
  Request: GET https://lcr-tp.nhi.gov.tw/api/NhiPatientImage/studies/1.2.840.192741192620116023140810067713017078213/series/1.2.840.66120190272382141921581501684383220150117188/instances/1.2.840.129431542205022137967813311510312120414486 
  Message: GetImageKey(studyInstanceUid: 1.2.840.192741192620116023140810067713017078213, seriesInstanceUid: 1.2.840.66120190272382141921581501684383220150117188, sopInstanceUid: 1.2.840.129431542205022137967813311510312120414486)
  Properties: StudyUid=1.2.840.192741192620116023140810067713017078213; SeriesUid=1.2.840.66120190272382141921581501684383220150117188; SopUid=1.2.840.129431542205022137967813311510312120414486; RequestId=4000002c-0004-f300-b63f-84710c7967bb; RequestPath=/api/NhiPatientImage/studies/1.2.840.192741192620116023140810067713017078213/series/1.2.840.66120190272382141921581501684383220150117188/instances/1.2.840.129431542205022137967813311510312120414486; ActionId=aa92c01f-0771-4d00-b1d9-1444c5fbe45b; ActionName=NHI_AI_MedReportViewerWebApi.Controllers.NhiPatientImageController.GetImage (NHI-AI-MedReportViewerWebApi); StudyInstanceUid=1.2.840.192741192620116023140810067713017078213; SeriesInstanceUid=1.2.840.66120190272382141921581501684383220150117188; SopInstanceUid=1.2.840.129431542205022137967813311510312120414486
  ======================================================================

2026-05-25 10:05:36.0551 [INFO] [Polly] [TraceID: 00-bb299e888e0b0773fd08a4533b44be66-b28df9b4836b273d-00]
  Event: 0
  Request: GET https://lcr-tp.nhi.gov.tw/api/NhiPatientImage/studies/1.2.840.192741192620116023140810067713017078213/series/1.2.840.66120190272382141921581501684383220150117188/instances/1.2.840.129431542205022137967813311510312120414486 
  Message: Execution attempt. Source: 'OracleResiliencePipeline/(null)/Retry', Operation Key: '', Result: 'NHI_ZFP_Viewer.ImageSources.ImageInfo', Handled: 'False', Attempt: '0', Execution Time: '6.4857'
  Properties: PipelineName=OracleResiliencePipeline; PipelineInstance=(null); StrategyName=Retry; Result=NHI_ZFP_Viewer.ImageSources.ImageInfo; Handled=false; Attempt=0; ExecutionTimeMs=6.4857; EventId=3; EventName=ExecutionAttempt; RequestId=4000002c-0004-f300-b63f-84710c7967bb; RequestPath=/api/NhiPatientImage/studies/1.2.840.192741192620116023140810067713017078213/series/1.2.840.66120190272382141921581501684383220150117188/instances/1.2.840.129431542205022137967813311510312120414486; ActionId=aa92c01f-0771-4d00-b1d9-1444c5fbe45b; ActionName=NHI_AI_MedReportViewerWebApi.Controllers.NhiPatientImageController.GetImage (NHI-AI-MedReportViewerWebApi); StudyInstanceUid=1.2.840.192741192620116023140810067713017078213; SeriesInstanceUid=1.2.840.66120190272382141921581501684383220150117188; SopInstanceUid=1.2.840.129431542205022137967813311510312120414486
  ======================================================================

2026-05-25 10:05:36.0743 [INFO] [AIRS.Core.Helpers.ZfpOracleDbHelper] [TraceID: 00-bb299e888e0b0773fd08a4533b44be66-b28df9b4836b273d-00]
  Event: 0
  Request: GET https://lcr-tp.nhi.gov.tw/api/NhiPatientImage/studies/1.2.840.192741192620116023140810067713017078213/series/1.2.840.66120190272382141921581501684383220150117188/instances/1.2.840.129431542205022137967813311510312120414486 
  Message: GetImageKey = Archived/20221110/1.2.840.192741192620116023140810067713017078213/1.2.840.66120190272382141921581501684383220150117188/1.2.840.129431542205022137967813311510312120414486.dcm, 21 ms elapsed.
  Properties: S3ObjectKey=Archived/20221110/1.2.840.192741192620116023140810067713017078213/1.2.840.66120190272382141921581501684383220150117188/1.2.840.129431542205022137967813311510312120414486.dcm; Elapsed=21; RequestId=4000002c-0004-f300-b63f-84710c7967bb; RequestPath=/api/NhiPatientImage/studies/1.2.840.192741192620116023140810067713017078213/series/1.2.840.66120190272382141921581501684383220150117188/instances/1.2.840.129431542205022137967813311510312120414486; ActionId=aa92c01f-0771-4d00-b1d9-1444c5fbe45b; ActionName=NHI_AI_MedReportViewerWebApi.Controllers.NhiPatientImageController.GetImage (NHI-AI-MedReportViewerWebApi); StudyInstanceUid=1.2.840.192741192620116023140810067713017078213; SeriesInstanceUid=1.2.840.66120190272382141921581501684383220150117188; SopInstanceUid=1.2.840.129431542205022137967813311510312120414486
  ======================================================================

2026-05-25 10:05:36.1335 [INFO] [AIRS.Core.Common.LogForgingTools] [TraceID: 00-bb299e888e0b0773fd08a4533b44be66-b28df9b4836b273d-00]
  Event: 0
  Request: GET https://lcr-tp.nhi.gov.tw/api/NhiPatientImage/studies/1.2.840.192741192620116023140810067713017078213/series/1.2.840.66120190272382141921581501684383220150117188/instances/1.2.840.129431542205022137967813311510312120414486 
  Message: 1779674736133 GetImage() 由 S3 取得 stream，耗時 46 ms.
  Properties: RequestId=4000002c-0004-f300-b63f-84710c7967bb; RequestPath=/api/NhiPatientImage/studies/1.2.840.192741192620116023140810067713017078213/series/1.2.840.66120190272382141921581501684383220150117188/instances/1.2.840.129431542205022137967813311510312120414486; ActionId=aa92c01f-0771-4d00-b1d9-1444c5fbe45b; ActionName=NHI_AI_MedReportViewerWebApi.Controllers.NhiPatientImageController.GetImage (NHI-AI-MedReportViewerWebApi); StudyInstanceUid=1.2.840.192741192620116023140810067713017078213; SeriesInstanceUid=1.2.840.66120190272382141921581501684383220150117188; SopInstanceUid=1.2.840.129431542205022137967813311510312120414486
  ======================================================================

2026-05-25 10:05:36.1335 [INFO] [NHI_AI_MedReportViewerWebApi.Services.NhiPatientImageService] [TraceID: 00-bb299e888e0b0773fd08a4533b44be66-b28df9b4836b273d-00]
  Event: 0
  Request: GET https://lcr-tp.nhi.gov.tw/api/NhiPatientImage/studies/1.2.840.192741192620116023140810067713017078213/series/1.2.840.66120190272382141921581501684383220150117188/instances/1.2.840.129431542205022137967813311510312120414486 
  Message: 成功從 S3 取得影像: 1.2.840.129431542205022137967813311510312120414486
  Properties: RequestId=4000002c-0004-f300-b63f-84710c7967bb; RequestPath=/api/NhiPatientImage/studies/1.2.840.192741192620116023140810067713017078213/series/1.2.840.66120190272382141921581501684383220150117188/instances/1.2.840.129431542205022137967813311510312120414486; ActionId=aa92c01f-0771-4d00-b1d9-1444c5fbe45b; ActionName=NHI_AI_MedReportViewerWebApi.Controllers.NhiPatientImageController.GetImage (NHI-AI-MedReportViewerWebApi); StudyInstanceUid=1.2.840.192741192620116023140810067713017078213; SeriesInstanceUid=1.2.840.66120190272382141921581501684383220150117188; SopInstanceUid=1.2.840.129431542205022137967813311510312120414486
  ======================================================================

2026-05-25 10:05:37.3772 [INFO] [AIRS.Core.Helpers.ZfpOracleDbHelper] [TraceID: 00-f8946907f8e5555f57d1ffc8d5c48e46-5afc7df01347d78b-00]
  Event: 0
  Request: GET https://lcr-tp.nhi.gov.tw/api/NhiPatientImage/studies/1.2.840.192741192620116023140810067713017078213/series/1.2.840.66120190272382141921581501684383220150117188/instances/1.2.840.20394401162441902512235435181210729169239 
  Message: GetImageKey(studyInstanceUid: 1.2.840.192741192620116023140810067713017078213, seriesInstanceUid: 1.2.840.66120190272382141921581501684383220150117188, sopInstanceUid: 1.2.840.20394401162441902512235435181210729169239)
  Properties: StudyUid=1.2.840.192741192620116023140810067713017078213; SeriesUid=1.2.840.66120190272382141921581501684383220150117188; SopUid=1.2.840.20394401162441902512235435181210729169239; RequestId=4000002e-0004-f300-b63f-84710c7967bb; RequestPath=/api/NhiPatientImage/studies/1.2.840.192741192620116023140810067713017078213/series/1.2.840.66120190272382141921581501684383220150117188/instances/1.2.840.20394401162441902512235435181210729169239; ActionId=aa92c01f-0771-4d00-b1d9-1444c5fbe45b; ActionName=NHI_AI_MedReportViewerWebApi.Controllers.NhiPatientImageController.GetImage (NHI-AI-MedReportViewerWebApi); StudyInstanceUid=1.2.840.192741192620116023140810067713017078213; SeriesInstanceUid=1.2.840.66120190272382141921581501684383220150117188; SopInstanceUid=1.2.840.20394401162441902512235435181210729169239
  ======================================================================

2026-05-25 10:05:37.3869 [INFO] [Polly] [TraceID: 00-f8946907f8e5555f57d1ffc8d5c48e46-5afc7df01347d78b-00]
  Event: 0
  Request: GET https://lcr-tp.nhi.gov.tw/api/NhiPatientImage/studies/1.2.840.192741192620116023140810067713017078213/series/1.2.840.66120190272382141921581501684383220150117188/instances/1.2.840.20394401162441902512235435181210729169239 
  Message: Execution attempt. Source: 'OracleResiliencePipeline/(null)/Retry', Operation Key: '', Result: 'NHI_ZFP_Viewer.ImageSources.ImageInfo', Handled: 'False', Attempt: '0', Execution Time: '5.5098'
  Properties: PipelineName=OracleResiliencePipeline; PipelineInstance=(null); StrategyName=Retry; Result=NHI_ZFP_Viewer.ImageSources.ImageInfo; Handled=false; Attempt=0; ExecutionTimeMs=5.5098; EventId=3; EventName=ExecutionAttempt; RequestId=4000002e-0004-f300-b63f-84710c7967bb; RequestPath=/api/NhiPatientImage/studies/1.2.840.192741192620116023140810067713017078213/series/1.2.840.66120190272382141921581501684383220150117188/instances/1.2.840.20394401162441902512235435181210729169239; ActionId=aa92c01f-0771-4d00-b1d9-1444c5fbe45b; ActionName=NHI_AI_MedReportViewerWebApi.Controllers.NhiPatientImageController.GetImage (NHI-AI-MedReportViewerWebApi); StudyInstanceUid=1.2.840.192741192620116023140810067713017078213; SeriesInstanceUid=1.2.840.66120190272382141921581501684383220150117188; SopInstanceUid=1.2.840.20394401162441902512235435181210729169239
  ======================================================================

2026-05-25 10:05:37.4053 [INFO] [AIRS.Core.Helpers.ZfpOracleDbHelper] [TraceID: 00-f8946907f8e5555f57d1ffc8d5c48e46-5afc7df01347d78b-00]
  Event: 0
  Request: GET https://lcr-tp.nhi.gov.tw/api/NhiPatientImage/studies/1.2.840.192741192620116023140810067713017078213/series/1.2.840.66120190272382141921581501684383220150117188/instances/1.2.840.20394401162441902512235435181210729169239 
  Message: GetImageKey = Archived/20221110/1.2.840.192741192620116023140810067713017078213/1.2.840.66120190272382141921581501684383220150117188/1.2.840.20394401162441902512235435181210729169239.dcm, 21 ms elapsed.
  Properties: S3ObjectKey=Archived/20221110/1.2.840.192741192620116023140810067713017078213/1.2.840.66120190272382141921581501684383220150117188/1.2.840.20394401162441902512235435181210729169239.dcm; Elapsed=21; RequestId=4000002e-0004-f300-b63f-84710c7967bb; RequestPath=/api/NhiPatientImage/studies/1.2.840.192741192620116023140810067713017078213/series/1.2.840.66120190272382141921581501684383220150117188/instances/1.2.840.20394401162441902512235435181210729169239; ActionId=aa92c01f-0771-4d00-b1d9-1444c5fbe45b; ActionName=NHI_AI_MedReportViewerWebApi.Controllers.NhiPatientImageController.GetImage (NHI-AI-MedReportViewerWebApi); StudyInstanceUid=1.2.840.192741192620116023140810067713017078213; SeriesInstanceUid=1.2.840.66120190272382141921581501684383220150117188; SopInstanceUid=1.2.840.20394401162441902512235435181210729169239
  ======================================================================

2026-05-25 10:05:37.4568 [INFO] [AIRS.Core.Common.LogForgingTools] [TraceID: 00-f8946907f8e5555f57d1ffc8d5c48e46-5afc7df01347d78b-00]
  Event: 0
  Request: GET https://lcr-tp.nhi.gov.tw/api/NhiPatientImage/studies/1.2.840.192741192620116023140810067713017078213/series/1.2.840.66120190272382141921581501684383220150117188/instances/1.2.840.20394401162441902512235435181210729169239 
  Message: 1779674737456 GetImage() 由 S3 取得 stream，耗時 39 ms.
  Properties: RequestId=4000002e-0004-f300-b63f-84710c7967bb; RequestPath=/api/NhiPatientImage/studies/1.2.840.192741192620116023140810067713017078213/series/1.2.840.66120190272382141921581501684383220150117188/instances/1.2.840.20394401162441902512235435181210729169239; ActionId=aa92c01f-0771-4d00-b1d9-1444c5fbe45b; ActionName=NHI_AI_MedReportViewerWebApi.Controllers.NhiPatientImageController.GetImage (NHI-AI-MedReportViewerWebApi); StudyInstanceUid=1.2.840.192741192620116023140810067713017078213; SeriesInstanceUid=1.2.840.66120190272382141921581501684383220150117188; SopInstanceUid=1.2.840.20394401162441902512235435181210729169239
  ======================================================================

2026-05-25 10:05:37.4672 [INFO] [NHI_AI_MedReportViewerWebApi.Services.NhiPatientImageService] [TraceID: 00-f8946907f8e5555f57d1ffc8d5c48e46-5afc7df01347d78b-00]
  Event: 0
  Request: GET https://lcr-tp.nhi.gov.tw/api/NhiPatientImage/studies/1.2.840.192741192620116023140810067713017078213/series/1.2.840.66120190272382141921581501684383220150117188/instances/1.2.840.20394401162441902512235435181210729169239 
  Message: 成功從 S3 取得影像: 1.2.840.20394401162441902512235435181210729169239
  Properties: RequestId=4000002e-0004-f300-b63f-84710c7967bb; RequestPath=/api/NhiPatientImage/studies/1.2.840.192741192620116023140810067713017078213/series/1.2.840.66120190272382141921581501684383220150117188/instances/1.2.840.20394401162441902512235435181210729169239; ActionId=aa92c01f-0771-4d00-b1d9-1444c5fbe45b; ActionName=NHI_AI_MedReportViewerWebApi.Controllers.NhiPatientImageController.GetImage (NHI-AI-MedReportViewerWebApi); StudyInstanceUid=1.2.840.192741192620116023140810067713017078213; SeriesInstanceUid=1.2.840.66120190272382141921581501684383220150117188; SopInstanceUid=1.2.840.20394401162441902512235435181210729169239
  ======================================================================

2026-05-25 10:05:37.6256 [INFO] [AIRS.Core.Helpers.ZfpOracleDbHelper] [TraceID: 00-24c2bad948a9e0696f84089edba4b575-6ab4b7cde698aaff-00]
  Event: 0
  Request: GET https://lcr-tp.nhi.gov.tw/api/NhiPatientImage/studies/1.2.840.192741192620116023140810067713017078213/series/1.2.840.66120190272382141921581501684383220150117188/instances/1.2.840.4315656223201671024813433319156320669 
  Message: GetImageKey(studyInstanceUid: 1.2.840.192741192620116023140810067713017078213, seriesInstanceUid: 1.2.840.66120190272382141921581501684383220150117188, sopInstanceUid: 1.2.840.4315656223201671024813433319156320669)
  Properties: StudyUid=1.2.840.192741192620116023140810067713017078213; SeriesUid=1.2.840.66120190272382141921581501684383220150117188; SopUid=1.2.840.4315656223201671024813433319156320669; RequestId=40000030-0004-f300-b63f-84710c7967bb; RequestPath=/api/NhiPatientImage/studies/1.2.840.192741192620116023140810067713017078213/series/1.2.840.66120190272382141921581501684383220150117188/instances/1.2.840.4315656223201671024813433319156320669; ActionId=aa92c01f-0771-4d00-b1d9-1444c5fbe45b; ActionName=NHI_AI_MedReportViewerWebApi.Controllers.NhiPatientImageController.GetImage (NHI-AI-MedReportViewerWebApi); StudyInstanceUid=1.2.840.192741192620116023140810067713017078213; SeriesInstanceUid=1.2.840.66120190272382141921581501684383220150117188; SopInstanceUid=1.2.840.4315656223201671024813433319156320669
  ======================================================================

2026-05-25 10:05:37.6352 [INFO] [Polly] [TraceID: 00-24c2bad948a9e0696f84089edba4b575-6ab4b7cde698aaff-00]
  Event: 0
  Request: GET https://lcr-tp.nhi.gov.tw/api/NhiPatientImage/studies/1.2.840.192741192620116023140810067713017078213/series/1.2.840.66120190272382141921581501684383220150117188/instances/1.2.840.4315656223201671024813433319156320669 
  Message: Execution attempt. Source: 'OracleResiliencePipeline/(null)/Retry', Operation Key: '', Result: 'NHI_ZFP_Viewer.ImageSources.ImageInfo', Handled: 'False', Attempt: '0', Execution Time: '7.7086'
  Properties: PipelineName=OracleResiliencePipeline; PipelineInstance=(null); StrategyName=Retry; Result=NHI_ZFP_Viewer.ImageSources.ImageInfo; Handled=false; Attempt=0; ExecutionTimeMs=7.7086; EventId=3; EventName=ExecutionAttempt; RequestId=40000030-0004-f300-b63f-84710c7967bb; RequestPath=/api/NhiPatientImage/studies/1.2.840.192741192620116023140810067713017078213/series/1.2.840.66120190272382141921581501684383220150117188/instances/1.2.840.4315656223201671024813433319156320669; ActionId=aa92c01f-0771-4d00-b1d9-1444c5fbe45b; ActionName=NHI_AI_MedReportViewerWebApi.Controllers.NhiPatientImageController.GetImage (NHI-AI-MedReportViewerWebApi); StudyInstanceUid=1.2.840.192741192620116023140810067713017078213; SeriesInstanceUid=1.2.840.66120190272382141921581501684383220150117188; SopInstanceUid=1.2.840.4315656223201671024813433319156320669
  ======================================================================

2026-05-25 10:05:37.6560 [INFO] [AIRS.Core.Helpers.ZfpOracleDbHelper] [TraceID: 00-24c2bad948a9e0696f84089edba4b575-6ab4b7cde698aaff-00]
  Event: 0
  Request: GET https://lcr-tp.nhi.gov.tw/api/NhiPatientImage/studies/1.2.840.192741192620116023140810067713017078213/series/1.2.840.66120190272382141921581501684383220150117188/instances/1.2.840.4315656223201671024813433319156320669 
  Message: GetImageKey = Archived/20221110/1.2.840.192741192620116023140810067713017078213/1.2.840.66120190272382141921581501684383220150117188/1.2.840.4315656223201671024813433319156320669.dcm, 23 ms elapsed.
  Properties: S3ObjectKey=Archived/20221110/1.2.840.192741192620116023140810067713017078213/1.2.840.66120190272382141921581501684383220150117188/1.2.840.4315656223201671024813433319156320669.dcm; Elapsed=23; RequestId=40000030-0004-f300-b63f-84710c7967bb; RequestPath=/api/NhiPatientImage/studies/1.2.840.192741192620116023140810067713017078213/series/1.2.840.66120190272382141921581501684383220150117188/instances/1.2.840.4315656223201671024813433319156320669; ActionId=aa92c01f-0771-4d00-b1d9-1444c5fbe45b; ActionName=NHI_AI_MedReportViewerWebApi.Controllers.NhiPatientImageController.GetImage (NHI-AI-MedReportViewerWebApi); StudyInstanceUid=1.2.840.192741192620116023140810067713017078213; SeriesInstanceUid=1.2.840.66120190272382141921581501684383220150117188; SopInstanceUid=1.2.840.4315656223201671024813433319156320669
  ======================================================================

2026-05-25 10:05:37.6684 [INFO] [AIRS.Core.Helpers.ZfpOracleDbHelper] [TraceID: 00-5cdb3354b29ce155a7c6c399c028ce5d-1191a998490f4347-00]
  Event: 0
  Request: GET https://lcr-tp.nhi.gov.tw/api/NhiPatientImage/studies/1.2.840.192741192620116023140810067713017078213/series/1.2.840.66120190272382141921581501684383220150117188/instances/1.2.840.114114421787888624018983831429917372112 
  Message: GetImageKey(studyInstanceUid: 1.2.840.192741192620116023140810067713017078213, seriesInstanceUid: 1.2.840.66120190272382141921581501684383220150117188, sopInstanceUid: 1.2.840.114114421787888624018983831429917372112)
  Properties: StudyUid=1.2.840.192741192620116023140810067713017078213; SeriesUid=1.2.840.66120190272382141921581501684383220150117188; SopUid=1.2.840.114114421787888624018983831429917372112; RequestId=40000096-0004-fc00-b63f-84710c7967bb; RequestPath=/api/NhiPatientImage/studies/1.2.840.192741192620116023140810067713017078213/series/1.2.840.66120190272382141921581501684383220150117188/instances/1.2.840.114114421787888624018983831429917372112; ActionId=aa92c01f-0771-4d00-b1d9-1444c5fbe45b; ActionName=NHI_AI_MedReportViewerWebApi.Controllers.NhiPatientImageController.GetImage (NHI-AI-MedReportViewerWebApi); StudyInstanceUid=1.2.840.192741192620116023140810067713017078213; SeriesInstanceUid=1.2.840.66120190272382141921581501684383220150117188; SopInstanceUid=1.2.840.114114421787888624018983831429917372112
  ======================================================================

2026-05-25 10:05:37.6933 [INFO] [Polly] [TraceID: 00-5cdb3354b29ce155a7c6c399c028ce5d-1191a998490f4347-00]
  Event: 0
  Request: GET https://lcr-tp.nhi.gov.tw/api/NhiPatientImage/studies/1.2.840.192741192620116023140810067713017078213/series/1.2.840.66120190272382141921581501684383220150117188/instances/1.2.840.114114421787888624018983831429917372112 
  Message: Execution attempt. Source: 'OracleResiliencePipeline/(null)/Retry', Operation Key: '', Result: 'NHI_ZFP_Viewer.ImageSources.ImageInfo', Handled: 'False', Attempt: '0', Execution Time: '7.55'
  Properties: PipelineName=OracleResiliencePipeline; PipelineInstance=(null); StrategyName=Retry; Result=NHI_ZFP_Viewer.ImageSources.ImageInfo; Handled=false; Attempt=0; ExecutionTimeMs=7.55; EventId=3; EventName=ExecutionAttempt; RequestId=40000096-0004-fc00-b63f-84710c7967bb; RequestPath=/api/NhiPatientImage/studies/1.2.840.192741192620116023140810067713017078213/series/1.2.840.66120190272382141921581501684383220150117188/instances/1.2.840.114114421787888624018983831429917372112; ActionId=aa92c01f-0771-4d00-b1d9-1444c5fbe45b; ActionName=NHI_AI_MedReportViewerWebApi.Controllers.NhiPatientImageController.GetImage (NHI-AI-MedReportViewerWebApi); StudyInstanceUid=1.2.840.192741192620116023140810067713017078213; SeriesInstanceUid=1.2.840.66120190272382141921581501684383220150117188; SopInstanceUid=1.2.840.114114421787888624018983831429917372112
  ======================================================================

2026-05-25 10:05:37.6933 [INFO] [AIRS.Core.Helpers.ZfpOracleDbHelper] [TraceID: 00-5cdb3354b29ce155a7c6c399c028ce5d-1191a998490f4347-00]
  Event: 0
  Request: GET https://lcr-tp.nhi.gov.tw/api/NhiPatientImage/studies/1.2.840.192741192620116023140810067713017078213/series/1.2.840.66120190272382141921581501684383220150117188/instances/1.2.840.114114421787888624018983831429917372112 
  Message: GetImageKey = Archived/20221110/1.2.840.192741192620116023140810067713017078213/1.2.840.66120190272382141921581501684383220150117188/1.2.840.114114421787888624018983831429917372112.dcm, 23 ms elapsed.
  Properties: S3ObjectKey=Archived/20221110/1.2.840.192741192620116023140810067713017078213/1.2.840.66120190272382141921581501684383220150117188/1.2.840.114114421787888624018983831429917372112.dcm; Elapsed=23; RequestId=40000096-0004-fc00-b63f-84710c7967bb; RequestPath=/api/NhiPatientImage/studies/1.2.840.192741192620116023140810067713017078213/series/1.2.840.66120190272382141921581501684383220150117188/instances/1.2.840.114114421787888624018983831429917372112; ActionId=aa92c01f-0771-4d00-b1d9-1444c5fbe45b; ActionName=NHI_AI_MedReportViewerWebApi.Controllers.NhiPatientImageController.GetImage (NHI-AI-MedReportViewerWebApi); StudyInstanceUid=1.2.840.192741192620116023140810067713017078213; SeriesInstanceUid=1.2.840.66120190272382141921581501684383220150117188; SopInstanceUid=1.2.840.114114421787888624018983831429917372112
  ======================================================================

2026-05-25 10:05:37.7190 [INFO] [AIRS.Core.Common.LogForgingTools] [TraceID: 00-24c2bad948a9e0696f84089edba4b575-6ab4b7cde698aaff-00]
  Event: 0
  Request: GET https://lcr-tp.nhi.gov.tw/api/NhiPatientImage/studies/1.2.840.192741192620116023140810067713017078213/series/1.2.840.66120190272382141921581501684383220150117188/instances/1.2.840.4315656223201671024813433319156320669 
  Message: 1779674737719 GetImage() 由 S3 取得 stream，耗時 50 ms.
  Properties: RequestId=40000030-0004-f300-b63f-84710c7967bb; RequestPath=/api/NhiPatientImage/studies/1.2.840.192741192620116023140810067713017078213/series/1.2.840.66120190272382141921581501684383220150117188/instances/1.2.840.4315656223201671024813433319156320669; ActionId=aa92c01f-0771-4d00-b1d9-1444c5fbe45b; ActionName=NHI_AI_MedReportViewerWebApi.Controllers.NhiPatientImageController.GetImage (NHI-AI-MedReportViewerWebApi); StudyInstanceUid=1.2.840.192741192620116023140810067713017078213; SeriesInstanceUid=1.2.840.66120190272382141921581501684383220150117188; SopInstanceUid=1.2.840.4315656223201671024813433319156320669
  ======================================================================

2026-05-25 10:05:37.7294 [INFO] [NHI_AI_MedReportViewerWebApi.Services.NhiPatientImageService] [TraceID: 00-24c2bad948a9e0696f84089edba4b575-6ab4b7cde698aaff-00]
  Event: 0
  Request: GET https://lcr-tp.nhi.gov.tw/api/NhiPatientImage/studies/1.2.840.192741192620116023140810067713017078213/series/1.2.840.66120190272382141921581501684383220150117188/instances/1.2.840.4315656223201671024813433319156320669 
  Message: 成功從 S3 取得影像: 1.2.840.4315656223201671024813433319156320669
  Properties: RequestId=40000030-0004-f300-b63f-84710c7967bb; RequestPath=/api/NhiPatientImage/studies/1.2.840.192741192620116023140810067713017078213/series/1.2.840.66120190272382141921581501684383220150117188/instances/1.2.840.4315656223201671024813433319156320669; ActionId=aa92c01f-0771-4d00-b1d9-1444c5fbe45b; ActionName=NHI_AI_MedReportViewerWebApi.Controllers.NhiPatientImageController.GetImage (NHI-AI-MedReportViewerWebApi); StudyInstanceUid=1.2.840.192741192620116023140810067713017078213; SeriesInstanceUid=1.2.840.66120190272382141921581501684383220150117188; SopInstanceUid=1.2.840.4315656223201671024813433319156320669
  ======================================================================

2026-05-25 10:05:37.7638 [INFO] [AIRS.Core.Common.LogForgingTools] [TraceID: 00-5cdb3354b29ce155a7c6c399c028ce5d-1191a998490f4347-00]
  Event: 0
  Request: GET https://lcr-tp.nhi.gov.tw/api/NhiPatientImage/studies/1.2.840.192741192620116023140810067713017078213/series/1.2.840.66120190272382141921581501684383220150117188/instances/1.2.840.114114421787888624018983831429917372112 
  Message: 1779674737763 GetImage() 由 S3 取得 stream，耗時 43 ms.
  Properties: RequestId=40000096-0004-fc00-b63f-84710c7967bb; RequestPath=/api/NhiPatientImage/studies/1.2.840.192741192620116023140810067713017078213/series/1.2.840.66120190272382141921581501684383220150117188/instances/1.2.840.114114421787888624018983831429917372112; ActionId=aa92c01f-0771-4d00-b1d9-1444c5fbe45b; ActionName=NHI_AI_MedReportViewerWebApi.Controllers.NhiPatientImageController.GetImage (NHI-AI-MedReportViewerWebApi); StudyInstanceUid=1.2.840.192741192620116023140810067713017078213; SeriesInstanceUid=1.2.840.66120190272382141921581501684383220150117188; SopInstanceUid=1.2.840.114114421787888624018983831429917372112
  ======================================================================

2026-05-25 10:05:37.7770 [INFO] [NHI_AI_MedReportViewerWebApi.Services.NhiPatientImageService] [TraceID: 00-5cdb3354b29ce155a7c6c399c028ce5d-1191a998490f4347-00]
  Event: 0
  Request: GET https://lcr-tp.nhi.gov.tw/api/NhiPatientImage/studies/1.2.840.192741192620116023140810067713017078213/series/1.2.840.66120190272382141921581501684383220150117188/instances/1.2.840.114114421787888624018983831429917372112 
  Message: 成功從 S3 取得影像: 1.2.840.114114421787888624018983831429917372112
  Properties: RequestId=40000096-0004-fc00-b63f-84710c7967bb; RequestPath=/api/NhiPatientImage/studies/1.2.840.192741192620116023140810067713017078213/series/1.2.840.66120190272382141921581501684383220150117188/instances/1.2.840.114114421787888624018983831429917372112; ActionId=aa92c01f-0771-4d00-b1d9-1444c5fbe45b; ActionName=NHI_AI_MedReportViewerWebApi.Controllers.NhiPatientImageController.GetImage (NHI-AI-MedReportViewerWebApi); StudyInstanceUid=1.2.840.192741192620116023140810067713017078213; SeriesInstanceUid=1.2.840.66120190272382141921581501684383220150117188; SopInstanceUid=1.2.840.114114421787888624018983831429917372112
  ======================================================================

2026-05-25 10:05:38.0058 [INFO] [AIRS.Core.Helpers.ZfpOracleDbHelper] [TraceID: 00-5e83c8ec47eac1e79c513cfb9c6d3689-8913b1724bd6457c-00]
  Event: 0
  Request: GET https://lcr-tp.nhi.gov.tw/api/NhiPatientImage/studies/1.2.840.192741192620116023140810067713017078213/series/1.2.840.66120190272382141921581501684383220150117188/instances/1.2.840.21915255170254172179183532422003152208130120 
  Message: GetImageKey(studyInstanceUid: 1.2.840.192741192620116023140810067713017078213, seriesInstanceUid: 1.2.840.66120190272382141921581501684383220150117188, sopInstanceUid: 1.2.840.21915255170254172179183532422003152208130120)
  Properties: StudyUid=1.2.840.192741192620116023140810067713017078213; SeriesUid=1.2.840.66120190272382141921581501684383220150117188; SopUid=1.2.840.21915255170254172179183532422003152208130120; RequestId=40000098-0004-fc00-b63f-84710c7967bb; RequestPath=/api/NhiPatientImage/studies/1.2.840.192741192620116023140810067713017078213/series/1.2.840.66120190272382141921581501684383220150117188/instances/1.2.840.21915255170254172179183532422003152208130120; ActionId=aa92c01f-0771-4d00-b1d9-1444c5fbe45b; ActionName=NHI_AI_MedReportViewerWebApi.Controllers.NhiPatientImageController.GetImage (NHI-AI-MedReportViewerWebApi); StudyInstanceUid=1.2.840.192741192620116023140810067713017078213; SeriesInstanceUid=1.2.840.66120190272382141921581501684383220150117188; SopInstanceUid=1.2.840.21915255170254172179183532422003152208130120
  ======================================================================

2026-05-25 10:05:38.0230 [INFO] [Polly] [TraceID: 00-5e83c8ec47eac1e79c513cfb9c6d3689-8913b1724bd6457c-00]
  Event: 0
  Request: GET https://lcr-tp.nhi.gov.tw/api/NhiPatientImage/studies/1.2.840.192741192620116023140810067713017078213/series/1.2.840.66120190272382141921581501684383220150117188/instances/1.2.840.21915255170254172179183532422003152208130120 
  Message: Execution attempt. Source: 'OracleResiliencePipeline/(null)/Retry', Operation Key: '', Result: 'NHI_ZFP_Viewer.ImageSources.ImageInfo', Handled: 'False', Attempt: '0', Execution Time: '5.8367'
  Properties: PipelineName=OracleResiliencePipeline; PipelineInstance=(null); StrategyName=Retry; Result=NHI_ZFP_Viewer.ImageSources.ImageInfo; Handled=false; Attempt=0; ExecutionTimeMs=5.8367; EventId=3; EventName=ExecutionAttempt; RequestId=40000098-0004-fc00-b63f-84710c7967bb; RequestPath=/api/NhiPatientImage/studies/1.2.840.192741192620116023140810067713017078213/series/1.2.840.66120190272382141921581501684383220150117188/instances/1.2.840.21915255170254172179183532422003152208130120; ActionId=aa92c01f-0771-4d00-b1d9-1444c5fbe45b; ActionName=NHI_AI_MedReportViewerWebApi.Controllers.NhiPatientImageController.GetImage (NHI-AI-MedReportViewerWebApi); StudyInstanceUid=1.2.840.192741192620116023140810067713017078213; SeriesInstanceUid=1.2.840.66120190272382141921581501684383220150117188; SopInstanceUid=1.2.840.21915255170254172179183532422003152208130120
  ======================================================================

2026-05-25 10:05:38.0386 [INFO] [AIRS.Core.Helpers.ZfpOracleDbHelper] [TraceID: 00-5e83c8ec47eac1e79c513cfb9c6d3689-8913b1724bd6457c-00]
  Event: 0
  Request: GET https://lcr-tp.nhi.gov.tw/api/NhiPatientImage/studies/1.2.840.192741192620116023140810067713017078213/series/1.2.840.66120190272382141921581501684383220150117188/instances/1.2.840.21915255170254172179183532422003152208130120 
  Message: GetImageKey = Archived/20221110/1.2.840.192741192620116023140810067713017078213/1.2.840.66120190272382141921581501684383220150117188/1.2.840.21915255170254172179183532422003152208130120.dcm, 22 ms elapsed.
  Properties: S3ObjectKey=Archived/20221110/1.2.840.192741192620116023140810067713017078213/1.2.840.66120190272382141921581501684383220150117188/1.2.840.21915255170254172179183532422003152208130120.dcm; Elapsed=22; RequestId=40000098-0004-fc00-b63f-84710c7967bb; RequestPath=/api/NhiPatientImage/studies/1.2.840.192741192620116023140810067713017078213/series/1.2.840.66120190272382141921581501684383220150117188/instances/1.2.840.21915255170254172179183532422003152208130120; ActionId=aa92c01f-0771-4d00-b1d9-1444c5fbe45b; ActionName=NHI_AI_MedReportViewerWebApi.Controllers.NhiPatientImageController.GetImage (NHI-AI-MedReportViewerWebApi); StudyInstanceUid=1.2.840.192741192620116023140810067713017078213; SeriesInstanceUid=1.2.840.66120190272382141921581501684383220150117188; SopInstanceUid=1.2.840.21915255170254172179183532422003152208130120
  ======================================================================

2026-05-25 10:05:38.0911 [INFO] [AIRS.Core.Common.LogForgingTools] [TraceID: 00-5e83c8ec47eac1e79c513cfb9c6d3689-8913b1724bd6457c-00]
  Event: 0
  Request: GET https://lcr-tp.nhi.gov.tw/api/NhiPatientImage/studies/1.2.840.192741192620116023140810067713017078213/series/1.2.840.66120190272382141921581501684383220150117188/instances/1.2.840.21915255170254172179183532422003152208130120 
  Message: 1779674738091 GetImage() 由 S3 取得 stream，耗時 42 ms.
  Properties: RequestId=40000098-0004-fc00-b63f-84710c7967bb; RequestPath=/api/NhiPatientImage/studies/1.2.840.192741192620116023140810067713017078213/series/1.2.840.66120190272382141921581501684383220150117188/instances/1.2.840.21915255170254172179183532422003152208130120; ActionId=aa92c01f-0771-4d00-b1d9-1444c5fbe45b; ActionName=NHI_AI_MedReportViewerWebApi.Controllers.NhiPatientImageController.GetImage (NHI-AI-MedReportViewerWebApi); StudyInstanceUid=1.2.840.192741192620116023140810067713017078213; SeriesInstanceUid=1.2.840.66120190272382141921581501684383220150117188; SopInstanceUid=1.2.840.21915255170254172179183532422003152208130120
  ======================================================================

2026-05-25 10:05:38.1013 [INFO] [NHI_AI_MedReportViewerWebApi.Services.NhiPatientImageService] [TraceID: 00-5e83c8ec47eac1e79c513cfb9c6d3689-8913b1724bd6457c-00]
  Event: 0
  Request: GET https://lcr-tp.nhi.gov.tw/api/NhiPatientImage/studies/1.2.840.192741192620116023140810067713017078213/series/1.2.840.66120190272382141921581501684383220150117188/instances/1.2.840.21915255170254172179183532422003152208130120 
  Message: 成功從 S3 取得影像: 1.2.840.21915255170254172179183532422003152208130120
  Properties: RequestId=40000098-0004-fc00-b63f-84710c7967bb; RequestPath=/api/NhiPatientImage/studies/1.2.840.192741192620116023140810067713017078213/series/1.2.840.66120190272382141921581501684383220150117188/instances/1.2.840.21915255170254172179183532422003152208130120; ActionId=aa92c01f-0771-4d00-b1d9-1444c5fbe45b; ActionName=NHI_AI_MedReportViewerWebApi.Controllers.NhiPatientImageController.GetImage (NHI-AI-MedReportViewerWebApi); StudyInstanceUid=1.2.840.192741192620116023140810067713017078213; SeriesInstanceUid=1.2.840.66120190272382141921581501684383220150117188; SopInstanceUid=1.2.840.21915255170254172179183532422003152208130120
  ======================================================================

2026-05-25 10:05:38.3185 [INFO] [AIRS.Core.Helpers.ZfpOracleDbHelper] [TraceID: 00-ada23b12ef44edce0f3a036010ef3e04-4fd33d86f31a6870-00]
  Event: 0
  Request: GET https://lcr-tp.nhi.gov.tw/api/NhiPatientImage/studies/1.2.840.192741192620116023140810067713017078213/series/1.2.840.66120190272382141921581501684383220150117188/instances/1.2.840.157720169245419962021966899674498104 
  Message: GetImageKey(studyInstanceUid: 1.2.840.192741192620116023140810067713017078213, seriesInstanceUid: 1.2.840.66120190272382141921581501684383220150117188, sopInstanceUid: 1.2.840.157720169245419962021966899674498104)
  Properties: StudyUid=1.2.840.192741192620116023140810067713017078213; SeriesUid=1.2.840.66120190272382141921581501684383220150117188; SopUid=1.2.840.157720169245419962021966899674498104; RequestId=4000009a-0004-fc00-b63f-84710c7967bb; RequestPath=/api/NhiPatientImage/studies/1.2.840.192741192620116023140810067713017078213/series/1.2.840.66120190272382141921581501684383220150117188/instances/1.2.840.157720169245419962021966899674498104; ActionId=aa92c01f-0771-4d00-b1d9-1444c5fbe45b; ActionName=NHI_AI_MedReportViewerWebApi.Controllers.NhiPatientImageController.GetImage (NHI-AI-MedReportViewerWebApi); StudyInstanceUid=1.2.840.192741192620116023140810067713017078213; SeriesInstanceUid=1.2.840.66120190272382141921581501684383220150117188; SopInstanceUid=1.2.840.157720169245419962021966899674498104
  ======================================================================

2026-05-25 10:05:38.3417 [INFO] [Polly] [TraceID: 00-ada23b12ef44edce0f3a036010ef3e04-4fd33d86f31a6870-00]
  Event: 0
  Request: GET https://lcr-tp.nhi.gov.tw/api/NhiPatientImage/studies/1.2.840.192741192620116023140810067713017078213/series/1.2.840.66120190272382141921581501684383220150117188/instances/1.2.840.157720169245419962021966899674498104 
  Message: Execution attempt. Source: 'OracleResiliencePipeline/(null)/Retry', Operation Key: '', Result: 'NHI_ZFP_Viewer.ImageSources.ImageInfo', Handled: 'False', Attempt: '0', Execution Time: '9.7777'
  Properties: PipelineName=OracleResiliencePipeline; PipelineInstance=(null); StrategyName=Retry; Result=NHI_ZFP_Viewer.ImageSources.ImageInfo; Handled=false; Attempt=0; ExecutionTimeMs=9.7777; EventId=3; EventName=ExecutionAttempt; RequestId=4000009a-0004-fc00-b63f-84710c7967bb; RequestPath=/api/NhiPatientImage/studies/1.2.840.192741192620116023140810067713017078213/series/1.2.840.66120190272382141921581501684383220150117188/instances/1.2.840.157720169245419962021966899674498104; ActionId=aa92c01f-0771-4d00-b1d9-1444c5fbe45b; ActionName=NHI_AI_MedReportViewerWebApi.Controllers.NhiPatientImageController.GetImage (NHI-AI-MedReportViewerWebApi); StudyInstanceUid=1.2.840.192741192620116023140810067713017078213; SeriesInstanceUid=1.2.840.66120190272382141921581501684383220150117188; SopInstanceUid=1.2.840.157720169245419962021966899674498104
  ======================================================================

2026-05-25 10:05:38.3538 [INFO] [AIRS.Core.Helpers.ZfpOracleDbHelper] [TraceID: 00-ada23b12ef44edce0f3a036010ef3e04-4fd33d86f31a6870-00]
  Event: 0
  Request: GET https://lcr-tp.nhi.gov.tw/api/NhiPatientImage/studies/1.2.840.192741192620116023140810067713017078213/series/1.2.840.66120190272382141921581501684383220150117188/instances/1.2.840.157720169245419962021966899674498104 
  Message: GetImageKey = Archived/20221110/1.2.840.192741192620116023140810067713017078213/1.2.840.66120190272382141921581501684383220150117188/1.2.840.157720169245419962021966899674498104.dcm, 26 ms elapsed.
  Properties: S3ObjectKey=Archived/20221110/1.2.840.192741192620116023140810067713017078213/1.2.840.66120190272382141921581501684383220150117188/1.2.840.157720169245419962021966899674498104.dcm; Elapsed=26; RequestId=4000009a-0004-fc00-b63f-84710c7967bb; RequestPath=/api/NhiPatientImage/studies/1.2.840.192741192620116023140810067713017078213/series/1.2.840.66120190272382141921581501684383220150117188/instances/1.2.840.157720169245419962021966899674498104; ActionId=aa92c01f-0771-4d00-b1d9-1444c5fbe45b; ActionName=NHI_AI_MedReportViewerWebApi.Controllers.NhiPatientImageController.GetImage (NHI-AI-MedReportViewerWebApi); StudyInstanceUid=1.2.840.192741192620116023140810067713017078213; SeriesInstanceUid=1.2.840.66120190272382141921581501684383220150117188; SopInstanceUid=1.2.840.157720169245419962021966899674498104
  ======================================================================

2026-05-25 10:05:38.4247 [INFO] [AIRS.Core.Common.LogForgingTools] [TraceID: 00-ada23b12ef44edce0f3a036010ef3e04-4fd33d86f31a6870-00]
  Event: 0
  Request: GET https://lcr-tp.nhi.gov.tw/api/NhiPatientImage/studies/1.2.840.192741192620116023140810067713017078213/series/1.2.840.66120190272382141921581501684383220150117188/instances/1.2.840.157720169245419962021966899674498104 
  Message: 1779674738424 GetImage() 由 S3 取得 stream，耗時 57 ms.
  Properties: RequestId=4000009a-0004-fc00-b63f-84710c7967bb; RequestPath=/api/NhiPatientImage/studies/1.2.840.192741192620116023140810067713017078213/series/1.2.840.66120190272382141921581501684383220150117188/instances/1.2.840.157720169245419962021966899674498104; ActionId=aa92c01f-0771-4d00-b1d9-1444c5fbe45b; ActionName=NHI_AI_MedReportViewerWebApi.Controllers.NhiPatientImageController.GetImage (NHI-AI-MedReportViewerWebApi); StudyInstanceUid=1.2.840.192741192620116023140810067713017078213; SeriesInstanceUid=1.2.840.66120190272382141921581501684383220150117188; SopInstanceUid=1.2.840.157720169245419962021966899674498104
  ======================================================================

2026-05-25 10:05:38.4358 [INFO] [NHI_AI_MedReportViewerWebApi.Services.NhiPatientImageService] [TraceID: 00-ada23b12ef44edce0f3a036010ef3e04-4fd33d86f31a6870-00]
  Event: 0
  Request: GET https://lcr-tp.nhi.gov.tw/api/NhiPatientImage/studies/1.2.840.192741192620116023140810067713017078213/series/1.2.840.66120190272382141921581501684383220150117188/instances/1.2.840.157720169245419962021966899674498104 
  Message: 成功從 S3 取得影像: 1.2.840.157720169245419962021966899674498104
  Properties: RequestId=4000009a-0004-fc00-b63f-84710c7967bb; RequestPath=/api/NhiPatientImage/studies/1.2.840.192741192620116023140810067713017078213/series/1.2.840.66120190272382141921581501684383220150117188/instances/1.2.840.157720169245419962021966899674498104; ActionId=aa92c01f-0771-4d00-b1d9-1444c5fbe45b; ActionName=NHI_AI_MedReportViewerWebApi.Controllers.NhiPatientImageController.GetImage (NHI-AI-MedReportViewerWebApi); StudyInstanceUid=1.2.840.192741192620116023140810067713017078213; SeriesInstanceUid=1.2.840.66120190272382141921581501684383220150117188; SopInstanceUid=1.2.840.157720169245419962021966899674498104
  ======================================================================

2026-05-25 10:05:38.5052 [INFO] [AIRS.Core.Helpers.ZfpOracleDbHelper] [TraceID: 00-ea2334a63835ea90fb3b60628681a85a-5a62dde7b3520c7d-00]
  Event: 0
  Request: GET https://lcr-tp.nhi.gov.tw/api/NhiPatientImage/studies/1.2.840.192741192620116023140810067713017078213/series/1.2.840.66120190272382141921581501684383220150117188/instances/1.2.840.13512922323294117149250101471561371729557 
  Message: GetImageKey(studyInstanceUid: 1.2.840.192741192620116023140810067713017078213, seriesInstanceUid: 1.2.840.66120190272382141921581501684383220150117188, sopInstanceUid: 1.2.840.13512922323294117149250101471561371729557)
  Properties: StudyUid=1.2.840.192741192620116023140810067713017078213; SeriesUid=1.2.840.66120190272382141921581501684383220150117188; SopUid=1.2.840.13512922323294117149250101471561371729557; RequestId=4000009c-0004-fc00-b63f-84710c7967bb; RequestPath=/api/NhiPatientImage/studies/1.2.840.192741192620116023140810067713017078213/series/1.2.840.66120190272382141921581501684383220150117188/instances/1.2.840.13512922323294117149250101471561371729557; ActionId=aa92c01f-0771-4d00-b1d9-1444c5fbe45b; ActionName=NHI_AI_MedReportViewerWebApi.Controllers.NhiPatientImageController.GetImage (NHI-AI-MedReportViewerWebApi); StudyInstanceUid=1.2.840.192741192620116023140810067713017078213; SeriesInstanceUid=1.2.840.66120190272382141921581501684383220150117188; SopInstanceUid=1.2.840.13512922323294117149250101471561371729557
  ======================================================================

2026-05-25 10:05:38.5423 [INFO] [Polly] [TraceID: 00-ea2334a63835ea90fb3b60628681a85a-5a62dde7b3520c7d-00]
  Event: 0
  Request: GET https://lcr-tp.nhi.gov.tw/api/NhiPatientImage/studies/1.2.840.192741192620116023140810067713017078213/series/1.2.840.66120190272382141921581501684383220150117188/instances/1.2.840.13512922323294117149250101471561371729557 
  Message: Execution attempt. Source: 'OracleResiliencePipeline/(null)/Retry', Operation Key: '', Result: 'NHI_ZFP_Viewer.ImageSources.ImageInfo', Handled: 'False', Attempt: '0', Execution Time: '11.673'
  Properties: PipelineName=OracleResiliencePipeline; PipelineInstance=(null); StrategyName=Retry; Result=NHI_ZFP_Viewer.ImageSources.ImageInfo; Handled=false; Attempt=0; ExecutionTimeMs=11.673; EventId=3; EventName=ExecutionAttempt; RequestId=4000009c-0004-fc00-b63f-84710c7967bb; RequestPath=/api/NhiPatientImage/studies/1.2.840.192741192620116023140810067713017078213/series/1.2.840.66120190272382141921581501684383220150117188/instances/1.2.840.13512922323294117149250101471561371729557; ActionId=aa92c01f-0771-4d00-b1d9-1444c5fbe45b; ActionName=NHI_AI_MedReportViewerWebApi.Controllers.NhiPatientImageController.GetImage (NHI-AI-MedReportViewerWebApi); StudyInstanceUid=1.2.840.192741192620116023140810067713017078213; SeriesInstanceUid=1.2.840.66120190272382141921581501684383220150117188; SopInstanceUid=1.2.840.13512922323294117149250101471561371729557
  ======================================================================

2026-05-25 10:05:38.5563 [INFO] [AIRS.Core.Helpers.ZfpOracleDbHelper] [TraceID: 00-ea2334a63835ea90fb3b60628681a85a-5a62dde7b3520c7d-00]
  Event: 0
  Request: GET https://lcr-tp.nhi.gov.tw/api/NhiPatientImage/studies/1.2.840.192741192620116023140810067713017078213/series/1.2.840.66120190272382141921581501684383220150117188/instances/1.2.840.13512922323294117149250101471561371729557 
  Message: GetImageKey = Archived/20221110/1.2.840.192741192620116023140810067713017078213/1.2.840.66120190272382141921581501684383220150117188/1.2.840.13512922323294117149250101471561371729557.dcm, 29 ms elapsed.
  Properties: S3ObjectKey=Archived/20221110/1.2.840.192741192620116023140810067713017078213/1.2.840.66120190272382141921581501684383220150117188/1.2.840.13512922323294117149250101471561371729557.dcm; Elapsed=29; RequestId=4000009c-0004-fc00-b63f-84710c7967bb; RequestPath=/api/NhiPatientImage/studies/1.2.840.192741192620116023140810067713017078213/series/1.2.840.66120190272382141921581501684383220150117188/instances/1.2.840.13512922323294117149250101471561371729557; ActionId=aa92c01f-0771-4d00-b1d9-1444c5fbe45b; ActionName=NHI_AI_MedReportViewerWebApi.Controllers.NhiPatientImageController.GetImage (NHI-AI-MedReportViewerWebApi); StudyInstanceUid=1.2.840.192741192620116023140810067713017078213; SeriesInstanceUid=1.2.840.66120190272382141921581501684383220150117188; SopInstanceUid=1.2.840.13512922323294117149250101471561371729557
  ======================================================================

2026-05-25 10:05:38.6074 [INFO] [AIRS.Core.Common.LogForgingTools] [TraceID: 00-ea2334a63835ea90fb3b60628681a85a-5a62dde7b3520c7d-00]
  Event: 0
  Request: GET https://lcr-tp.nhi.gov.tw/api/NhiPatientImage/studies/1.2.840.192741192620116023140810067713017078213/series/1.2.840.66120190272382141921581501684383220150117188/instances/1.2.840.13512922323294117149250101471561371729557 
  Message: 1779674738607 GetImage() 由 S3 取得 stream，耗時 37 ms.
  Properties: RequestId=4000009c-0004-fc00-b63f-84710c7967bb; RequestPath=/api/NhiPatientImage/studies/1.2.840.192741192620116023140810067713017078213/series/1.2.840.66120190272382141921581501684383220150117188/instances/1.2.840.13512922323294117149250101471561371729557; ActionId=aa92c01f-0771-4d00-b1d9-1444c5fbe45b; ActionName=NHI_AI_MedReportViewerWebApi.Controllers.NhiPatientImageController.GetImage (NHI-AI-MedReportViewerWebApi); StudyInstanceUid=1.2.840.192741192620116023140810067713017078213; SeriesInstanceUid=1.2.840.66120190272382141921581501684383220150117188; SopInstanceUid=1.2.840.13512922323294117149250101471561371729557
  ======================================================================

2026-05-25 10:05:38.6184 [INFO] [NHI_AI_MedReportViewerWebApi.Services.NhiPatientImageService] [TraceID: 00-ea2334a63835ea90fb3b60628681a85a-5a62dde7b3520c7d-00]
  Event: 0
  Request: GET https://lcr-tp.nhi.gov.tw/api/NhiPatientImage/studies/1.2.840.192741192620116023140810067713017078213/series/1.2.840.66120190272382141921581501684383220150117188/instances/1.2.840.13512922323294117149250101471561371729557 
  Message: 成功從 S3 取得影像: 1.2.840.13512922323294117149250101471561371729557
  Properties: RequestId=4000009c-0004-fc00-b63f-84710c7967bb; RequestPath=/api/NhiPatientImage/studies/1.2.840.192741192620116023140810067713017078213/series/1.2.840.66120190272382141921581501684383220150117188/instances/1.2.840.13512922323294117149250101471561371729557; ActionId=aa92c01f-0771-4d00-b1d9-1444c5fbe45b; ActionName=NHI_AI_MedReportViewerWebApi.Controllers.NhiPatientImageController.GetImage (NHI-AI-MedReportViewerWebApi); StudyInstanceUid=1.2.840.192741192620116023140810067713017078213; SeriesInstanceUid=1.2.840.66120190272382141921581501684383220150117188; SopInstanceUid=1.2.840.13512922323294117149250101471561371729557
  ======================================================================

2026-05-25 10:05:38.6862 [INFO] [AIRS.Core.Helpers.ZfpOracleDbHelper] [TraceID: 00-912a2d9caccbdea52931cfbe92d52b61-0187070d813c3d43-00]
  Event: 0
  Request: GET https://lcr-tp.nhi.gov.tw/api/NhiPatientImage/studies/1.2.840.192741192620116023140810067713017078213/series/1.2.840.66120190272382141921581501684383220150117188/instances/1.2.840.7211222315410062519929842352016721177199 
  Message: GetImageKey(studyInstanceUid: 1.2.840.192741192620116023140810067713017078213, seriesInstanceUid: 1.2.840.66120190272382141921581501684383220150117188, sopInstanceUid: 1.2.840.7211222315410062519929842352016721177199)
  Properties: StudyUid=1.2.840.192741192620116023140810067713017078213; SeriesUid=1.2.840.66120190272382141921581501684383220150117188; SopUid=1.2.840.7211222315410062519929842352016721177199; RequestId=4000009e-0004-fc00-b63f-84710c7967bb; RequestPath=/api/NhiPatientImage/studies/1.2.840.192741192620116023140810067713017078213/series/1.2.840.66120190272382141921581501684383220150117188/instances/1.2.840.7211222315410062519929842352016721177199; ActionId=aa92c01f-0771-4d00-b1d9-1444c5fbe45b; ActionName=NHI_AI_MedReportViewerWebApi.Controllers.NhiPatientImageController.GetImage (NHI-AI-MedReportViewerWebApi); StudyInstanceUid=1.2.840.192741192620116023140810067713017078213; SeriesInstanceUid=1.2.840.66120190272382141921581501684383220150117188; SopInstanceUid=1.2.840.7211222315410062519929842352016721177199
  ======================================================================

2026-05-25 10:05:38.7132 [INFO] [Polly] [TraceID: 00-912a2d9caccbdea52931cfbe92d52b61-0187070d813c3d43-00]
  Event: 0
  Request: GET https://lcr-tp.nhi.gov.tw/api/NhiPatientImage/studies/1.2.840.192741192620116023140810067713017078213/series/1.2.840.66120190272382141921581501684383220150117188/instances/1.2.840.7211222315410062519929842352016721177199 
  Message: Execution attempt. Source: 'OracleResiliencePipeline/(null)/Retry', Operation Key: '', Result: 'NHI_ZFP_Viewer.ImageSources.ImageInfo', Handled: 'False', Attempt: '0', Execution Time: '14.928'
  Properties: PipelineName=OracleResiliencePipeline; PipelineInstance=(null); StrategyName=Retry; Result=NHI_ZFP_Viewer.ImageSources.ImageInfo; Handled=false; Attempt=0; ExecutionTimeMs=14.928; EventId=3; EventName=ExecutionAttempt; RequestId=4000009e-0004-fc00-b63f-84710c7967bb; RequestPath=/api/NhiPatientImage/studies/1.2.840.192741192620116023140810067713017078213/series/1.2.840.66120190272382141921581501684383220150117188/instances/1.2.840.7211222315410062519929842352016721177199; ActionId=aa92c01f-0771-4d00-b1d9-1444c5fbe45b; ActionName=NHI_AI_MedReportViewerWebApi.Controllers.NhiPatientImageController.GetImage (NHI-AI-MedReportViewerWebApi); StudyInstanceUid=1.2.840.192741192620116023140810067713017078213; SeriesInstanceUid=1.2.840.66120190272382141921581501684383220150117188; SopInstanceUid=1.2.840.7211222315410062519929842352016721177199
  ======================================================================

2026-05-25 10:05:38.7247 [INFO] [AIRS.Core.Helpers.ZfpOracleDbHelper] [TraceID: 00-912a2d9caccbdea52931cfbe92d52b61-0187070d813c3d43-00]
  Event: 0
  Request: GET https://lcr-tp.nhi.gov.tw/api/NhiPatientImage/studies/1.2.840.192741192620116023140810067713017078213/series/1.2.840.66120190272382141921581501684383220150117188/instances/1.2.840.7211222315410062519929842352016721177199 
  Message: GetImageKey = Archived/20221110/1.2.840.192741192620116023140810067713017078213/1.2.840.66120190272382141921581501684383220150117188/1.2.840.7211222315410062519929842352016721177199.dcm, 30 ms elapsed.
  Properties: S3ObjectKey=Archived/20221110/1.2.840.192741192620116023140810067713017078213/1.2.840.66120190272382141921581501684383220150117188/1.2.840.7211222315410062519929842352016721177199.dcm; Elapsed=30; RequestId=4000009e-0004-fc00-b63f-84710c7967bb; RequestPath=/api/NhiPatientImage/studies/1.2.840.192741192620116023140810067713017078213/series/1.2.840.66120190272382141921581501684383220150117188/instances/1.2.840.7211222315410062519929842352016721177199; ActionId=aa92c01f-0771-4d00-b1d9-1444c5fbe45b; ActionName=NHI_AI_MedReportViewerWebApi.Controllers.NhiPatientImageController.GetImage (NHI-AI-MedReportViewerWebApi); StudyInstanceUid=1.2.840.192741192620116023140810067713017078213; SeriesInstanceUid=1.2.840.66120190272382141921581501684383220150117188; SopInstanceUid=1.2.840.7211222315410062519929842352016721177199
  ======================================================================

2026-05-25 10:05:38.7780 [INFO] [AIRS.Core.Common.LogForgingTools] [TraceID: 00-912a2d9caccbdea52931cfbe92d52b61-0187070d813c3d43-00]
  Event: 0
  Request: GET https://lcr-tp.nhi.gov.tw/api/NhiPatientImage/studies/1.2.840.192741192620116023140810067713017078213/series/1.2.840.66120190272382141921581501684383220150117188/instances/1.2.840.7211222315410062519929842352016721177199 
  Message: 1779674738778 GetImage() 由 S3 取得 stream，耗時 39 ms.
  Properties: RequestId=4000009e-0004-fc00-b63f-84710c7967bb; RequestPath=/api/NhiPatientImage/studies/1.2.840.192741192620116023140810067713017078213/series/1.2.840.66120190272382141921581501684383220150117188/instances/1.2.840.7211222315410062519929842352016721177199; ActionId=aa92c01f-0771-4d00-b1d9-1444c5fbe45b; ActionName=NHI_AI_MedReportViewerWebApi.Controllers.NhiPatientImageController.GetImage (NHI-AI-MedReportViewerWebApi); StudyInstanceUid=1.2.840.192741192620116023140810067713017078213; SeriesInstanceUid=1.2.840.66120190272382141921581501684383220150117188; SopInstanceUid=1.2.840.7211222315410062519929842352016721177199
  ======================================================================

2026-05-25 10:05:38.7893 [INFO] [NHI_AI_MedReportViewerWebApi.Services.NhiPatientImageService] [TraceID: 00-912a2d9caccbdea52931cfbe92d52b61-0187070d813c3d43-00]
  Event: 0
  Request: GET https://lcr-tp.nhi.gov.tw/api/NhiPatientImage/studies/1.2.840.192741192620116023140810067713017078213/series/1.2.840.66120190272382141921581501684383220150117188/instances/1.2.840.7211222315410062519929842352016721177199 
  Message: 成功從 S3 取得影像: 1.2.840.7211222315410062519929842352016721177199
  Properties: RequestId=4000009e-0004-fc00-b63f-84710c7967bb; RequestPath=/api/NhiPatientImage/studies/1.2.840.192741192620116023140810067713017078213/series/1.2.840.66120190272382141921581501684383220150117188/instances/1.2.840.7211222315410062519929842352016721177199; ActionId=aa92c01f-0771-4d00-b1d9-1444c5fbe45b; ActionName=NHI_AI_MedReportViewerWebApi.Controllers.NhiPatientImageController.GetImage (NHI-AI-MedReportViewerWebApi); StudyInstanceUid=1.2.840.192741192620116023140810067713017078213; SeriesInstanceUid=1.2.840.66120190272382141921581501684383220150117188; SopInstanceUid=1.2.840.7211222315410062519929842352016721177199
  ======================================================================

2026-05-25 10:05:39.6161 [INFO] [AIRS.Core.Helpers.ZfpOracleDbHelper] [TraceID: 00-e7a698a727e25d38615b7562c1970b88-fea67a653f8b5ae3-00]
  Event: 0
  Request: GET https://lcr-tp.nhi.gov.tw/api/NhiPatientImage/studies/1.2.840.192741192620116023140810067713017078213/series/1.2.840.66120190272382141921581501684383220150117188/instances/1.2.840.208461427238119923222817714417117420021926 
  Message: GetImageKey(studyInstanceUid: 1.2.840.192741192620116023140810067713017078213, seriesInstanceUid: 1.2.840.66120190272382141921581501684383220150117188, sopInstanceUid: 1.2.840.208461427238119923222817714417117420021926)
  Properties: StudyUid=1.2.840.192741192620116023140810067713017078213; SeriesUid=1.2.840.66120190272382141921581501684383220150117188; SopUid=1.2.840.208461427238119923222817714417117420021926; RequestId=400000a0-0004-fc00-b63f-84710c7967bb; RequestPath=/api/NhiPatientImage/studies/1.2.840.192741192620116023140810067713017078213/series/1.2.840.66120190272382141921581501684383220150117188/instances/1.2.840.208461427238119923222817714417117420021926; ActionId=aa92c01f-0771-4d00-b1d9-1444c5fbe45b; ActionName=NHI_AI_MedReportViewerWebApi.Controllers.NhiPatientImageController.GetImage (NHI-AI-MedReportViewerWebApi); StudyInstanceUid=1.2.840.192741192620116023140810067713017078213; SeriesInstanceUid=1.2.840.66120190272382141921581501684383220150117188; SopInstanceUid=1.2.840.208461427238119923222817714417117420021926
  ======================================================================

2026-05-25 10:05:39.6332 [INFO] [Polly] [TraceID: 00-e7a698a727e25d38615b7562c1970b88-fea67a653f8b5ae3-00]
  Event: 0
  Request: GET https://lcr-tp.nhi.gov.tw/api/NhiPatientImage/studies/1.2.840.192741192620116023140810067713017078213/series/1.2.840.66120190272382141921581501684383220150117188/instances/1.2.840.208461427238119923222817714417117420021926 
  Message: Execution attempt. Source: 'OracleResiliencePipeline/(null)/Retry', Operation Key: '', Result: 'NHI_ZFP_Viewer.ImageSources.ImageInfo', Handled: 'False', Attempt: '0', Execution Time: '5.3708'
  Properties: PipelineName=OracleResiliencePipeline; PipelineInstance=(null); StrategyName=Retry; Result=NHI_ZFP_Viewer.ImageSources.ImageInfo; Handled=false; Attempt=0; ExecutionTimeMs=5.3708; EventId=3; EventName=ExecutionAttempt; RequestId=400000a0-0004-fc00-b63f-84710c7967bb; RequestPath=/api/NhiPatientImage/studies/1.2.840.192741192620116023140810067713017078213/series/1.2.840.66120190272382141921581501684383220150117188/instances/1.2.840.208461427238119923222817714417117420021926; ActionId=aa92c01f-0771-4d00-b1d9-1444c5fbe45b; ActionName=NHI_AI_MedReportViewerWebApi.Controllers.NhiPatientImageController.GetImage (NHI-AI-MedReportViewerWebApi); StudyInstanceUid=1.2.840.192741192620116023140810067713017078213; SeriesInstanceUid=1.2.840.66120190272382141921581501684383220150117188; SopInstanceUid=1.2.840.208461427238119923222817714417117420021926
  ======================================================================

2026-05-25 10:05:39.6457 [INFO] [AIRS.Core.Helpers.ZfpOracleDbHelper] [TraceID: 00-e7a698a727e25d38615b7562c1970b88-fea67a653f8b5ae3-00]
  Event: 0
  Request: GET https://lcr-tp.nhi.gov.tw/api/NhiPatientImage/studies/1.2.840.192741192620116023140810067713017078213/series/1.2.840.66120190272382141921581501684383220150117188/instances/1.2.840.208461427238119923222817714417117420021926 
  Message: GetImageKey = Archived/20221110/1.2.840.192741192620116023140810067713017078213/1.2.840.66120190272382141921581501684383220150117188/1.2.840.208461427238119923222817714417117420021926.dcm, 22 ms elapsed.
  Properties: S3ObjectKey=Archived/20221110/1.2.840.192741192620116023140810067713017078213/1.2.840.66120190272382141921581501684383220150117188/1.2.840.208461427238119923222817714417117420021926.dcm; Elapsed=22; RequestId=400000a0-0004-fc00-b63f-84710c7967bb; RequestPath=/api/NhiPatientImage/studies/1.2.840.192741192620116023140810067713017078213/series/1.2.840.66120190272382141921581501684383220150117188/instances/1.2.840.208461427238119923222817714417117420021926; ActionId=aa92c01f-0771-4d00-b1d9-1444c5fbe45b; ActionName=NHI_AI_MedReportViewerWebApi.Controllers.NhiPatientImageController.GetImage (NHI-AI-MedReportViewerWebApi); StudyInstanceUid=1.2.840.192741192620116023140810067713017078213; SeriesInstanceUid=1.2.840.66120190272382141921581501684383220150117188; SopInstanceUid=1.2.840.208461427238119923222817714417117420021926
  ======================================================================

2026-05-25 10:05:39.6629 [INFO] [AIRS.Core.Helpers.ZfpOracleDbHelper] [TraceID: 00-5aef9d410fdba478844b05d2ced2c078-c11b7fe97c8a4edf-00]
  Event: 0
  Request: GET https://lcr-tp.nhi.gov.tw/api/NhiPatientImage/studies/1.2.840.192741192620116023140810067713017078213/series/1.2.840.66120190272382141921581501684383220150117188/instances/1.2.840.24332606245288192212114307910641109195 
  Message: GetImageKey(studyInstanceUid: 1.2.840.192741192620116023140810067713017078213, seriesInstanceUid: 1.2.840.66120190272382141921581501684383220150117188, sopInstanceUid: 1.2.840.24332606245288192212114307910641109195)
  Properties: StudyUid=1.2.840.192741192620116023140810067713017078213; SeriesUid=1.2.840.66120190272382141921581501684383220150117188; SopUid=1.2.840.24332606245288192212114307910641109195; RequestId=40000032-0004-f300-b63f-84710c7967bb; RequestPath=/api/NhiPatientImage/studies/1.2.840.192741192620116023140810067713017078213/series/1.2.840.66120190272382141921581501684383220150117188/instances/1.2.840.24332606245288192212114307910641109195; ActionId=aa92c01f-0771-4d00-b1d9-1444c5fbe45b; ActionName=NHI_AI_MedReportViewerWebApi.Controllers.NhiPatientImageController.GetImage (NHI-AI-MedReportViewerWebApi); StudyInstanceUid=1.2.840.192741192620116023140810067713017078213; SeriesInstanceUid=1.2.840.66120190272382141921581501684383220150117188; SopInstanceUid=1.2.840.24332606245288192212114307910641109195
  ======================================================================

2026-05-25 10:05:39.6821 [INFO] [Polly] [TraceID: 00-5aef9d410fdba478844b05d2ced2c078-c11b7fe97c8a4edf-00]
  Event: 0
  Request: GET https://lcr-tp.nhi.gov.tw/api/NhiPatientImage/studies/1.2.840.192741192620116023140810067713017078213/series/1.2.840.66120190272382141921581501684383220150117188/instances/1.2.840.24332606245288192212114307910641109195 
  Message: Execution attempt. Source: 'OracleResiliencePipeline/(null)/Retry', Operation Key: '', Result: 'NHI_ZFP_Viewer.ImageSources.ImageInfo', Handled: 'False', Attempt: '0', Execution Time: '4.9019'
  Properties: PipelineName=OracleResiliencePipeline; PipelineInstance=(null); StrategyName=Retry; Result=NHI_ZFP_Viewer.ImageSources.ImageInfo; Handled=false; Attempt=0; ExecutionTimeMs=4.9019; EventId=3; EventName=ExecutionAttempt; RequestId=40000032-0004-f300-b63f-84710c7967bb; RequestPath=/api/NhiPatientImage/studies/1.2.840.192741192620116023140810067713017078213/series/1.2.840.66120190272382141921581501684383220150117188/instances/1.2.840.24332606245288192212114307910641109195; ActionId=aa92c01f-0771-4d00-b1d9-1444c5fbe45b; ActionName=NHI_AI_MedReportViewerWebApi.Controllers.NhiPatientImageController.GetImage (NHI-AI-MedReportViewerWebApi); StudyInstanceUid=1.2.840.192741192620116023140810067713017078213; SeriesInstanceUid=1.2.840.66120190272382141921581501684383220150117188; SopInstanceUid=1.2.840.24332606245288192212114307910641109195
  ======================================================================

2026-05-25 10:05:39.6946 [INFO] [AIRS.Core.Helpers.ZfpOracleDbHelper] [TraceID: 00-5aef9d410fdba478844b05d2ced2c078-c11b7fe97c8a4edf-00]
  Event: 0
  Request: GET https://lcr-tp.nhi.gov.tw/api/NhiPatientImage/studies/1.2.840.192741192620116023140810067713017078213/series/1.2.840.66120190272382141921581501684383220150117188/instances/1.2.840.24332606245288192212114307910641109195 
  Message: GetImageKey = Archived/20221110/1.2.840.192741192620116023140810067713017078213/1.2.840.66120190272382141921581501684383220150117188/1.2.840.24332606245288192212114307910641109195.dcm, 22 ms elapsed.
  Properties: S3ObjectKey=Archived/20221110/1.2.840.192741192620116023140810067713017078213/1.2.840.66120190272382141921581501684383220150117188/1.2.840.24332606245288192212114307910641109195.dcm; Elapsed=22; RequestId=40000032-0004-f300-b63f-84710c7967bb; RequestPath=/api/NhiPatientImage/studies/1.2.840.192741192620116023140810067713017078213/series/1.2.840.66120190272382141921581501684383220150117188/instances/1.2.840.24332606245288192212114307910641109195; ActionId=aa92c01f-0771-4d00-b1d9-1444c5fbe45b; ActionName=NHI_AI_MedReportViewerWebApi.Controllers.NhiPatientImageController.GetImage (NHI-AI-MedReportViewerWebApi); StudyInstanceUid=1.2.840.192741192620116023140810067713017078213; SeriesInstanceUid=1.2.840.66120190272382141921581501684383220150117188; SopInstanceUid=1.2.840.24332606245288192212114307910641109195
  ======================================================================

2026-05-25 10:05:39.6946 [INFO] [AIRS.Core.Common.LogForgingTools] [TraceID: 00-e7a698a727e25d38615b7562c1970b88-fea67a653f8b5ae3-00]
  Event: 0
  Request: GET https://lcr-tp.nhi.gov.tw/api/NhiPatientImage/studies/1.2.840.192741192620116023140810067713017078213/series/1.2.840.66120190272382141921581501684383220150117188/instances/1.2.840.208461427238119923222817714417117420021926 
  Message: 1779674739706 GetImage() 由 S3 取得 stream，耗時 46 ms.
  Properties: RequestId=400000a0-0004-fc00-b63f-84710c7967bb; RequestPath=/api/NhiPatientImage/studies/1.2.840.192741192620116023140810067713017078213/series/1.2.840.66120190272382141921581501684383220150117188/instances/1.2.840.208461427238119923222817714417117420021926; ActionId=aa92c01f-0771-4d00-b1d9-1444c5fbe45b; ActionName=NHI_AI_MedReportViewerWebApi.Controllers.NhiPatientImageController.GetImage (NHI-AI-MedReportViewerWebApi); StudyInstanceUid=1.2.840.192741192620116023140810067713017078213; SeriesInstanceUid=1.2.840.66120190272382141921581501684383220150117188; SopInstanceUid=1.2.840.208461427238119923222817714417117420021926
  ======================================================================

2026-05-25 10:05:39.7166 [INFO] [NHI_AI_MedReportViewerWebApi.Services.NhiPatientImageService] [TraceID: 00-e7a698a727e25d38615b7562c1970b88-fea67a653f8b5ae3-00]
  Event: 0
  Request: GET https://lcr-tp.nhi.gov.tw/api/NhiPatientImage/studies/1.2.840.192741192620116023140810067713017078213/series/1.2.840.66120190272382141921581501684383220150117188/instances/1.2.840.208461427238119923222817714417117420021926 
  Message: 成功從 S3 取得影像: 1.2.840.208461427238119923222817714417117420021926
  Properties: RequestId=400000a0-0004-fc00-b63f-84710c7967bb; RequestPath=/api/NhiPatientImage/studies/1.2.840.192741192620116023140810067713017078213/series/1.2.840.66120190272382141921581501684383220150117188/instances/1.2.840.208461427238119923222817714417117420021926; ActionId=aa92c01f-0771-4d00-b1d9-1444c5fbe45b; ActionName=NHI_AI_MedReportViewerWebApi.Controllers.NhiPatientImageController.GetImage (NHI-AI-MedReportViewerWebApi); StudyInstanceUid=1.2.840.192741192620116023140810067713017078213; SeriesInstanceUid=1.2.840.66120190272382141921581501684383220150117188; SopInstanceUid=1.2.840.208461427238119923222817714417117420021926
  ======================================================================

2026-05-25 10:05:39.7495 [INFO] [AIRS.Core.Common.LogForgingTools] [TraceID: 00-5aef9d410fdba478844b05d2ced2c078-c11b7fe97c8a4edf-00]
  Event: 0
  Request: GET https://lcr-tp.nhi.gov.tw/api/NhiPatientImage/studies/1.2.840.192741192620116023140810067713017078213/series/1.2.840.66120190272382141921581501684383220150117188/instances/1.2.840.24332606245288192212114307910641109195 
  Message: 1779674739749 GetImage() 由 S3 取得 stream，耗時 42 ms.
  Properties: RequestId=40000032-0004-f300-b63f-84710c7967bb; RequestPath=/api/NhiPatientImage/studies/1.2.840.192741192620116023140810067713017078213/series/1.2.840.66120190272382141921581501684383220150117188/instances/1.2.840.24332606245288192212114307910641109195; ActionId=aa92c01f-0771-4d00-b1d9-1444c5fbe45b; ActionName=NHI_AI_MedReportViewerWebApi.Controllers.NhiPatientImageController.GetImage (NHI-AI-MedReportViewerWebApi); StudyInstanceUid=1.2.840.192741192620116023140810067713017078213; SeriesInstanceUid=1.2.840.66120190272382141921581501684383220150117188; SopInstanceUid=1.2.840.24332606245288192212114307910641109195
  ======================================================================

2026-05-25 10:05:39.7602 [INFO] [NHI_AI_MedReportViewerWebApi.Services.NhiPatientImageService] [TraceID: 00-5aef9d410fdba478844b05d2ced2c078-c11b7fe97c8a4edf-00]
  Event: 0
  Request: GET https://lcr-tp.nhi.gov.tw/api/NhiPatientImage/studies/1.2.840.192741192620116023140810067713017078213/series/1.2.840.66120190272382141921581501684383220150117188/instances/1.2.840.24332606245288192212114307910641109195 
  Message: 成功從 S3 取得影像: 1.2.840.24332606245288192212114307910641109195
  Properties: RequestId=40000032-0004-f300-b63f-84710c7967bb; RequestPath=/api/NhiPatientImage/studies/1.2.840.192741192620116023140810067713017078213/series/1.2.840.66120190272382141921581501684383220150117188/instances/1.2.840.24332606245288192212114307910641109195; ActionId=aa92c01f-0771-4d00-b1d9-1444c5fbe45b; ActionName=NHI_AI_MedReportViewerWebApi.Controllers.NhiPatientImageController.GetImage (NHI-AI-MedReportViewerWebApi); StudyInstanceUid=1.2.840.192741192620116023140810067713017078213; SeriesInstanceUid=1.2.840.66120190272382141921581501684383220150117188; SopInstanceUid=1.2.840.24332606245288192212114307910641109195
  ======================================================================

2026-05-25 10:05:41.2198 [INFO] [AIRS.Core.Helpers.ZfpOracleDbHelper] [TraceID: 00-583b78cebf8e7547a4a28be7fd5054cf-29e0075a2d3f46f2-00]
  Event: 0
  Request: GET https://lcr-tp.nhi.gov.tw/api/NhiPatientImage/studies/1.2.840.192741192620116023140810067713017078213/series/1.2.840.66120190272382141921581501684383220150117188/instances/1.2.840.2201492269421122174169195401343210819310784 
  Message: GetImageKey(studyInstanceUid: 1.2.840.192741192620116023140810067713017078213, seriesInstanceUid: 1.2.840.66120190272382141921581501684383220150117188, sopInstanceUid: 1.2.840.2201492269421122174169195401343210819310784)
  Properties: StudyUid=1.2.840.192741192620116023140810067713017078213; SeriesUid=1.2.840.66120190272382141921581501684383220150117188; SopUid=1.2.840.2201492269421122174169195401343210819310784; RequestId=40000034-0004-f300-b63f-84710c7967bb; RequestPath=/api/NhiPatientImage/studies/1.2.840.192741192620116023140810067713017078213/series/1.2.840.66120190272382141921581501684383220150117188/instances/1.2.840.2201492269421122174169195401343210819310784; ActionId=aa92c01f-0771-4d00-b1d9-1444c5fbe45b; ActionName=NHI_AI_MedReportViewerWebApi.Controllers.NhiPatientImageController.GetImage (NHI-AI-MedReportViewerWebApi); StudyInstanceUid=1.2.840.192741192620116023140810067713017078213; SeriesInstanceUid=1.2.840.66120190272382141921581501684383220150117188; SopInstanceUid=1.2.840.2201492269421122174169195401343210819310784
  ======================================================================

2026-05-25 10:05:41.2442 [INFO] [Polly] [TraceID: 00-583b78cebf8e7547a4a28be7fd5054cf-29e0075a2d3f46f2-00]
  Event: 0
  Request: GET https://lcr-tp.nhi.gov.tw/api/NhiPatientImage/studies/1.2.840.192741192620116023140810067713017078213/series/1.2.840.66120190272382141921581501684383220150117188/instances/1.2.840.2201492269421122174169195401343210819310784 
  Message: Execution attempt. Source: 'OracleResiliencePipeline/(null)/Retry', Operation Key: '', Result: 'NHI_ZFP_Viewer.ImageSources.ImageInfo', Handled: 'False', Attempt: '0', Execution Time: '12.1327'
  Properties: PipelineName=OracleResiliencePipeline; PipelineInstance=(null); StrategyName=Retry; Result=NHI_ZFP_Viewer.ImageSources.ImageInfo; Handled=false; Attempt=0; ExecutionTimeMs=12.1327; EventId=3; EventName=ExecutionAttempt; RequestId=40000034-0004-f300-b63f-84710c7967bb; RequestPath=/api/NhiPatientImage/studies/1.2.840.192741192620116023140810067713017078213/series/1.2.840.66120190272382141921581501684383220150117188/instances/1.2.840.2201492269421122174169195401343210819310784; ActionId=aa92c01f-0771-4d00-b1d9-1444c5fbe45b; ActionName=NHI_AI_MedReportViewerWebApi.Controllers.NhiPatientImageController.GetImage (NHI-AI-MedReportViewerWebApi); StudyInstanceUid=1.2.840.192741192620116023140810067713017078213; SeriesInstanceUid=1.2.840.66120190272382141921581501684383220150117188; SopInstanceUid=1.2.840.2201492269421122174169195401343210819310784
  ======================================================================

2026-05-25 10:05:41.2560 [INFO] [AIRS.Core.Helpers.ZfpOracleDbHelper] [TraceID: 00-583b78cebf8e7547a4a28be7fd5054cf-29e0075a2d3f46f2-00]
  Event: 0
  Request: GET https://lcr-tp.nhi.gov.tw/api/NhiPatientImage/studies/1.2.840.192741192620116023140810067713017078213/series/1.2.840.66120190272382141921581501684383220150117188/instances/1.2.840.2201492269421122174169195401343210819310784 
  Message: GetImageKey = Archived/20221110/1.2.840.192741192620116023140810067713017078213/1.2.840.66120190272382141921581501684383220150117188/1.2.840.2201492269421122174169195401343210819310784.dcm, 28 ms elapsed.
  Properties: S3ObjectKey=Archived/20221110/1.2.840.192741192620116023140810067713017078213/1.2.840.66120190272382141921581501684383220150117188/1.2.840.2201492269421122174169195401343210819310784.dcm; Elapsed=28; RequestId=40000034-0004-f300-b63f-84710c7967bb; RequestPath=/api/NhiPatientImage/studies/1.2.840.192741192620116023140810067713017078213/series/1.2.840.66120190272382141921581501684383220150117188/instances/1.2.840.2201492269421122174169195401343210819310784; ActionId=aa92c01f-0771-4d00-b1d9-1444c5fbe45b; ActionName=NHI_AI_MedReportViewerWebApi.Controllers.NhiPatientImageController.GetImage (NHI-AI-MedReportViewerWebApi); StudyInstanceUid=1.2.840.192741192620116023140810067713017078213; SeriesInstanceUid=1.2.840.66120190272382141921581501684383220150117188; SopInstanceUid=1.2.840.2201492269421122174169195401343210819310784
  ======================================================================

2026-05-25 10:05:41.3191 [INFO] [AIRS.Core.Common.LogForgingTools] [TraceID: 00-583b78cebf8e7547a4a28be7fd5054cf-29e0075a2d3f46f2-00]
  Event: 0
  Request: GET https://lcr-tp.nhi.gov.tw/api/NhiPatientImage/studies/1.2.840.192741192620116023140810067713017078213/series/1.2.840.66120190272382141921581501684383220150117188/instances/1.2.840.2201492269421122174169195401343210819310784 
  Message: 1779674741319 GetImage() 由 S3 取得 stream，耗時 49 ms.
  Properties: RequestId=40000034-0004-f300-b63f-84710c7967bb; RequestPath=/api/NhiPatientImage/studies/1.2.840.192741192620116023140810067713017078213/series/1.2.840.66120190272382141921581501684383220150117188/instances/1.2.840.2201492269421122174169195401343210819310784; ActionId=aa92c01f-0771-4d00-b1d9-1444c5fbe45b; ActionName=NHI_AI_MedReportViewerWebApi.Controllers.NhiPatientImageController.GetImage (NHI-AI-MedReportViewerWebApi); StudyInstanceUid=1.2.840.192741192620116023140810067713017078213; SeriesInstanceUid=1.2.840.66120190272382141921581501684383220150117188; SopInstanceUid=1.2.840.2201492269421122174169195401343210819310784
  ======================================================================

2026-05-25 10:05:41.3191 [INFO] [NHI_AI_MedReportViewerWebApi.Services.NhiPatientImageService] [TraceID: 00-583b78cebf8e7547a4a28be7fd5054cf-29e0075a2d3f46f2-00]
  Event: 0
  Request: GET https://lcr-tp.nhi.gov.tw/api/NhiPatientImage/studies/1.2.840.192741192620116023140810067713017078213/series/1.2.840.66120190272382141921581501684383220150117188/instances/1.2.840.2201492269421122174169195401343210819310784 
  Message: 成功從 S3 取得影像: 1.2.840.2201492269421122174169195401343210819310784
  Properties: RequestId=40000034-0004-f300-b63f-84710c7967bb; RequestPath=/api/NhiPatientImage/studies/1.2.840.192741192620116023140810067713017078213/series/1.2.840.66120190272382141921581501684383220150117188/instances/1.2.840.2201492269421122174169195401343210819310784; ActionId=aa92c01f-0771-4d00-b1d9-1444c5fbe45b; ActionName=NHI_AI_MedReportViewerWebApi.Controllers.NhiPatientImageController.GetImage (NHI-AI-MedReportViewerWebApi); StudyInstanceUid=1.2.840.192741192620116023140810067713017078213; SeriesInstanceUid=1.2.840.66120190272382141921581501684383220150117188; SopInstanceUid=1.2.840.2201492269421122174169195401343210819310784
  ======================================================================

2026-05-25 10:05:41.3995 [INFO] [AIRS.Core.Helpers.ZfpOracleDbHelper] [TraceID: 00-28d8abc845f5b466ab3dd80ca2d569e5-3c6b4e49152fb5ca-00]
  Event: 0
  Request: GET https://lcr-tp.nhi.gov.tw/api/NhiPatientImage/studies/1.2.840.192741192620116023140810067713017078213/series/1.2.840.66120190272382141921581501684383220150117188/instances/1.2.840.14472215596621194180822262371208212180217 
  Message: GetImageKey(studyInstanceUid: 1.2.840.192741192620116023140810067713017078213, seriesInstanceUid: 1.2.840.66120190272382141921581501684383220150117188, sopInstanceUid: 1.2.840.14472215596621194180822262371208212180217)
  Properties: StudyUid=1.2.840.192741192620116023140810067713017078213; SeriesUid=1.2.840.66120190272382141921581501684383220150117188; SopUid=1.2.840.14472215596621194180822262371208212180217; RequestId=40000036-0004-f300-b63f-84710c7967bb; RequestPath=/api/NhiPatientImage/studies/1.2.840.192741192620116023140810067713017078213/series/1.2.840.66120190272382141921581501684383220150117188/instances/1.2.840.14472215596621194180822262371208212180217; ActionId=aa92c01f-0771-4d00-b1d9-1444c5fbe45b; ActionName=NHI_AI_MedReportViewerWebApi.Controllers.NhiPatientImageController.GetImage (NHI-AI-MedReportViewerWebApi); StudyInstanceUid=1.2.840.192741192620116023140810067713017078213; SeriesInstanceUid=1.2.840.66120190272382141921581501684383220150117188; SopInstanceUid=1.2.840.14472215596621194180822262371208212180217
  ======================================================================

2026-05-25 10:05:41.4175 [INFO] [Polly] [TraceID: 00-28d8abc845f5b466ab3dd80ca2d569e5-3c6b4e49152fb5ca-00]
  Event: 0
  Request: GET https://lcr-tp.nhi.gov.tw/api/NhiPatientImage/studies/1.2.840.192741192620116023140810067713017078213/series/1.2.840.66120190272382141921581501684383220150117188/instances/1.2.840.14472215596621194180822262371208212180217 
  Message: Execution attempt. Source: 'OracleResiliencePipeline/(null)/Retry', Operation Key: '', Result: 'NHI_ZFP_Viewer.ImageSources.ImageInfo', Handled: 'False', Attempt: '0', Execution Time: '5.595'
  Properties: PipelineName=OracleResiliencePipeline; PipelineInstance=(null); StrategyName=Retry; Result=NHI_ZFP_Viewer.ImageSources.ImageInfo; Handled=false; Attempt=0; ExecutionTimeMs=5.595; EventId=3; EventName=ExecutionAttempt; RequestId=40000036-0004-f300-b63f-84710c7967bb; RequestPath=/api/NhiPatientImage/studies/1.2.840.192741192620116023140810067713017078213/series/1.2.840.66120190272382141921581501684383220150117188/instances/1.2.840.14472215596621194180822262371208212180217; ActionId=aa92c01f-0771-4d00-b1d9-1444c5fbe45b; ActionName=NHI_AI_MedReportViewerWebApi.Controllers.NhiPatientImageController.GetImage (NHI-AI-MedReportViewerWebApi); StudyInstanceUid=1.2.840.192741192620116023140810067713017078213; SeriesInstanceUid=1.2.840.66120190272382141921581501684383220150117188; SopInstanceUid=1.2.840.14472215596621194180822262371208212180217
  ======================================================================

2026-05-25 10:05:41.4175 [INFO] [AIRS.Core.Helpers.ZfpOracleDbHelper] [TraceID: 00-28d8abc845f5b466ab3dd80ca2d569e5-3c6b4e49152fb5ca-00]
  Event: 0
  Request: GET https://lcr-tp.nhi.gov.tw/api/NhiPatientImage/studies/1.2.840.192741192620116023140810067713017078213/series/1.2.840.66120190272382141921581501684383220150117188/instances/1.2.840.14472215596621194180822262371208212180217 
  Message: GetImageKey = Archived/20221110/1.2.840.192741192620116023140810067713017078213/1.2.840.66120190272382141921581501684383220150117188/1.2.840.14472215596621194180822262371208212180217.dcm, 22 ms elapsed.
  Properties: S3ObjectKey=Archived/20221110/1.2.840.192741192620116023140810067713017078213/1.2.840.66120190272382141921581501684383220150117188/1.2.840.14472215596621194180822262371208212180217.dcm; Elapsed=22; RequestId=40000036-0004-f300-b63f-84710c7967bb; RequestPath=/api/NhiPatientImage/studies/1.2.840.192741192620116023140810067713017078213/series/1.2.840.66120190272382141921581501684383220150117188/instances/1.2.840.14472215596621194180822262371208212180217; ActionId=aa92c01f-0771-4d00-b1d9-1444c5fbe45b; ActionName=NHI_AI_MedReportViewerWebApi.Controllers.NhiPatientImageController.GetImage (NHI-AI-MedReportViewerWebApi); StudyInstanceUid=1.2.840.192741192620116023140810067713017078213; SeriesInstanceUid=1.2.840.66120190272382141921581501684383220150117188; SopInstanceUid=1.2.840.14472215596621194180822262371208212180217
  ======================================================================

2026-05-25 10:05:41.4830 [INFO] [AIRS.Core.Common.LogForgingTools] [TraceID: 00-28d8abc845f5b466ab3dd80ca2d569e5-3c6b4e49152fb5ca-00]
  Event: 0
  Request: GET https://lcr-tp.nhi.gov.tw/api/NhiPatientImage/studies/1.2.840.192741192620116023140810067713017078213/series/1.2.840.66120190272382141921581501684383220150117188/instances/1.2.840.14472215596621194180822262371208212180217 
  Message: 1779674741483 GetImage() 由 S3 取得 stream，耗時 39 ms.
  Properties: RequestId=40000036-0004-f300-b63f-84710c7967bb; RequestPath=/api/NhiPatientImage/studies/1.2.840.192741192620116023140810067713017078213/series/1.2.840.66120190272382141921581501684383220150117188/instances/1.2.840.14472215596621194180822262371208212180217; ActionId=aa92c01f-0771-4d00-b1d9-1444c5fbe45b; ActionName=NHI_AI_MedReportViewerWebApi.Controllers.NhiPatientImageController.GetImage (NHI-AI-MedReportViewerWebApi); StudyInstanceUid=1.2.840.192741192620116023140810067713017078213; SeriesInstanceUid=1.2.840.66120190272382141921581501684383220150117188; SopInstanceUid=1.2.840.14472215596621194180822262371208212180217
  ======================================================================

2026-05-25 10:05:41.4830 [INFO] [NHI_AI_MedReportViewerWebApi.Services.NhiPatientImageService] [TraceID: 00-28d8abc845f5b466ab3dd80ca2d569e5-3c6b4e49152fb5ca-00]
  Event: 0
  Request: GET https://lcr-tp.nhi.gov.tw/api/NhiPatientImage/studies/1.2.840.192741192620116023140810067713017078213/series/1.2.840.66120190272382141921581501684383220150117188/instances/1.2.840.14472215596621194180822262371208212180217 
  Message: 成功從 S3 取得影像: 1.2.840.14472215596621194180822262371208212180217
  Properties: RequestId=40000036-0004-f300-b63f-84710c7967bb; RequestPath=/api/NhiPatientImage/studies/1.2.840.192741192620116023140810067713017078213/series/1.2.840.66120190272382141921581501684383220150117188/instances/1.2.840.14472215596621194180822262371208212180217; ActionId=aa92c01f-0771-4d00-b1d9-1444c5fbe45b; ActionName=NHI_AI_MedReportViewerWebApi.Controllers.NhiPatientImageController.GetImage (NHI-AI-MedReportViewerWebApi); StudyInstanceUid=1.2.840.192741192620116023140810067713017078213; SeriesInstanceUid=1.2.840.66120190272382141921581501684383220150117188; SopInstanceUid=1.2.840.14472215596621194180822262371208212180217
  ======================================================================

2026-05-25 10:05:41.9754 [INFO] [AIRS.Core.Helpers.ZfpOracleDbHelper] [TraceID: 00-de6c8b934d9f3b3d0d268217c3f06cd8-c3afb75d87e0c862-00]
  Event: 0
  Request: GET https://lcr-tp.nhi.gov.tw/api/NhiPatientImage/studies/1.2.840.192741192620116023140810067713017078213/series/1.2.840.66120190272382141921581501684383220150117188/instances/1.2.840.1682859674158232153201971422016625182169 
  Message: GetImageKey(studyInstanceUid: 1.2.840.192741192620116023140810067713017078213, seriesInstanceUid: 1.2.840.66120190272382141921581501684383220150117188, sopInstanceUid: 1.2.840.1682859674158232153201971422016625182169)
  Properties: StudyUid=1.2.840.192741192620116023140810067713017078213; SeriesUid=1.2.840.66120190272382141921581501684383220150117188; SopUid=1.2.840.1682859674158232153201971422016625182169; RequestId=40000129-0006-f300-b63f-84710c7967bb; RequestPath=/api/NhiPatientImage/studies/1.2.840.192741192620116023140810067713017078213/series/1.2.840.66120190272382141921581501684383220150117188/instances/1.2.840.1682859674158232153201971422016625182169; ActionId=aa92c01f-0771-4d00-b1d9-1444c5fbe45b; ActionName=NHI_AI_MedReportViewerWebApi.Controllers.NhiPatientImageController.GetImage (NHI-AI-MedReportViewerWebApi); StudyInstanceUid=1.2.840.192741192620116023140810067713017078213; SeriesInstanceUid=1.2.840.66120190272382141921581501684383220150117188; SopInstanceUid=1.2.840.1682859674158232153201971422016625182169
  ======================================================================

2026-05-25 10:05:41.9867 [INFO] [Polly] [TraceID: 00-de6c8b934d9f3b3d0d268217c3f06cd8-c3afb75d87e0c862-00]
  Event: 0
  Request: GET https://lcr-tp.nhi.gov.tw/api/NhiPatientImage/studies/1.2.840.192741192620116023140810067713017078213/series/1.2.840.66120190272382141921581501684383220150117188/instances/1.2.840.1682859674158232153201971422016625182169 
  Message: Execution attempt. Source: 'OracleResiliencePipeline/(null)/Retry', Operation Key: '', Result: 'NHI_ZFP_Viewer.ImageSources.ImageInfo', Handled: 'False', Attempt: '0', Execution Time: '5.2624'
  Properties: PipelineName=OracleResiliencePipeline; PipelineInstance=(null); StrategyName=Retry; Result=NHI_ZFP_Viewer.ImageSources.ImageInfo; Handled=false; Attempt=0; ExecutionTimeMs=5.2624; EventId=3; EventName=ExecutionAttempt; RequestId=40000129-0006-f300-b63f-84710c7967bb; RequestPath=/api/NhiPatientImage/studies/1.2.840.192741192620116023140810067713017078213/series/1.2.840.66120190272382141921581501684383220150117188/instances/1.2.840.1682859674158232153201971422016625182169; ActionId=aa92c01f-0771-4d00-b1d9-1444c5fbe45b; ActionName=NHI_AI_MedReportViewerWebApi.Controllers.NhiPatientImageController.GetImage (NHI-AI-MedReportViewerWebApi); StudyInstanceUid=1.2.840.192741192620116023140810067713017078213; SeriesInstanceUid=1.2.840.66120190272382141921581501684383220150117188; SopInstanceUid=1.2.840.1682859674158232153201971422016625182169
  ======================================================================

2026-05-25 10:05:42.0053 [INFO] [AIRS.Core.Helpers.ZfpOracleDbHelper] [TraceID: 00-de6c8b934d9f3b3d0d268217c3f06cd8-c3afb75d87e0c862-00]
  Event: 0
  Request: GET https://lcr-tp.nhi.gov.tw/api/NhiPatientImage/studies/1.2.840.192741192620116023140810067713017078213/series/1.2.840.66120190272382141921581501684383220150117188/instances/1.2.840.1682859674158232153201971422016625182169 
  Message: GetImageKey = Archived/20221110/1.2.840.192741192620116023140810067713017078213/1.2.840.66120190272382141921581501684383220150117188/1.2.840.1682859674158232153201971422016625182169.dcm, 21 ms elapsed.
  Properties: S3ObjectKey=Archived/20221110/1.2.840.192741192620116023140810067713017078213/1.2.840.66120190272382141921581501684383220150117188/1.2.840.1682859674158232153201971422016625182169.dcm; Elapsed=21; RequestId=40000129-0006-f300-b63f-84710c7967bb; RequestPath=/api/NhiPatientImage/studies/1.2.840.192741192620116023140810067713017078213/series/1.2.840.66120190272382141921581501684383220150117188/instances/1.2.840.1682859674158232153201971422016625182169; ActionId=aa92c01f-0771-4d00-b1d9-1444c5fbe45b; ActionName=NHI_AI_MedReportViewerWebApi.Controllers.NhiPatientImageController.GetImage (NHI-AI-MedReportViewerWebApi); StudyInstanceUid=1.2.840.192741192620116023140810067713017078213; SeriesInstanceUid=1.2.840.66120190272382141921581501684383220150117188; SopInstanceUid=1.2.840.1682859674158232153201971422016625182169
  ======================================================================

2026-05-25 10:05:42.0595 [INFO] [AIRS.Core.Common.LogForgingTools] [TraceID: 00-de6c8b934d9f3b3d0d268217c3f06cd8-c3afb75d87e0c862-00]
  Event: 0
  Request: GET https://lcr-tp.nhi.gov.tw/api/NhiPatientImage/studies/1.2.840.192741192620116023140810067713017078213/series/1.2.840.66120190272382141921581501684383220150117188/instances/1.2.840.1682859674158232153201971422016625182169 
  Message: 1779674742059 GetImage() 由 S3 取得 stream，耗時 39 ms.
  Properties: RequestId=40000129-0006-f300-b63f-84710c7967bb; RequestPath=/api/NhiPatientImage/studies/1.2.840.192741192620116023140810067713017078213/series/1.2.840.66120190272382141921581501684383220150117188/instances/1.2.840.1682859674158232153201971422016625182169; ActionId=aa92c01f-0771-4d00-b1d9-1444c5fbe45b; ActionName=NHI_AI_MedReportViewerWebApi.Controllers.NhiPatientImageController.GetImage (NHI-AI-MedReportViewerWebApi); StudyInstanceUid=1.2.840.192741192620116023140810067713017078213; SeriesInstanceUid=1.2.840.66120190272382141921581501684383220150117188; SopInstanceUid=1.2.840.1682859674158232153201971422016625182169
  ======================================================================

2026-05-25 10:05:42.0725 [INFO] [NHI_AI_MedReportViewerWebApi.Services.NhiPatientImageService] [TraceID: 00-de6c8b934d9f3b3d0d268217c3f06cd8-c3afb75d87e0c862-00]
  Event: 0
  Request: GET https://lcr-tp.nhi.gov.tw/api/NhiPatientImage/studies/1.2.840.192741192620116023140810067713017078213/series/1.2.840.66120190272382141921581501684383220150117188/instances/1.2.840.1682859674158232153201971422016625182169 
  Message: 成功從 S3 取得影像: 1.2.840.1682859674158232153201971422016625182169
  Properties: RequestId=40000129-0006-f300-b63f-84710c7967bb; RequestPath=/api/NhiPatientImage/studies/1.2.840.192741192620116023140810067713017078213/series/1.2.840.66120190272382141921581501684383220150117188/instances/1.2.840.1682859674158232153201971422016625182169; ActionId=aa92c01f-0771-4d00-b1d9-1444c5fbe45b; ActionName=NHI_AI_MedReportViewerWebApi.Controllers.NhiPatientImageController.GetImage (NHI-AI-MedReportViewerWebApi); StudyInstanceUid=1.2.840.192741192620116023140810067713017078213; SeriesInstanceUid=1.2.840.66120190272382141921581501684383220150117188; SopInstanceUid=1.2.840.1682859674158232153201971422016625182169
  ======================================================================

2026-05-25 10:05:42.2148 [INFO] [AIRS.Core.Helpers.ZfpOracleDbHelper] [TraceID: 00-8f1ef24e9d29172b46a04369417549bf-4e8c58f59cf4c6d3-00]
  Event: 0
  Request: GET https://lcr-tp.nhi.gov.tw/api/NhiPatientImage/studies/1.2.840.192741192620116023140810067713017078213/series/1.2.840.66120190272382141921581501684383220150117188/instances/1.2.840.510420612210011023570210235211157163878130 
  Message: GetImageKey(studyInstanceUid: 1.2.840.192741192620116023140810067713017078213, seriesInstanceUid: 1.2.840.66120190272382141921581501684383220150117188, sopInstanceUid: 1.2.840.510420612210011023570210235211157163878130)
  Properties: StudyUid=1.2.840.192741192620116023140810067713017078213; SeriesUid=1.2.840.66120190272382141921581501684383220150117188; SopUid=1.2.840.510420612210011023570210235211157163878130; RequestId=40000038-0004-f300-b63f-84710c7967bb; RequestPath=/api/NhiPatientImage/studies/1.2.840.192741192620116023140810067713017078213/series/1.2.840.66120190272382141921581501684383220150117188/instances/1.2.840.510420612210011023570210235211157163878130; ActionId=aa92c01f-0771-4d00-b1d9-1444c5fbe45b; ActionName=NHI_AI_MedReportViewerWebApi.Controllers.NhiPatientImageController.GetImage (NHI-AI-MedReportViewerWebApi); StudyInstanceUid=1.2.840.192741192620116023140810067713017078213; SeriesInstanceUid=1.2.840.66120190272382141921581501684383220150117188; SopInstanceUid=1.2.840.510420612210011023570210235211157163878130
  ======================================================================

2026-05-25 10:05:42.2328 [INFO] [Polly] [TraceID: 00-8f1ef24e9d29172b46a04369417549bf-4e8c58f59cf4c6d3-00]
  Event: 0
  Request: GET https://lcr-tp.nhi.gov.tw/api/NhiPatientImage/studies/1.2.840.192741192620116023140810067713017078213/series/1.2.840.66120190272382141921581501684383220150117188/instances/1.2.840.510420612210011023570210235211157163878130 
  Message: Execution attempt. Source: 'OracleResiliencePipeline/(null)/Retry', Operation Key: '', Result: 'NHI_ZFP_Viewer.ImageSources.ImageInfo', Handled: 'False', Attempt: '0', Execution Time: '5.2293'
  Properties: PipelineName=OracleResiliencePipeline; PipelineInstance=(null); StrategyName=Retry; Result=NHI_ZFP_Viewer.ImageSources.ImageInfo; Handled=false; Attempt=0; ExecutionTimeMs=5.2293; EventId=3; EventName=ExecutionAttempt; RequestId=40000038-0004-f300-b63f-84710c7967bb; RequestPath=/api/NhiPatientImage/studies/1.2.840.192741192620116023140810067713017078213/series/1.2.840.66120190272382141921581501684383220150117188/instances/1.2.840.510420612210011023570210235211157163878130; ActionId=aa92c01f-0771-4d00-b1d9-1444c5fbe45b; ActionName=NHI_AI_MedReportViewerWebApi.Controllers.NhiPatientImageController.GetImage (NHI-AI-MedReportViewerWebApi); StudyInstanceUid=1.2.840.192741192620116023140810067713017078213; SeriesInstanceUid=1.2.840.66120190272382141921581501684383220150117188; SopInstanceUid=1.2.840.510420612210011023570210235211157163878130
  ======================================================================

2026-05-25 10:05:42.2451 [INFO] [AIRS.Core.Helpers.ZfpOracleDbHelper] [TraceID: 00-8f1ef24e9d29172b46a04369417549bf-4e8c58f59cf4c6d3-00]
  Event: 0
  Request: GET https://lcr-tp.nhi.gov.tw/api/NhiPatientImage/studies/1.2.840.192741192620116023140810067713017078213/series/1.2.840.66120190272382141921581501684383220150117188/instances/1.2.840.510420612210011023570210235211157163878130 
  Message: GetImageKey = Archived/20221110/1.2.840.192741192620116023140810067713017078213/1.2.840.66120190272382141921581501684383220150117188/1.2.840.510420612210011023570210235211157163878130.dcm, 21 ms elapsed.
  Properties: S3ObjectKey=Archived/20221110/1.2.840.192741192620116023140810067713017078213/1.2.840.66120190272382141921581501684383220150117188/1.2.840.510420612210011023570210235211157163878130.dcm; Elapsed=21; RequestId=40000038-0004-f300-b63f-84710c7967bb; RequestPath=/api/NhiPatientImage/studies/1.2.840.192741192620116023140810067713017078213/series/1.2.840.66120190272382141921581501684383220150117188/instances/1.2.840.510420612210011023570210235211157163878130; ActionId=aa92c01f-0771-4d00-b1d9-1444c5fbe45b; ActionName=NHI_AI_MedReportViewerWebApi.Controllers.NhiPatientImageController.GetImage (NHI-AI-MedReportViewerWebApi); StudyInstanceUid=1.2.840.192741192620116023140810067713017078213; SeriesInstanceUid=1.2.840.66120190272382141921581501684383220150117188; SopInstanceUid=1.2.840.510420612210011023570210235211157163878130
  ======================================================================

2026-05-25 10:05:42.2984 [INFO] [AIRS.Core.Common.LogForgingTools] [TraceID: 00-8f1ef24e9d29172b46a04369417549bf-4e8c58f59cf4c6d3-00]
  Event: 0
  Request: GET https://lcr-tp.nhi.gov.tw/api/NhiPatientImage/studies/1.2.840.192741192620116023140810067713017078213/series/1.2.840.66120190272382141921581501684383220150117188/instances/1.2.840.510420612210011023570210235211157163878130 
  Message: 1779674742298 GetImage() 由 S3 取得 stream，耗時 39 ms.
  Properties: RequestId=40000038-0004-f300-b63f-84710c7967bb; RequestPath=/api/NhiPatientImage/studies/1.2.840.192741192620116023140810067713017078213/series/1.2.840.66120190272382141921581501684383220150117188/instances/1.2.840.510420612210011023570210235211157163878130; ActionId=aa92c01f-0771-4d00-b1d9-1444c5fbe45b; ActionName=NHI_AI_MedReportViewerWebApi.Controllers.NhiPatientImageController.GetImage (NHI-AI-MedReportViewerWebApi); StudyInstanceUid=1.2.840.192741192620116023140810067713017078213; SeriesInstanceUid=1.2.840.66120190272382141921581501684383220150117188; SopInstanceUid=1.2.840.510420612210011023570210235211157163878130
  ======================================================================

2026-05-25 10:05:42.3120 [INFO] [NHI_AI_MedReportViewerWebApi.Services.NhiPatientImageService] [TraceID: 00-8f1ef24e9d29172b46a04369417549bf-4e8c58f59cf4c6d3-00]
  Event: 0
  Request: GET https://lcr-tp.nhi.gov.tw/api/NhiPatientImage/studies/1.2.840.192741192620116023140810067713017078213/series/1.2.840.66120190272382141921581501684383220150117188/instances/1.2.840.510420612210011023570210235211157163878130 
  Message: 成功從 S3 取得影像: 1.2.840.510420612210011023570210235211157163878130
  Properties: RequestId=40000038-0004-f300-b63f-84710c7967bb; RequestPath=/api/NhiPatientImage/studies/1.2.840.192741192620116023140810067713017078213/series/1.2.840.66120190272382141921581501684383220150117188/instances/1.2.840.510420612210011023570210235211157163878130; ActionId=aa92c01f-0771-4d00-b1d9-1444c5fbe45b; ActionName=NHI_AI_MedReportViewerWebApi.Controllers.NhiPatientImageController.GetImage (NHI-AI-MedReportViewerWebApi); StudyInstanceUid=1.2.840.192741192620116023140810067713017078213; SeriesInstanceUid=1.2.840.66120190272382141921581501684383220150117188; SopInstanceUid=1.2.840.510420612210011023570210235211157163878130
  ======================================================================

2026-05-25 10:05:43.3481 [INFO] [AIRS.Core.Helpers.ZfpOracleDbHelper] [TraceID: 00-5a8ae97d874d3f0f0b3fb8b33aa7b5ce-3c9f2262d3d07caa-00]
  Event: 0
  Request: GET https://lcr-tp.nhi.gov.tw/api/NhiPatientImage/studies/1.2.840.1405011311801131732011012121012200126134/series/1.2.840.51111141244381216847820799116149155151129/instances/1.2.840.8972124312838111351341958611122684255176 
  Message: GetImageKey(studyInstanceUid: 1.2.840.1405011311801131732011012121012200126134, seriesInstanceUid: 1.2.840.51111141244381216847820799116149155151129, sopInstanceUid: 1.2.840.8972124312838111351341958611122684255176)
  Properties: StudyUid=1.2.840.1405011311801131732011012121012200126134; SeriesUid=1.2.840.51111141244381216847820799116149155151129; SopUid=1.2.840.8972124312838111351341958611122684255176; RequestId=4000012d-0006-f300-b63f-84710c7967bb; RequestPath=/api/NhiPatientImage/studies/1.2.840.1405011311801131732011012121012200126134/series/1.2.840.51111141244381216847820799116149155151129/instances/1.2.840.8972124312838111351341958611122684255176; ActionId=aa92c01f-0771-4d00-b1d9-1444c5fbe45b; ActionName=NHI_AI_MedReportViewerWebApi.Controllers.NhiPatientImageController.GetImage (NHI-AI-MedReportViewerWebApi); StudyInstanceUid=1.2.840.1405011311801131732011012121012200126134; SeriesInstanceUid=1.2.840.51111141244381216847820799116149155151129; SopInstanceUid=1.2.840.8972124312838111351341958611122684255176
  ======================================================================

2026-05-25 10:05:43.3606 [INFO] [Polly] [TraceID: 00-5a8ae97d874d3f0f0b3fb8b33aa7b5ce-3c9f2262d3d07caa-00]
  Event: 0
  Request: GET https://lcr-tp.nhi.gov.tw/api/NhiPatientImage/studies/1.2.840.1405011311801131732011012121012200126134/series/1.2.840.51111141244381216847820799116149155151129/instances/1.2.840.8972124312838111351341958611122684255176 
  Message: Execution attempt. Source: 'OracleResiliencePipeline/(null)/Retry', Operation Key: '', Result: 'NHI_ZFP_Viewer.ImageSources.ImageInfo', Handled: 'False', Attempt: '0', Execution Time: '5.809'
  Properties: PipelineName=OracleResiliencePipeline; PipelineInstance=(null); StrategyName=Retry; Result=NHI_ZFP_Viewer.ImageSources.ImageInfo; Handled=false; Attempt=0; ExecutionTimeMs=5.809; EventId=3; EventName=ExecutionAttempt; RequestId=4000012d-0006-f300-b63f-84710c7967bb; RequestPath=/api/NhiPatientImage/studies/1.2.840.1405011311801131732011012121012200126134/series/1.2.840.51111141244381216847820799116149155151129/instances/1.2.840.8972124312838111351341958611122684255176; ActionId=aa92c01f-0771-4d00-b1d9-1444c5fbe45b; ActionName=NHI_AI_MedReportViewerWebApi.Controllers.NhiPatientImageController.GetImage (NHI-AI-MedReportViewerWebApi); StudyInstanceUid=1.2.840.1405011311801131732011012121012200126134; SeriesInstanceUid=1.2.840.51111141244381216847820799116149155151129; SopInstanceUid=1.2.840.8972124312838111351341958611122684255176
  ======================================================================

2026-05-25 10:05:43.3800 [INFO] [AIRS.Core.Helpers.ZfpOracleDbHelper] [TraceID: 00-5a8ae97d874d3f0f0b3fb8b33aa7b5ce-3c9f2262d3d07caa-00]
  Event: 0
  Request: GET https://lcr-tp.nhi.gov.tw/api/NhiPatientImage/studies/1.2.840.1405011311801131732011012121012200126134/series/1.2.840.51111141244381216847820799116149155151129/instances/1.2.840.8972124312838111351341958611122684255176 
  Message: GetImageKey = Archived/20230210/1.2.840.1405011311801131732011012121012200126134/1.2.840.51111141244381216847820799116149155151129/1.2.840.8972124312838111351341958611122684255176.dcm, 22 ms elapsed.
  Properties: S3ObjectKey=Archived/20230210/1.2.840.1405011311801131732011012121012200126134/1.2.840.51111141244381216847820799116149155151129/1.2.840.8972124312838111351341958611122684255176.dcm; Elapsed=22; RequestId=4000012d-0006-f300-b63f-84710c7967bb; RequestPath=/api/NhiPatientImage/studies/1.2.840.1405011311801131732011012121012200126134/series/1.2.840.51111141244381216847820799116149155151129/instances/1.2.840.8972124312838111351341958611122684255176; ActionId=aa92c01f-0771-4d00-b1d9-1444c5fbe45b; ActionName=NHI_AI_MedReportViewerWebApi.Controllers.NhiPatientImageController.GetImage (NHI-AI-MedReportViewerWebApi); StudyInstanceUid=1.2.840.1405011311801131732011012121012200126134; SeriesInstanceUid=1.2.840.51111141244381216847820799116149155151129; SopInstanceUid=1.2.840.8972124312838111351341958611122684255176
  ======================================================================

2026-05-25 10:05:43.4676 [INFO] [AIRS.Core.Common.LogForgingTools] [TraceID: 00-5a8ae97d874d3f0f0b3fb8b33aa7b5ce-3c9f2262d3d07caa-00]
  Event: 0
  Request: GET https://lcr-tp.nhi.gov.tw/api/NhiPatientImage/studies/1.2.840.1405011311801131732011012121012200126134/series/1.2.840.51111141244381216847820799116149155151129/instances/1.2.840.8972124312838111351341958611122684255176 
  Message: 1779674743467 GetImage() 由 S3 取得 stream，耗時 71 ms.
  Properties: RequestId=4000012d-0006-f300-b63f-84710c7967bb; RequestPath=/api/NhiPatientImage/studies/1.2.840.1405011311801131732011012121012200126134/series/1.2.840.51111141244381216847820799116149155151129/instances/1.2.840.8972124312838111351341958611122684255176; ActionId=aa92c01f-0771-4d00-b1d9-1444c5fbe45b; ActionName=NHI_AI_MedReportViewerWebApi.Controllers.NhiPatientImageController.GetImage (NHI-AI-MedReportViewerWebApi); StudyInstanceUid=1.2.840.1405011311801131732011012121012200126134; SeriesInstanceUid=1.2.840.51111141244381216847820799116149155151129; SopInstanceUid=1.2.840.8972124312838111351341958611122684255176
  ======================================================================

2026-05-25 10:05:43.4787 [INFO] [NHI_AI_MedReportViewerWebApi.Services.NhiPatientImageService] [TraceID: 00-5a8ae97d874d3f0f0b3fb8b33aa7b5ce-3c9f2262d3d07caa-00]
  Event: 0
  Request: GET https://lcr-tp.nhi.gov.tw/api/NhiPatientImage/studies/1.2.840.1405011311801131732011012121012200126134/series/1.2.840.51111141244381216847820799116149155151129/instances/1.2.840.8972124312838111351341958611122684255176 
  Message: 成功從 S3 取得影像: 1.2.840.8972124312838111351341958611122684255176
  Properties: RequestId=4000012d-0006-f300-b63f-84710c7967bb; RequestPath=/api/NhiPatientImage/studies/1.2.840.1405011311801131732011012121012200126134/series/1.2.840.51111141244381216847820799116149155151129/instances/1.2.840.8972124312838111351341958611122684255176; ActionId=aa92c01f-0771-4d00-b1d9-1444c5fbe45b; ActionName=NHI_AI_MedReportViewerWebApi.Controllers.NhiPatientImageController.GetImage (NHI-AI-MedReportViewerWebApi); StudyInstanceUid=1.2.840.1405011311801131732011012121012200126134; SeriesInstanceUid=1.2.840.51111141244381216847820799116149155151129; SopInstanceUid=1.2.840.8972124312838111351341958611122684255176
  ======================================================================

2026-05-25 10:06:04.5074 [INFO] [NHI_AI_MedReportViewerWebApi.Services.NhiPatientImageService] [TraceID: 00-e2e0aaac079b207598612d8a2f5add4d-6e75242d17618666-00]
  Event: 0
  Request: GET https://lcr-tp.nhi.gov.tw/api/NhiPatientImage/studies/1.2.840.6610321904118510815420318233761831142014/series-uid 
  Message: 開始查詢 Series Instance UID: Study=1.2.840.6610321904118510815420318233761831142014, SeriesNumber=4
  Properties: RequestId=40000220-0007-fd00-b63f-84710c7967bb; RequestPath=/api/NhiPatientImage/studies/1.2.840.6610321904118510815420318233761831142014/series-uid; ActionId=4aeb1ff5-d75b-4ae7-bc60-1eb478a303f7; ActionName=NHI_AI_MedReportViewerWebApi.Controllers.NhiPatientImageController.GetSeriesInstanceUid (NHI-AI-MedReportViewerWebApi); StudyInstanceUid=1.2.840.6610321904118510815420318233761831142014; SeriesNumber=4
  ======================================================================

2026-05-25 10:06:04.5192 [INFO] [Polly] [TraceID: 00-e2e0aaac079b207598612d8a2f5add4d-6e75242d17618666-00]
  Event: 0
  Request: GET https://lcr-tp.nhi.gov.tw/api/NhiPatientImage/studies/1.2.840.6610321904118510815420318233761831142014/series-uid 
  Message: Execution attempt. Source: 'OracleResiliencePipeline/(null)/Retry', Operation Key: '', Result: '1.2.840.185393732156165237212158241127106677643111', Handled: 'False', Attempt: '0', Execution Time: '5.9961'
  Properties: PipelineName=OracleResiliencePipeline; PipelineInstance=(null); StrategyName=Retry; Result=1.2.840.185393732156165237212158241127106677643111; Handled=false; Attempt=0; ExecutionTimeMs=5.9961; EventId=3; EventName=ExecutionAttempt; RequestId=40000220-0007-fd00-b63f-84710c7967bb; RequestPath=/api/NhiPatientImage/studies/1.2.840.6610321904118510815420318233761831142014/series-uid; ActionId=4aeb1ff5-d75b-4ae7-bc60-1eb478a303f7; ActionName=NHI_AI_MedReportViewerWebApi.Controllers.NhiPatientImageController.GetSeriesInstanceUid (NHI-AI-MedReportViewerWebApi); StudyInstanceUid=1.2.840.6610321904118510815420318233761831142014; SeriesNumber=4
  ======================================================================

2026-05-25 10:06:04.5383 [INFO] [NHI_AI_MedReportViewerWebApi.Services.NhiPatientImageService] [TraceID: 00-e2e0aaac079b207598612d8a2f5add4d-6e75242d17618666-00]
  Event: 0
  Request: GET https://lcr-tp.nhi.gov.tw/api/NhiPatientImage/studies/1.2.840.6610321904118510815420318233761831142014/series-uid 
  Message: 找到 Series Number 4 對應的 Series Instance UID: 1.2.840.185393732156165237212158241127106677643111
  Properties: RequestId=40000220-0007-fd00-b63f-84710c7967bb; RequestPath=/api/NhiPatientImage/studies/1.2.840.6610321904118510815420318233761831142014/series-uid; ActionId=4aeb1ff5-d75b-4ae7-bc60-1eb478a303f7; ActionName=NHI_AI_MedReportViewerWebApi.Controllers.NhiPatientImageController.GetSeriesInstanceUid (NHI-AI-MedReportViewerWebApi); StudyInstanceUid=1.2.840.6610321904118510815420318233761831142014; SeriesNumber=4
  ======================================================================

2026-05-25 10:06:04.5560 [INFO] [NHI_AI_MedReportViewerWebApi.Services.NhiPatientImageService] [TraceID: 00-6211ae2386e9225496fafb5deb7aec46-cd9dfc635ca6956d-00]
  Event: 0
  Request: GET https://lcr-tp.nhi.gov.tw/api/NhiPatientImage/studies/1.2.840.6610321904118510815420318233761831142014/series-uid 
  Message: 開始查詢 Series Instance UID: Study=1.2.840.6610321904118510815420318233761831142014, SeriesNumber=4
  Properties: RequestId=40000222-0007-fd00-b63f-84710c7967bb; RequestPath=/api/NhiPatientImage/studies/1.2.840.6610321904118510815420318233761831142014/series-uid; ActionId=4aeb1ff5-d75b-4ae7-bc60-1eb478a303f7; ActionName=NHI_AI_MedReportViewerWebApi.Controllers.NhiPatientImageController.GetSeriesInstanceUid (NHI-AI-MedReportViewerWebApi); StudyInstanceUid=1.2.840.6610321904118510815420318233761831142014; SeriesNumber=4
  ======================================================================

2026-05-25 10:06:04.5560 [INFO] [NHI_AI_MedReportViewerWebApi.Services.NhiPatientImageService] [TraceID: 00-eb3b02c4044706f81aab12afa4fbb4f2-5857e797e79ea6c6-00]
  Event: 0
  Request: GET https://lcr-tp.nhi.gov.tw/api/NhiPatientImage/studies/1.2.840.1405011311801131732011012121012200126134/series-uid 
  Message: 開始查詢 Series Instance UID: Study=1.2.840.1405011311801131732011012121012200126134, SeriesNumber=4
  Properties: RequestId=4000003a-0004-f300-b63f-84710c7967bb; RequestPath=/api/NhiPatientImage/studies/1.2.840.1405011311801131732011012121012200126134/series-uid; ActionId=4aeb1ff5-d75b-4ae7-bc60-1eb478a303f7; ActionName=NHI_AI_MedReportViewerWebApi.Controllers.NhiPatientImageController.GetSeriesInstanceUid (NHI-AI-MedReportViewerWebApi); StudyInstanceUid=1.2.840.1405011311801131732011012121012200126134; SeriesNumber=4
  ======================================================================

2026-05-25 10:06:04.5668 [INFO] [Polly] [TraceID: 00-6211ae2386e9225496fafb5deb7aec46-cd9dfc635ca6956d-00]
  Event: 0
  Request: GET https://lcr-tp.nhi.gov.tw/api/NhiPatientImage/studies/1.2.840.6610321904118510815420318233761831142014/series-uid 
  Message: Execution attempt. Source: 'OracleResiliencePipeline/(null)/Retry', Operation Key: '', Result: '1.2.840.185393732156165237212158241127106677643111', Handled: 'False', Attempt: '0', Execution Time: '5.5038'
  Properties: PipelineName=OracleResiliencePipeline; PipelineInstance=(null); StrategyName=Retry; Result=1.2.840.185393732156165237212158241127106677643111; Handled=false; Attempt=0; ExecutionTimeMs=5.5038; EventId=3; EventName=ExecutionAttempt; RequestId=40000222-0007-fd00-b63f-84710c7967bb; RequestPath=/api/NhiPatientImage/studies/1.2.840.6610321904118510815420318233761831142014/series-uid; ActionId=4aeb1ff5-d75b-4ae7-bc60-1eb478a303f7; ActionName=NHI_AI_MedReportViewerWebApi.Controllers.NhiPatientImageController.GetSeriesInstanceUid (NHI-AI-MedReportViewerWebApi); StudyInstanceUid=1.2.840.6610321904118510815420318233761831142014; SeriesNumber=4
  ======================================================================

2026-05-25 10:06:04.5818 [INFO] [Polly] [TraceID: 00-eb3b02c4044706f81aab12afa4fbb4f2-5857e797e79ea6c6-00]
  Event: 0
  Request: GET https://lcr-tp.nhi.gov.tw/api/NhiPatientImage/studies/1.2.840.1405011311801131732011012121012200126134/series-uid 
  Message: Execution attempt. Source: 'OracleResiliencePipeline/(null)/Retry', Operation Key: '', Result: '1.2.840.51111141244381216847820799116149155151129', Handled: 'False', Attempt: '0', Execution Time: '7.8116'
  Properties: PipelineName=OracleResiliencePipeline; PipelineInstance=(null); StrategyName=Retry; Result=1.2.840.51111141244381216847820799116149155151129; Handled=false; Attempt=0; ExecutionTimeMs=7.8116; EventId=3; EventName=ExecutionAttempt; RequestId=4000003a-0004-f300-b63f-84710c7967bb; RequestPath=/api/NhiPatientImage/studies/1.2.840.1405011311801131732011012121012200126134/series-uid; ActionId=4aeb1ff5-d75b-4ae7-bc60-1eb478a303f7; ActionName=NHI_AI_MedReportViewerWebApi.Controllers.NhiPatientImageController.GetSeriesInstanceUid (NHI-AI-MedReportViewerWebApi); StudyInstanceUid=1.2.840.1405011311801131732011012121012200126134; SeriesNumber=4
  ======================================================================

2026-05-25 10:06:04.5818 [INFO] [NHI_AI_MedReportViewerWebApi.Services.NhiPatientImageService] [TraceID: 00-6211ae2386e9225496fafb5deb7aec46-cd9dfc635ca6956d-00]
  Event: 0
  Request: GET https://lcr-tp.nhi.gov.tw/api/NhiPatientImage/studies/1.2.840.6610321904118510815420318233761831142014/series-uid 
  Message: 找到 Series Number 4 對應的 Series Instance UID: 1.2.840.185393732156165237212158241127106677643111
  Properties: RequestId=40000222-0007-fd00-b63f-84710c7967bb; RequestPath=/api/NhiPatientImage/studies/1.2.840.6610321904118510815420318233761831142014/series-uid; ActionId=4aeb1ff5-d75b-4ae7-bc60-1eb478a303f7; ActionName=NHI_AI_MedReportViewerWebApi.Controllers.NhiPatientImageController.GetSeriesInstanceUid (NHI-AI-MedReportViewerWebApi); StudyInstanceUid=1.2.840.6610321904118510815420318233761831142014; SeriesNumber=4
  ======================================================================

2026-05-25 10:06:04.5926 [INFO] [NHI_AI_MedReportViewerWebApi.Services.NhiPatientImageService] [TraceID: 00-eb3b02c4044706f81aab12afa4fbb4f2-5857e797e79ea6c6-00]
  Event: 0
  Request: GET https://lcr-tp.nhi.gov.tw/api/NhiPatientImage/studies/1.2.840.1405011311801131732011012121012200126134/series-uid 
  Message: 找到 Series Number 4 對應的 Series Instance UID: 1.2.840.51111141244381216847820799116149155151129
  Properties: RequestId=4000003a-0004-f300-b63f-84710c7967bb; RequestPath=/api/NhiPatientImage/studies/1.2.840.1405011311801131732011012121012200126134/series-uid; ActionId=4aeb1ff5-d75b-4ae7-bc60-1eb478a303f7; ActionName=NHI_AI_MedReportViewerWebApi.Controllers.NhiPatientImageController.GetSeriesInstanceUid (NHI-AI-MedReportViewerWebApi); StudyInstanceUid=1.2.840.1405011311801131732011012121012200126134; SeriesNumber=4
  ======================================================================

2026-05-25 10:06:04.5926 [INFO] [NHI_AI_MedReportViewerWebApi.Services.NhiPatientImageService] [TraceID: 00-fedceb70bbef876fccf14ffce1a0bd9c-d2ebc41421169614-00]
  Event: 0
  Request: GET https://lcr-tp.nhi.gov.tw/api/NhiPatientImage/studies/1.2.840.6610321904118510815420318233761831142014/series-uid 
  Message: 開始查詢 Series Instance UID: Study=1.2.840.6610321904118510815420318233761831142014, SeriesNumber=4
  Properties: RequestId=400000a2-0004-fc00-b63f-84710c7967bb; RequestPath=/api/NhiPatientImage/studies/1.2.840.6610321904118510815420318233761831142014/series-uid; ActionId=4aeb1ff5-d75b-4ae7-bc60-1eb478a303f7; ActionName=NHI_AI_MedReportViewerWebApi.Controllers.NhiPatientImageController.GetSeriesInstanceUid (NHI-AI-MedReportViewerWebApi); StudyInstanceUid=1.2.840.6610321904118510815420318233761831142014; SeriesNumber=4
  ======================================================================

2026-05-25 10:06:04.5926 [INFO] [NHI_AI_MedReportViewerWebApi.Services.NhiPatientImageService] [TraceID: 00-ad62b282759bc9e69335585710af8d9c-29230a646dc06e68-00]
  Event: 0
  Request: GET https://lcr-tp.nhi.gov.tw/api/NhiPatientImage/studies/1.2.840.6610321904118510815420318233761831142014/series/1.2.840.185393732156165237212158241127106677643111/sop-uid 
  Message: 開始查詢 SOP Instance UID: Study=1.2.840.6610321904118510815420318233761831142014, Series=1.2.840.185393732156165237212158241127106677643111, InstanceNumber=29
  Properties: RequestId=400001af-0004-f700-b63f-84710c7967bb; RequestPath=/api/NhiPatientImage/studies/1.2.840.6610321904118510815420318233761831142014/series/1.2.840.185393732156165237212158241127106677643111/sop-uid; ActionId=23d89113-aaeb-43f2-8fff-fb67c2497075; ActionName=NHI_AI_MedReportViewerWebApi.Controllers.NhiPatientImageController.GetSopInstanceUid (NHI-AI-MedReportViewerWebApi); StudyInstanceUid=1.2.840.6610321904118510815420318233761831142014; SeriesInstanceUid=1.2.840.185393732156165237212158241127106677643111; InstanceNumber=29
  ======================================================================

2026-05-25 10:06:04.6116 [INFO] [NHI_AI_MedReportViewerWebApi.Services.NhiRegistrationService] [TraceID: 00-d34da2580254d609af6ccc6d72310444-5551aae603c1d57b-00]
  Event: 0
  Request: GET https://lcr-tp.nhi.gov.tw/api/registration/get-target-instance 
  Message: 查詢目標 Instance Number。Patient: Z299999830-20251102-1211-00000000001, RefSeries: 1.2.840.185393732156165237212158241127106677643111, DstSeries: 1.2.840.51111141244381216847820799116149155151129
  Properties: PatientId=Z299999830-20251102-1211-00000000001; RefSeriesUid=1.2.840.185393732156165237212158241127106677643111; DstSeriesUid=1.2.840.51111141244381216847820799116149155151129; RequestId=4000003c-0004-f300-b63f-84710c7967bb; RequestPath=/api/registration/get-target-instance; ActionId=2e15296a-ac65-4145-8435-44b5f51489a1; ActionName=NHI_AI_MedReportViewerWebApi.Controllers.RegistrationController.GetTargetInstance (NHI-AI-MedReportViewerWebApi); patientObjId=Z299999830-20251102-1211-00000000001; refStudyObjId=Z299999830-STUDY-OBJID-2025110200018; refStudyUid=1.2.840.6610321904118510815420318233761831142014; refSeriesUid=1.2.840.185393732156165237212158241127106677643111; refInstanceNum=29; targetStudyObjId=Z299999830-STUDY-OBJID-2025110200020; targetStudyUid=1.2.840.1405011311801131732011012121012200126134; targetSeriesUid=1.2.840.51111141244381216847820799116149155151129
  ======================================================================

2026-05-25 10:06:04.6116 [INFO] [Polly] [TraceID: 00-fedceb70bbef876fccf14ffce1a0bd9c-d2ebc41421169614-00]
  Event: 0
  Request: GET https://lcr-tp.nhi.gov.tw/api/NhiPatientImage/studies/1.2.840.6610321904118510815420318233761831142014/series-uid 
  Message: Execution attempt. Source: 'OracleResiliencePipeline/(null)/Retry', Operation Key: '', Result: '1.2.840.185393732156165237212158241127106677643111', Handled: 'False', Attempt: '0', Execution Time: '4.8313'
  Properties: PipelineName=OracleResiliencePipeline; PipelineInstance=(null); StrategyName=Retry; Result=1.2.840.185393732156165237212158241127106677643111; Handled=false; Attempt=0; ExecutionTimeMs=4.8313; EventId=3; EventName=ExecutionAttempt; RequestId=400000a2-0004-fc00-b63f-84710c7967bb; RequestPath=/api/NhiPatientImage/studies/1.2.840.6610321904118510815420318233761831142014/series-uid; ActionId=4aeb1ff5-d75b-4ae7-bc60-1eb478a303f7; ActionName=NHI_AI_MedReportViewerWebApi.Controllers.NhiPatientImageController.GetSeriesInstanceUid (NHI-AI-MedReportViewerWebApi); StudyInstanceUid=1.2.840.6610321904118510815420318233761831142014; SeriesNumber=4
  ======================================================================

2026-05-25 10:06:04.6262 [INFO] [Polly] [TraceID: 00-ad62b282759bc9e69335585710af8d9c-29230a646dc06e68-00]
  Event: 0
  Request: GET https://lcr-tp.nhi.gov.tw/api/NhiPatientImage/studies/1.2.840.6610321904118510815420318233761831142014/series/1.2.840.185393732156165237212158241127106677643111/sop-uid 
  Message: Execution attempt. Source: 'OracleResiliencePipeline/(null)/Retry', Operation Key: '', Result: '1.2.840.3417124205586658229153205402522644', Handled: 'False', Attempt: '0', Execution Time: '5.4864'
  Properties: PipelineName=OracleResiliencePipeline; PipelineInstance=(null); StrategyName=Retry; Result=1.2.840.3417124205586658229153205402522644; Handled=false; Attempt=0; ExecutionTimeMs=5.4864; EventId=3; EventName=ExecutionAttempt; RequestId=400001af-0004-f700-b63f-84710c7967bb; RequestPath=/api/NhiPatientImage/studies/1.2.840.6610321904118510815420318233761831142014/series/1.2.840.185393732156165237212158241127106677643111/sop-uid; ActionId=23d89113-aaeb-43f2-8fff-fb67c2497075; ActionName=NHI_AI_MedReportViewerWebApi.Controllers.NhiPatientImageController.GetSopInstanceUid (NHI-AI-MedReportViewerWebApi); StudyInstanceUid=1.2.840.6610321904118510815420318233761831142014; SeriesInstanceUid=1.2.840.185393732156165237212158241127106677643111; InstanceNumber=29
  ======================================================================

2026-05-25 10:06:04.6262 [INFO] [NHI_AI_MedReportViewerWebApi.Services.NhiPatientImageService] [TraceID: 00-fedceb70bbef876fccf14ffce1a0bd9c-d2ebc41421169614-00]
  Event: 0
  Request: GET https://lcr-tp.nhi.gov.tw/api/NhiPatientImage/studies/1.2.840.6610321904118510815420318233761831142014/series-uid 
  Message: 找到 Series Number 4 對應的 Series Instance UID: 1.2.840.185393732156165237212158241127106677643111
  Properties: RequestId=400000a2-0004-fc00-b63f-84710c7967bb; RequestPath=/api/NhiPatientImage/studies/1.2.840.6610321904118510815420318233761831142014/series-uid; ActionId=4aeb1ff5-d75b-4ae7-bc60-1eb478a303f7; ActionName=NHI_AI_MedReportViewerWebApi.Controllers.NhiPatientImageController.GetSeriesInstanceUid (NHI-AI-MedReportViewerWebApi); StudyInstanceUid=1.2.840.6610321904118510815420318233761831142014; SeriesNumber=4
  ======================================================================

2026-05-25 10:06:04.6262 [INFO] [Polly] [TraceID: 00-d34da2580254d609af6ccc6d72310444-5551aae603c1d57b-00]
  Event: 0
  Request: GET https://lcr-tp.nhi.gov.tw/api/registration/get-target-instance 
  Message: Execution attempt. Source: 'OracleResiliencePipeline/(null)/Retry', Operation Key: '', Result: '33', Handled: 'False', Attempt: '0', Execution Time: '9.7077'
  Properties: PipelineName=OracleResiliencePipeline; PipelineInstance=(null); StrategyName=Retry; Result=33; Handled=false; Attempt=0; ExecutionTimeMs=9.7077; EventId=3; EventName=ExecutionAttempt; RequestId=4000003c-0004-f300-b63f-84710c7967bb; RequestPath=/api/registration/get-target-instance; ActionId=2e15296a-ac65-4145-8435-44b5f51489a1; ActionName=NHI_AI_MedReportViewerWebApi.Controllers.RegistrationController.GetTargetInstance (NHI-AI-MedReportViewerWebApi); patientObjId=Z299999830-20251102-1211-00000000001; refStudyObjId=Z299999830-STUDY-OBJID-2025110200018; refStudyUid=1.2.840.6610321904118510815420318233761831142014; refSeriesUid=1.2.840.185393732156165237212158241127106677643111; refInstanceNum=29; targetStudyObjId=Z299999830-STUDY-OBJID-2025110200020; targetStudyUid=1.2.840.1405011311801131732011012121012200126134; targetSeriesUid=1.2.840.51111141244381216847820799116149155151129
  ======================================================================

2026-05-25 10:06:04.6386 [INFO] [NHI_AI_MedReportViewerWebApi.Services.NhiPatientImageService] [TraceID: 00-ad62b282759bc9e69335585710af8d9c-29230a646dc06e68-00]
  Event: 0
  Request: GET https://lcr-tp.nhi.gov.tw/api/NhiPatientImage/studies/1.2.840.6610321904118510815420318233761831142014/series/1.2.840.185393732156165237212158241127106677643111/sop-uid 
  Message: 找到 Instance Number 29 對應的 SOP Instance UID: 1.2.840.3417124205586658229153205402522644
  Properties: RequestId=400001af-0004-f700-b63f-84710c7967bb; RequestPath=/api/NhiPatientImage/studies/1.2.840.6610321904118510815420318233761831142014/series/1.2.840.185393732156165237212158241127106677643111/sop-uid; ActionId=23d89113-aaeb-43f2-8fff-fb67c2497075; ActionName=NHI_AI_MedReportViewerWebApi.Controllers.NhiPatientImageController.GetSopInstanceUid (NHI-AI-MedReportViewerWebApi); StudyInstanceUid=1.2.840.6610321904118510815420318233761831142014; SeriesInstanceUid=1.2.840.185393732156165237212158241127106677643111; InstanceNumber=29
  ======================================================================

2026-05-25 10:06:04.6540 [INFO] [NHI_AI_MedReportViewerWebApi.Services.NhiRegistrationService] [TraceID: 00-d34da2580254d609af6ccc6d72310444-5551aae603c1d57b-00]
  Event: 0
  Request: GET https://lcr-tp.nhi.gov.tw/api/registration/get-target-instance 
  Message: 找到對應的目標 Instance Number: 33
  Properties: TargetInstanceNum=33; RequestId=4000003c-0004-f300-b63f-84710c7967bb; RequestPath=/api/registration/get-target-instance; ActionId=2e15296a-ac65-4145-8435-44b5f51489a1; ActionName=NHI_AI_MedReportViewerWebApi.Controllers.RegistrationController.GetTargetInstance (NHI-AI-MedReportViewerWebApi); patientObjId=Z299999830-20251102-1211-00000000001; refStudyObjId=Z299999830-STUDY-OBJID-2025110200018; refStudyUid=1.2.840.6610321904118510815420318233761831142014; refSeriesUid=1.2.840.185393732156165237212158241127106677643111; refInstanceNum=29; targetStudyObjId=Z299999830-STUDY-OBJID-2025110200020; targetStudyUid=1.2.840.1405011311801131732011012121012200126134; targetSeriesUid=1.2.840.51111141244381216847820799116149155151129
  ======================================================================

2026-05-25 10:06:04.6540 [INFO] [NHI_AI_MedReportViewerWebApi.Services.NhiPatientImageService] [TraceID: 00-237e050150522d41c8467e7a6fd0ef22-dd2d3a482f440982-00]
  Event: 0
  Request: GET https://lcr-tp.nhi.gov.tw/api/NhiPatientImage/studies/1.2.840.167221195121219905290418769251473628129/series-uid 
  Message: 開始查詢 Series Instance UID: Study=1.2.840.167221195121219905290418769251473628129, SeriesNumber=9
  Properties: RequestId=400000a4-0004-fc00-b63f-84710c7967bb; RequestPath=/api/NhiPatientImage/studies/1.2.840.167221195121219905290418769251473628129/series-uid; ActionId=4aeb1ff5-d75b-4ae7-bc60-1eb478a303f7; ActionName=NHI_AI_MedReportViewerWebApi.Controllers.NhiPatientImageController.GetSeriesInstanceUid (NHI-AI-MedReportViewerWebApi); StudyInstanceUid=1.2.840.167221195121219905290418769251473628129; SeriesNumber=9
  ======================================================================

2026-05-25 10:06:04.6540 [INFO] [NHI_AI_MedReportViewerWebApi.Services.NhiPatientImageService] [TraceID: 00-d34da2580254d609af6ccc6d72310444-5551aae603c1d57b-00]
  Event: 0
  Request: GET https://lcr-tp.nhi.gov.tw/api/registration/get-target-instance 
  Message: 開始查詢 SOP Instance UID: Study=1.2.840.1405011311801131732011012121012200126134, Series=1.2.840.51111141244381216847820799116149155151129, InstanceNumber=33
  Properties: RequestId=4000003c-0004-f300-b63f-84710c7967bb; RequestPath=/api/registration/get-target-instance; ActionId=2e15296a-ac65-4145-8435-44b5f51489a1; ActionName=NHI_AI_MedReportViewerWebApi.Controllers.RegistrationController.GetTargetInstance (NHI-AI-MedReportViewerWebApi); patientObjId=Z299999830-20251102-1211-00000000001; refStudyObjId=Z299999830-STUDY-OBJID-2025110200018; refStudyUid=1.2.840.6610321904118510815420318233761831142014; refSeriesUid=1.2.840.185393732156165237212158241127106677643111; refInstanceNum=29; targetStudyObjId=Z299999830-STUDY-OBJID-2025110200020; targetStudyUid=1.2.840.1405011311801131732011012121012200126134; targetSeriesUid=1.2.840.51111141244381216847820799116149155151129
  ======================================================================

2026-05-25 10:06:04.6732 [INFO] [Polly] [TraceID: 00-237e050150522d41c8467e7a6fd0ef22-dd2d3a482f440982-00]
  Event: 0
  Request: GET https://lcr-tp.nhi.gov.tw/api/NhiPatientImage/studies/1.2.840.167221195121219905290418769251473628129/series-uid 
  Message: Execution attempt. Source: 'OracleResiliencePipeline/(null)/Retry', Operation Key: '', Result: '1.2.840.1721868228751932482087238247913291134107', Handled: 'False', Attempt: '0', Execution Time: '8.3427'
  Properties: PipelineName=OracleResiliencePipeline; PipelineInstance=(null); StrategyName=Retry; Result=1.2.840.1721868228751932482087238247913291134107; Handled=false; Attempt=0; ExecutionTimeMs=8.3427; EventId=3; EventName=ExecutionAttempt; RequestId=400000a4-0004-fc00-b63f-84710c7967bb; RequestPath=/api/NhiPatientImage/studies/1.2.840.167221195121219905290418769251473628129/series-uid; ActionId=4aeb1ff5-d75b-4ae7-bc60-1eb478a303f7; ActionName=NHI_AI_MedReportViewerWebApi.Controllers.NhiPatientImageController.GetSeriesInstanceUid (NHI-AI-MedReportViewerWebApi); StudyInstanceUid=1.2.840.167221195121219905290418769251473628129; SeriesNumber=9
  ======================================================================

2026-05-25 10:06:04.6868 [INFO] [Polly] [TraceID: 00-d34da2580254d609af6ccc6d72310444-5551aae603c1d57b-00]
  Event: 0
  Request: GET https://lcr-tp.nhi.gov.tw/api/registration/get-target-instance 
  Message: Execution attempt. Source: 'OracleResiliencePipeline/(null)/Retry', Operation Key: '', Result: '1.2.840.24579199223184521533823815810478347056196', Handled: 'False', Attempt: '0', Execution Time: '6.4569'
  Properties: PipelineName=OracleResiliencePipeline; PipelineInstance=(null); StrategyName=Retry; Result=1.2.840.24579199223184521533823815810478347056196; Handled=false; Attempt=0; ExecutionTimeMs=6.4569; EventId=3; EventName=ExecutionAttempt; RequestId=4000003c-0004-f300-b63f-84710c7967bb; RequestPath=/api/registration/get-target-instance; ActionId=2e15296a-ac65-4145-8435-44b5f51489a1; ActionName=NHI_AI_MedReportViewerWebApi.Controllers.RegistrationController.GetTargetInstance (NHI-AI-MedReportViewerWebApi); patientObjId=Z299999830-20251102-1211-00000000001; refStudyObjId=Z299999830-STUDY-OBJID-2025110200018; refStudyUid=1.2.840.6610321904118510815420318233761831142014; refSeriesUid=1.2.840.185393732156165237212158241127106677643111; refInstanceNum=29; targetStudyObjId=Z299999830-STUDY-OBJID-2025110200020; targetStudyUid=1.2.840.1405011311801131732011012121012200126134; targetSeriesUid=1.2.840.51111141244381216847820799116149155151129
  ======================================================================

2026-05-25 10:06:04.6868 [INFO] [NHI_AI_MedReportViewerWebApi.Services.NhiPatientImageService] [TraceID: 00-237e050150522d41c8467e7a6fd0ef22-dd2d3a482f440982-00]
  Event: 0
  Request: GET https://lcr-tp.nhi.gov.tw/api/NhiPatientImage/studies/1.2.840.167221195121219905290418769251473628129/series-uid 
  Message: 找到 Series Number 9 對應的 Series Instance UID: 1.2.840.1721868228751932482087238247913291134107
  Properties: RequestId=400000a4-0004-fc00-b63f-84710c7967bb; RequestPath=/api/NhiPatientImage/studies/1.2.840.167221195121219905290418769251473628129/series-uid; ActionId=4aeb1ff5-d75b-4ae7-bc60-1eb478a303f7; ActionName=NHI_AI_MedReportViewerWebApi.Controllers.NhiPatientImageController.GetSeriesInstanceUid (NHI-AI-MedReportViewerWebApi); StudyInstanceUid=1.2.840.167221195121219905290418769251473628129; SeriesNumber=9
  ======================================================================

2026-05-25 10:06:04.7031 [INFO] [NHI_AI_MedReportViewerWebApi.Services.NhiPatientImageService] [TraceID: 00-d34da2580254d609af6ccc6d72310444-5551aae603c1d57b-00]
  Event: 0
  Request: GET https://lcr-tp.nhi.gov.tw/api/registration/get-target-instance 
  Message: 找到 Instance Number 33 對應的 SOP Instance UID: 1.2.840.24579199223184521533823815810478347056196
  Properties: RequestId=4000003c-0004-f300-b63f-84710c7967bb; RequestPath=/api/registration/get-target-instance; ActionId=2e15296a-ac65-4145-8435-44b5f51489a1; ActionName=NHI_AI_MedReportViewerWebApi.Controllers.RegistrationController.GetTargetInstance (NHI-AI-MedReportViewerWebApi); patientObjId=Z299999830-20251102-1211-00000000001; refStudyObjId=Z299999830-STUDY-OBJID-2025110200018; refStudyUid=1.2.840.6610321904118510815420318233761831142014; refSeriesUid=1.2.840.185393732156165237212158241127106677643111; refInstanceNum=29; targetStudyObjId=Z299999830-STUDY-OBJID-2025110200020; targetStudyUid=1.2.840.1405011311801131732011012121012200126134; targetSeriesUid=1.2.840.51111141244381216847820799116149155151129
  ======================================================================

2026-05-25 10:06:04.7031 [INFO] [NHI_AI_MedReportViewerWebApi.Services.NhiRegistrationService] [TraceID: 00-97a7a8f0bda37e82996f1624c9dfc9d8-d48eb02a050895fe-00]
  Event: 0
  Request: GET https://lcr-tp.nhi.gov.tw/api/registration/get-target-instance 
  Message: 查詢目標 Instance Number。Patient: Z299999830-20251102-1211-00000000001, RefSeries: 1.2.840.185393732156165237212158241127106677643111, DstSeries: 1.2.840.1721868228751932482087238247913291134107
  Properties: PatientId=Z299999830-20251102-1211-00000000001; RefSeriesUid=1.2.840.185393732156165237212158241127106677643111; DstSeriesUid=1.2.840.1721868228751932482087238247913291134107; RequestId=40000133-0006-f300-b63f-84710c7967bb; RequestPath=/api/registration/get-target-instance; ActionId=2e15296a-ac65-4145-8435-44b5f51489a1; ActionName=NHI_AI_MedReportViewerWebApi.Controllers.RegistrationController.GetTargetInstance (NHI-AI-MedReportViewerWebApi); patientObjId=Z299999830-20251102-1211-00000000001; refStudyObjId=Z299999830-STUDY-OBJID-2025110200018; refStudyUid=1.2.840.6610321904118510815420318233761831142014; refSeriesUid=1.2.840.185393732156165237212158241127106677643111; refInstanceNum=29; targetStudyObjId=Z299999830-STUDY-OBJID-2025110200021; targetStudyUid=1.2.840.167221195121219905290418769251473628129; targetSeriesUid=1.2.840.1721868228751932482087238247913291134107
  ======================================================================

2026-05-25 10:06:04.7312 [INFO] [Polly] [TraceID: 00-97a7a8f0bda37e82996f1624c9dfc9d8-d48eb02a050895fe-00]
  Event: 0
  Request: GET https://lcr-tp.nhi.gov.tw/api/registration/get-target-instance 
  Message: Execution attempt. Source: 'OracleResiliencePipeline/(null)/Retry', Operation Key: '', Result: '23', Handled: 'False', Attempt: '0', Execution Time: '4.5141'
  Properties: PipelineName=OracleResiliencePipeline; PipelineInstance=(null); StrategyName=Retry; Result=23; Handled=false; Attempt=0; ExecutionTimeMs=4.5141; EventId=3; EventName=ExecutionAttempt; RequestId=40000133-0006-f300-b63f-84710c7967bb; RequestPath=/api/registration/get-target-instance; ActionId=2e15296a-ac65-4145-8435-44b5f51489a1; ActionName=NHI_AI_MedReportViewerWebApi.Controllers.RegistrationController.GetTargetInstance (NHI-AI-MedReportViewerWebApi); patientObjId=Z299999830-20251102-1211-00000000001; refStudyObjId=Z299999830-STUDY-OBJID-2025110200018; refStudyUid=1.2.840.6610321904118510815420318233761831142014; refSeriesUid=1.2.840.185393732156165237212158241127106677643111; refInstanceNum=29; targetStudyObjId=Z299999830-STUDY-OBJID-2025110200021; targetStudyUid=1.2.840.167221195121219905290418769251473628129; targetSeriesUid=1.2.840.1721868228751932482087238247913291134107
  ======================================================================

2026-05-25 10:06:04.7312 [INFO] [NHI_AI_MedReportViewerWebApi.Services.NhiRegistrationService] [TraceID: 00-97a7a8f0bda37e82996f1624c9dfc9d8-d48eb02a050895fe-00]
  Event: 0
  Request: GET https://lcr-tp.nhi.gov.tw/api/registration/get-target-instance 
  Message: 找到對應的目標 Instance Number: 23
  Properties: TargetInstanceNum=23; RequestId=40000133-0006-f300-b63f-84710c7967bb; RequestPath=/api/registration/get-target-instance; ActionId=2e15296a-ac65-4145-8435-44b5f51489a1; ActionName=NHI_AI_MedReportViewerWebApi.Controllers.RegistrationController.GetTargetInstance (NHI-AI-MedReportViewerWebApi); patientObjId=Z299999830-20251102-1211-00000000001; refStudyObjId=Z299999830-STUDY-OBJID-2025110200018; refStudyUid=1.2.840.6610321904118510815420318233761831142014; refSeriesUid=1.2.840.185393732156165237212158241127106677643111; refInstanceNum=29; targetStudyObjId=Z299999830-STUDY-OBJID-2025110200021; targetStudyUid=1.2.840.167221195121219905290418769251473628129; targetSeriesUid=1.2.840.1721868228751932482087238247913291134107
  ======================================================================

2026-05-25 10:06:04.7549 [INFO] [NHI_AI_MedReportViewerWebApi.Services.NhiPatientImageService] [TraceID: 00-97a7a8f0bda37e82996f1624c9dfc9d8-d48eb02a050895fe-00]
  Event: 0
  Request: GET https://lcr-tp.nhi.gov.tw/api/registration/get-target-instance 
  Message: 開始查詢 SOP Instance UID: Study=1.2.840.167221195121219905290418769251473628129, Series=1.2.840.1721868228751932482087238247913291134107, InstanceNumber=23
  Properties: RequestId=40000133-0006-f300-b63f-84710c7967bb; RequestPath=/api/registration/get-target-instance; ActionId=2e15296a-ac65-4145-8435-44b5f51489a1; ActionName=NHI_AI_MedReportViewerWebApi.Controllers.RegistrationController.GetTargetInstance (NHI-AI-MedReportViewerWebApi); patientObjId=Z299999830-20251102-1211-00000000001; refStudyObjId=Z299999830-STUDY-OBJID-2025110200018; refStudyUid=1.2.840.6610321904118510815420318233761831142014; refSeriesUid=1.2.840.185393732156165237212158241127106677643111; refInstanceNum=29; targetStudyObjId=Z299999830-STUDY-OBJID-2025110200021; targetStudyUid=1.2.840.167221195121219905290418769251473628129; targetSeriesUid=1.2.840.1721868228751932482087238247913291134107
  ======================================================================

2026-05-25 10:06:04.7656 [INFO] [Polly] [TraceID: 00-97a7a8f0bda37e82996f1624c9dfc9d8-d48eb02a050895fe-00]
  Event: 0
  Request: GET https://lcr-tp.nhi.gov.tw/api/registration/get-target-instance 
  Message: Execution attempt. Source: 'OracleResiliencePipeline/(null)/Retry', Operation Key: '', Result: '1.2.840.98120681611151912501302422382492421676315575', Handled: 'False', Attempt: '0', Execution Time: '8.4085'
  Properties: PipelineName=OracleResiliencePipeline; PipelineInstance=(null); StrategyName=Retry; Result=1.2.840.98120681611151912501302422382492421676315575; Handled=false; Attempt=0; ExecutionTimeMs=8.4085; EventId=3; EventName=ExecutionAttempt; RequestId=40000133-0006-f300-b63f-84710c7967bb; RequestPath=/api/registration/get-target-instance; ActionId=2e15296a-ac65-4145-8435-44b5f51489a1; ActionName=NHI_AI_MedReportViewerWebApi.Controllers.RegistrationController.GetTargetInstance (NHI-AI-MedReportViewerWebApi); patientObjId=Z299999830-20251102-1211-00000000001; refStudyObjId=Z299999830-STUDY-OBJID-2025110200018; refStudyUid=1.2.840.6610321904118510815420318233761831142014; refSeriesUid=1.2.840.185393732156165237212158241127106677643111; refInstanceNum=29; targetStudyObjId=Z299999830-STUDY-OBJID-2025110200021; targetStudyUid=1.2.840.167221195121219905290418769251473628129; targetSeriesUid=1.2.840.1721868228751932482087238247913291134107
  ======================================================================

2026-05-25 10:06:04.7894 [INFO] [NHI_AI_MedReportViewerWebApi.Services.NhiPatientImageService] [TraceID: 00-97a7a8f0bda37e82996f1624c9dfc9d8-d48eb02a050895fe-00]
  Event: 0
  Request: GET https://lcr-tp.nhi.gov.tw/api/registration/get-target-instance 
  Message: 找到 Instance Number 23 對應的 SOP Instance UID: 1.2.840.98120681611151912501302422382492421676315575
  Properties: RequestId=40000133-0006-f300-b63f-84710c7967bb; RequestPath=/api/registration/get-target-instance; ActionId=2e15296a-ac65-4145-8435-44b5f51489a1; ActionName=NHI_AI_MedReportViewerWebApi.Controllers.RegistrationController.GetTargetInstance (NHI-AI-MedReportViewerWebApi); patientObjId=Z299999830-20251102-1211-00000000001; refStudyObjId=Z299999830-STUDY-OBJID-2025110200018; refStudyUid=1.2.840.6610321904118510815420318233761831142014; refSeriesUid=1.2.840.185393732156165237212158241127106677643111; refInstanceNum=29; targetStudyObjId=Z299999830-STUDY-OBJID-2025110200021; targetStudyUid=1.2.840.167221195121219905290418769251473628129; targetSeriesUid=1.2.840.1721868228751932482087238247913291134107
  ======================================================================

2026-05-25 10:06:04.8135 [INFO] [AIRS.Core.Helpers.ZfpOracleDbHelper] [TraceID: 00-258f0a9b6802687fbacfef5335e63ec6-405354f9484d39a6-00]
  Event: 0
  Request: GET https://lcr-tp.nhi.gov.tw/api/NhiPatientImage/studies/1.2.840.167221195121219905290418769251473628129/series/1.2.840.1721868228751932482087238247913291134107/images 
  Message: GetSortedImagesBySeries(studyInstanceUid: 1.2.840.167221195121219905290418769251473628129, seriesInstanceUid: 1.2.840.1721868228751932482087238247913291134107)
  Properties: StudyUid=1.2.840.167221195121219905290418769251473628129; SeriesUid=1.2.840.1721868228751932482087238247913291134107; RequestId=40000135-0006-f300-b63f-84710c7967bb; RequestPath=/api/NhiPatientImage/studies/1.2.840.167221195121219905290418769251473628129/series/1.2.840.1721868228751932482087238247913291134107/images; ActionId=fc3ec55e-5bff-4701-a39d-404147d85f55; ActionName=NHI_AI_MedReportViewerWebApi.Controllers.NhiPatientImageController.GetImagesInSeries (NHI-AI-MedReportViewerWebApi); StudyInstanceUid=1.2.840.167221195121219905290418769251473628129; SeriesInstanceUid=1.2.840.1721868228751932482087238247913291134107
  ======================================================================

2026-05-25 10:06:04.8632 [INFO] [Polly] [TraceID: 00-258f0a9b6802687fbacfef5335e63ec6-405354f9484d39a6-00]
  Event: 0
  Request: GET https://lcr-tp.nhi.gov.tw/api/NhiPatientImage/studies/1.2.840.167221195121219905290418769251473628129/series/1.2.840.1721868228751932482087238247913291134107/images 
  Message: Execution attempt. Source: 'OracleResiliencePipeline/(null)/Retry', Operation Key: '', Result: 'System.Collections.Generic.List`1[System.String]', Handled: 'False', Attempt: '0', Execution Time: '36.664'
  Properties: PipelineName=OracleResiliencePipeline; PipelineInstance=(null); StrategyName=Retry; Result="1.2.840.252211106124520135135208721519618519247", "1.2.840.1582538515910311713157212331871906721174137", "1.2.840.1121732141391006399178179183720316028133205", "1.2.840.23144224772552138310013920084226170249116105", "1.2.840.11459081222741362442452718462159174129239", "1.2.840.61671719339219712391016622615677151152131", "1.2.840.2114920321015014916144159138392014398239226", "1.2.840.156128442247923121043240132151492361301940", "1.2.840.1002371745326180187761952261151201491125286", "1.2.840.227472515420110987231611624219824214433227", "1.2.840.7117421871591711447470131536794181121234", "1.2.840.231681005834137691861822451431814125177150", "1.2.840.2491141807673217145301982923121211174145", "1.2.840.5011512213017411123613221113311522711710122165", "1.2.840.5117814018425325154371340252891642222157", "1.2.840.6316621515812195239117223243248119240239174127", "1.2.840.1266868107155176143136221255451781532275020", "1.2.840.91249242519717517133202134477983562539", "1.2.840.20179777210523341301091992685166125220198", "1.2.840.1085765141192207912301051956510369186155159", "1.2.840.207117841121711912031514973110715116417719", "1.2.840.2161094723320996223402222191381235918886", "1.2.840.98120681611151912501302422382492421676315575", "1.2.840.131251416719124502341992514622161693078", "1.2.840.1751731851481413384399150233642272074825", "1.2.840.255236133223962162343189116401631862105333", "1.2.840.93228114112421961123317674781846516024812", "1.2.840.16612210219096842052452401261431348311068230", "1.2.840.1204221254033668818126222250213232149144", "1.2.840.1890328661581411952039054228237371131", "1.2.840.96228322616318712776671824513411012125", "1.2.840.742022615329461481342288288725517244250", "1.2.840.1151862161622455714017863210224421542006456", "1.2.840.233451389771151041411761422033239226232119", "1.2.840.2117620641361284013722815216335103147206122", "1.2.840.309614619825119715421152715220169213129168", "1.2.840.12818512414524110215481321129261181815141", "1.2.840.1111112025511823821571132112113731258057", "1.2.840.81861291711061623224227237218631277223269", "1.2.840.187192218216205844144139193462617686941", "1.2.840.652181951185021059161191691781692148210165", "1.2.840.10224521122186206179323381801542388615246", "1.2.840.57867117126185891201861521901241235114193", "1.2.840.1841931001196192071362241888722713215322646", "1.2.840.102243100411555623420201295515111720696191", "1.2.840.116381981161715631121720060125436019994", "1.2.840.561561191724011916648224911887523818077199", "1.2.840.54551831166227811352302152151181441663213", "1.2.840.16536628487136255108142167742155816018062", "1.2.840.19024517381130851201871091542011085420518695", "1.2.840.1117974124110519616231192742412282434172", "1.2.840.38261211169515782686118703116167132113", "1.2.840.13631241221156244201204188578922525178131172", "1.2.840.105165279424821215209662287152211241208197", "1.2.840.522054221920211611362183212111741962637154", "1.2.840.2552212141155201301530175103741011386112", "1.2.840.1091854201661155418250237252121412024323"; Handled=false; Attempt=0; ExecutionTimeMs=36.664; EventId=3; EventName=ExecutionAttempt; RequestId=40000135-0006-f300-b63f-84710c7967bb; RequestPath=/api/NhiPatientImage/studies/1.2.840.167221195121219905290418769251473628129/series/1.2.840.1721868228751932482087238247913291134107/images; ActionId=fc3ec55e-5bff-4701-a39d-404147d85f55; ActionName=NHI_AI_MedReportViewerWebApi.Controllers.NhiPatientImageController.GetImagesInSeries (NHI-AI-MedReportViewerWebApi); StudyInstanceUid=1.2.840.167221195121219905290418769251473628129; SeriesInstanceUid=1.2.840.1721868228751932482087238247913291134107
  ======================================================================

2026-05-25 10:06:04.8747 [INFO] [NHI_AI_MedReportViewerWebApi.Services.NhiPatientImageService] [TraceID: 00-258f0a9b6802687fbacfef5335e63ec6-405354f9484d39a6-00]
  Event: 0
  Request: GET https://lcr-tp.nhi.gov.tw/api/NhiPatientImage/studies/1.2.840.167221195121219905290418769251473628129/series/1.2.840.1721868228751932482087238247913291134107/images 
  Message: Series 1.2.840.1721868228751932482087238247913291134107 包含 57 個影像（已快取）
  Properties: SeriesInstanceUid=1.2.840.1721868228751932482087238247913291134107; Count=57; RequestId=40000135-0006-f300-b63f-84710c7967bb; RequestPath=/api/NhiPatientImage/studies/1.2.840.167221195121219905290418769251473628129/series/1.2.840.1721868228751932482087238247913291134107/images; ActionId=fc3ec55e-5bff-4701-a39d-404147d85f55; ActionName=NHI_AI_MedReportViewerWebApi.Controllers.NhiPatientImageController.GetImagesInSeries (NHI-AI-MedReportViewerWebApi); StudyInstanceUid=1.2.840.167221195121219905290418769251473628129; SeriesInstanceUid=1.2.840.1721868228751932482087238247913291134107
  ======================================================================

2026-05-25 10:06:32.7563 [INFO] [AIRS.Core.Helpers.ZfpOracleDbHelper] [TraceID: 00-89e2883c20552722a116682007bb8fd7-a14be9f10cafca55-00]
  Event: 0
  Request: GET https://lcr-tp.nhi.gov.tw/api/NhiPatientImage/studies/1.2.840.167221195121219905290418769251473628129/series/1.2.840.1721868228751932482087238247913291134107/instances/1.2.840.255236133223962162343189116401631862105333 
  Message: GetImageKey(studyInstanceUid: 1.2.840.167221195121219905290418769251473628129, seriesInstanceUid: 1.2.840.1721868228751932482087238247913291134107, sopInstanceUid: 1.2.840.255236133223962162343189116401631862105333)
  Properties: StudyUid=1.2.840.167221195121219905290418769251473628129; SeriesUid=1.2.840.1721868228751932482087238247913291134107; SopUid=1.2.840.255236133223962162343189116401631862105333; RequestId=40000245-0001-fe00-b63f-84710c7967bb; RequestPath=/api/NhiPatientImage/studies/1.2.840.167221195121219905290418769251473628129/series/1.2.840.1721868228751932482087238247913291134107/instances/1.2.840.255236133223962162343189116401631862105333; ActionId=aa92c01f-0771-4d00-b1d9-1444c5fbe45b; ActionName=NHI_AI_MedReportViewerWebApi.Controllers.NhiPatientImageController.GetImage (NHI-AI-MedReportViewerWebApi); StudyInstanceUid=1.2.840.167221195121219905290418769251473628129; SeriesInstanceUid=1.2.840.1721868228751932482087238247913291134107; SopInstanceUid=1.2.840.255236133223962162343189116401631862105333
  ======================================================================

2026-05-25 10:06:32.7672 [INFO] [Polly] [TraceID: 00-89e2883c20552722a116682007bb8fd7-a14be9f10cafca55-00]
  Event: 0
  Request: GET https://lcr-tp.nhi.gov.tw/api/NhiPatientImage/studies/1.2.840.167221195121219905290418769251473628129/series/1.2.840.1721868228751932482087238247913291134107/instances/1.2.840.255236133223962162343189116401631862105333 
  Message: Execution attempt. Source: 'OracleResiliencePipeline/(null)/Retry', Operation Key: '', Result: 'NHI_ZFP_Viewer.ImageSources.ImageInfo', Handled: 'False', Attempt: '0', Execution Time: '4.3653'
  Properties: PipelineName=OracleResiliencePipeline; PipelineInstance=(null); StrategyName=Retry; Result=NHI_ZFP_Viewer.ImageSources.ImageInfo; Handled=false; Attempt=0; ExecutionTimeMs=4.3653; EventId=3; EventName=ExecutionAttempt; RequestId=40000245-0001-fe00-b63f-84710c7967bb; RequestPath=/api/NhiPatientImage/studies/1.2.840.167221195121219905290418769251473628129/series/1.2.840.1721868228751932482087238247913291134107/instances/1.2.840.255236133223962162343189116401631862105333; ActionId=aa92c01f-0771-4d00-b1d9-1444c5fbe45b; ActionName=NHI_AI_MedReportViewerWebApi.Controllers.NhiPatientImageController.GetImage (NHI-AI-MedReportViewerWebApi); StudyInstanceUid=1.2.840.167221195121219905290418769251473628129; SeriesInstanceUid=1.2.840.1721868228751932482087238247913291134107; SopInstanceUid=1.2.840.255236133223962162343189116401631862105333
  ======================================================================

2026-05-25 10:06:32.7851 [INFO] [AIRS.Core.Helpers.ZfpOracleDbHelper] [TraceID: 00-89e2883c20552722a116682007bb8fd7-a14be9f10cafca55-00]
  Event: 0
  Request: GET https://lcr-tp.nhi.gov.tw/api/NhiPatientImage/studies/1.2.840.167221195121219905290418769251473628129/series/1.2.840.1721868228751932482087238247913291134107/instances/1.2.840.255236133223962162343189116401631862105333 
  Message: GetImageKey = Archived/20230810/1.2.840.167221195121219905290418769251473628129/1.2.840.1721868228751932482087238247913291134107/1.2.840.255236133223962162343189116401631862105333.dcm, 20 ms elapsed.
  Properties: S3ObjectKey=Archived/20230810/1.2.840.167221195121219905290418769251473628129/1.2.840.1721868228751932482087238247913291134107/1.2.840.255236133223962162343189116401631862105333.dcm; Elapsed=20; RequestId=40000245-0001-fe00-b63f-84710c7967bb; RequestPath=/api/NhiPatientImage/studies/1.2.840.167221195121219905290418769251473628129/series/1.2.840.1721868228751932482087238247913291134107/instances/1.2.840.255236133223962162343189116401631862105333; ActionId=aa92c01f-0771-4d00-b1d9-1444c5fbe45b; ActionName=NHI_AI_MedReportViewerWebApi.Controllers.NhiPatientImageController.GetImage (NHI-AI-MedReportViewerWebApi); StudyInstanceUid=1.2.840.167221195121219905290418769251473628129; SeriesInstanceUid=1.2.840.1721868228751932482087238247913291134107; SopInstanceUid=1.2.840.255236133223962162343189116401631862105333
  ======================================================================

2026-05-25 10:06:32.8406 [INFO] [AIRS.Core.Common.LogForgingTools] [TraceID: 00-89e2883c20552722a116682007bb8fd7-a14be9f10cafca55-00]
  Event: 0
  Request: GET https://lcr-tp.nhi.gov.tw/api/NhiPatientImage/studies/1.2.840.167221195121219905290418769251473628129/series/1.2.840.1721868228751932482087238247913291134107/instances/1.2.840.255236133223962162343189116401631862105333 
  Message: 1779674792840 GetImage() 由 S3 取得 stream，耗時 40 ms.
  Properties: RequestId=40000245-0001-fe00-b63f-84710c7967bb; RequestPath=/api/NhiPatientImage/studies/1.2.840.167221195121219905290418769251473628129/series/1.2.840.1721868228751932482087238247913291134107/instances/1.2.840.255236133223962162343189116401631862105333; ActionId=aa92c01f-0771-4d00-b1d9-1444c5fbe45b; ActionName=NHI_AI_MedReportViewerWebApi.Controllers.NhiPatientImageController.GetImage (NHI-AI-MedReportViewerWebApi); StudyInstanceUid=1.2.840.167221195121219905290418769251473628129; SeriesInstanceUid=1.2.840.1721868228751932482087238247913291134107; SopInstanceUid=1.2.840.255236133223962162343189116401631862105333
  ======================================================================

2026-05-25 10:06:32.8524 [INFO] [NHI_AI_MedReportViewerWebApi.Services.NhiPatientImageService] [TraceID: 00-89e2883c20552722a116682007bb8fd7-a14be9f10cafca55-00]
  Event: 0
  Request: GET https://lcr-tp.nhi.gov.tw/api/NhiPatientImage/studies/1.2.840.167221195121219905290418769251473628129/series/1.2.840.1721868228751932482087238247913291134107/instances/1.2.840.255236133223962162343189116401631862105333 
  Message: 成功從 S3 取得影像: 1.2.840.255236133223962162343189116401631862105333
  Properties: RequestId=40000245-0001-fe00-b63f-84710c7967bb; RequestPath=/api/NhiPatientImage/studies/1.2.840.167221195121219905290418769251473628129/series/1.2.840.1721868228751932482087238247913291134107/instances/1.2.840.255236133223962162343189116401631862105333; ActionId=aa92c01f-0771-4d00-b1d9-1444c5fbe45b; ActionName=NHI_AI_MedReportViewerWebApi.Controllers.NhiPatientImageController.GetImage (NHI-AI-MedReportViewerWebApi); StudyInstanceUid=1.2.840.167221195121219905290418769251473628129; SeriesInstanceUid=1.2.840.1721868228751932482087238247913291134107; SopInstanceUid=1.2.840.255236133223962162343189116401631862105333
  ======================================================================

2026-05-25 10:06:43.7880 [INFO] [NHI_AI_MedReportViewerWebApi.Services.NhiPatientImageService] [TraceID: 00-259f0d147021c7487c9199206e2744f8-69e01f3e52fbe19a-00]
  Event: 0
  Request: GET https://lcr-tp.nhi.gov.tw/api/NhiPatientImage/studies/1.2.840.133888132105150143162871541411731780159144/series-uid 
  Message: 開始查詢 Series Instance UID: Study=1.2.840.133888132105150143162871541411731780159144, SeriesNumber=15
  Properties: RequestId=4000003e-0004-f300-b63f-84710c7967bb; RequestPath=/api/NhiPatientImage/studies/1.2.840.133888132105150143162871541411731780159144/series-uid; ActionId=4aeb1ff5-d75b-4ae7-bc60-1eb478a303f7; ActionName=NHI_AI_MedReportViewerWebApi.Controllers.NhiPatientImageController.GetSeriesInstanceUid (NHI-AI-MedReportViewerWebApi); StudyInstanceUid=1.2.840.133888132105150143162871541411731780159144; SeriesNumber=15
  ======================================================================

2026-05-25 10:06:43.8099 [INFO] [Polly] [TraceID: 00-259f0d147021c7487c9199206e2744f8-69e01f3e52fbe19a-00]
  Event: 0
  Request: GET https://lcr-tp.nhi.gov.tw/api/NhiPatientImage/studies/1.2.840.133888132105150143162871541411731780159144/series-uid 
  Message: Execution attempt. Source: 'OracleResiliencePipeline/(null)/Retry', Operation Key: '', Result: '1.2.840.19216622352892321110282110210111240391850', Handled: 'False', Attempt: '0', Execution Time: '6.2822'
  Properties: PipelineName=OracleResiliencePipeline; PipelineInstance=(null); StrategyName=Retry; Result=1.2.840.19216622352892321110282110210111240391850; Handled=false; Attempt=0; ExecutionTimeMs=6.2822; EventId=3; EventName=ExecutionAttempt; RequestId=4000003e-0004-f300-b63f-84710c7967bb; RequestPath=/api/NhiPatientImage/studies/1.2.840.133888132105150143162871541411731780159144/series-uid; ActionId=4aeb1ff5-d75b-4ae7-bc60-1eb478a303f7; ActionName=NHI_AI_MedReportViewerWebApi.Controllers.NhiPatientImageController.GetSeriesInstanceUid (NHI-AI-MedReportViewerWebApi); StudyInstanceUid=1.2.840.133888132105150143162871541411731780159144; SeriesNumber=15
  ======================================================================

2026-05-25 10:06:43.8099 [INFO] [NHI_AI_MedReportViewerWebApi.Services.NhiPatientImageService] [TraceID: 00-259f0d147021c7487c9199206e2744f8-69e01f3e52fbe19a-00]
  Event: 0
  Request: GET https://lcr-tp.nhi.gov.tw/api/NhiPatientImage/studies/1.2.840.133888132105150143162871541411731780159144/series-uid 
  Message: 找到 Series Number 15 對應的 Series Instance UID: 1.2.840.19216622352892321110282110210111240391850
  Properties: RequestId=4000003e-0004-f300-b63f-84710c7967bb; RequestPath=/api/NhiPatientImage/studies/1.2.840.133888132105150143162871541411731780159144/series-uid; ActionId=4aeb1ff5-d75b-4ae7-bc60-1eb478a303f7; ActionName=NHI_AI_MedReportViewerWebApi.Controllers.NhiPatientImageController.GetSeriesInstanceUid (NHI-AI-MedReportViewerWebApi); StudyInstanceUid=1.2.840.133888132105150143162871541411731780159144; SeriesNumber=15
  ======================================================================

2026-05-25 10:07:58.9230 [INFO] [NHI_AI_MedReportViewerWebApi.Services.NhiPatientImageService] [TraceID: 00-5af38582b2094fb25e4791c607304633-120c1fb178fd6b46-00]
  Event: 0
  Request: GET https://lcr-tp.nhi.gov.tw/api/NhiPatientImage/studies/1.2.840.133888132105150143162871541411731780159144/series-uid 
  Message: 開始查詢 Series Instance UID: Study=1.2.840.133888132105150143162871541411731780159144, SeriesNumber=15
  Properties: RequestId=400001ea-0006-fc00-b63f-84710c7967bb; RequestPath=/api/NhiPatientImage/studies/1.2.840.133888132105150143162871541411731780159144/series-uid; ActionId=4aeb1ff5-d75b-4ae7-bc60-1eb478a303f7; ActionName=NHI_AI_MedReportViewerWebApi.Controllers.NhiPatientImageController.GetSeriesInstanceUid (NHI-AI-MedReportViewerWebApi); StudyInstanceUid=1.2.840.133888132105150143162871541411731780159144; SeriesNumber=15
  ======================================================================

2026-05-25 10:07:58.9437 [INFO] [Polly] [TraceID: 00-5af38582b2094fb25e4791c607304633-120c1fb178fd6b46-00]
  Event: 0
  Request: GET https://lcr-tp.nhi.gov.tw/api/NhiPatientImage/studies/1.2.840.133888132105150143162871541411731780159144/series-uid 
  Message: Execution attempt. Source: 'OracleResiliencePipeline/(null)/Retry', Operation Key: '', Result: '1.2.840.19216622352892321110282110210111240391850', Handled: 'False', Attempt: '0', Execution Time: '7.6625'
  Properties: PipelineName=OracleResiliencePipeline; PipelineInstance=(null); StrategyName=Retry; Result=1.2.840.19216622352892321110282110210111240391850; Handled=false; Attempt=0; ExecutionTimeMs=7.6625; EventId=3; EventName=ExecutionAttempt; RequestId=400001ea-0006-fc00-b63f-84710c7967bb; RequestPath=/api/NhiPatientImage/studies/1.2.840.133888132105150143162871541411731780159144/series-uid; ActionId=4aeb1ff5-d75b-4ae7-bc60-1eb478a303f7; ActionName=NHI_AI_MedReportViewerWebApi.Controllers.NhiPatientImageController.GetSeriesInstanceUid (NHI-AI-MedReportViewerWebApi); StudyInstanceUid=1.2.840.133888132105150143162871541411731780159144; SeriesNumber=15
  ======================================================================

2026-05-25 10:07:58.9563 [INFO] [NHI_AI_MedReportViewerWebApi.Services.NhiPatientImageService] [TraceID: 00-5af38582b2094fb25e4791c607304633-120c1fb178fd6b46-00]
  Event: 0
  Request: GET https://lcr-tp.nhi.gov.tw/api/NhiPatientImage/studies/1.2.840.133888132105150143162871541411731780159144/series-uid 
  Message: 找到 Series Number 15 對應的 Series Instance UID: 1.2.840.19216622352892321110282110210111240391850
  Properties: RequestId=400001ea-0006-fc00-b63f-84710c7967bb; RequestPath=/api/NhiPatientImage/studies/1.2.840.133888132105150143162871541411731780159144/series-uid; ActionId=4aeb1ff5-d75b-4ae7-bc60-1eb478a303f7; ActionName=NHI_AI_MedReportViewerWebApi.Controllers.NhiPatientImageController.GetSeriesInstanceUid (NHI-AI-MedReportViewerWebApi); StudyInstanceUid=1.2.840.133888132105150143162871541411731780159144; SeriesNumber=15
  ======================================================================

2026-05-25 10:08:08.9023 [INFO] [NHI_AI_MedReportViewerWebApi.Services.NhiPatientImageService] [TraceID: 00-b7bd2413bfbe48d3b43834ddc2507974-7773592ec28b63b4-00]
  Event: 0
  Request: GET https://lcr-tp.nhi.gov.tw/api/NhiPatientImage/studies/1.2.840.23768155137684242221127824255137162071/series-uid 
  Message: 開始查詢 Series Instance UID: Study=1.2.840.23768155137684242221127824255137162071, SeriesNumber=3
  Properties: RequestId=40000249-0001-fe00-b63f-84710c7967bb; RequestPath=/api/NhiPatientImage/studies/1.2.840.23768155137684242221127824255137162071/series-uid; ActionId=4aeb1ff5-d75b-4ae7-bc60-1eb478a303f7; ActionName=NHI_AI_MedReportViewerWebApi.Controllers.NhiPatientImageController.GetSeriesInstanceUid (NHI-AI-MedReportViewerWebApi); StudyInstanceUid=1.2.840.23768155137684242221127824255137162071; SeriesNumber=3
  ======================================================================

2026-05-25 10:08:08.9324 [INFO] [Polly] [TraceID: 00-b7bd2413bfbe48d3b43834ddc2507974-7773592ec28b63b4-00]
  Event: 0
  Request: GET https://lcr-tp.nhi.gov.tw/api/NhiPatientImage/studies/1.2.840.23768155137684242221127824255137162071/series-uid 
  Message: Execution attempt. Source: 'OracleResiliencePipeline/(null)/Retry', Operation Key: '', Result: '1.2.840.108229190191200701892132312516360642731234', Handled: 'False', Attempt: '0', Execution Time: '16.1171'
  Properties: PipelineName=OracleResiliencePipeline; PipelineInstance=(null); StrategyName=Retry; Result=1.2.840.108229190191200701892132312516360642731234; Handled=false; Attempt=0; ExecutionTimeMs=16.1171; EventId=3; EventName=ExecutionAttempt; RequestId=40000249-0001-fe00-b63f-84710c7967bb; RequestPath=/api/NhiPatientImage/studies/1.2.840.23768155137684242221127824255137162071/series-uid; ActionId=4aeb1ff5-d75b-4ae7-bc60-1eb478a303f7; ActionName=NHI_AI_MedReportViewerWebApi.Controllers.NhiPatientImageController.GetSeriesInstanceUid (NHI-AI-MedReportViewerWebApi); StudyInstanceUid=1.2.840.23768155137684242221127824255137162071; SeriesNumber=3
  ======================================================================

2026-05-25 10:08:08.9485 [INFO] [NHI_AI_MedReportViewerWebApi.Services.NhiPatientImageService] [TraceID: 00-b7bd2413bfbe48d3b43834ddc2507974-7773592ec28b63b4-00]
  Event: 0
  Request: GET https://lcr-tp.nhi.gov.tw/api/NhiPatientImage/studies/1.2.840.23768155137684242221127824255137162071/series-uid 
  Message: 找到 Series Number 3 對應的 Series Instance UID: 1.2.840.108229190191200701892132312516360642731234
  Properties: RequestId=40000249-0001-fe00-b63f-84710c7967bb; RequestPath=/api/NhiPatientImage/studies/1.2.840.23768155137684242221127824255137162071/series-uid; ActionId=4aeb1ff5-d75b-4ae7-bc60-1eb478a303f7; ActionName=NHI_AI_MedReportViewerWebApi.Controllers.NhiPatientImageController.GetSeriesInstanceUid (NHI-AI-MedReportViewerWebApi); StudyInstanceUid=1.2.840.23768155137684242221127824255137162071; SeriesNumber=3
  ======================================================================

2026-05-25 10:08:08.9687 [INFO] [AIRS.Core.Helpers.ZfpOracleDbHelper] [TraceID: 00-f20f5f904fa59628ffc4c9a4b276e7f7-5823a2dee0701960-00]
  Event: 0
  Request: GET https://lcr-tp.nhi.gov.tw/api/NhiPatientImage/studies/1.2.840.23768155137684242221127824255137162071/series/1.2.840.108229190191200701892132312516360642731234/images 
  Message: GetSortedImagesBySeries(studyInstanceUid: 1.2.840.23768155137684242221127824255137162071, seriesInstanceUid: 1.2.840.108229190191200701892132312516360642731234)
  Properties: StudyUid=1.2.840.23768155137684242221127824255137162071; SeriesUid=1.2.840.108229190191200701892132312516360642731234; RequestId=4000024b-0001-fe00-b63f-84710c7967bb; RequestPath=/api/NhiPatientImage/studies/1.2.840.23768155137684242221127824255137162071/series/1.2.840.108229190191200701892132312516360642731234/images; ActionId=fc3ec55e-5bff-4701-a39d-404147d85f55; ActionName=NHI_AI_MedReportViewerWebApi.Controllers.NhiPatientImageController.GetImagesInSeries (NHI-AI-MedReportViewerWebApi); StudyInstanceUid=1.2.840.23768155137684242221127824255137162071; SeriesInstanceUid=1.2.840.108229190191200701892132312516360642731234
  ======================================================================

2026-05-25 10:08:08.9982 [INFO] [Polly] [TraceID: 00-f20f5f904fa59628ffc4c9a4b276e7f7-5823a2dee0701960-00]
  Event: 0
  Request: GET https://lcr-tp.nhi.gov.tw/api/NhiPatientImage/studies/1.2.840.23768155137684242221127824255137162071/series/1.2.840.108229190191200701892132312516360642731234/images 
  Message: Execution attempt. Source: 'OracleResiliencePipeline/(null)/Retry', Operation Key: '', Result: 'System.Collections.Generic.List`1[System.String]', Handled: 'False', Attempt: '0', Execution Time: '15.1237'
  Properties: PipelineName=OracleResiliencePipeline; PipelineInstance=(null); StrategyName=Retry; Result="1.2.840.2432444514874169891421224722899205157236226", "1.2.840.234117185177153118845482423021422515025158", "1.2.840.23736197137223744798102332181312115263", "1.2.840.1681161447521320618412001821311001332127228", "1.2.840.2453359207333099238201412075778234145250", "1.2.840.196802462716439441932101832201652019124", "1.2.840.4776197122179196134242136219136127442235927", "1.2.840.681721215688156190811862374720818611655165", "1.2.840.25516254169634420819012316823311718319222295", "1.2.840.677183165208147969225123148115175116186120", "1.2.840.188182243822041491091848019782209168245113145", "1.2.840.2064107977141155234201362357923124348164", "1.2.840.233149601972542361051411724618547315223227", "1.2.840.7919760891342341131845317618911974105234124", "1.2.840.237811542361801698217860241921395252226182", "1.2.840.40901542262508110282134982315714221118090", "1.2.840.709860139133106154218154115208122373922949", "1.2.840.1391432123592296122051172362121238198106", "1.2.840.7223022624968122251831083618516122371205161", "1.2.840.718820809714288011958210253162142161220", "1.2.840.481158271105582249250201186381192208154", "1.2.840.5652124618991828186972362784245838", "1.2.840.16523392131071501551441048414725515619218045", "1.2.840.6724886103162203893517819111728725311912", "1.2.840.128401999913811718121461201254920322818749", "1.2.840.98126109812052534513313522951415264252196", "1.2.840.6919897375075010223521466106118149247155", "1.2.840.1616323825296454321723018915757149116116120", "1.2.840.11964223231249294118722323170196177190188254", "1.2.840.4813521120511213814446158239419323015732239", "1.2.840.16321771292481739614612622324420525291172", "1.2.840.2435314411911925216095124154240230196249111", "1.2.840.14270160258818831581816918316812923511396", "1.2.840.228116413516387173254132128719720209188213", "1.2.840.838695227211448912125194175239238128158157", "1.2.840.45234210114178158240111569721422519421222225", "1.2.840.145246247666019631582717154169232113241181", "1.2.840.252142122212061872251064020828252184253561", "1.2.840.23160109217246798117422114516911841195", "1.2.840.114150545719516223719014135615921372210", "1.2.840.14499882317292140718411018921174178235236", "1.2.840.14222122442471731561506416091196102366446", "1.2.840.15117125527212419232801319024752982636", "1.2.840.46183492613423825110125395105792413212628", "1.2.840.178911991311761411318223912877251135155208146", "1.2.840.224171314912811375141979321147197251103167", "1.2.840.83291989524740172419874195115119162176", "1.2.840.142562191251157585440101882492619723573", "1.2.840.20613044165127143173611437012822513851160134", "1.2.840.107491802425502551266777200277574283", "1.2.840.109178108120174738147962548421223918817999", "1.2.840.162251611995917766106171250156213145146219139", "1.2.840.79216250526219113168791708615121148146193", "1.2.840.592281371535120121610046193202196147175231192", "1.2.840.2936144511188736142841311161001636170230", "1.2.840.9010218010213212820621558285988176222114157", "1.2.840.18824925516722126192240162531051351179812430", "1.2.840.16325333731291541741221452074412221535209137", "1.2.840.1356203203172113229205252751418314716317432", "1.2.840.1422403713615120232122620209118117162131232", "1.2.840.2186722286716822424723022123765208725918", "1.2.840.1098222193192221873822512814719306421464", "1.2.840.90155881621032353315441636113683185230", "1.2.840.133194663115915134192372372031442062058"; Handled=false; Attempt=0; ExecutionTimeMs=15.1237; EventId=3; EventName=ExecutionAttempt; RequestId=4000024b-0001-fe00-b63f-84710c7967bb; RequestPath=/api/NhiPatientImage/studies/1.2.840.23768155137684242221127824255137162071/series/1.2.840.108229190191200701892132312516360642731234/images; ActionId=fc3ec55e-5bff-4701-a39d-404147d85f55; ActionName=NHI_AI_MedReportViewerWebApi.Controllers.NhiPatientImageController.GetImagesInSeries (NHI-AI-MedReportViewerWebApi); StudyInstanceUid=1.2.840.23768155137684242221127824255137162071; SeriesInstanceUid=1.2.840.108229190191200701892132312516360642731234
  ======================================================================

2026-05-25 10:08:09.0119 [INFO] [NHI_AI_MedReportViewerWebApi.Services.NhiPatientImageService] [TraceID: 00-f20f5f904fa59628ffc4c9a4b276e7f7-5823a2dee0701960-00]
  Event: 0
  Request: GET https://lcr-tp.nhi.gov.tw/api/NhiPatientImage/studies/1.2.840.23768155137684242221127824255137162071/series/1.2.840.108229190191200701892132312516360642731234/images 
  Message: Series 1.2.840.108229190191200701892132312516360642731234 包含 64 個影像（已快取）
  Properties: SeriesInstanceUid=1.2.840.108229190191200701892132312516360642731234; Count=64; RequestId=4000024b-0001-fe00-b63f-84710c7967bb; RequestPath=/api/NhiPatientImage/studies/1.2.840.23768155137684242221127824255137162071/series/1.2.840.108229190191200701892132312516360642731234/images; ActionId=fc3ec55e-5bff-4701-a39d-404147d85f55; ActionName=NHI_AI_MedReportViewerWebApi.Controllers.NhiPatientImageController.GetImagesInSeries (NHI-AI-MedReportViewerWebApi); StudyInstanceUid=1.2.840.23768155137684242221127824255137162071; SeriesInstanceUid=1.2.840.108229190191200701892132312516360642731234
  ======================================================================

2026-05-25 10:08:09.0393 [INFO] [AIRS.Core.Helpers.ZfpOracleDbHelper] [TraceID: 00-0910f037106fa208439215b628f02ddf-f3cf99eebcbcf66f-00]
  Event: 0
  Request: GET https://lcr-tp.nhi.gov.tw/api/NhiPatientImage/studies/1.2.840.23768155137684242221127824255137162071/series/1.2.840.108229190191200701892132312516360642731234/instances/1.2.840.2432444514874169891421224722899205157236226 
  Message: GetImageKey(studyInstanceUid: 1.2.840.23768155137684242221127824255137162071, seriesInstanceUid: 1.2.840.108229190191200701892132312516360642731234, sopInstanceUid: 1.2.840.2432444514874169891421224722899205157236226)
  Properties: StudyUid=1.2.840.23768155137684242221127824255137162071; SeriesUid=1.2.840.108229190191200701892132312516360642731234; SopUid=1.2.840.2432444514874169891421224722899205157236226; RequestId=4000024d-0001-fe00-b63f-84710c7967bb; RequestPath=/api/NhiPatientImage/studies/1.2.840.23768155137684242221127824255137162071/series/1.2.840.108229190191200701892132312516360642731234/instances/1.2.840.2432444514874169891421224722899205157236226; ActionId=aa92c01f-0771-4d00-b1d9-1444c5fbe45b; ActionName=NHI_AI_MedReportViewerWebApi.Controllers.NhiPatientImageController.GetImage (NHI-AI-MedReportViewerWebApi); StudyInstanceUid=1.2.840.23768155137684242221127824255137162071; SeriesInstanceUid=1.2.840.108229190191200701892132312516360642731234; SopInstanceUid=1.2.840.2432444514874169891421224722899205157236226
  ======================================================================

2026-05-25 10:08:09.0528 [INFO] [Polly] [TraceID: 00-0910f037106fa208439215b628f02ddf-f3cf99eebcbcf66f-00]
  Event: 0
  Request: GET https://lcr-tp.nhi.gov.tw/api/NhiPatientImage/studies/1.2.840.23768155137684242221127824255137162071/series/1.2.840.108229190191200701892132312516360642731234/instances/1.2.840.2432444514874169891421224722899205157236226 
  Message: Execution attempt. Source: 'OracleResiliencePipeline/(null)/Retry', Operation Key: '', Result: 'NHI_ZFP_Viewer.ImageSources.ImageInfo', Handled: 'False', Attempt: '0', Execution Time: '7.797'
  Properties: PipelineName=OracleResiliencePipeline; PipelineInstance=(null); StrategyName=Retry; Result=NHI_ZFP_Viewer.ImageSources.ImageInfo; Handled=false; Attempt=0; ExecutionTimeMs=7.797; EventId=3; EventName=ExecutionAttempt; RequestId=4000024d-0001-fe00-b63f-84710c7967bb; RequestPath=/api/NhiPatientImage/studies/1.2.840.23768155137684242221127824255137162071/series/1.2.840.108229190191200701892132312516360642731234/instances/1.2.840.2432444514874169891421224722899205157236226; ActionId=aa92c01f-0771-4d00-b1d9-1444c5fbe45b; ActionName=NHI_AI_MedReportViewerWebApi.Controllers.NhiPatientImageController.GetImage (NHI-AI-MedReportViewerWebApi); StudyInstanceUid=1.2.840.23768155137684242221127824255137162071; SeriesInstanceUid=1.2.840.108229190191200701892132312516360642731234; SopInstanceUid=1.2.840.2432444514874169891421224722899205157236226
  ======================================================================

2026-05-25 10:08:09.0800 [INFO] [AIRS.Core.Helpers.ZfpOracleDbHelper] [TraceID: 00-0910f037106fa208439215b628f02ddf-f3cf99eebcbcf66f-00]
  Event: 0
  Request: GET https://lcr-tp.nhi.gov.tw/api/NhiPatientImage/studies/1.2.840.23768155137684242221127824255137162071/series/1.2.840.108229190191200701892132312516360642731234/instances/1.2.840.2432444514874169891421224722899205157236226 
  Message: GetImageKey = Archived/20240513/1.2.840.23768155137684242221127824255137162071/1.2.840.108229190191200701892132312516360642731234/1.2.840.2432444514874169891421224722899205157236226.dcm, 27 ms elapsed.
  Properties: S3ObjectKey=Archived/20240513/1.2.840.23768155137684242221127824255137162071/1.2.840.108229190191200701892132312516360642731234/1.2.840.2432444514874169891421224722899205157236226.dcm; Elapsed=27; RequestId=4000024d-0001-fe00-b63f-84710c7967bb; RequestPath=/api/NhiPatientImage/studies/1.2.840.23768155137684242221127824255137162071/series/1.2.840.108229190191200701892132312516360642731234/instances/1.2.840.2432444514874169891421224722899205157236226; ActionId=aa92c01f-0771-4d00-b1d9-1444c5fbe45b; ActionName=NHI_AI_MedReportViewerWebApi.Controllers.NhiPatientImageController.GetImage (NHI-AI-MedReportViewerWebApi); StudyInstanceUid=1.2.840.23768155137684242221127824255137162071; SeriesInstanceUid=1.2.840.108229190191200701892132312516360642731234; SopInstanceUid=1.2.840.2432444514874169891421224722899205157236226
  ======================================================================

2026-05-25 10:08:09.1361 [INFO] [AIRS.Core.Common.LogForgingTools] [TraceID: 00-0910f037106fa208439215b628f02ddf-f3cf99eebcbcf66f-00]
  Event: 0
  Request: GET https://lcr-tp.nhi.gov.tw/api/NhiPatientImage/studies/1.2.840.23768155137684242221127824255137162071/series/1.2.840.108229190191200701892132312516360642731234/instances/1.2.840.2432444514874169891421224722899205157236226 
  Message: 1779674889136 GetImage() 由 S3 取得 stream，耗時 43 ms.
  Properties: RequestId=4000024d-0001-fe00-b63f-84710c7967bb; RequestPath=/api/NhiPatientImage/studies/1.2.840.23768155137684242221127824255137162071/series/1.2.840.108229190191200701892132312516360642731234/instances/1.2.840.2432444514874169891421224722899205157236226; ActionId=aa92c01f-0771-4d00-b1d9-1444c5fbe45b; ActionName=NHI_AI_MedReportViewerWebApi.Controllers.NhiPatientImageController.GetImage (NHI-AI-MedReportViewerWebApi); StudyInstanceUid=1.2.840.23768155137684242221127824255137162071; SeriesInstanceUid=1.2.840.108229190191200701892132312516360642731234; SopInstanceUid=1.2.840.2432444514874169891421224722899205157236226
  ======================================================================

2026-05-25 10:08:09.1501 [INFO] [NHI_AI_MedReportViewerWebApi.Services.NhiPatientImageService] [TraceID: 00-0910f037106fa208439215b628f02ddf-f3cf99eebcbcf66f-00]
  Event: 0
  Request: GET https://lcr-tp.nhi.gov.tw/api/NhiPatientImage/studies/1.2.840.23768155137684242221127824255137162071/series/1.2.840.108229190191200701892132312516360642731234/instances/1.2.840.2432444514874169891421224722899205157236226 
  Message: 成功從 S3 取得影像: 1.2.840.2432444514874169891421224722899205157236226
  Properties: RequestId=4000024d-0001-fe00-b63f-84710c7967bb; RequestPath=/api/NhiPatientImage/studies/1.2.840.23768155137684242221127824255137162071/series/1.2.840.108229190191200701892132312516360642731234/instances/1.2.840.2432444514874169891421224722899205157236226; ActionId=aa92c01f-0771-4d00-b1d9-1444c5fbe45b; ActionName=NHI_AI_MedReportViewerWebApi.Controllers.NhiPatientImageController.GetImage (NHI-AI-MedReportViewerWebApi); StudyInstanceUid=1.2.840.23768155137684242221127824255137162071; SeriesInstanceUid=1.2.840.108229190191200701892132312516360642731234; SopInstanceUid=1.2.840.2432444514874169891421224722899205157236226
  ======================================================================

2026-05-25 10:08:46.6004 [INFO] [AIRS.Core.Helpers.ZfpOracleDbHelper] [TraceID: 00-2bdc94a8cd011df1cd4093192fdc56ab-bade00fab435d7e7-00]
  Event: 0
  Request: GET https://lcr-tp.nhi.gov.tw/api/NhiPatientImage/studies/1.2.840.23768155137684242221127824255137162071/series/1.2.840.108229190191200701892132312516360642731234/instances/1.2.840.2453359207333099238201412075778234145250 
  Message: GetImageKey(studyInstanceUid: 1.2.840.23768155137684242221127824255137162071, seriesInstanceUid: 1.2.840.108229190191200701892132312516360642731234, sopInstanceUid: 1.2.840.2453359207333099238201412075778234145250)
  Properties: StudyUid=1.2.840.23768155137684242221127824255137162071; SeriesUid=1.2.840.108229190191200701892132312516360642731234; SopUid=1.2.840.2453359207333099238201412075778234145250; RequestId=40000139-0003-fd00-b63f-84710c7967bb; RequestPath=/api/NhiPatientImage/studies/1.2.840.23768155137684242221127824255137162071/series/1.2.840.108229190191200701892132312516360642731234/instances/1.2.840.2453359207333099238201412075778234145250; ActionId=aa92c01f-0771-4d00-b1d9-1444c5fbe45b; ActionName=NHI_AI_MedReportViewerWebApi.Controllers.NhiPatientImageController.GetImage (NHI-AI-MedReportViewerWebApi); StudyInstanceUid=1.2.840.23768155137684242221127824255137162071; SeriesInstanceUid=1.2.840.108229190191200701892132312516360642731234; SopInstanceUid=1.2.840.2453359207333099238201412075778234145250
  ======================================================================

2026-05-25 10:08:46.6127 [INFO] [Polly] [TraceID: 00-2bdc94a8cd011df1cd4093192fdc56ab-bade00fab435d7e7-00]
  Event: 0
  Request: GET https://lcr-tp.nhi.gov.tw/api/NhiPatientImage/studies/1.2.840.23768155137684242221127824255137162071/series/1.2.840.108229190191200701892132312516360642731234/instances/1.2.840.2453359207333099238201412075778234145250 
  Message: Execution attempt. Source: 'OracleResiliencePipeline/(null)/Retry', Operation Key: '', Result: 'NHI_ZFP_Viewer.ImageSources.ImageInfo', Handled: 'False', Attempt: '0', Execution Time: '8.0653'
  Properties: PipelineName=OracleResiliencePipeline; PipelineInstance=(null); StrategyName=Retry; Result=NHI_ZFP_Viewer.ImageSources.ImageInfo; Handled=false; Attempt=0; ExecutionTimeMs=8.0653; EventId=3; EventName=ExecutionAttempt; RequestId=40000139-0003-fd00-b63f-84710c7967bb; RequestPath=/api/NhiPatientImage/studies/1.2.840.23768155137684242221127824255137162071/series/1.2.840.108229190191200701892132312516360642731234/instances/1.2.840.2453359207333099238201412075778234145250; ActionId=aa92c01f-0771-4d00-b1d9-1444c5fbe45b; ActionName=NHI_AI_MedReportViewerWebApi.Controllers.NhiPatientImageController.GetImage (NHI-AI-MedReportViewerWebApi); StudyInstanceUid=1.2.840.23768155137684242221127824255137162071; SeriesInstanceUid=1.2.840.108229190191200701892132312516360642731234; SopInstanceUid=1.2.840.2453359207333099238201412075778234145250
  ======================================================================

2026-05-25 10:08:46.6380 [INFO] [AIRS.Core.Helpers.ZfpOracleDbHelper] [TraceID: 00-2bdc94a8cd011df1cd4093192fdc56ab-bade00fab435d7e7-00]
  Event: 0
  Request: GET https://lcr-tp.nhi.gov.tw/api/NhiPatientImage/studies/1.2.840.23768155137684242221127824255137162071/series/1.2.840.108229190191200701892132312516360642731234/instances/1.2.840.2453359207333099238201412075778234145250 
  Message: GetImageKey = Archived/20240513/1.2.840.23768155137684242221127824255137162071/1.2.840.108229190191200701892132312516360642731234/1.2.840.2453359207333099238201412075778234145250.dcm, 28 ms elapsed.
  Properties: S3ObjectKey=Archived/20240513/1.2.840.23768155137684242221127824255137162071/1.2.840.108229190191200701892132312516360642731234/1.2.840.2453359207333099238201412075778234145250.dcm; Elapsed=28; RequestId=40000139-0003-fd00-b63f-84710c7967bb; RequestPath=/api/NhiPatientImage/studies/1.2.840.23768155137684242221127824255137162071/series/1.2.840.108229190191200701892132312516360642731234/instances/1.2.840.2453359207333099238201412075778234145250; ActionId=aa92c01f-0771-4d00-b1d9-1444c5fbe45b; ActionName=NHI_AI_MedReportViewerWebApi.Controllers.NhiPatientImageController.GetImage (NHI-AI-MedReportViewerWebApi); StudyInstanceUid=1.2.840.23768155137684242221127824255137162071; SeriesInstanceUid=1.2.840.108229190191200701892132312516360642731234; SopInstanceUid=1.2.840.2453359207333099238201412075778234145250
  ======================================================================

2026-05-25 10:08:46.7013 [INFO] [AIRS.Core.Common.LogForgingTools] [TraceID: 00-2bdc94a8cd011df1cd4093192fdc56ab-bade00fab435d7e7-00]
  Event: 0
  Request: GET https://lcr-tp.nhi.gov.tw/api/NhiPatientImage/studies/1.2.840.23768155137684242221127824255137162071/series/1.2.840.108229190191200701892132312516360642731234/instances/1.2.840.2453359207333099238201412075778234145250 
  Message: 1779674926701 GetImage() 由 S3 取得 stream，耗時 47 ms.
  Properties: RequestId=40000139-0003-fd00-b63f-84710c7967bb; RequestPath=/api/NhiPatientImage/studies/1.2.840.23768155137684242221127824255137162071/series/1.2.840.108229190191200701892132312516360642731234/instances/1.2.840.2453359207333099238201412075778234145250; ActionId=aa92c01f-0771-4d00-b1d9-1444c5fbe45b; ActionName=NHI_AI_MedReportViewerWebApi.Controllers.NhiPatientImageController.GetImage (NHI-AI-MedReportViewerWebApi); StudyInstanceUid=1.2.840.23768155137684242221127824255137162071; SeriesInstanceUid=1.2.840.108229190191200701892132312516360642731234; SopInstanceUid=1.2.840.2453359207333099238201412075778234145250
  ======================================================================

2026-05-25 10:08:46.7131 [INFO] [NHI_AI_MedReportViewerWebApi.Services.NhiPatientImageService] [TraceID: 00-2bdc94a8cd011df1cd4093192fdc56ab-bade00fab435d7e7-00]
  Event: 0
  Request: GET https://lcr-tp.nhi.gov.tw/api/NhiPatientImage/studies/1.2.840.23768155137684242221127824255137162071/series/1.2.840.108229190191200701892132312516360642731234/instances/1.2.840.2453359207333099238201412075778234145250 
  Message: 成功從 S3 取得影像: 1.2.840.2453359207333099238201412075778234145250
  Properties: RequestId=40000139-0003-fd00-b63f-84710c7967bb; RequestPath=/api/NhiPatientImage/studies/1.2.840.23768155137684242221127824255137162071/series/1.2.840.108229190191200701892132312516360642731234/instances/1.2.840.2453359207333099238201412075778234145250; ActionId=aa92c01f-0771-4d00-b1d9-1444c5fbe45b; ActionName=NHI_AI_MedReportViewerWebApi.Controllers.NhiPatientImageController.GetImage (NHI-AI-MedReportViewerWebApi); StudyInstanceUid=1.2.840.23768155137684242221127824255137162071; SeriesInstanceUid=1.2.840.108229190191200701892132312516360642731234; SopInstanceUid=1.2.840.2453359207333099238201412075778234145250
  ======================================================================

2026-05-25 10:08:46.8075 [INFO] [AIRS.Core.Helpers.ZfpOracleDbHelper] [TraceID: 00-d203d66b6d5b635591cf48583b942ebd-62174fbe36f9835e-00]
  Event: 0
  Request: GET https://lcr-tp.nhi.gov.tw/api/NhiPatientImage/studies/1.2.840.23768155137684242221127824255137162071/series/1.2.840.108229190191200701892132312516360642731234/instances/1.2.840.196802462716439441932101832201652019124 
  Message: GetImageKey(studyInstanceUid: 1.2.840.23768155137684242221127824255137162071, seriesInstanceUid: 1.2.840.108229190191200701892132312516360642731234, sopInstanceUid: 1.2.840.196802462716439441932101832201652019124)
  Properties: StudyUid=1.2.840.23768155137684242221127824255137162071; SeriesUid=1.2.840.108229190191200701892132312516360642731234; SopUid=1.2.840.196802462716439441932101832201652019124; RequestId=400001a5-0005-fe00-b63f-84710c7967bb; RequestPath=/api/NhiPatientImage/studies/1.2.840.23768155137684242221127824255137162071/series/1.2.840.108229190191200701892132312516360642731234/instances/1.2.840.196802462716439441932101832201652019124; ActionId=aa92c01f-0771-4d00-b1d9-1444c5fbe45b; ActionName=NHI_AI_MedReportViewerWebApi.Controllers.NhiPatientImageController.GetImage (NHI-AI-MedReportViewerWebApi); StudyInstanceUid=1.2.840.23768155137684242221127824255137162071; SeriesInstanceUid=1.2.840.108229190191200701892132312516360642731234; SopInstanceUid=1.2.840.196802462716439441932101832201652019124
  ======================================================================

2026-05-25 10:08:46.8326 [INFO] [Polly] [TraceID: 00-d203d66b6d5b635591cf48583b942ebd-62174fbe36f9835e-00]
  Event: 0
  Request: GET https://lcr-tp.nhi.gov.tw/api/NhiPatientImage/studies/1.2.840.23768155137684242221127824255137162071/series/1.2.840.108229190191200701892132312516360642731234/instances/1.2.840.196802462716439441932101832201652019124 
  Message: Execution attempt. Source: 'OracleResiliencePipeline/(null)/Retry', Operation Key: '', Result: 'NHI_ZFP_Viewer.ImageSources.ImageInfo', Handled: 'False', Attempt: '0', Execution Time: '11.1812'
  Properties: PipelineName=OracleResiliencePipeline; PipelineInstance=(null); StrategyName=Retry; Result=NHI_ZFP_Viewer.ImageSources.ImageInfo; Handled=false; Attempt=0; ExecutionTimeMs=11.1812; EventId=3; EventName=ExecutionAttempt; RequestId=400001a5-0005-fe00-b63f-84710c7967bb; RequestPath=/api/NhiPatientImage/studies/1.2.840.23768155137684242221127824255137162071/series/1.2.840.108229190191200701892132312516360642731234/instances/1.2.840.196802462716439441932101832201652019124; ActionId=aa92c01f-0771-4d00-b1d9-1444c5fbe45b; ActionName=NHI_AI_MedReportViewerWebApi.Controllers.NhiPatientImageController.GetImage (NHI-AI-MedReportViewerWebApi); StudyInstanceUid=1.2.840.23768155137684242221127824255137162071; SeriesInstanceUid=1.2.840.108229190191200701892132312516360642731234; SopInstanceUid=1.2.840.196802462716439441932101832201652019124
  ======================================================================

2026-05-25 10:08:46.8464 [INFO] [AIRS.Core.Helpers.ZfpOracleDbHelper] [TraceID: 00-d203d66b6d5b635591cf48583b942ebd-62174fbe36f9835e-00]
  Event: 0
  Request: GET https://lcr-tp.nhi.gov.tw/api/NhiPatientImage/studies/1.2.840.23768155137684242221127824255137162071/series/1.2.840.108229190191200701892132312516360642731234/instances/1.2.840.196802462716439441932101832201652019124 
  Message: GetImageKey = Archived/20240513/1.2.840.23768155137684242221127824255137162071/1.2.840.108229190191200701892132312516360642731234/1.2.840.196802462716439441932101832201652019124.dcm, 29 ms elapsed.
  Properties: S3ObjectKey=Archived/20240513/1.2.840.23768155137684242221127824255137162071/1.2.840.108229190191200701892132312516360642731234/1.2.840.196802462716439441932101832201652019124.dcm; Elapsed=29; RequestId=400001a5-0005-fe00-b63f-84710c7967bb; RequestPath=/api/NhiPatientImage/studies/1.2.840.23768155137684242221127824255137162071/series/1.2.840.108229190191200701892132312516360642731234/instances/1.2.840.196802462716439441932101832201652019124; ActionId=aa92c01f-0771-4d00-b1d9-1444c5fbe45b; ActionName=NHI_AI_MedReportViewerWebApi.Controllers.NhiPatientImageController.GetImage (NHI-AI-MedReportViewerWebApi); StudyInstanceUid=1.2.840.23768155137684242221127824255137162071; SeriesInstanceUid=1.2.840.108229190191200701892132312516360642731234; SopInstanceUid=1.2.840.196802462716439441932101832201652019124
  ======================================================================

2026-05-25 10:08:46.8464 [INFO] [AIRS.Core.Helpers.ZfpOracleDbHelper] [TraceID: 00-882c65d6a74b2ee3ad8a7506688eef33-a0813b8e57e51d52-00]
  Event: 0
  Request: GET https://lcr-tp.nhi.gov.tw/api/NhiPatientImage/studies/1.2.840.23768155137684242221127824255137162071/series/1.2.840.108229190191200701892132312516360642731234/instances/1.2.840.4776197122179196134242136219136127442235927 
  Message: GetImageKey(studyInstanceUid: 1.2.840.23768155137684242221127824255137162071, seriesInstanceUid: 1.2.840.108229190191200701892132312516360642731234, sopInstanceUid: 1.2.840.4776197122179196134242136219136127442235927)
  Properties: StudyUid=1.2.840.23768155137684242221127824255137162071; SeriesUid=1.2.840.108229190191200701892132312516360642731234; SopUid=1.2.840.4776197122179196134242136219136127442235927; RequestId=400000a9-0005-fd00-b63f-84710c7967bb; RequestPath=/api/NhiPatientImage/studies/1.2.840.23768155137684242221127824255137162071/series/1.2.840.108229190191200701892132312516360642731234/instances/1.2.840.4776197122179196134242136219136127442235927; ActionId=aa92c01f-0771-4d00-b1d9-1444c5fbe45b; ActionName=NHI_AI_MedReportViewerWebApi.Controllers.NhiPatientImageController.GetImage (NHI-AI-MedReportViewerWebApi); StudyInstanceUid=1.2.840.23768155137684242221127824255137162071; SeriesInstanceUid=1.2.840.108229190191200701892132312516360642731234; SopInstanceUid=1.2.840.4776197122179196134242136219136127442235927
  ======================================================================

2026-05-25 10:08:46.8793 [INFO] [Polly] [TraceID: 00-882c65d6a74b2ee3ad8a7506688eef33-a0813b8e57e51d52-00]
  Event: 0
  Request: GET https://lcr-tp.nhi.gov.tw/api/NhiPatientImage/studies/1.2.840.23768155137684242221127824255137162071/series/1.2.840.108229190191200701892132312516360642731234/instances/1.2.840.4776197122179196134242136219136127442235927 
  Message: Execution attempt. Source: 'OracleResiliencePipeline/(null)/Retry', Operation Key: '', Result: 'NHI_ZFP_Viewer.ImageSources.ImageInfo', Handled: 'False', Attempt: '0', Execution Time: '8.7235'
  Properties: PipelineName=OracleResiliencePipeline; PipelineInstance=(null); StrategyName=Retry; Result=NHI_ZFP_Viewer.ImageSources.ImageInfo; Handled=false; Attempt=0; ExecutionTimeMs=8.7235; EventId=3; EventName=ExecutionAttempt; RequestId=400000a9-0005-fd00-b63f-84710c7967bb; RequestPath=/api/NhiPatientImage/studies/1.2.840.23768155137684242221127824255137162071/series/1.2.840.108229190191200701892132312516360642731234/instances/1.2.840.4776197122179196134242136219136127442235927; ActionId=aa92c01f-0771-4d00-b1d9-1444c5fbe45b; ActionName=NHI_AI_MedReportViewerWebApi.Controllers.NhiPatientImageController.GetImage (NHI-AI-MedReportViewerWebApi); StudyInstanceUid=1.2.840.23768155137684242221127824255137162071; SeriesInstanceUid=1.2.840.108229190191200701892132312516360642731234; SopInstanceUid=1.2.840.4776197122179196134242136219136127442235927
  ======================================================================

2026-05-25 10:08:46.8931 [INFO] [AIRS.Core.Helpers.ZfpOracleDbHelper] [TraceID: 00-882c65d6a74b2ee3ad8a7506688eef33-a0813b8e57e51d52-00]
  Event: 0
  Request: GET https://lcr-tp.nhi.gov.tw/api/NhiPatientImage/studies/1.2.840.23768155137684242221127824255137162071/series/1.2.840.108229190191200701892132312516360642731234/instances/1.2.840.4776197122179196134242136219136127442235927 
  Message: GetImageKey = Archived/20240513/1.2.840.23768155137684242221127824255137162071/1.2.840.108229190191200701892132312516360642731234/1.2.840.4776197122179196134242136219136127442235927.dcm, 27 ms elapsed.
  Properties: S3ObjectKey=Archived/20240513/1.2.840.23768155137684242221127824255137162071/1.2.840.108229190191200701892132312516360642731234/1.2.840.4776197122179196134242136219136127442235927.dcm; Elapsed=27; RequestId=400000a9-0005-fd00-b63f-84710c7967bb; RequestPath=/api/NhiPatientImage/studies/1.2.840.23768155137684242221127824255137162071/series/1.2.840.108229190191200701892132312516360642731234/instances/1.2.840.4776197122179196134242136219136127442235927; ActionId=aa92c01f-0771-4d00-b1d9-1444c5fbe45b; ActionName=NHI_AI_MedReportViewerWebApi.Controllers.NhiPatientImageController.GetImage (NHI-AI-MedReportViewerWebApi); StudyInstanceUid=1.2.840.23768155137684242221127824255137162071; SeriesInstanceUid=1.2.840.108229190191200701892132312516360642731234; SopInstanceUid=1.2.840.4776197122179196134242136219136127442235927
  ======================================================================

2026-05-25 10:08:46.9109 [INFO] [AIRS.Core.Common.LogForgingTools] [TraceID: 00-d203d66b6d5b635591cf48583b942ebd-62174fbe36f9835e-00]
  Event: 0
  Request: GET https://lcr-tp.nhi.gov.tw/api/NhiPatientImage/studies/1.2.840.23768155137684242221127824255137162071/series/1.2.840.108229190191200701892132312516360642731234/instances/1.2.840.196802462716439441932101832201652019124 
  Message: 1779674926912 GetImage() 由 S3 取得 stream，耗時 50 ms.
  Properties: RequestId=400001a5-0005-fe00-b63f-84710c7967bb; RequestPath=/api/NhiPatientImage/studies/1.2.840.23768155137684242221127824255137162071/series/1.2.840.108229190191200701892132312516360642731234/instances/1.2.840.196802462716439441932101832201652019124; ActionId=aa92c01f-0771-4d00-b1d9-1444c5fbe45b; ActionName=NHI_AI_MedReportViewerWebApi.Controllers.NhiPatientImageController.GetImage (NHI-AI-MedReportViewerWebApi); StudyInstanceUid=1.2.840.23768155137684242221127824255137162071; SeriesInstanceUid=1.2.840.108229190191200701892132312516360642731234; SopInstanceUid=1.2.840.196802462716439441932101832201652019124
  ======================================================================

2026-05-25 10:08:46.9270 [INFO] [NHI_AI_MedReportViewerWebApi.Services.NhiPatientImageService] [TraceID: 00-d203d66b6d5b635591cf48583b942ebd-62174fbe36f9835e-00]
  Event: 0
  Request: GET https://lcr-tp.nhi.gov.tw/api/NhiPatientImage/studies/1.2.840.23768155137684242221127824255137162071/series/1.2.840.108229190191200701892132312516360642731234/instances/1.2.840.196802462716439441932101832201652019124 
  Message: 成功從 S3 取得影像: 1.2.840.196802462716439441932101832201652019124
  Properties: RequestId=400001a5-0005-fe00-b63f-84710c7967bb; RequestPath=/api/NhiPatientImage/studies/1.2.840.23768155137684242221127824255137162071/series/1.2.840.108229190191200701892132312516360642731234/instances/1.2.840.196802462716439441932101832201652019124; ActionId=aa92c01f-0771-4d00-b1d9-1444c5fbe45b; ActionName=NHI_AI_MedReportViewerWebApi.Controllers.NhiPatientImageController.GetImage (NHI-AI-MedReportViewerWebApi); StudyInstanceUid=1.2.840.23768155137684242221127824255137162071; SeriesInstanceUid=1.2.840.108229190191200701892132312516360642731234; SopInstanceUid=1.2.840.196802462716439441932101832201652019124
  ======================================================================

2026-05-25 10:08:46.9564 [INFO] [AIRS.Core.Common.LogForgingTools] [TraceID: 00-882c65d6a74b2ee3ad8a7506688eef33-a0813b8e57e51d52-00]
  Event: 0
  Request: GET https://lcr-tp.nhi.gov.tw/api/NhiPatientImage/studies/1.2.840.23768155137684242221127824255137162071/series/1.2.840.108229190191200701892132312516360642731234/instances/1.2.840.4776197122179196134242136219136127442235927 
  Message: 1779674926956 GetImage() 由 S3 取得 stream，耗時 45 ms.
  Properties: RequestId=400000a9-0005-fd00-b63f-84710c7967bb; RequestPath=/api/NhiPatientImage/studies/1.2.840.23768155137684242221127824255137162071/series/1.2.840.108229190191200701892132312516360642731234/instances/1.2.840.4776197122179196134242136219136127442235927; ActionId=aa92c01f-0771-4d00-b1d9-1444c5fbe45b; ActionName=NHI_AI_MedReportViewerWebApi.Controllers.NhiPatientImageController.GetImage (NHI-AI-MedReportViewerWebApi); StudyInstanceUid=1.2.840.23768155137684242221127824255137162071; SeriesInstanceUid=1.2.840.108229190191200701892132312516360642731234; SopInstanceUid=1.2.840.4776197122179196134242136219136127442235927
  ======================================================================

2026-05-25 10:08:46.9738 [INFO] [NHI_AI_MedReportViewerWebApi.Services.NhiPatientImageService] [TraceID: 00-882c65d6a74b2ee3ad8a7506688eef33-a0813b8e57e51d52-00]
  Event: 0
  Request: GET https://lcr-tp.nhi.gov.tw/api/NhiPatientImage/studies/1.2.840.23768155137684242221127824255137162071/series/1.2.840.108229190191200701892132312516360642731234/instances/1.2.840.4776197122179196134242136219136127442235927 
  Message: 成功從 S3 取得影像: 1.2.840.4776197122179196134242136219136127442235927
  Properties: RequestId=400000a9-0005-fd00-b63f-84710c7967bb; RequestPath=/api/NhiPatientImage/studies/1.2.840.23768155137684242221127824255137162071/series/1.2.840.108229190191200701892132312516360642731234/instances/1.2.840.4776197122179196134242136219136127442235927; ActionId=aa92c01f-0771-4d00-b1d9-1444c5fbe45b; ActionName=NHI_AI_MedReportViewerWebApi.Controllers.NhiPatientImageController.GetImage (NHI-AI-MedReportViewerWebApi); StudyInstanceUid=1.2.840.23768155137684242221127824255137162071; SeriesInstanceUid=1.2.840.108229190191200701892132312516360642731234; SopInstanceUid=1.2.840.4776197122179196134242136219136127442235927
  ======================================================================

2026-05-25 10:08:47.0715 [INFO] [AIRS.Core.Helpers.ZfpOracleDbHelper] [TraceID: 00-c047e79aac4a1087bf9ac291c0cc6942-8d2bb8d1a0fac3e2-00]
  Event: 0
  Request: GET https://lcr-tp.nhi.gov.tw/api/NhiPatientImage/studies/1.2.840.23768155137684242221127824255137162071/series/1.2.840.108229190191200701892132312516360642731234/instances/1.2.840.25516254169634420819012316823311718319222295 
  Message: GetImageKey(studyInstanceUid: 1.2.840.23768155137684242221127824255137162071, seriesInstanceUid: 1.2.840.108229190191200701892132312516360642731234, sopInstanceUid: 1.2.840.25516254169634420819012316823311718319222295)
  Properties: StudyUid=1.2.840.23768155137684242221127824255137162071; SeriesUid=1.2.840.108229190191200701892132312516360642731234; SopUid=1.2.840.25516254169634420819012316823311718319222295; RequestId=400000ab-0005-fd00-b63f-84710c7967bb; RequestPath=/api/NhiPatientImage/studies/1.2.840.23768155137684242221127824255137162071/series/1.2.840.108229190191200701892132312516360642731234/instances/1.2.840.25516254169634420819012316823311718319222295; ActionId=aa92c01f-0771-4d00-b1d9-1444c5fbe45b; ActionName=NHI_AI_MedReportViewerWebApi.Controllers.NhiPatientImageController.GetImage (NHI-AI-MedReportViewerWebApi); StudyInstanceUid=1.2.840.23768155137684242221127824255137162071; SeriesInstanceUid=1.2.840.108229190191200701892132312516360642731234; SopInstanceUid=1.2.840.25516254169634420819012316823311718319222295
  ======================================================================

2026-05-25 10:08:47.0842 [INFO] [Polly] [TraceID: 00-c047e79aac4a1087bf9ac291c0cc6942-8d2bb8d1a0fac3e2-00]
  Event: 0
  Request: GET https://lcr-tp.nhi.gov.tw/api/NhiPatientImage/studies/1.2.840.23768155137684242221127824255137162071/series/1.2.840.108229190191200701892132312516360642731234/instances/1.2.840.25516254169634420819012316823311718319222295 
  Message: Execution attempt. Source: 'OracleResiliencePipeline/(null)/Retry', Operation Key: '', Result: 'NHI_ZFP_Viewer.ImageSources.ImageInfo', Handled: 'False', Attempt: '0', Execution Time: '7.2128'
  Properties: PipelineName=OracleResiliencePipeline; PipelineInstance=(null); StrategyName=Retry; Result=NHI_ZFP_Viewer.ImageSources.ImageInfo; Handled=false; Attempt=0; ExecutionTimeMs=7.2128; EventId=3; EventName=ExecutionAttempt; RequestId=400000ab-0005-fd00-b63f-84710c7967bb; RequestPath=/api/NhiPatientImage/studies/1.2.840.23768155137684242221127824255137162071/series/1.2.840.108229190191200701892132312516360642731234/instances/1.2.840.25516254169634420819012316823311718319222295; ActionId=aa92c01f-0771-4d00-b1d9-1444c5fbe45b; ActionName=NHI_AI_MedReportViewerWebApi.Controllers.NhiPatientImageController.GetImage (NHI-AI-MedReportViewerWebApi); StudyInstanceUid=1.2.840.23768155137684242221127824255137162071; SeriesInstanceUid=1.2.840.108229190191200701892132312516360642731234; SopInstanceUid=1.2.840.25516254169634420819012316823311718319222295
  ======================================================================

2026-05-25 10:08:47.1068 [INFO] [AIRS.Core.Helpers.ZfpOracleDbHelper] [TraceID: 00-c047e79aac4a1087bf9ac291c0cc6942-8d2bb8d1a0fac3e2-00]
  Event: 0
  Request: GET https://lcr-tp.nhi.gov.tw/api/NhiPatientImage/studies/1.2.840.23768155137684242221127824255137162071/series/1.2.840.108229190191200701892132312516360642731234/instances/1.2.840.25516254169634420819012316823311718319222295 
  Message: GetImageKey = Archived/20240513/1.2.840.23768155137684242221127824255137162071/1.2.840.108229190191200701892132312516360642731234/1.2.840.25516254169634420819012316823311718319222295.dcm, 25 ms elapsed.
  Properties: S3ObjectKey=Archived/20240513/1.2.840.23768155137684242221127824255137162071/1.2.840.108229190191200701892132312516360642731234/1.2.840.25516254169634420819012316823311718319222295.dcm; Elapsed=25; RequestId=400000ab-0005-fd00-b63f-84710c7967bb; RequestPath=/api/NhiPatientImage/studies/1.2.840.23768155137684242221127824255137162071/series/1.2.840.108229190191200701892132312516360642731234/instances/1.2.840.25516254169634420819012316823311718319222295; ActionId=aa92c01f-0771-4d00-b1d9-1444c5fbe45b; ActionName=NHI_AI_MedReportViewerWebApi.Controllers.NhiPatientImageController.GetImage (NHI-AI-MedReportViewerWebApi); StudyInstanceUid=1.2.840.23768155137684242221127824255137162071; SeriesInstanceUid=1.2.840.108229190191200701892132312516360642731234; SopInstanceUid=1.2.840.25516254169634420819012316823311718319222295
  ======================================================================

2026-05-25 10:08:47.1738 [INFO] [AIRS.Core.Common.LogForgingTools] [TraceID: 00-c047e79aac4a1087bf9ac291c0cc6942-8d2bb8d1a0fac3e2-00]
  Event: 0
  Request: GET https://lcr-tp.nhi.gov.tw/api/NhiPatientImage/studies/1.2.840.23768155137684242221127824255137162071/series/1.2.840.108229190191200701892132312516360642731234/instances/1.2.840.25516254169634420819012316823311718319222295 
  Message: 1779674927173 GetImage() 由 S3 取得 stream，耗時 52 ms.
  Properties: RequestId=400000ab-0005-fd00-b63f-84710c7967bb; RequestPath=/api/NhiPatientImage/studies/1.2.840.23768155137684242221127824255137162071/series/1.2.840.108229190191200701892132312516360642731234/instances/1.2.840.25516254169634420819012316823311718319222295; ActionId=aa92c01f-0771-4d00-b1d9-1444c5fbe45b; ActionName=NHI_AI_MedReportViewerWebApi.Controllers.NhiPatientImageController.GetImage (NHI-AI-MedReportViewerWebApi); StudyInstanceUid=1.2.840.23768155137684242221127824255137162071; SeriesInstanceUid=1.2.840.108229190191200701892132312516360642731234; SopInstanceUid=1.2.840.25516254169634420819012316823311718319222295
  ======================================================================

2026-05-25 10:08:47.1738 [INFO] [NHI_AI_MedReportViewerWebApi.Services.NhiPatientImageService] [TraceID: 00-c047e79aac4a1087bf9ac291c0cc6942-8d2bb8d1a0fac3e2-00]
  Event: 0
  Request: GET https://lcr-tp.nhi.gov.tw/api/NhiPatientImage/studies/1.2.840.23768155137684242221127824255137162071/series/1.2.840.108229190191200701892132312516360642731234/instances/1.2.840.25516254169634420819012316823311718319222295 
  Message: 成功從 S3 取得影像: 1.2.840.25516254169634420819012316823311718319222295
  Properties: RequestId=400000ab-0005-fd00-b63f-84710c7967bb; RequestPath=/api/NhiPatientImage/studies/1.2.840.23768155137684242221127824255137162071/series/1.2.840.108229190191200701892132312516360642731234/instances/1.2.840.25516254169634420819012316823311718319222295; ActionId=aa92c01f-0771-4d00-b1d9-1444c5fbe45b; ActionName=NHI_AI_MedReportViewerWebApi.Controllers.NhiPatientImageController.GetImage (NHI-AI-MedReportViewerWebApi); StudyInstanceUid=1.2.840.23768155137684242221127824255137162071; SeriesInstanceUid=1.2.840.108229190191200701892132312516360642731234; SopInstanceUid=1.2.840.25516254169634420819012316823311718319222295
  ======================================================================

2026-05-25 10:08:47.2600 [INFO] [AIRS.Core.Helpers.ZfpOracleDbHelper] [TraceID: 00-ddaf0c0fcbba11cf09c5b1546ff8ebba-9b3cf8aafdabf88f-00]
  Event: 0
  Request: GET https://lcr-tp.nhi.gov.tw/api/NhiPatientImage/studies/1.2.840.23768155137684242221127824255137162071/series/1.2.840.108229190191200701892132312516360642731234/instances/1.2.840.188182243822041491091848019782209168245113145 
  Message: GetImageKey(studyInstanceUid: 1.2.840.23768155137684242221127824255137162071, seriesInstanceUid: 1.2.840.108229190191200701892132312516360642731234, sopInstanceUid: 1.2.840.188182243822041491091848019782209168245113145)
  Properties: StudyUid=1.2.840.23768155137684242221127824255137162071; SeriesUid=1.2.840.108229190191200701892132312516360642731234; SopUid=1.2.840.188182243822041491091848019782209168245113145; RequestId=400000ad-0005-fd00-b63f-84710c7967bb; RequestPath=/api/NhiPatientImage/studies/1.2.840.23768155137684242221127824255137162071/series/1.2.840.108229190191200701892132312516360642731234/instances/1.2.840.188182243822041491091848019782209168245113145; ActionId=aa92c01f-0771-4d00-b1d9-1444c5fbe45b; ActionName=NHI_AI_MedReportViewerWebApi.Controllers.NhiPatientImageController.GetImage (NHI-AI-MedReportViewerWebApi); StudyInstanceUid=1.2.840.23768155137684242221127824255137162071; SeriesInstanceUid=1.2.840.108229190191200701892132312516360642731234; SopInstanceUid=1.2.840.188182243822041491091848019782209168245113145
  ======================================================================

2026-05-25 10:08:47.2868 [INFO] [Polly] [TraceID: 00-ddaf0c0fcbba11cf09c5b1546ff8ebba-9b3cf8aafdabf88f-00]
  Event: 0
  Request: GET https://lcr-tp.nhi.gov.tw/api/NhiPatientImage/studies/1.2.840.23768155137684242221127824255137162071/series/1.2.840.108229190191200701892132312516360642731234/instances/1.2.840.188182243822041491091848019782209168245113145 
  Message: Execution attempt. Source: 'OracleResiliencePipeline/(null)/Retry', Operation Key: '', Result: 'NHI_ZFP_Viewer.ImageSources.ImageInfo', Handled: 'False', Attempt: '0', Execution Time: '12.9888'
  Properties: PipelineName=OracleResiliencePipeline; PipelineInstance=(null); StrategyName=Retry; Result=NHI_ZFP_Viewer.ImageSources.ImageInfo; Handled=false; Attempt=0; ExecutionTimeMs=12.9888; EventId=3; EventName=ExecutionAttempt; RequestId=400000ad-0005-fd00-b63f-84710c7967bb; RequestPath=/api/NhiPatientImage/studies/1.2.840.23768155137684242221127824255137162071/series/1.2.840.108229190191200701892132312516360642731234/instances/1.2.840.188182243822041491091848019782209168245113145; ActionId=aa92c01f-0771-4d00-b1d9-1444c5fbe45b; ActionName=NHI_AI_MedReportViewerWebApi.Controllers.NhiPatientImageController.GetImage (NHI-AI-MedReportViewerWebApi); StudyInstanceUid=1.2.840.23768155137684242221127824255137162071; SeriesInstanceUid=1.2.840.108229190191200701892132312516360642731234; SopInstanceUid=1.2.840.188182243822041491091848019782209168245113145
  ======================================================================

2026-05-25 10:08:47.3003 [INFO] [AIRS.Core.Helpers.ZfpOracleDbHelper] [TraceID: 00-ddaf0c0fcbba11cf09c5b1546ff8ebba-9b3cf8aafdabf88f-00]
  Event: 0
  Request: GET https://lcr-tp.nhi.gov.tw/api/NhiPatientImage/studies/1.2.840.23768155137684242221127824255137162071/series/1.2.840.108229190191200701892132312516360642731234/instances/1.2.840.188182243822041491091848019782209168245113145 
  Message: GetImageKey = Archived/20240513/1.2.840.23768155137684242221127824255137162071/1.2.840.108229190191200701892132312516360642731234/1.2.840.188182243822041491091848019782209168245113145.dcm, 30 ms elapsed.
  Properties: S3ObjectKey=Archived/20240513/1.2.840.23768155137684242221127824255137162071/1.2.840.108229190191200701892132312516360642731234/1.2.840.188182243822041491091848019782209168245113145.dcm; Elapsed=30; RequestId=400000ad-0005-fd00-b63f-84710c7967bb; RequestPath=/api/NhiPatientImage/studies/1.2.840.23768155137684242221127824255137162071/series/1.2.840.108229190191200701892132312516360642731234/instances/1.2.840.188182243822041491091848019782209168245113145; ActionId=aa92c01f-0771-4d00-b1d9-1444c5fbe45b; ActionName=NHI_AI_MedReportViewerWebApi.Controllers.NhiPatientImageController.GetImage (NHI-AI-MedReportViewerWebApi); StudyInstanceUid=1.2.840.23768155137684242221127824255137162071; SeriesInstanceUid=1.2.840.108229190191200701892132312516360642731234; SopInstanceUid=1.2.840.188182243822041491091848019782209168245113145
  ======================================================================

2026-05-25 10:08:47.3591 [INFO] [AIRS.Core.Common.LogForgingTools] [TraceID: 00-ddaf0c0fcbba11cf09c5b1546ff8ebba-9b3cf8aafdabf88f-00]
  Event: 0
  Request: GET https://lcr-tp.nhi.gov.tw/api/NhiPatientImage/studies/1.2.840.23768155137684242221127824255137162071/series/1.2.840.108229190191200701892132312516360642731234/instances/1.2.840.188182243822041491091848019782209168245113145 
  Message: 1779674927359 GetImage() 由 S3 取得 stream，耗時 43 ms.
  Properties: RequestId=400000ad-0005-fd00-b63f-84710c7967bb; RequestPath=/api/NhiPatientImage/studies/1.2.840.23768155137684242221127824255137162071/series/1.2.840.108229190191200701892132312516360642731234/instances/1.2.840.188182243822041491091848019782209168245113145; ActionId=aa92c01f-0771-4d00-b1d9-1444c5fbe45b; ActionName=NHI_AI_MedReportViewerWebApi.Controllers.NhiPatientImageController.GetImage (NHI-AI-MedReportViewerWebApi); StudyInstanceUid=1.2.840.23768155137684242221127824255137162071; SeriesInstanceUid=1.2.840.108229190191200701892132312516360642731234; SopInstanceUid=1.2.840.188182243822041491091848019782209168245113145
  ======================================================================

2026-05-25 10:08:47.3727 [INFO] [NHI_AI_MedReportViewerWebApi.Services.NhiPatientImageService] [TraceID: 00-ddaf0c0fcbba11cf09c5b1546ff8ebba-9b3cf8aafdabf88f-00]
  Event: 0
  Request: GET https://lcr-tp.nhi.gov.tw/api/NhiPatientImage/studies/1.2.840.23768155137684242221127824255137162071/series/1.2.840.108229190191200701892132312516360642731234/instances/1.2.840.188182243822041491091848019782209168245113145 
  Message: 成功從 S3 取得影像: 1.2.840.188182243822041491091848019782209168245113145
  Properties: RequestId=400000ad-0005-fd00-b63f-84710c7967bb; RequestPath=/api/NhiPatientImage/studies/1.2.840.23768155137684242221127824255137162071/series/1.2.840.108229190191200701892132312516360642731234/instances/1.2.840.188182243822041491091848019782209168245113145; ActionId=aa92c01f-0771-4d00-b1d9-1444c5fbe45b; ActionName=NHI_AI_MedReportViewerWebApi.Controllers.NhiPatientImageController.GetImage (NHI-AI-MedReportViewerWebApi); StudyInstanceUid=1.2.840.23768155137684242221127824255137162071; SeriesInstanceUid=1.2.840.108229190191200701892132312516360642731234; SopInstanceUid=1.2.840.188182243822041491091848019782209168245113145
  ======================================================================

2026-05-25 10:09:56.1533 [INFO] [AIRS.Core.Helpers.ZfpOracleDbHelper] [TraceID: 00-861815291f4521a59f7860b1eedf3a3f-5397b40c9150f578-00]
  Event: 0
  Request: GET https://lcr-tp.nhi.gov.tw/api/NhiPatientImage/studies/1.2.840.23768155137684242221127824255137162071/series/1.2.840.108229190191200701892132312516360642731234/instances/1.2.840.677183165208147969225123148115175116186120 
  Message: GetImageKey(studyInstanceUid: 1.2.840.23768155137684242221127824255137162071, seriesInstanceUid: 1.2.840.108229190191200701892132312516360642731234, sopInstanceUid: 1.2.840.677183165208147969225123148115175116186120)
  Properties: StudyUid=1.2.840.23768155137684242221127824255137162071; SeriesUid=1.2.840.108229190191200701892132312516360642731234; SopUid=1.2.840.677183165208147969225123148115175116186120; RequestId=4000013b-0006-f300-b63f-84710c7967bb; RequestPath=/api/NhiPatientImage/studies/1.2.840.23768155137684242221127824255137162071/series/1.2.840.108229190191200701892132312516360642731234/instances/1.2.840.677183165208147969225123148115175116186120; ActionId=aa92c01f-0771-4d00-b1d9-1444c5fbe45b; ActionName=NHI_AI_MedReportViewerWebApi.Controllers.NhiPatientImageController.GetImage (NHI-AI-MedReportViewerWebApi); StudyInstanceUid=1.2.840.23768155137684242221127824255137162071; SeriesInstanceUid=1.2.840.108229190191200701892132312516360642731234; SopInstanceUid=1.2.840.677183165208147969225123148115175116186120
  ======================================================================

2026-05-25 10:09:56.1664 [INFO] [Polly] [TraceID: 00-861815291f4521a59f7860b1eedf3a3f-5397b40c9150f578-00]
  Event: 0
  Request: GET https://lcr-tp.nhi.gov.tw/api/NhiPatientImage/studies/1.2.840.23768155137684242221127824255137162071/series/1.2.840.108229190191200701892132312516360642731234/instances/1.2.840.677183165208147969225123148115175116186120 
  Message: Execution attempt. Source: 'OracleResiliencePipeline/(null)/Retry', Operation Key: '', Result: 'NHI_ZFP_Viewer.ImageSources.ImageInfo', Handled: 'False', Attempt: '0', Execution Time: '7.3249'
  Properties: PipelineName=OracleResiliencePipeline; PipelineInstance=(null); StrategyName=Retry; Result=NHI_ZFP_Viewer.ImageSources.ImageInfo; Handled=false; Attempt=0; ExecutionTimeMs=7.3249; EventId=3; EventName=ExecutionAttempt; RequestId=4000013b-0006-f300-b63f-84710c7967bb; RequestPath=/api/NhiPatientImage/studies/1.2.840.23768155137684242221127824255137162071/series/1.2.840.108229190191200701892132312516360642731234/instances/1.2.840.677183165208147969225123148115175116186120; ActionId=aa92c01f-0771-4d00-b1d9-1444c5fbe45b; ActionName=NHI_AI_MedReportViewerWebApi.Controllers.NhiPatientImageController.GetImage (NHI-AI-MedReportViewerWebApi); StudyInstanceUid=1.2.840.23768155137684242221127824255137162071; SeriesInstanceUid=1.2.840.108229190191200701892132312516360642731234; SopInstanceUid=1.2.840.677183165208147969225123148115175116186120
  ======================================================================

2026-05-25 10:09:56.1895 [INFO] [AIRS.Core.Helpers.ZfpOracleDbHelper] [TraceID: 00-861815291f4521a59f7860b1eedf3a3f-5397b40c9150f578-00]
  Event: 0
  Request: GET https://lcr-tp.nhi.gov.tw/api/NhiPatientImage/studies/1.2.840.23768155137684242221127824255137162071/series/1.2.840.108229190191200701892132312516360642731234/instances/1.2.840.677183165208147969225123148115175116186120 
  Message: GetImageKey = Archived/20240513/1.2.840.23768155137684242221127824255137162071/1.2.840.108229190191200701892132312516360642731234/1.2.840.677183165208147969225123148115175116186120.dcm, 25 ms elapsed.
  Properties: S3ObjectKey=Archived/20240513/1.2.840.23768155137684242221127824255137162071/1.2.840.108229190191200701892132312516360642731234/1.2.840.677183165208147969225123148115175116186120.dcm; Elapsed=25; RequestId=4000013b-0006-f300-b63f-84710c7967bb; RequestPath=/api/NhiPatientImage/studies/1.2.840.23768155137684242221127824255137162071/series/1.2.840.108229190191200701892132312516360642731234/instances/1.2.840.677183165208147969225123148115175116186120; ActionId=aa92c01f-0771-4d00-b1d9-1444c5fbe45b; ActionName=NHI_AI_MedReportViewerWebApi.Controllers.NhiPatientImageController.GetImage (NHI-AI-MedReportViewerWebApi); StudyInstanceUid=1.2.840.23768155137684242221127824255137162071; SeriesInstanceUid=1.2.840.108229190191200701892132312516360642731234; SopInstanceUid=1.2.840.677183165208147969225123148115175116186120
  ======================================================================

2026-05-25 10:09:56.2158 [INFO] [AIRS.Core.Helpers.ZfpOracleDbHelper] [TraceID: 00-aa558f35f2178cc162676a5abf9f6696-199cceee9daf68b8-00]
  Event: 0
  Request: GET https://lcr-tp.nhi.gov.tw/api/NhiPatientImage/studies/1.2.840.23768155137684242221127824255137162071/series/1.2.840.108229190191200701892132312516360642731234/instances/1.2.840.681721215688156190811862374720818611655165 
  Message: GetImageKey(studyInstanceUid: 1.2.840.23768155137684242221127824255137162071, seriesInstanceUid: 1.2.840.108229190191200701892132312516360642731234, sopInstanceUid: 1.2.840.681721215688156190811862374720818611655165)
  Properties: StudyUid=1.2.840.23768155137684242221127824255137162071; SeriesUid=1.2.840.108229190191200701892132312516360642731234; SopUid=1.2.840.681721215688156190811862374720818611655165; RequestId=400000af-0005-fd00-b63f-84710c7967bb; RequestPath=/api/NhiPatientImage/studies/1.2.840.23768155137684242221127824255137162071/series/1.2.840.108229190191200701892132312516360642731234/instances/1.2.840.681721215688156190811862374720818611655165; ActionId=aa92c01f-0771-4d00-b1d9-1444c5fbe45b; ActionName=NHI_AI_MedReportViewerWebApi.Controllers.NhiPatientImageController.GetImage (NHI-AI-MedReportViewerWebApi); StudyInstanceUid=1.2.840.23768155137684242221127824255137162071; SeriesInstanceUid=1.2.840.108229190191200701892132312516360642731234; SopInstanceUid=1.2.840.681721215688156190811862374720818611655165
  ======================================================================

2026-05-25 10:09:56.2290 [INFO] [Polly] [TraceID: 00-aa558f35f2178cc162676a5abf9f6696-199cceee9daf68b8-00]
  Event: 0
  Request: GET https://lcr-tp.nhi.gov.tw/api/NhiPatientImage/studies/1.2.840.23768155137684242221127824255137162071/series/1.2.840.108229190191200701892132312516360642731234/instances/1.2.840.681721215688156190811862374720818611655165 
  Message: Execution attempt. Source: 'OracleResiliencePipeline/(null)/Retry', Operation Key: '', Result: 'NHI_ZFP_Viewer.ImageSources.ImageInfo', Handled: 'False', Attempt: '0', Execution Time: '8.1659'
  Properties: PipelineName=OracleResiliencePipeline; PipelineInstance=(null); StrategyName=Retry; Result=NHI_ZFP_Viewer.ImageSources.ImageInfo; Handled=false; Attempt=0; ExecutionTimeMs=8.1659; EventId=3; EventName=ExecutionAttempt; RequestId=400000af-0005-fd00-b63f-84710c7967bb; RequestPath=/api/NhiPatientImage/studies/1.2.840.23768155137684242221127824255137162071/series/1.2.840.108229190191200701892132312516360642731234/instances/1.2.840.681721215688156190811862374720818611655165; ActionId=aa92c01f-0771-4d00-b1d9-1444c5fbe45b; ActionName=NHI_AI_MedReportViewerWebApi.Controllers.NhiPatientImageController.GetImage (NHI-AI-MedReportViewerWebApi); StudyInstanceUid=1.2.840.23768155137684242221127824255137162071; SeriesInstanceUid=1.2.840.108229190191200701892132312516360642731234; SopInstanceUid=1.2.840.681721215688156190811862374720818611655165
  ======================================================================

2026-05-25 10:09:56.2517 [INFO] [AIRS.Core.Common.LogForgingTools] [TraceID: 00-861815291f4521a59f7860b1eedf3a3f-5397b40c9150f578-00]
  Event: 0
  Request: GET https://lcr-tp.nhi.gov.tw/api/NhiPatientImage/studies/1.2.840.23768155137684242221127824255137162071/series/1.2.840.108229190191200701892132312516360642731234/instances/1.2.840.677183165208147969225123148115175116186120 
  Message: 1779674996251 GetImage() 由 S3 取得 stream，耗時 45 ms.
  Properties: RequestId=4000013b-0006-f300-b63f-84710c7967bb; RequestPath=/api/NhiPatientImage/studies/1.2.840.23768155137684242221127824255137162071/series/1.2.840.108229190191200701892132312516360642731234/instances/1.2.840.677183165208147969225123148115175116186120; ActionId=aa92c01f-0771-4d00-b1d9-1444c5fbe45b; ActionName=NHI_AI_MedReportViewerWebApi.Controllers.NhiPatientImageController.GetImage (NHI-AI-MedReportViewerWebApi); StudyInstanceUid=1.2.840.23768155137684242221127824255137162071; SeriesInstanceUid=1.2.840.108229190191200701892132312516360642731234; SopInstanceUid=1.2.840.677183165208147969225123148115175116186120
  ======================================================================

2026-05-25 10:09:56.2517 [INFO] [AIRS.Core.Helpers.ZfpOracleDbHelper] [TraceID: 00-aa558f35f2178cc162676a5abf9f6696-199cceee9daf68b8-00]
  Event: 0
  Request: GET https://lcr-tp.nhi.gov.tw/api/NhiPatientImage/studies/1.2.840.23768155137684242221127824255137162071/series/1.2.840.108229190191200701892132312516360642731234/instances/1.2.840.681721215688156190811862374720818611655165 
  Message: GetImageKey = Archived/20240513/1.2.840.23768155137684242221127824255137162071/1.2.840.108229190191200701892132312516360642731234/1.2.840.681721215688156190811862374720818611655165.dcm, 27 ms elapsed.
  Properties: S3ObjectKey=Archived/20240513/1.2.840.23768155137684242221127824255137162071/1.2.840.108229190191200701892132312516360642731234/1.2.840.681721215688156190811862374720818611655165.dcm; Elapsed=27; RequestId=400000af-0005-fd00-b63f-84710c7967bb; RequestPath=/api/NhiPatientImage/studies/1.2.840.23768155137684242221127824255137162071/series/1.2.840.108229190191200701892132312516360642731234/instances/1.2.840.681721215688156190811862374720818611655165; ActionId=aa92c01f-0771-4d00-b1d9-1444c5fbe45b; ActionName=NHI_AI_MedReportViewerWebApi.Controllers.NhiPatientImageController.GetImage (NHI-AI-MedReportViewerWebApi); StudyInstanceUid=1.2.840.23768155137684242221127824255137162071; SeriesInstanceUid=1.2.840.108229190191200701892132312516360642731234; SopInstanceUid=1.2.840.681721215688156190811862374720818611655165
  ======================================================================

2026-05-25 10:09:56.2641 [INFO] [NHI_AI_MedReportViewerWebApi.Services.NhiPatientImageService] [TraceID: 00-861815291f4521a59f7860b1eedf3a3f-5397b40c9150f578-00]
  Event: 0
  Request: GET https://lcr-tp.nhi.gov.tw/api/NhiPatientImage/studies/1.2.840.23768155137684242221127824255137162071/series/1.2.840.108229190191200701892132312516360642731234/instances/1.2.840.677183165208147969225123148115175116186120 
  Message: 成功從 S3 取得影像: 1.2.840.677183165208147969225123148115175116186120
  Properties: RequestId=4000013b-0006-f300-b63f-84710c7967bb; RequestPath=/api/NhiPatientImage/studies/1.2.840.23768155137684242221127824255137162071/series/1.2.840.108229190191200701892132312516360642731234/instances/1.2.840.677183165208147969225123148115175116186120; ActionId=aa92c01f-0771-4d00-b1d9-1444c5fbe45b; ActionName=NHI_AI_MedReportViewerWebApi.Controllers.NhiPatientImageController.GetImage (NHI-AI-MedReportViewerWebApi); StudyInstanceUid=1.2.840.23768155137684242221127824255137162071; SeriesInstanceUid=1.2.840.108229190191200701892132312516360642731234; SopInstanceUid=1.2.840.677183165208147969225123148115175116186120
  ======================================================================

2026-05-25 10:09:56.3187 [INFO] [AIRS.Core.Common.LogForgingTools] [TraceID: 00-aa558f35f2178cc162676a5abf9f6696-199cceee9daf68b8-00]
  Event: 0
  Request: GET https://lcr-tp.nhi.gov.tw/api/NhiPatientImage/studies/1.2.840.23768155137684242221127824255137162071/series/1.2.840.108229190191200701892132312516360642731234/instances/1.2.840.681721215688156190811862374720818611655165 
  Message: 1779674996318 GetImage() 由 S3 取得 stream，耗時 46 ms.
  Properties: RequestId=400000af-0005-fd00-b63f-84710c7967bb; RequestPath=/api/NhiPatientImage/studies/1.2.840.23768155137684242221127824255137162071/series/1.2.840.108229190191200701892132312516360642731234/instances/1.2.840.681721215688156190811862374720818611655165; ActionId=aa92c01f-0771-4d00-b1d9-1444c5fbe45b; ActionName=NHI_AI_MedReportViewerWebApi.Controllers.NhiPatientImageController.GetImage (NHI-AI-MedReportViewerWebApi); StudyInstanceUid=1.2.840.23768155137684242221127824255137162071; SeriesInstanceUid=1.2.840.108229190191200701892132312516360642731234; SopInstanceUid=1.2.840.681721215688156190811862374720818611655165
  ======================================================================

2026-05-25 10:09:56.3346 [INFO] [NHI_AI_MedReportViewerWebApi.Services.NhiPatientImageService] [TraceID: 00-aa558f35f2178cc162676a5abf9f6696-199cceee9daf68b8-00]
  Event: 0
  Request: GET https://lcr-tp.nhi.gov.tw/api/NhiPatientImage/studies/1.2.840.23768155137684242221127824255137162071/series/1.2.840.108229190191200701892132312516360642731234/instances/1.2.840.681721215688156190811862374720818611655165 
  Message: 成功從 S3 取得影像: 1.2.840.681721215688156190811862374720818611655165
  Properties: RequestId=400000af-0005-fd00-b63f-84710c7967bb; RequestPath=/api/NhiPatientImage/studies/1.2.840.23768155137684242221127824255137162071/series/1.2.840.108229190191200701892132312516360642731234/instances/1.2.840.681721215688156190811862374720818611655165; ActionId=aa92c01f-0771-4d00-b1d9-1444c5fbe45b; ActionName=NHI_AI_MedReportViewerWebApi.Controllers.NhiPatientImageController.GetImage (NHI-AI-MedReportViewerWebApi); StudyInstanceUid=1.2.840.23768155137684242221127824255137162071; SeriesInstanceUid=1.2.840.108229190191200701892132312516360642731234; SopInstanceUid=1.2.840.681721215688156190811862374720818611655165
  ======================================================================

2026-05-25 10:09:56.5824 [INFO] [AIRS.Core.Helpers.ZfpOracleDbHelper] [TraceID: 00-f2a841b4ea0b46627366b68cae8c1cc5-9adc5aee2eee1815-00]
  Event: 0
  Request: GET https://lcr-tp.nhi.gov.tw/api/NhiPatientImage/studies/1.2.840.23768155137684242221127824255137162071/series/1.2.840.108229190191200701892132312516360642731234/instances/1.2.840.23736197137223744798102332181312115263 
  Message: GetImageKey(studyInstanceUid: 1.2.840.23768155137684242221127824255137162071, seriesInstanceUid: 1.2.840.108229190191200701892132312516360642731234, sopInstanceUid: 1.2.840.23736197137223744798102332181312115263)
  Properties: StudyUid=1.2.840.23768155137684242221127824255137162071; SeriesUid=1.2.840.108229190191200701892132312516360642731234; SopUid=1.2.840.23736197137223744798102332181312115263; RequestId=400000b1-0005-fd00-b63f-84710c7967bb; RequestPath=/api/NhiPatientImage/studies/1.2.840.23768155137684242221127824255137162071/series/1.2.840.108229190191200701892132312516360642731234/instances/1.2.840.23736197137223744798102332181312115263; ActionId=aa92c01f-0771-4d00-b1d9-1444c5fbe45b; ActionName=NHI_AI_MedReportViewerWebApi.Controllers.NhiPatientImageController.GetImage (NHI-AI-MedReportViewerWebApi); StudyInstanceUid=1.2.840.23768155137684242221127824255137162071; SeriesInstanceUid=1.2.840.108229190191200701892132312516360642731234; SopInstanceUid=1.2.840.23736197137223744798102332181312115263
  ======================================================================

2026-05-25 10:09:56.6069 [INFO] [Polly] [TraceID: 00-f2a841b4ea0b46627366b68cae8c1cc5-9adc5aee2eee1815-00]
  Event: 0
  Request: GET https://lcr-tp.nhi.gov.tw/api/NhiPatientImage/studies/1.2.840.23768155137684242221127824255137162071/series/1.2.840.108229190191200701892132312516360642731234/instances/1.2.840.23736197137223744798102332181312115263 
  Message: Execution attempt. Source: 'OracleResiliencePipeline/(null)/Retry', Operation Key: '', Result: 'NHI_ZFP_Viewer.ImageSources.ImageInfo', Handled: 'False', Attempt: '0', Execution Time: '7.8751'
  Properties: PipelineName=OracleResiliencePipeline; PipelineInstance=(null); StrategyName=Retry; Result=NHI_ZFP_Viewer.ImageSources.ImageInfo; Handled=false; Attempt=0; ExecutionTimeMs=7.8751; EventId=3; EventName=ExecutionAttempt; RequestId=400000b1-0005-fd00-b63f-84710c7967bb; RequestPath=/api/NhiPatientImage/studies/1.2.840.23768155137684242221127824255137162071/series/1.2.840.108229190191200701892132312516360642731234/instances/1.2.840.23736197137223744798102332181312115263; ActionId=aa92c01f-0771-4d00-b1d9-1444c5fbe45b; ActionName=NHI_AI_MedReportViewerWebApi.Controllers.NhiPatientImageController.GetImage (NHI-AI-MedReportViewerWebApi); StudyInstanceUid=1.2.840.23768155137684242221127824255137162071; SeriesInstanceUid=1.2.840.108229190191200701892132312516360642731234; SopInstanceUid=1.2.840.23736197137223744798102332181312115263
  ======================================================================

2026-05-25 10:09:56.6262 [INFO] [AIRS.Core.Helpers.ZfpOracleDbHelper] [TraceID: 00-f2a841b4ea0b46627366b68cae8c1cc5-9adc5aee2eee1815-00]
  Event: 0
  Request: GET https://lcr-tp.nhi.gov.tw/api/NhiPatientImage/studies/1.2.840.23768155137684242221127824255137162071/series/1.2.840.108229190191200701892132312516360642731234/instances/1.2.840.23736197137223744798102332181312115263 
  Message: GetImageKey = Archived/20240513/1.2.840.23768155137684242221127824255137162071/1.2.840.108229190191200701892132312516360642731234/1.2.840.23736197137223744798102332181312115263.dcm, 31 ms elapsed.
  Properties: S3ObjectKey=Archived/20240513/1.2.840.23768155137684242221127824255137162071/1.2.840.108229190191200701892132312516360642731234/1.2.840.23736197137223744798102332181312115263.dcm; Elapsed=31; RequestId=400000b1-0005-fd00-b63f-84710c7967bb; RequestPath=/api/NhiPatientImage/studies/1.2.840.23768155137684242221127824255137162071/series/1.2.840.108229190191200701892132312516360642731234/instances/1.2.840.23736197137223744798102332181312115263; ActionId=aa92c01f-0771-4d00-b1d9-1444c5fbe45b; ActionName=NHI_AI_MedReportViewerWebApi.Controllers.NhiPatientImageController.GetImage (NHI-AI-MedReportViewerWebApi); StudyInstanceUid=1.2.840.23768155137684242221127824255137162071; SeriesInstanceUid=1.2.840.108229190191200701892132312516360642731234; SopInstanceUid=1.2.840.23736197137223744798102332181312115263
  ======================================================================

2026-05-25 10:09:56.6430 [INFO] [AIRS.Core.Helpers.ZfpOracleDbHelper] [TraceID: 00-9fec2db62c59fcc80bad33ed8b58cd6c-841daf90ddd1c418-00]
  Event: 0
  Request: GET https://lcr-tp.nhi.gov.tw/api/NhiPatientImage/studies/1.2.840.23768155137684242221127824255137162071/series/1.2.840.108229190191200701892132312516360642731234/instances/1.2.840.234117185177153118845482423021422515025158 
  Message: GetImageKey(studyInstanceUid: 1.2.840.23768155137684242221127824255137162071, seriesInstanceUid: 1.2.840.108229190191200701892132312516360642731234, sopInstanceUid: 1.2.840.234117185177153118845482423021422515025158)
  Properties: StudyUid=1.2.840.23768155137684242221127824255137162071; SeriesUid=1.2.840.108229190191200701892132312516360642731234; SopUid=1.2.840.234117185177153118845482423021422515025158; RequestId=40000224-0007-fd00-b63f-84710c7967bb; RequestPath=/api/NhiPatientImage/studies/1.2.840.23768155137684242221127824255137162071/series/1.2.840.108229190191200701892132312516360642731234/instances/1.2.840.234117185177153118845482423021422515025158; ActionId=aa92c01f-0771-4d00-b1d9-1444c5fbe45b; ActionName=NHI_AI_MedReportViewerWebApi.Controllers.NhiPatientImageController.GetImage (NHI-AI-MedReportViewerWebApi); StudyInstanceUid=1.2.840.23768155137684242221127824255137162071; SeriesInstanceUid=1.2.840.108229190191200701892132312516360642731234; SopInstanceUid=1.2.840.234117185177153118845482423021422515025158
  ======================================================================

2026-05-25 10:09:56.6654 [INFO] [Polly] [TraceID: 00-9fec2db62c59fcc80bad33ed8b58cd6c-841daf90ddd1c418-00]
  Event: 0
  Request: GET https://lcr-tp.nhi.gov.tw/api/NhiPatientImage/studies/1.2.840.23768155137684242221127824255137162071/series/1.2.840.108229190191200701892132312516360642731234/instances/1.2.840.234117185177153118845482423021422515025158 
  Message: Execution attempt. Source: 'OracleResiliencePipeline/(null)/Retry', Operation Key: '', Result: 'NHI_ZFP_Viewer.ImageSources.ImageInfo', Handled: 'False', Attempt: '0', Execution Time: '7.0959'
  Properties: PipelineName=OracleResiliencePipeline; PipelineInstance=(null); StrategyName=Retry; Result=NHI_ZFP_Viewer.ImageSources.ImageInfo; Handled=false; Attempt=0; ExecutionTimeMs=7.0959; EventId=3; EventName=ExecutionAttempt; RequestId=40000224-0007-fd00-b63f-84710c7967bb; RequestPath=/api/NhiPatientImage/studies/1.2.840.23768155137684242221127824255137162071/series/1.2.840.108229190191200701892132312516360642731234/instances/1.2.840.234117185177153118845482423021422515025158; ActionId=aa92c01f-0771-4d00-b1d9-1444c5fbe45b; ActionName=NHI_AI_MedReportViewerWebApi.Controllers.NhiPatientImageController.GetImage (NHI-AI-MedReportViewerWebApi); StudyInstanceUid=1.2.840.23768155137684242221127824255137162071; SeriesInstanceUid=1.2.840.108229190191200701892132312516360642731234; SopInstanceUid=1.2.840.234117185177153118845482423021422515025158
  ======================================================================

2026-05-25 10:09:56.6831 [INFO] [AIRS.Core.Helpers.ZfpOracleDbHelper] [TraceID: 00-9fec2db62c59fcc80bad33ed8b58cd6c-841daf90ddd1c418-00]
  Event: 0
  Request: GET https://lcr-tp.nhi.gov.tw/api/NhiPatientImage/studies/1.2.840.23768155137684242221127824255137162071/series/1.2.840.108229190191200701892132312516360642731234/instances/1.2.840.234117185177153118845482423021422515025158 
  Message: GetImageKey = Archived/20240513/1.2.840.23768155137684242221127824255137162071/1.2.840.108229190191200701892132312516360642731234/1.2.840.234117185177153118845482423021422515025158.dcm, 29 ms elapsed.
  Properties: S3ObjectKey=Archived/20240513/1.2.840.23768155137684242221127824255137162071/1.2.840.108229190191200701892132312516360642731234/1.2.840.234117185177153118845482423021422515025158.dcm; Elapsed=29; RequestId=40000224-0007-fd00-b63f-84710c7967bb; RequestPath=/api/NhiPatientImage/studies/1.2.840.23768155137684242221127824255137162071/series/1.2.840.108229190191200701892132312516360642731234/instances/1.2.840.234117185177153118845482423021422515025158; ActionId=aa92c01f-0771-4d00-b1d9-1444c5fbe45b; ActionName=NHI_AI_MedReportViewerWebApi.Controllers.NhiPatientImageController.GetImage (NHI-AI-MedReportViewerWebApi); StudyInstanceUid=1.2.840.23768155137684242221127824255137162071; SeriesInstanceUid=1.2.840.108229190191200701892132312516360642731234; SopInstanceUid=1.2.840.234117185177153118845482423021422515025158
  ======================================================================

2026-05-25 10:09:56.6980 [INFO] [AIRS.Core.Common.LogForgingTools] [TraceID: 00-f2a841b4ea0b46627366b68cae8c1cc5-9adc5aee2eee1815-00]
  Event: 0
  Request: GET https://lcr-tp.nhi.gov.tw/api/NhiPatientImage/studies/1.2.840.23768155137684242221127824255137162071/series/1.2.840.108229190191200701892132312516360642731234/instances/1.2.840.23736197137223744798102332181312115263 
  Message: 1779674996698 GetImage() 由 S3 取得 stream，耗時 54 ms.
  Properties: RequestId=400000b1-0005-fd00-b63f-84710c7967bb; RequestPath=/api/NhiPatientImage/studies/1.2.840.23768155137684242221127824255137162071/series/1.2.840.108229190191200701892132312516360642731234/instances/1.2.840.23736197137223744798102332181312115263; ActionId=aa92c01f-0771-4d00-b1d9-1444c5fbe45b; ActionName=NHI_AI_MedReportViewerWebApi.Controllers.NhiPatientImageController.GetImage (NHI-AI-MedReportViewerWebApi); StudyInstanceUid=1.2.840.23768155137684242221127824255137162071; SeriesInstanceUid=1.2.840.108229190191200701892132312516360642731234; SopInstanceUid=1.2.840.23736197137223744798102332181312115263
  ======================================================================

2026-05-25 10:09:56.7100 [INFO] [NHI_AI_MedReportViewerWebApi.Services.NhiPatientImageService] [TraceID: 00-f2a841b4ea0b46627366b68cae8c1cc5-9adc5aee2eee1815-00]
  Event: 0
  Request: GET https://lcr-tp.nhi.gov.tw/api/NhiPatientImage/studies/1.2.840.23768155137684242221127824255137162071/series/1.2.840.108229190191200701892132312516360642731234/instances/1.2.840.23736197137223744798102332181312115263 
  Message: 成功從 S3 取得影像: 1.2.840.23736197137223744798102332181312115263
  Properties: RequestId=400000b1-0005-fd00-b63f-84710c7967bb; RequestPath=/api/NhiPatientImage/studies/1.2.840.23768155137684242221127824255137162071/series/1.2.840.108229190191200701892132312516360642731234/instances/1.2.840.23736197137223744798102332181312115263; ActionId=aa92c01f-0771-4d00-b1d9-1444c5fbe45b; ActionName=NHI_AI_MedReportViewerWebApi.Controllers.NhiPatientImageController.GetImage (NHI-AI-MedReportViewerWebApi); StudyInstanceUid=1.2.840.23768155137684242221127824255137162071; SeriesInstanceUid=1.2.840.108229190191200701892132312516360642731234; SopInstanceUid=1.2.840.23736197137223744798102332181312115263
  ======================================================================

2026-05-25 10:09:56.7412 [INFO] [AIRS.Core.Common.LogForgingTools] [TraceID: 00-9fec2db62c59fcc80bad33ed8b58cd6c-841daf90ddd1c418-00]
  Event: 0
  Request: GET https://lcr-tp.nhi.gov.tw/api/NhiPatientImage/studies/1.2.840.23768155137684242221127824255137162071/series/1.2.840.108229190191200701892132312516360642731234/instances/1.2.840.234117185177153118845482423021422515025158 
  Message: 1779674996741 GetImage() 由 S3 取得 stream，耗時 42 ms.
  Properties: RequestId=40000224-0007-fd00-b63f-84710c7967bb; RequestPath=/api/NhiPatientImage/studies/1.2.840.23768155137684242221127824255137162071/series/1.2.840.108229190191200701892132312516360642731234/instances/1.2.840.234117185177153118845482423021422515025158; ActionId=aa92c01f-0771-4d00-b1d9-1444c5fbe45b; ActionName=NHI_AI_MedReportViewerWebApi.Controllers.NhiPatientImageController.GetImage (NHI-AI-MedReportViewerWebApi); StudyInstanceUid=1.2.840.23768155137684242221127824255137162071; SeriesInstanceUid=1.2.840.108229190191200701892132312516360642731234; SopInstanceUid=1.2.840.234117185177153118845482423021422515025158
  ======================================================================

2026-05-25 10:09:56.7412 [INFO] [NHI_AI_MedReportViewerWebApi.Services.NhiPatientImageService] [TraceID: 00-9fec2db62c59fcc80bad33ed8b58cd6c-841daf90ddd1c418-00]
  Event: 0
  Request: GET https://lcr-tp.nhi.gov.tw/api/NhiPatientImage/studies/1.2.840.23768155137684242221127824255137162071/series/1.2.840.108229190191200701892132312516360642731234/instances/1.2.840.234117185177153118845482423021422515025158 
  Message: 成功從 S3 取得影像: 1.2.840.234117185177153118845482423021422515025158
  Properties: RequestId=40000224-0007-fd00-b63f-84710c7967bb; RequestPath=/api/NhiPatientImage/studies/1.2.840.23768155137684242221127824255137162071/series/1.2.840.108229190191200701892132312516360642731234/instances/1.2.840.234117185177153118845482423021422515025158; ActionId=aa92c01f-0771-4d00-b1d9-1444c5fbe45b; ActionName=NHI_AI_MedReportViewerWebApi.Controllers.NhiPatientImageController.GetImage (NHI-AI-MedReportViewerWebApi); StudyInstanceUid=1.2.840.23768155137684242221127824255137162071; SeriesInstanceUid=1.2.840.108229190191200701892132312516360642731234; SopInstanceUid=1.2.840.234117185177153118845482423021422515025158
  ======================================================================

2026-05-25 10:10:31.6311 [INFO] [NHI_AI_MedReportViewerWebApi.Services.NhiPatientImageService] [TraceID: 00-cc0e9b6bbcfa355e7befdde7704c0770-6821d474d2af7722-00]
  Event: 0
  Request: GET https://lcr-tp.nhi.gov.tw/api/NhiPatientImage/studies/1.2.840.6610321904118510815420318233761831142014/series-uid 
  Message: 開始查詢 Series Instance UID: Study=1.2.840.6610321904118510815420318233761831142014, SeriesNumber=4
  Properties: RequestId=4000013b-0003-fd00-b63f-84710c7967bb; RequestPath=/api/NhiPatientImage/studies/1.2.840.6610321904118510815420318233761831142014/series-uid; ActionId=4aeb1ff5-d75b-4ae7-bc60-1eb478a303f7; ActionName=NHI_AI_MedReportViewerWebApi.Controllers.NhiPatientImageController.GetSeriesInstanceUid (NHI-AI-MedReportViewerWebApi); StudyInstanceUid=1.2.840.6610321904118510815420318233761831142014; SeriesNumber=4
  ======================================================================

2026-05-25 10:10:31.6555 [INFO] [Polly] [TraceID: 00-cc0e9b6bbcfa355e7befdde7704c0770-6821d474d2af7722-00]
  Event: 0
  Request: GET https://lcr-tp.nhi.gov.tw/api/NhiPatientImage/studies/1.2.840.6610321904118510815420318233761831142014/series-uid 
  Message: Execution attempt. Source: 'OracleResiliencePipeline/(null)/Retry', Operation Key: '', Result: '1.2.840.185393732156165237212158241127106677643111', Handled: 'False', Attempt: '0', Execution Time: '8.7645'
  Properties: PipelineName=OracleResiliencePipeline; PipelineInstance=(null); StrategyName=Retry; Result=1.2.840.185393732156165237212158241127106677643111; Handled=false; Attempt=0; ExecutionTimeMs=8.7645; EventId=3; EventName=ExecutionAttempt; RequestId=4000013b-0003-fd00-b63f-84710c7967bb; RequestPath=/api/NhiPatientImage/studies/1.2.840.6610321904118510815420318233761831142014/series-uid; ActionId=4aeb1ff5-d75b-4ae7-bc60-1eb478a303f7; ActionName=NHI_AI_MedReportViewerWebApi.Controllers.NhiPatientImageController.GetSeriesInstanceUid (NHI-AI-MedReportViewerWebApi); StudyInstanceUid=1.2.840.6610321904118510815420318233761831142014; SeriesNumber=4
  ======================================================================

2026-05-25 10:10:31.6705 [INFO] [NHI_AI_MedReportViewerWebApi.Services.NhiPatientImageService] [TraceID: 00-cc0e9b6bbcfa355e7befdde7704c0770-6821d474d2af7722-00]
  Event: 0
  Request: GET https://lcr-tp.nhi.gov.tw/api/NhiPatientImage/studies/1.2.840.6610321904118510815420318233761831142014/series-uid 
  Message: 找到 Series Number 4 對應的 Series Instance UID: 1.2.840.185393732156165237212158241127106677643111
  Properties: RequestId=4000013b-0003-fd00-b63f-84710c7967bb; RequestPath=/api/NhiPatientImage/studies/1.2.840.6610321904118510815420318233761831142014/series-uid; ActionId=4aeb1ff5-d75b-4ae7-bc60-1eb478a303f7; ActionName=NHI_AI_MedReportViewerWebApi.Controllers.NhiPatientImageController.GetSeriesInstanceUid (NHI-AI-MedReportViewerWebApi); StudyInstanceUid=1.2.840.6610321904118510815420318233761831142014; SeriesNumber=4
  ======================================================================

2026-05-25 10:10:31.6886 [INFO] [NHI_AI_MedReportViewerWebApi.Services.NhiPatientImageService] [TraceID: 00-d6eaea779a02e7f2408431180fb1aea2-f9e5d55b30a96be3-00]
  Event: 0
  Request: GET https://lcr-tp.nhi.gov.tw/api/NhiPatientImage/studies/1.2.840.6610321904118510815420318233761831142014/series-uid 
  Message: 開始查詢 Series Instance UID: Study=1.2.840.6610321904118510815420318233761831142014, SeriesNumber=4
  Properties: RequestId=4000013d-0003-fd00-b63f-84710c7967bb; RequestPath=/api/NhiPatientImage/studies/1.2.840.6610321904118510815420318233761831142014/series-uid; ActionId=4aeb1ff5-d75b-4ae7-bc60-1eb478a303f7; ActionName=NHI_AI_MedReportViewerWebApi.Controllers.NhiPatientImageController.GetSeriesInstanceUid (NHI-AI-MedReportViewerWebApi); StudyInstanceUid=1.2.840.6610321904118510815420318233761831142014; SeriesNumber=4
  ======================================================================

2026-05-25 10:10:31.6886 [INFO] [NHI_AI_MedReportViewerWebApi.Services.NhiPatientImageService] [TraceID: 00-467b31fe5b9716dbedea73b92da324b2-dba482e0c9eeee5a-00]
  Event: 0
  Request: GET https://lcr-tp.nhi.gov.tw/api/NhiPatientImage/studies/1.2.840.1405011311801131732011012121012200126134/series-uid 
  Message: 開始查詢 Series Instance UID: Study=1.2.840.1405011311801131732011012121012200126134, SeriesNumber=4
  Properties: RequestId=40000042-0004-f300-b63f-84710c7967bb; RequestPath=/api/NhiPatientImage/studies/1.2.840.1405011311801131732011012121012200126134/series-uid; ActionId=4aeb1ff5-d75b-4ae7-bc60-1eb478a303f7; ActionName=NHI_AI_MedReportViewerWebApi.Controllers.NhiPatientImageController.GetSeriesInstanceUid (NHI-AI-MedReportViewerWebApi); StudyInstanceUid=1.2.840.1405011311801131732011012121012200126134; SeriesNumber=4
  ======================================================================

2026-05-25 10:10:31.7232 [INFO] [Polly] [TraceID: 00-d6eaea779a02e7f2408431180fb1aea2-f9e5d55b30a96be3-00]
  Event: 0
  Request: GET https://lcr-tp.nhi.gov.tw/api/NhiPatientImage/studies/1.2.840.6610321904118510815420318233761831142014/series-uid 
  Message: Execution attempt. Source: 'OracleResiliencePipeline/(null)/Retry', Operation Key: '', Result: '1.2.840.185393732156165237212158241127106677643111', Handled: 'False', Attempt: '0', Execution Time: '15.833'
  Properties: PipelineName=OracleResiliencePipeline; PipelineInstance=(null); StrategyName=Retry; Result=1.2.840.185393732156165237212158241127106677643111; Handled=false; Attempt=0; ExecutionTimeMs=15.833; EventId=3; EventName=ExecutionAttempt; RequestId=4000013d-0003-fd00-b63f-84710c7967bb; RequestPath=/api/NhiPatientImage/studies/1.2.840.6610321904118510815420318233761831142014/series-uid; ActionId=4aeb1ff5-d75b-4ae7-bc60-1eb478a303f7; ActionName=NHI_AI_MedReportViewerWebApi.Controllers.NhiPatientImageController.GetSeriesInstanceUid (NHI-AI-MedReportViewerWebApi); StudyInstanceUid=1.2.840.6610321904118510815420318233761831142014; SeriesNumber=4
  ======================================================================

2026-05-25 10:10:31.7343 [INFO] [Polly] [TraceID: 00-467b31fe5b9716dbedea73b92da324b2-dba482e0c9eeee5a-00]
  Event: 0
  Request: GET https://lcr-tp.nhi.gov.tw/api/NhiPatientImage/studies/1.2.840.1405011311801131732011012121012200126134/series-uid 
  Message: Execution attempt. Source: 'OracleResiliencePipeline/(null)/Retry', Operation Key: '', Result: '1.2.840.51111141244381216847820799116149155151129', Handled: 'False', Attempt: '0', Execution Time: '19.1219'
  Properties: PipelineName=OracleResiliencePipeline; PipelineInstance=(null); StrategyName=Retry; Result=1.2.840.51111141244381216847820799116149155151129; Handled=false; Attempt=0; ExecutionTimeMs=19.1219; EventId=3; EventName=ExecutionAttempt; RequestId=40000042-0004-f300-b63f-84710c7967bb; RequestPath=/api/NhiPatientImage/studies/1.2.840.1405011311801131732011012121012200126134/series-uid; ActionId=4aeb1ff5-d75b-4ae7-bc60-1eb478a303f7; ActionName=NHI_AI_MedReportViewerWebApi.Controllers.NhiPatientImageController.GetSeriesInstanceUid (NHI-AI-MedReportViewerWebApi); StudyInstanceUid=1.2.840.1405011311801131732011012121012200126134; SeriesNumber=4
  ======================================================================

2026-05-25 10:10:31.7343 [INFO] [NHI_AI_MedReportViewerWebApi.Services.NhiPatientImageService] [TraceID: 00-d6eaea779a02e7f2408431180fb1aea2-f9e5d55b30a96be3-00]
  Event: 0
  Request: GET https://lcr-tp.nhi.gov.tw/api/NhiPatientImage/studies/1.2.840.6610321904118510815420318233761831142014/series-uid 
  Message: 找到 Series Number 4 對應的 Series Instance UID: 1.2.840.185393732156165237212158241127106677643111
  Properties: RequestId=4000013d-0003-fd00-b63f-84710c7967bb; RequestPath=/api/NhiPatientImage/studies/1.2.840.6610321904118510815420318233761831142014/series-uid; ActionId=4aeb1ff5-d75b-4ae7-bc60-1eb478a303f7; ActionName=NHI_AI_MedReportViewerWebApi.Controllers.NhiPatientImageController.GetSeriesInstanceUid (NHI-AI-MedReportViewerWebApi); StudyInstanceUid=1.2.840.6610321904118510815420318233761831142014; SeriesNumber=4
  ======================================================================

2026-05-25 10:10:31.7480 [INFO] [NHI_AI_MedReportViewerWebApi.Services.NhiPatientImageService] [TraceID: 00-467b31fe5b9716dbedea73b92da324b2-dba482e0c9eeee5a-00]
  Event: 0
  Request: GET https://lcr-tp.nhi.gov.tw/api/NhiPatientImage/studies/1.2.840.1405011311801131732011012121012200126134/series-uid 
  Message: 找到 Series Number 4 對應的 Series Instance UID: 1.2.840.51111141244381216847820799116149155151129
  Properties: RequestId=40000042-0004-f300-b63f-84710c7967bb; RequestPath=/api/NhiPatientImage/studies/1.2.840.1405011311801131732011012121012200126134/series-uid; ActionId=4aeb1ff5-d75b-4ae7-bc60-1eb478a303f7; ActionName=NHI_AI_MedReportViewerWebApi.Controllers.NhiPatientImageController.GetSeriesInstanceUid (NHI-AI-MedReportViewerWebApi); StudyInstanceUid=1.2.840.1405011311801131732011012121012200126134; SeriesNumber=4
  ======================================================================

2026-05-25 10:10:31.7480 [INFO] [NHI_AI_MedReportViewerWebApi.Services.NhiPatientImageService] [TraceID: 00-201a45d72e0ba04a9c3aa4f10c06df5c-15527050df64f5d4-00]
  Event: 0
  Request: GET https://lcr-tp.nhi.gov.tw/api/NhiPatientImage/studies/1.2.840.6610321904118510815420318233761831142014/series-uid 
  Message: 開始查詢 Series Instance UID: Study=1.2.840.6610321904118510815420318233761831142014, SeriesNumber=4
  Properties: RequestId=400000a8-0004-fc00-b63f-84710c7967bb; RequestPath=/api/NhiPatientImage/studies/1.2.840.6610321904118510815420318233761831142014/series-uid; ActionId=4aeb1ff5-d75b-4ae7-bc60-1eb478a303f7; ActionName=NHI_AI_MedReportViewerWebApi.Controllers.NhiPatientImageController.GetSeriesInstanceUid (NHI-AI-MedReportViewerWebApi); StudyInstanceUid=1.2.840.6610321904118510815420318233761831142014; SeriesNumber=4
  ======================================================================

2026-05-25 10:10:31.7480 [INFO] [NHI_AI_MedReportViewerWebApi.Services.NhiPatientImageService] [TraceID: 00-b6acec846a6d7452bc844c377e897d92-55a01c21c8e7e6be-00]
  Event: 0
  Request: GET https://lcr-tp.nhi.gov.tw/api/NhiPatientImage/studies/1.2.840.6610321904118510815420318233761831142014/series/1.2.840.185393732156165237212158241127106677643111/sop-uid 
  Message: 開始查詢 SOP Instance UID: Study=1.2.840.6610321904118510815420318233761831142014, Series=1.2.840.185393732156165237212158241127106677643111, InstanceNumber=29
  Properties: RequestId=400001b1-0004-f700-b63f-84710c7967bb; RequestPath=/api/NhiPatientImage/studies/1.2.840.6610321904118510815420318233761831142014/series/1.2.840.185393732156165237212158241127106677643111/sop-uid; ActionId=23d89113-aaeb-43f2-8fff-fb67c2497075; ActionName=NHI_AI_MedReportViewerWebApi.Controllers.NhiPatientImageController.GetSopInstanceUid (NHI-AI-MedReportViewerWebApi); StudyInstanceUid=1.2.840.6610321904118510815420318233761831142014; SeriesInstanceUid=1.2.840.185393732156165237212158241127106677643111; InstanceNumber=29
  ======================================================================

2026-05-25 10:10:31.7698 [INFO] [NHI_AI_MedReportViewerWebApi.Services.NhiRegistrationService] [TraceID: 00-88bd4dc42c213e3808d1a577a94585aa-eb34f1ed569a95a9-00]
  Event: 0
  Request: GET https://lcr-tp.nhi.gov.tw/api/registration/get-target-instance 
  Message: 查詢目標 Instance Number。Patient: Z299999830-20251102-1211-00000000001, RefSeries: 1.2.840.185393732156165237212158241127106677643111, DstSeries: 1.2.840.51111141244381216847820799116149155151129
  Properties: PatientId=Z299999830-20251102-1211-00000000001; RefSeriesUid=1.2.840.185393732156165237212158241127106677643111; DstSeriesUid=1.2.840.51111141244381216847820799116149155151129; RequestId=40000044-0004-f300-b63f-84710c7967bb; RequestPath=/api/registration/get-target-instance; ActionId=2e15296a-ac65-4145-8435-44b5f51489a1; ActionName=NHI_AI_MedReportViewerWebApi.Controllers.RegistrationController.GetTargetInstance (NHI-AI-MedReportViewerWebApi); patientObjId=Z299999830-20251102-1211-00000000001; refStudyObjId=Z299999830-STUDY-OBJID-2025110200018; refStudyUid=1.2.840.6610321904118510815420318233761831142014; refSeriesUid=1.2.840.185393732156165237212158241127106677643111; refInstanceNum=29; targetStudyObjId=Z299999830-STUDY-OBJID-2025110200020; targetStudyUid=1.2.840.1405011311801131732011012121012200126134; targetSeriesUid=1.2.840.51111141244381216847820799116149155151129
  ======================================================================

2026-05-25 10:10:31.7854 [INFO] [Polly] [TraceID: 00-201a45d72e0ba04a9c3aa4f10c06df5c-15527050df64f5d4-00]
  Event: 0
  Request: GET https://lcr-tp.nhi.gov.tw/api/NhiPatientImage/studies/1.2.840.6610321904118510815420318233761831142014/series-uid 
  Message: Execution attempt. Source: 'OracleResiliencePipeline/(null)/Retry', Operation Key: '', Result: '1.2.840.185393732156165237212158241127106677643111', Handled: 'False', Attempt: '0', Execution Time: '9.8645'
  Properties: PipelineName=OracleResiliencePipeline; PipelineInstance=(null); StrategyName=Retry; Result=1.2.840.185393732156165237212158241127106677643111; Handled=false; Attempt=0; ExecutionTimeMs=9.8645; EventId=3; EventName=ExecutionAttempt; RequestId=400000a8-0004-fc00-b63f-84710c7967bb; RequestPath=/api/NhiPatientImage/studies/1.2.840.6610321904118510815420318233761831142014/series-uid; ActionId=4aeb1ff5-d75b-4ae7-bc60-1eb478a303f7; ActionName=NHI_AI_MedReportViewerWebApi.Controllers.NhiPatientImageController.GetSeriesInstanceUid (NHI-AI-MedReportViewerWebApi); StudyInstanceUid=1.2.840.6610321904118510815420318233761831142014; SeriesNumber=4
  ======================================================================

2026-05-25 10:10:31.7980 [INFO] [Polly] [TraceID: 00-b6acec846a6d7452bc844c377e897d92-55a01c21c8e7e6be-00]
  Event: 0
  Request: GET https://lcr-tp.nhi.gov.tw/api/NhiPatientImage/studies/1.2.840.6610321904118510815420318233761831142014/series/1.2.840.185393732156165237212158241127106677643111/sop-uid 
  Message: Execution attempt. Source: 'OracleResiliencePipeline/(null)/Retry', Operation Key: '', Result: '1.2.840.3417124205586658229153205402522644', Handled: 'False', Attempt: '0', Execution Time: '11.0312'
  Properties: PipelineName=OracleResiliencePipeline; PipelineInstance=(null); StrategyName=Retry; Result=1.2.840.3417124205586658229153205402522644; Handled=false; Attempt=0; ExecutionTimeMs=11.0312; EventId=3; EventName=ExecutionAttempt; RequestId=400001b1-0004-f700-b63f-84710c7967bb; RequestPath=/api/NhiPatientImage/studies/1.2.840.6610321904118510815420318233761831142014/series/1.2.840.185393732156165237212158241127106677643111/sop-uid; ActionId=23d89113-aaeb-43f2-8fff-fb67c2497075; ActionName=NHI_AI_MedReportViewerWebApi.Controllers.NhiPatientImageController.GetSopInstanceUid (NHI-AI-MedReportViewerWebApi); StudyInstanceUid=1.2.840.6610321904118510815420318233761831142014; SeriesInstanceUid=1.2.840.185393732156165237212158241127106677643111; InstanceNumber=29
  ======================================================================

2026-05-25 10:10:31.7980 [INFO] [NHI_AI_MedReportViewerWebApi.Services.NhiPatientImageService] [TraceID: 00-201a45d72e0ba04a9c3aa4f10c06df5c-15527050df64f5d4-00]
  Event: 0
  Request: GET https://lcr-tp.nhi.gov.tw/api/NhiPatientImage/studies/1.2.840.6610321904118510815420318233761831142014/series-uid 
  Message: 找到 Series Number 4 對應的 Series Instance UID: 1.2.840.185393732156165237212158241127106677643111
  Properties: RequestId=400000a8-0004-fc00-b63f-84710c7967bb; RequestPath=/api/NhiPatientImage/studies/1.2.840.6610321904118510815420318233761831142014/series-uid; ActionId=4aeb1ff5-d75b-4ae7-bc60-1eb478a303f7; ActionName=NHI_AI_MedReportViewerWebApi.Controllers.NhiPatientImageController.GetSeriesInstanceUid (NHI-AI-MedReportViewerWebApi); StudyInstanceUid=1.2.840.6610321904118510815420318233761831142014; SeriesNumber=4
  ======================================================================

2026-05-25 10:10:31.8109 [INFO] [Polly] [TraceID: 00-88bd4dc42c213e3808d1a577a94585aa-eb34f1ed569a95a9-00]
  Event: 0
  Request: GET https://lcr-tp.nhi.gov.tw/api/registration/get-target-instance 
  Message: Execution attempt. Source: 'OracleResiliencePipeline/(null)/Retry', Operation Key: '', Result: '33', Handled: 'False', Attempt: '0', Execution Time: '16.2197'
  Properties: PipelineName=OracleResiliencePipeline; PipelineInstance=(null); StrategyName=Retry; Result=33; Handled=false; Attempt=0; ExecutionTimeMs=16.2197; EventId=3; EventName=ExecutionAttempt; RequestId=40000044-0004-f300-b63f-84710c7967bb; RequestPath=/api/registration/get-target-instance; ActionId=2e15296a-ac65-4145-8435-44b5f51489a1; ActionName=NHI_AI_MedReportViewerWebApi.Controllers.RegistrationController.GetTargetInstance (NHI-AI-MedReportViewerWebApi); patientObjId=Z299999830-20251102-1211-00000000001; refStudyObjId=Z299999830-STUDY-OBJID-2025110200018; refStudyUid=1.2.840.6610321904118510815420318233761831142014; refSeriesUid=1.2.840.185393732156165237212158241127106677643111; refInstanceNum=29; targetStudyObjId=Z299999830-STUDY-OBJID-2025110200020; targetStudyUid=1.2.840.1405011311801131732011012121012200126134; targetSeriesUid=1.2.840.51111141244381216847820799116149155151129
  ======================================================================

2026-05-25 10:10:31.8109 [INFO] [NHI_AI_MedReportViewerWebApi.Services.NhiPatientImageService] [TraceID: 00-b6acec846a6d7452bc844c377e897d92-55a01c21c8e7e6be-00]
  Event: 0
  Request: GET https://lcr-tp.nhi.gov.tw/api/NhiPatientImage/studies/1.2.840.6610321904118510815420318233761831142014/series/1.2.840.185393732156165237212158241127106677643111/sop-uid 
  Message: 找到 Instance Number 29 對應的 SOP Instance UID: 1.2.840.3417124205586658229153205402522644
  Properties: RequestId=400001b1-0004-f700-b63f-84710c7967bb; RequestPath=/api/NhiPatientImage/studies/1.2.840.6610321904118510815420318233761831142014/series/1.2.840.185393732156165237212158241127106677643111/sop-uid; ActionId=23d89113-aaeb-43f2-8fff-fb67c2497075; ActionName=NHI_AI_MedReportViewerWebApi.Controllers.NhiPatientImageController.GetSopInstanceUid (NHI-AI-MedReportViewerWebApi); StudyInstanceUid=1.2.840.6610321904118510815420318233761831142014; SeriesInstanceUid=1.2.840.185393732156165237212158241127106677643111; InstanceNumber=29
  ======================================================================

2026-05-25 10:10:31.8311 [INFO] [NHI_AI_MedReportViewerWebApi.Services.NhiPatientImageService] [TraceID: 00-9d77de2109892f013bdeaf71473e29eb-b13de003e7e4e608-00]
  Event: 0
  Request: GET https://lcr-tp.nhi.gov.tw/api/NhiPatientImage/studies/1.2.840.167221195121219905290418769251473628129/series-uid 
  Message: 開始查詢 Series Instance UID: Study=1.2.840.167221195121219905290418769251473628129, SeriesNumber=9
  Properties: RequestId=400000aa-0004-fc00-b63f-84710c7967bb; RequestPath=/api/NhiPatientImage/studies/1.2.840.167221195121219905290418769251473628129/series-uid; ActionId=4aeb1ff5-d75b-4ae7-bc60-1eb478a303f7; ActionName=NHI_AI_MedReportViewerWebApi.Controllers.NhiPatientImageController.GetSeriesInstanceUid (NHI-AI-MedReportViewerWebApi); StudyInstanceUid=1.2.840.167221195121219905290418769251473628129; SeriesNumber=9
  ======================================================================

2026-05-25 10:10:31.8311 [INFO] [NHI_AI_MedReportViewerWebApi.Services.NhiRegistrationService] [TraceID: 00-88bd4dc42c213e3808d1a577a94585aa-eb34f1ed569a95a9-00]
  Event: 0
  Request: GET https://lcr-tp.nhi.gov.tw/api/registration/get-target-instance 
  Message: 找到對應的目標 Instance Number: 33
  Properties: TargetInstanceNum=33; RequestId=40000044-0004-f300-b63f-84710c7967bb; RequestPath=/api/registration/get-target-instance; ActionId=2e15296a-ac65-4145-8435-44b5f51489a1; ActionName=NHI_AI_MedReportViewerWebApi.Controllers.RegistrationController.GetTargetInstance (NHI-AI-MedReportViewerWebApi); patientObjId=Z299999830-20251102-1211-00000000001; refStudyObjId=Z299999830-STUDY-OBJID-2025110200018; refStudyUid=1.2.840.6610321904118510815420318233761831142014; refSeriesUid=1.2.840.185393732156165237212158241127106677643111; refInstanceNum=29; targetStudyObjId=Z299999830-STUDY-OBJID-2025110200020; targetStudyUid=1.2.840.1405011311801131732011012121012200126134; targetSeriesUid=1.2.840.51111141244381216847820799116149155151129
  ======================================================================

2026-05-25 10:10:31.8583 [INFO] [Polly] [TraceID: 00-9d77de2109892f013bdeaf71473e29eb-b13de003e7e4e608-00]
  Event: 0
  Request: GET https://lcr-tp.nhi.gov.tw/api/NhiPatientImage/studies/1.2.840.167221195121219905290418769251473628129/series-uid 
  Message: Execution attempt. Source: 'OracleResiliencePipeline/(null)/Retry', Operation Key: '', Result: '1.2.840.1721868228751932482087238247913291134107', Handled: 'False', Attempt: '0', Execution Time: '6.3688'
  Properties: PipelineName=OracleResiliencePipeline; PipelineInstance=(null); StrategyName=Retry; Result=1.2.840.1721868228751932482087238247913291134107; Handled=false; Attempt=0; ExecutionTimeMs=6.3688; EventId=3; EventName=ExecutionAttempt; RequestId=400000aa-0004-fc00-b63f-84710c7967bb; RequestPath=/api/NhiPatientImage/studies/1.2.840.167221195121219905290418769251473628129/series-uid; ActionId=4aeb1ff5-d75b-4ae7-bc60-1eb478a303f7; ActionName=NHI_AI_MedReportViewerWebApi.Controllers.NhiPatientImageController.GetSeriesInstanceUid (NHI-AI-MedReportViewerWebApi); StudyInstanceUid=1.2.840.167221195121219905290418769251473628129; SeriesNumber=9
  ======================================================================

2026-05-25 10:10:31.8583 [INFO] [NHI_AI_MedReportViewerWebApi.Services.NhiPatientImageService] [TraceID: 00-88bd4dc42c213e3808d1a577a94585aa-eb34f1ed569a95a9-00]
  Event: 0
  Request: GET https://lcr-tp.nhi.gov.tw/api/registration/get-target-instance 
  Message: 開始查詢 SOP Instance UID: Study=1.2.840.1405011311801131732011012121012200126134, Series=1.2.840.51111141244381216847820799116149155151129, InstanceNumber=33
  Properties: RequestId=40000044-0004-f300-b63f-84710c7967bb; RequestPath=/api/registration/get-target-instance; ActionId=2e15296a-ac65-4145-8435-44b5f51489a1; ActionName=NHI_AI_MedReportViewerWebApi.Controllers.RegistrationController.GetTargetInstance (NHI-AI-MedReportViewerWebApi); patientObjId=Z299999830-20251102-1211-00000000001; refStudyObjId=Z299999830-STUDY-OBJID-2025110200018; refStudyUid=1.2.840.6610321904118510815420318233761831142014; refSeriesUid=1.2.840.185393732156165237212158241127106677643111; refInstanceNum=29; targetStudyObjId=Z299999830-STUDY-OBJID-2025110200020; targetStudyUid=1.2.840.1405011311801131732011012121012200126134; targetSeriesUid=1.2.840.51111141244381216847820799116149155151129
  ======================================================================

2026-05-25 10:10:31.8736 [INFO] [NHI_AI_MedReportViewerWebApi.Services.NhiPatientImageService] [TraceID: 00-9d77de2109892f013bdeaf71473e29eb-b13de003e7e4e608-00]
  Event: 0
  Request: GET https://lcr-tp.nhi.gov.tw/api/NhiPatientImage/studies/1.2.840.167221195121219905290418769251473628129/series-uid 
  Message: 找到 Series Number 9 對應的 Series Instance UID: 1.2.840.1721868228751932482087238247913291134107
  Properties: RequestId=400000aa-0004-fc00-b63f-84710c7967bb; RequestPath=/api/NhiPatientImage/studies/1.2.840.167221195121219905290418769251473628129/series-uid; ActionId=4aeb1ff5-d75b-4ae7-bc60-1eb478a303f7; ActionName=NHI_AI_MedReportViewerWebApi.Controllers.NhiPatientImageController.GetSeriesInstanceUid (NHI-AI-MedReportViewerWebApi); StudyInstanceUid=1.2.840.167221195121219905290418769251473628129; SeriesNumber=9
  ======================================================================

2026-05-25 10:10:31.8912 [INFO] [Polly] [TraceID: 00-88bd4dc42c213e3808d1a577a94585aa-eb34f1ed569a95a9-00]
  Event: 0
  Request: GET https://lcr-tp.nhi.gov.tw/api/registration/get-target-instance 
  Message: Execution attempt. Source: 'OracleResiliencePipeline/(null)/Retry', Operation Key: '', Result: '1.2.840.24579199223184521533823815810478347056196', Handled: 'False', Attempt: '0', Execution Time: '8.1759'
  Properties: PipelineName=OracleResiliencePipeline; PipelineInstance=(null); StrategyName=Retry; Result=1.2.840.24579199223184521533823815810478347056196; Handled=false; Attempt=0; ExecutionTimeMs=8.1759; EventId=3; EventName=ExecutionAttempt; RequestId=40000044-0004-f300-b63f-84710c7967bb; RequestPath=/api/registration/get-target-instance; ActionId=2e15296a-ac65-4145-8435-44b5f51489a1; ActionName=NHI_AI_MedReportViewerWebApi.Controllers.RegistrationController.GetTargetInstance (NHI-AI-MedReportViewerWebApi); patientObjId=Z299999830-20251102-1211-00000000001; refStudyObjId=Z299999830-STUDY-OBJID-2025110200018; refStudyUid=1.2.840.6610321904118510815420318233761831142014; refSeriesUid=1.2.840.185393732156165237212158241127106677643111; refInstanceNum=29; targetStudyObjId=Z299999830-STUDY-OBJID-2025110200020; targetStudyUid=1.2.840.1405011311801131732011012121012200126134; targetSeriesUid=1.2.840.51111141244381216847820799116149155151129
  ======================================================================

2026-05-25 10:10:31.9045 [INFO] [NHI_AI_MedReportViewerWebApi.Services.NhiRegistrationService] [TraceID: 00-24f9d41ea3032f75a9f018fc2d25fe40-6d4262752efa7041-00]
  Event: 0
  Request: GET https://lcr-tp.nhi.gov.tw/api/registration/get-target-instance 
  Message: 查詢目標 Instance Number。Patient: Z299999830-20251102-1211-00000000001, RefSeries: 1.2.840.185393732156165237212158241127106677643111, DstSeries: 1.2.840.1721868228751932482087238247913291134107
  Properties: PatientId=Z299999830-20251102-1211-00000000001; RefSeriesUid=1.2.840.185393732156165237212158241127106677643111; DstSeriesUid=1.2.840.1721868228751932482087238247913291134107; RequestId=4000013f-0006-f300-b63f-84710c7967bb; RequestPath=/api/registration/get-target-instance; ActionId=2e15296a-ac65-4145-8435-44b5f51489a1; ActionName=NHI_AI_MedReportViewerWebApi.Controllers.RegistrationController.GetTargetInstance (NHI-AI-MedReportViewerWebApi); patientObjId=Z299999830-20251102-1211-00000000001; refStudyObjId=Z299999830-STUDY-OBJID-2025110200018; refStudyUid=1.2.840.6610321904118510815420318233761831142014; refSeriesUid=1.2.840.185393732156165237212158241127106677643111; refInstanceNum=29; targetStudyObjId=Z299999830-STUDY-OBJID-2025110200021; targetStudyUid=1.2.840.167221195121219905290418769251473628129; targetSeriesUid=1.2.840.1721868228751932482087238247913291134107
  ======================================================================

2026-05-25 10:10:31.9045 [INFO] [NHI_AI_MedReportViewerWebApi.Services.NhiPatientImageService] [TraceID: 00-88bd4dc42c213e3808d1a577a94585aa-eb34f1ed569a95a9-00]
  Event: 0
  Request: GET https://lcr-tp.nhi.gov.tw/api/registration/get-target-instance 
  Message: 找到 Instance Number 33 對應的 SOP Instance UID: 1.2.840.24579199223184521533823815810478347056196
  Properties: RequestId=40000044-0004-f300-b63f-84710c7967bb; RequestPath=/api/registration/get-target-instance; ActionId=2e15296a-ac65-4145-8435-44b5f51489a1; ActionName=NHI_AI_MedReportViewerWebApi.Controllers.RegistrationController.GetTargetInstance (NHI-AI-MedReportViewerWebApi); patientObjId=Z299999830-20251102-1211-00000000001; refStudyObjId=Z299999830-STUDY-OBJID-2025110200018; refStudyUid=1.2.840.6610321904118510815420318233761831142014; refSeriesUid=1.2.840.185393732156165237212158241127106677643111; refInstanceNum=29; targetStudyObjId=Z299999830-STUDY-OBJID-2025110200020; targetStudyUid=1.2.840.1405011311801131732011012121012200126134; targetSeriesUid=1.2.840.51111141244381216847820799116149155151129
  ======================================================================

2026-05-25 10:10:31.9241 [INFO] [Polly] [TraceID: 00-24f9d41ea3032f75a9f018fc2d25fe40-6d4262752efa7041-00]
  Event: 0
  Request: GET https://lcr-tp.nhi.gov.tw/api/registration/get-target-instance 
  Message: Execution attempt. Source: 'OracleResiliencePipeline/(null)/Retry', Operation Key: '', Result: '23', Handled: 'False', Attempt: '0', Execution Time: '4.2628'
  Properties: PipelineName=OracleResiliencePipeline; PipelineInstance=(null); StrategyName=Retry; Result=23; Handled=false; Attempt=0; ExecutionTimeMs=4.2628; EventId=3; EventName=ExecutionAttempt; RequestId=4000013f-0006-f300-b63f-84710c7967bb; RequestPath=/api/registration/get-target-instance; ActionId=2e15296a-ac65-4145-8435-44b5f51489a1; ActionName=NHI_AI_MedReportViewerWebApi.Controllers.RegistrationController.GetTargetInstance (NHI-AI-MedReportViewerWebApi); patientObjId=Z299999830-20251102-1211-00000000001; refStudyObjId=Z299999830-STUDY-OBJID-2025110200018; refStudyUid=1.2.840.6610321904118510815420318233761831142014; refSeriesUid=1.2.840.185393732156165237212158241127106677643111; refInstanceNum=29; targetStudyObjId=Z299999830-STUDY-OBJID-2025110200021; targetStudyUid=1.2.840.167221195121219905290418769251473628129; targetSeriesUid=1.2.840.1721868228751932482087238247913291134107
  ======================================================================

2026-05-25 10:10:31.9352 [INFO] [NHI_AI_MedReportViewerWebApi.Services.NhiRegistrationService] [TraceID: 00-24f9d41ea3032f75a9f018fc2d25fe40-6d4262752efa7041-00]
  Event: 0
  Request: GET https://lcr-tp.nhi.gov.tw/api/registration/get-target-instance 
  Message: 找到對應的目標 Instance Number: 23
  Properties: TargetInstanceNum=23; RequestId=4000013f-0006-f300-b63f-84710c7967bb; RequestPath=/api/registration/get-target-instance; ActionId=2e15296a-ac65-4145-8435-44b5f51489a1; ActionName=NHI_AI_MedReportViewerWebApi.Controllers.RegistrationController.GetTargetInstance (NHI-AI-MedReportViewerWebApi); patientObjId=Z299999830-20251102-1211-00000000001; refStudyObjId=Z299999830-STUDY-OBJID-2025110200018; refStudyUid=1.2.840.6610321904118510815420318233761831142014; refSeriesUid=1.2.840.185393732156165237212158241127106677643111; refInstanceNum=29; targetStudyObjId=Z299999830-STUDY-OBJID-2025110200021; targetStudyUid=1.2.840.167221195121219905290418769251473628129; targetSeriesUid=1.2.840.1721868228751932482087238247913291134107
  ======================================================================

2026-05-25 10:10:31.9548 [INFO] [NHI_AI_MedReportViewerWebApi.Services.NhiPatientImageService] [TraceID: 00-24f9d41ea3032f75a9f018fc2d25fe40-6d4262752efa7041-00]
  Event: 0
  Request: GET https://lcr-tp.nhi.gov.tw/api/registration/get-target-instance 
  Message: 開始查詢 SOP Instance UID: Study=1.2.840.167221195121219905290418769251473628129, Series=1.2.840.1721868228751932482087238247913291134107, InstanceNumber=23
  Properties: RequestId=4000013f-0006-f300-b63f-84710c7967bb; RequestPath=/api/registration/get-target-instance; ActionId=2e15296a-ac65-4145-8435-44b5f51489a1; ActionName=NHI_AI_MedReportViewerWebApi.Controllers.RegistrationController.GetTargetInstance (NHI-AI-MedReportViewerWebApi); patientObjId=Z299999830-20251102-1211-00000000001; refStudyObjId=Z299999830-STUDY-OBJID-2025110200018; refStudyUid=1.2.840.6610321904118510815420318233761831142014; refSeriesUid=1.2.840.185393732156165237212158241127106677643111; refInstanceNum=29; targetStudyObjId=Z299999830-STUDY-OBJID-2025110200021; targetStudyUid=1.2.840.167221195121219905290418769251473628129; targetSeriesUid=1.2.840.1721868228751932482087238247913291134107
  ======================================================================

2026-05-25 10:10:31.9728 [INFO] [Polly] [TraceID: 00-24f9d41ea3032f75a9f018fc2d25fe40-6d4262752efa7041-00]
  Event: 0
  Request: GET https://lcr-tp.nhi.gov.tw/api/registration/get-target-instance 
  Message: Execution attempt. Source: 'OracleResiliencePipeline/(null)/Retry', Operation Key: '', Result: '1.2.840.98120681611151912501302422382492421676315575', Handled: 'False', Attempt: '0', Execution Time: '7.2724'
  Properties: PipelineName=OracleResiliencePipeline; PipelineInstance=(null); StrategyName=Retry; Result=1.2.840.98120681611151912501302422382492421676315575; Handled=false; Attempt=0; ExecutionTimeMs=7.2724; EventId=3; EventName=ExecutionAttempt; RequestId=4000013f-0006-f300-b63f-84710c7967bb; RequestPath=/api/registration/get-target-instance; ActionId=2e15296a-ac65-4145-8435-44b5f51489a1; ActionName=NHI_AI_MedReportViewerWebApi.Controllers.RegistrationController.GetTargetInstance (NHI-AI-MedReportViewerWebApi); patientObjId=Z299999830-20251102-1211-00000000001; refStudyObjId=Z299999830-STUDY-OBJID-2025110200018; refStudyUid=1.2.840.6610321904118510815420318233761831142014; refSeriesUid=1.2.840.185393732156165237212158241127106677643111; refInstanceNum=29; targetStudyObjId=Z299999830-STUDY-OBJID-2025110200021; targetStudyUid=1.2.840.167221195121219905290418769251473628129; targetSeriesUid=1.2.840.1721868228751932482087238247913291134107
  ======================================================================

2026-05-25 10:10:31.9980 [INFO] [NHI_AI_MedReportViewerWebApi.Services.NhiPatientImageService] [TraceID: 00-24f9d41ea3032f75a9f018fc2d25fe40-6d4262752efa7041-00]
  Event: 0
  Request: GET https://lcr-tp.nhi.gov.tw/api/registration/get-target-instance 
  Message: 找到 Instance Number 23 對應的 SOP Instance UID: 1.2.840.98120681611151912501302422382492421676315575
  Properties: RequestId=4000013f-0006-f300-b63f-84710c7967bb; RequestPath=/api/registration/get-target-instance; ActionId=2e15296a-ac65-4145-8435-44b5f51489a1; ActionName=NHI_AI_MedReportViewerWebApi.Controllers.RegistrationController.GetTargetInstance (NHI-AI-MedReportViewerWebApi); patientObjId=Z299999830-20251102-1211-00000000001; refStudyObjId=Z299999830-STUDY-OBJID-2025110200018; refStudyUid=1.2.840.6610321904118510815420318233761831142014; refSeriesUid=1.2.840.185393732156165237212158241127106677643111; refInstanceNum=29; targetStudyObjId=Z299999830-STUDY-OBJID-2025110200021; targetStudyUid=1.2.840.167221195121219905290418769251473628129; targetSeriesUid=1.2.840.1721868228751932482087238247913291134107
  ======================================================================

2026-05-25 10:13:58.7124 [INFO] [NHI_AI_MedReportViewerWebApi.Services.NhiPatientImageService] [TraceID: 00-e75a4e2fc60279db43db11be5b84b19b-9ceb7f4dc252e76a-00]
  Event: 0
  Request: GET https://lcr-tp.nhi.gov.tw/api/NhiPatientImage/studies/1.2.840.23768155137684242221127824255137162071/series-uid 
  Message: 開始查詢 Series Instance UID: Study=1.2.840.23768155137684242221127824255137162071, SeriesNumber=3
  Properties: RequestId=4000008b-0000-fe00-b63f-84710c7967bb; RequestPath=/api/NhiPatientImage/studies/1.2.840.23768155137684242221127824255137162071/series-uid; ActionId=4aeb1ff5-d75b-4ae7-bc60-1eb478a303f7; ActionName=NHI_AI_MedReportViewerWebApi.Controllers.NhiPatientImageController.GetSeriesInstanceUid (NHI-AI-MedReportViewerWebApi); StudyInstanceUid=1.2.840.23768155137684242221127824255137162071; SeriesNumber=3
  ======================================================================

2026-05-25 10:13:58.7420 [INFO] [Polly] [TraceID: 00-e75a4e2fc60279db43db11be5b84b19b-9ceb7f4dc252e76a-00]
  Event: 0
  Request: GET https://lcr-tp.nhi.gov.tw/api/NhiPatientImage/studies/1.2.840.23768155137684242221127824255137162071/series-uid 
  Message: Execution attempt. Source: 'OracleResiliencePipeline/(null)/Retry', Operation Key: '', Result: '1.2.840.108229190191200701892132312516360642731234', Handled: 'False', Attempt: '0', Execution Time: '13.9669'
  Properties: PipelineName=OracleResiliencePipeline; PipelineInstance=(null); StrategyName=Retry; Result=1.2.840.108229190191200701892132312516360642731234; Handled=false; Attempt=0; ExecutionTimeMs=13.9669; EventId=3; EventName=ExecutionAttempt; RequestId=4000008b-0000-fe00-b63f-84710c7967bb; RequestPath=/api/NhiPatientImage/studies/1.2.840.23768155137684242221127824255137162071/series-uid; ActionId=4aeb1ff5-d75b-4ae7-bc60-1eb478a303f7; ActionName=NHI_AI_MedReportViewerWebApi.Controllers.NhiPatientImageController.GetSeriesInstanceUid (NHI-AI-MedReportViewerWebApi); StudyInstanceUid=1.2.840.23768155137684242221127824255137162071; SeriesNumber=3
  ======================================================================

2026-05-25 10:13:58.7548 [INFO] [NHI_AI_MedReportViewerWebApi.Services.NhiPatientImageService] [TraceID: 00-e75a4e2fc60279db43db11be5b84b19b-9ceb7f4dc252e76a-00]
  Event: 0
  Request: GET https://lcr-tp.nhi.gov.tw/api/NhiPatientImage/studies/1.2.840.23768155137684242221127824255137162071/series-uid 
  Message: 找到 Series Number 3 對應的 Series Instance UID: 1.2.840.108229190191200701892132312516360642731234
  Properties: RequestId=4000008b-0000-fe00-b63f-84710c7967bb; RequestPath=/api/NhiPatientImage/studies/1.2.840.23768155137684242221127824255137162071/series-uid; ActionId=4aeb1ff5-d75b-4ae7-bc60-1eb478a303f7; ActionName=NHI_AI_MedReportViewerWebApi.Controllers.NhiPatientImageController.GetSeriesInstanceUid (NHI-AI-MedReportViewerWebApi); StudyInstanceUid=1.2.840.23768155137684242221127824255137162071; SeriesNumber=3
  ======================================================================

2026-05-25 10:15:11.2242 [INFO] [NHI_AI_MedReportViewerWebApi.Services.NhiPatientImageService] [TraceID: 00-b7fce1aa1e0edb4daebc668d1be68573-b7f10958dc82dd2a-00]
  Event: 0
  Request: GET https://lcr-tp.nhi.gov.tw/api/NhiPatientImage/studies/1.2.840.133888132105150143162871541411731780159144/series-uid 
  Message: 開始查詢 Series Instance UID: Study=1.2.840.133888132105150143162871541411731780159144, SeriesNumber=15
  Properties: RequestId=40000143-0006-f300-b63f-84710c7967bb; RequestPath=/api/NhiPatientImage/studies/1.2.840.133888132105150143162871541411731780159144/series-uid; ActionId=4aeb1ff5-d75b-4ae7-bc60-1eb478a303f7; ActionName=NHI_AI_MedReportViewerWebApi.Controllers.NhiPatientImageController.GetSeriesInstanceUid (NHI-AI-MedReportViewerWebApi); StudyInstanceUid=1.2.840.133888132105150143162871541411731780159144; SeriesNumber=15
  ======================================================================

2026-05-25 10:15:11.2388 [INFO] [Polly] [TraceID: 00-b7fce1aa1e0edb4daebc668d1be68573-b7f10958dc82dd2a-00]
  Event: 0
  Request: GET https://lcr-tp.nhi.gov.tw/api/NhiPatientImage/studies/1.2.840.133888132105150143162871541411731780159144/series-uid 
  Message: Execution attempt. Source: 'OracleResiliencePipeline/(null)/Retry', Operation Key: '', Result: '1.2.840.19216622352892321110282110210111240391850', Handled: 'False', Attempt: '0', Execution Time: '10.4117'
  Properties: PipelineName=OracleResiliencePipeline; PipelineInstance=(null); StrategyName=Retry; Result=1.2.840.19216622352892321110282110210111240391850; Handled=false; Attempt=0; ExecutionTimeMs=10.4117; EventId=3; EventName=ExecutionAttempt; RequestId=40000143-0006-f300-b63f-84710c7967bb; RequestPath=/api/NhiPatientImage/studies/1.2.840.133888132105150143162871541411731780159144/series-uid; ActionId=4aeb1ff5-d75b-4ae7-bc60-1eb478a303f7; ActionName=NHI_AI_MedReportViewerWebApi.Controllers.NhiPatientImageController.GetSeriesInstanceUid (NHI-AI-MedReportViewerWebApi); StudyInstanceUid=1.2.840.133888132105150143162871541411731780159144; SeriesNumber=15
  ======================================================================

2026-05-25 10:15:11.2717 [INFO] [NHI_AI_MedReportViewerWebApi.Services.NhiPatientImageService] [TraceID: 00-b7fce1aa1e0edb4daebc668d1be68573-b7f10958dc82dd2a-00]
  Event: 0
  Request: GET https://lcr-tp.nhi.gov.tw/api/NhiPatientImage/studies/1.2.840.133888132105150143162871541411731780159144/series-uid 
  Message: 找到 Series Number 15 對應的 Series Instance UID: 1.2.840.19216622352892321110282110210111240391850
  Properties: RequestId=40000143-0006-f300-b63f-84710c7967bb; RequestPath=/api/NhiPatientImage/studies/1.2.840.133888132105150143162871541411731780159144/series-uid; ActionId=4aeb1ff5-d75b-4ae7-bc60-1eb478a303f7; ActionName=NHI_AI_MedReportViewerWebApi.Controllers.NhiPatientImageController.GetSeriesInstanceUid (NHI-AI-MedReportViewerWebApi); StudyInstanceUid=1.2.840.133888132105150143162871541411731780159144; SeriesNumber=15
  ======================================================================

2026-05-25 10:17:11.7397 [INFO] [NHI_AI_MedReportViewerWebApi.Services.NhiPatientImageService] [TraceID: 00-6e954d130eb735d0a1cb6a938266b6ad-f3f882fe82271352-00]
  Event: 0
  Request: GET https://lcr-tp.nhi.gov.tw/api/NhiPatientImage/studies/1.2.840.6610321904118510815420318233761831142014/series-uid 
  Message: 開始查詢 Series Instance UID: Study=1.2.840.6610321904118510815420318233761831142014, SeriesNumber=4
  Properties: RequestId=4000008d-0000-fe00-b63f-84710c7967bb; RequestPath=/api/NhiPatientImage/studies/1.2.840.6610321904118510815420318233761831142014/series-uid; ActionId=4aeb1ff5-d75b-4ae7-bc60-1eb478a303f7; ActionName=NHI_AI_MedReportViewerWebApi.Controllers.NhiPatientImageController.GetSeriesInstanceUid (NHI-AI-MedReportViewerWebApi); StudyInstanceUid=1.2.840.6610321904118510815420318233761831142014; SeriesNumber=4
  ======================================================================

2026-05-25 10:17:11.8423 [INFO] [Polly] [TraceID: 00-6e954d130eb735d0a1cb6a938266b6ad-f3f882fe82271352-00]
  Event: 0
  Request: GET https://lcr-tp.nhi.gov.tw/api/NhiPatientImage/studies/1.2.840.6610321904118510815420318233761831142014/series-uid 
  Message: Execution attempt. Source: 'OracleResiliencePipeline/(null)/Retry', Operation Key: '', Result: '1.2.840.185393732156165237212158241127106677643111', Handled: 'False', Attempt: '0', Execution Time: '80.7199'
  Properties: PipelineName=OracleResiliencePipeline; PipelineInstance=(null); StrategyName=Retry; Result=1.2.840.185393732156165237212158241127106677643111; Handled=false; Attempt=0; ExecutionTimeMs=80.7199; EventId=3; EventName=ExecutionAttempt; RequestId=4000008d-0000-fe00-b63f-84710c7967bb; RequestPath=/api/NhiPatientImage/studies/1.2.840.6610321904118510815420318233761831142014/series-uid; ActionId=4aeb1ff5-d75b-4ae7-bc60-1eb478a303f7; ActionName=NHI_AI_MedReportViewerWebApi.Controllers.NhiPatientImageController.GetSeriesInstanceUid (NHI-AI-MedReportViewerWebApi); StudyInstanceUid=1.2.840.6610321904118510815420318233761831142014; SeriesNumber=4
  ======================================================================

2026-05-25 10:17:11.8564 [INFO] [NHI_AI_MedReportViewerWebApi.Services.NhiPatientImageService] [TraceID: 00-6e954d130eb735d0a1cb6a938266b6ad-f3f882fe82271352-00]
  Event: 0
  Request: GET https://lcr-tp.nhi.gov.tw/api/NhiPatientImage/studies/1.2.840.6610321904118510815420318233761831142014/series-uid 
  Message: 找到 Series Number 4 對應的 Series Instance UID: 1.2.840.185393732156165237212158241127106677643111
  Properties: RequestId=4000008d-0000-fe00-b63f-84710c7967bb; RequestPath=/api/NhiPatientImage/studies/1.2.840.6610321904118510815420318233761831142014/series-uid; ActionId=4aeb1ff5-d75b-4ae7-bc60-1eb478a303f7; ActionName=NHI_AI_MedReportViewerWebApi.Controllers.NhiPatientImageController.GetSeriesInstanceUid (NHI-AI-MedReportViewerWebApi); StudyInstanceUid=1.2.840.6610321904118510815420318233761831142014; SeriesNumber=4
  ======================================================================

2026-05-25 10:17:11.8759 [INFO] [NHI_AI_MedReportViewerWebApi.Services.NhiPatientImageService] [TraceID: 00-dc094dfec9ac2c9de5aa6514632510db-0420e784cfb77668-00]
  Event: 0
  Request: GET https://lcr-tp.nhi.gov.tw/api/NhiPatientImage/studies/1.2.840.6610321904118510815420318233761831142014/series-uid 
  Message: 開始查詢 Series Instance UID: Study=1.2.840.6610321904118510815420318233761831142014, SeriesNumber=4
  Properties: RequestId=400000b5-0005-fd00-b63f-84710c7967bb; RequestPath=/api/NhiPatientImage/studies/1.2.840.6610321904118510815420318233761831142014/series-uid; ActionId=4aeb1ff5-d75b-4ae7-bc60-1eb478a303f7; ActionName=NHI_AI_MedReportViewerWebApi.Controllers.NhiPatientImageController.GetSeriesInstanceUid (NHI-AI-MedReportViewerWebApi); StudyInstanceUid=1.2.840.6610321904118510815420318233761831142014; SeriesNumber=4
  ======================================================================

2026-05-25 10:17:11.8759 [INFO] [NHI_AI_MedReportViewerWebApi.Services.NhiPatientImageService] [TraceID: 00-a7ac30d3da9d5c21fa5c52b05d21b57c-2d7b2c73c953a958-00]
  Event: 0
  Request: GET https://lcr-tp.nhi.gov.tw/api/NhiPatientImage/studies/1.2.840.1405011311801131732011012121012200126134/series-uid 
  Message: 開始查詢 Series Instance UID: Study=1.2.840.1405011311801131732011012121012200126134, SeriesNumber=4
  Properties: RequestId=400001a7-0005-fe00-b63f-84710c7967bb; RequestPath=/api/NhiPatientImage/studies/1.2.840.1405011311801131732011012121012200126134/series-uid; ActionId=4aeb1ff5-d75b-4ae7-bc60-1eb478a303f7; ActionName=NHI_AI_MedReportViewerWebApi.Controllers.NhiPatientImageController.GetSeriesInstanceUid (NHI-AI-MedReportViewerWebApi); StudyInstanceUid=1.2.840.1405011311801131732011012121012200126134; SeriesNumber=4
  ======================================================================

2026-05-25 10:17:11.9025 [INFO] [Polly] [TraceID: 00-dc094dfec9ac2c9de5aa6514632510db-0420e784cfb77668-00]
  Event: 0
  Request: GET https://lcr-tp.nhi.gov.tw/api/NhiPatientImage/studies/1.2.840.6610321904118510815420318233761831142014/series-uid 
  Message: Execution attempt. Source: 'OracleResiliencePipeline/(null)/Retry', Operation Key: '', Result: '1.2.840.185393732156165237212158241127106677643111', Handled: 'False', Attempt: '0', Execution Time: '11.3869'
  Properties: PipelineName=OracleResiliencePipeline; PipelineInstance=(null); StrategyName=Retry; Result=1.2.840.185393732156165237212158241127106677643111; Handled=false; Attempt=0; ExecutionTimeMs=11.3869; EventId=3; EventName=ExecutionAttempt; RequestId=400000b5-0005-fd00-b63f-84710c7967bb; RequestPath=/api/NhiPatientImage/studies/1.2.840.6610321904118510815420318233761831142014/series-uid; ActionId=4aeb1ff5-d75b-4ae7-bc60-1eb478a303f7; ActionName=NHI_AI_MedReportViewerWebApi.Controllers.NhiPatientImageController.GetSeriesInstanceUid (NHI-AI-MedReportViewerWebApi); StudyInstanceUid=1.2.840.6610321904118510815420318233761831142014; SeriesNumber=4
  ======================================================================

2026-05-25 10:17:11.9025 [INFO] [Polly] [TraceID: 00-a7ac30d3da9d5c21fa5c52b05d21b57c-2d7b2c73c953a958-00]
  Event: 0
  Request: GET https://lcr-tp.nhi.gov.tw/api/NhiPatientImage/studies/1.2.840.1405011311801131732011012121012200126134/series-uid 
  Message: Execution attempt. Source: 'OracleResiliencePipeline/(null)/Retry', Operation Key: '', Result: '1.2.840.51111141244381216847820799116149155151129', Handled: 'False', Attempt: '0', Execution Time: '15.4223'
  Properties: PipelineName=OracleResiliencePipeline; PipelineInstance=(null); StrategyName=Retry; Result=1.2.840.51111141244381216847820799116149155151129; Handled=false; Attempt=0; ExecutionTimeMs=15.4223; EventId=3; EventName=ExecutionAttempt; RequestId=400001a7-0005-fe00-b63f-84710c7967bb; RequestPath=/api/NhiPatientImage/studies/1.2.840.1405011311801131732011012121012200126134/series-uid; ActionId=4aeb1ff5-d75b-4ae7-bc60-1eb478a303f7; ActionName=NHI_AI_MedReportViewerWebApi.Controllers.NhiPatientImageController.GetSeriesInstanceUid (NHI-AI-MedReportViewerWebApi); StudyInstanceUid=1.2.840.1405011311801131732011012121012200126134; SeriesNumber=4
  ======================================================================

2026-05-25 10:17:11.9180 [INFO] [NHI_AI_MedReportViewerWebApi.Services.NhiPatientImageService] [TraceID: 00-dc094dfec9ac2c9de5aa6514632510db-0420e784cfb77668-00]
  Event: 0
  Request: GET https://lcr-tp.nhi.gov.tw/api/NhiPatientImage/studies/1.2.840.6610321904118510815420318233761831142014/series-uid 
  Message: 找到 Series Number 4 對應的 Series Instance UID: 1.2.840.185393732156165237212158241127106677643111
  Properties: RequestId=400000b5-0005-fd00-b63f-84710c7967bb; RequestPath=/api/NhiPatientImage/studies/1.2.840.6610321904118510815420318233761831142014/series-uid; ActionId=4aeb1ff5-d75b-4ae7-bc60-1eb478a303f7; ActionName=NHI_AI_MedReportViewerWebApi.Controllers.NhiPatientImageController.GetSeriesInstanceUid (NHI-AI-MedReportViewerWebApi); StudyInstanceUid=1.2.840.6610321904118510815420318233761831142014; SeriesNumber=4
  ======================================================================

2026-05-25 10:17:11.9180 [INFO] [NHI_AI_MedReportViewerWebApi.Services.NhiPatientImageService] [TraceID: 00-a7ac30d3da9d5c21fa5c52b05d21b57c-2d7b2c73c953a958-00]
  Event: 0
  Request: GET https://lcr-tp.nhi.gov.tw/api/NhiPatientImage/studies/1.2.840.1405011311801131732011012121012200126134/series-uid 
  Message: 找到 Series Number 4 對應的 Series Instance UID: 1.2.840.51111141244381216847820799116149155151129
  Properties: RequestId=400001a7-0005-fe00-b63f-84710c7967bb; RequestPath=/api/NhiPatientImage/studies/1.2.840.1405011311801131732011012121012200126134/series-uid; ActionId=4aeb1ff5-d75b-4ae7-bc60-1eb478a303f7; ActionName=NHI_AI_MedReportViewerWebApi.Controllers.NhiPatientImageController.GetSeriesInstanceUid (NHI-AI-MedReportViewerWebApi); StudyInstanceUid=1.2.840.1405011311801131732011012121012200126134; SeriesNumber=4
  ======================================================================

2026-05-25 10:17:11.9409 [INFO] [NHI_AI_MedReportViewerWebApi.Services.NhiPatientImageService] [TraceID: 00-f4f818eee1a38787c04b81d3a82427ad-2869095859a8ef0d-00]
  Event: 0
  Request: GET https://lcr-tp.nhi.gov.tw/api/NhiPatientImage/studies/1.2.840.6610321904118510815420318233761831142014/series-uid 
  Message: 開始查詢 Series Instance UID: Study=1.2.840.6610321904118510815420318233761831142014, SeriesNumber=4
  Properties: RequestId=40000147-0006-f300-b63f-84710c7967bb; RequestPath=/api/NhiPatientImage/studies/1.2.840.6610321904118510815420318233761831142014/series-uid; ActionId=4aeb1ff5-d75b-4ae7-bc60-1eb478a303f7; ActionName=NHI_AI_MedReportViewerWebApi.Controllers.NhiPatientImageController.GetSeriesInstanceUid (NHI-AI-MedReportViewerWebApi); StudyInstanceUid=1.2.840.6610321904118510815420318233761831142014; SeriesNumber=4
  ======================================================================

2026-05-25 10:17:11.9409 [INFO] [NHI_AI_MedReportViewerWebApi.Services.NhiPatientImageService] [TraceID: 00-c3bed4820f5963303a1600a60f996481-02151e6b81403ae4-00]
  Event: 0
  Request: GET https://lcr-tp.nhi.gov.tw/api/NhiPatientImage/studies/1.2.840.6610321904118510815420318233761831142014/series/1.2.840.185393732156165237212158241127106677643111/sop-uid 
  Message: 開始查詢 SOP Instance UID: Study=1.2.840.6610321904118510815420318233761831142014, Series=1.2.840.185393732156165237212158241127106677643111, InstanceNumber=29
  Properties: RequestId=400001f0-0006-fc00-b63f-84710c7967bb; RequestPath=/api/NhiPatientImage/studies/1.2.840.6610321904118510815420318233761831142014/series/1.2.840.185393732156165237212158241127106677643111/sop-uid; ActionId=23d89113-aaeb-43f2-8fff-fb67c2497075; ActionName=NHI_AI_MedReportViewerWebApi.Controllers.NhiPatientImageController.GetSopInstanceUid (NHI-AI-MedReportViewerWebApi); StudyInstanceUid=1.2.840.6610321904118510815420318233761831142014; SeriesInstanceUid=1.2.840.185393732156165237212158241127106677643111; InstanceNumber=29
  ======================================================================

2026-05-25 10:17:11.9549 [INFO] [NHI_AI_MedReportViewerWebApi.Services.NhiRegistrationService] [TraceID: 00-14be1bc31f09cc5ee2bb5e1a89ab193d-05b9d63eb220f7bf-00]
  Event: 0
  Request: GET https://lcr-tp.nhi.gov.tw/api/registration/get-target-instance 
  Message: 查詢目標 Instance Number。Patient: Z299999830-20251102-1211-00000000001, RefSeries: 1.2.840.185393732156165237212158241127106677643111, DstSeries: 1.2.840.51111141244381216847820799116149155151129
  Properties: PatientId=Z299999830-20251102-1211-00000000001; RefSeriesUid=1.2.840.185393732156165237212158241127106677643111; DstSeriesUid=1.2.840.51111141244381216847820799116149155151129; RequestId=40000105-0006-f700-b63f-84710c7967bb; RequestPath=/api/registration/get-target-instance; ActionId=2e15296a-ac65-4145-8435-44b5f51489a1; ActionName=NHI_AI_MedReportViewerWebApi.Controllers.RegistrationController.GetTargetInstance (NHI-AI-MedReportViewerWebApi); patientObjId=Z299999830-20251102-1211-00000000001; refStudyObjId=Z299999830-STUDY-OBJID-2025110200018; refStudyUid=1.2.840.6610321904118510815420318233761831142014; refSeriesUid=1.2.840.185393732156165237212158241127106677643111; refInstanceNum=29; targetStudyObjId=Z299999830-STUDY-OBJID-2025110200020; targetStudyUid=1.2.840.1405011311801131732011012121012200126134; targetSeriesUid=1.2.840.51111141244381216847820799116149155151129
  ======================================================================

2026-05-25 10:17:11.9656 [INFO] [Polly] [TraceID: 00-f4f818eee1a38787c04b81d3a82427ad-2869095859a8ef0d-00]
  Event: 0
  Request: GET https://lcr-tp.nhi.gov.tw/api/NhiPatientImage/studies/1.2.840.6610321904118510815420318233761831142014/series-uid 
  Message: Execution attempt. Source: 'OracleResiliencePipeline/(null)/Retry', Operation Key: '', Result: '1.2.840.185393732156165237212158241127106677643111', Handled: 'False', Attempt: '0', Execution Time: '6.5719'
  Properties: PipelineName=OracleResiliencePipeline; PipelineInstance=(null); StrategyName=Retry; Result=1.2.840.185393732156165237212158241127106677643111; Handled=false; Attempt=0; ExecutionTimeMs=6.5719; EventId=3; EventName=ExecutionAttempt; RequestId=40000147-0006-f300-b63f-84710c7967bb; RequestPath=/api/NhiPatientImage/studies/1.2.840.6610321904118510815420318233761831142014/series-uid; ActionId=4aeb1ff5-d75b-4ae7-bc60-1eb478a303f7; ActionName=NHI_AI_MedReportViewerWebApi.Controllers.NhiPatientImageController.GetSeriesInstanceUid (NHI-AI-MedReportViewerWebApi); StudyInstanceUid=1.2.840.6610321904118510815420318233761831142014; SeriesNumber=4
  ======================================================================

2026-05-25 10:17:12.0024 [INFO] [NHI_AI_MedReportViewerWebApi.Services.NhiPatientImageService] [TraceID: 00-f4f818eee1a38787c04b81d3a82427ad-2869095859a8ef0d-00]
  Event: 0
  Request: GET https://lcr-tp.nhi.gov.tw/api/NhiPatientImage/studies/1.2.840.6610321904118510815420318233761831142014/series-uid 
  Message: 找到 Series Number 4 對應的 Series Instance UID: 1.2.840.185393732156165237212158241127106677643111
  Properties: RequestId=40000147-0006-f300-b63f-84710c7967bb; RequestPath=/api/NhiPatientImage/studies/1.2.840.6610321904118510815420318233761831142014/series-uid; ActionId=4aeb1ff5-d75b-4ae7-bc60-1eb478a303f7; ActionName=NHI_AI_MedReportViewerWebApi.Controllers.NhiPatientImageController.GetSeriesInstanceUid (NHI-AI-MedReportViewerWebApi); StudyInstanceUid=1.2.840.6610321904118510815420318233761831142014; SeriesNumber=4
  ======================================================================

2026-05-25 10:17:12.0263 [INFO] [NHI_AI_MedReportViewerWebApi.Services.NhiPatientImageService] [TraceID: 00-cb684c3536f3dad6727a6ec652b9d333-97cb555b39648051-00]
  Event: 0
  Request: GET https://lcr-tp.nhi.gov.tw/api/NhiPatientImage/studies/1.2.840.167221195121219905290418769251473628129/series-uid 
  Message: 開始查詢 Series Instance UID: Study=1.2.840.167221195121219905290418769251473628129, SeriesNumber=9
  Properties: RequestId=40000149-0006-f300-b63f-84710c7967bb; RequestPath=/api/NhiPatientImage/studies/1.2.840.167221195121219905290418769251473628129/series-uid; ActionId=4aeb1ff5-d75b-4ae7-bc60-1eb478a303f7; ActionName=NHI_AI_MedReportViewerWebApi.Controllers.NhiPatientImageController.GetSeriesInstanceUid (NHI-AI-MedReportViewerWebApi); StudyInstanceUid=1.2.840.167221195121219905290418769251473628129; SeriesNumber=9
  ======================================================================

2026-05-25 10:17:12.0443 [INFO] [Polly] [TraceID: 00-c3bed4820f5963303a1600a60f996481-02151e6b81403ae4-00]
  Event: 0
  Request: GET https://lcr-tp.nhi.gov.tw/api/NhiPatientImage/studies/1.2.840.6610321904118510815420318233761831142014/series/1.2.840.185393732156165237212158241127106677643111/sop-uid 
  Message: Execution attempt. Source: 'OracleResiliencePipeline/(null)/Retry', Operation Key: '', Result: '1.2.840.3417124205586658229153205402522644', Handled: 'False', Attempt: '0', Execution Time: '77.2071'
  Properties: PipelineName=OracleResiliencePipeline; PipelineInstance=(null); StrategyName=Retry; Result=1.2.840.3417124205586658229153205402522644; Handled=false; Attempt=0; ExecutionTimeMs=77.2071; EventId=3; EventName=ExecutionAttempt; RequestId=400001f0-0006-fc00-b63f-84710c7967bb; RequestPath=/api/NhiPatientImage/studies/1.2.840.6610321904118510815420318233761831142014/series/1.2.840.185393732156165237212158241127106677643111/sop-uid; ActionId=23d89113-aaeb-43f2-8fff-fb67c2497075; ActionName=NHI_AI_MedReportViewerWebApi.Controllers.NhiPatientImageController.GetSopInstanceUid (NHI-AI-MedReportViewerWebApi); StudyInstanceUid=1.2.840.6610321904118510815420318233761831142014; SeriesInstanceUid=1.2.840.185393732156165237212158241127106677643111; InstanceNumber=29
  ======================================================================

2026-05-25 10:17:12.0443 [INFO] [Polly] [TraceID: 00-14be1bc31f09cc5ee2bb5e1a89ab193d-05b9d63eb220f7bf-00]
  Event: 0
  Request: GET https://lcr-tp.nhi.gov.tw/api/registration/get-target-instance 
  Message: Execution attempt. Source: 'OracleResiliencePipeline/(null)/Retry', Operation Key: '', Result: '33', Handled: 'False', Attempt: '0', Execution Time: '69.1463'
  Properties: PipelineName=OracleResiliencePipeline; PipelineInstance=(null); StrategyName=Retry; Result=33; Handled=false; Attempt=0; ExecutionTimeMs=69.1463; EventId=3; EventName=ExecutionAttempt; RequestId=40000105-0006-f700-b63f-84710c7967bb; RequestPath=/api/registration/get-target-instance; ActionId=2e15296a-ac65-4145-8435-44b5f51489a1; ActionName=NHI_AI_MedReportViewerWebApi.Controllers.RegistrationController.GetTargetInstance (NHI-AI-MedReportViewerWebApi); patientObjId=Z299999830-20251102-1211-00000000001; refStudyObjId=Z299999830-STUDY-OBJID-2025110200018; refStudyUid=1.2.840.6610321904118510815420318233761831142014; refSeriesUid=1.2.840.185393732156165237212158241127106677643111; refInstanceNum=29; targetStudyObjId=Z299999830-STUDY-OBJID-2025110200020; targetStudyUid=1.2.840.1405011311801131732011012121012200126134; targetSeriesUid=1.2.840.51111141244381216847820799116149155151129
  ======================================================================

2026-05-25 10:17:12.0615 [INFO] [NHI_AI_MedReportViewerWebApi.Services.NhiPatientImageService] [TraceID: 00-c3bed4820f5963303a1600a60f996481-02151e6b81403ae4-00]
  Event: 0
  Request: GET https://lcr-tp.nhi.gov.tw/api/NhiPatientImage/studies/1.2.840.6610321904118510815420318233761831142014/series/1.2.840.185393732156165237212158241127106677643111/sop-uid 
  Message: 找到 Instance Number 29 對應的 SOP Instance UID: 1.2.840.3417124205586658229153205402522644
  Properties: RequestId=400001f0-0006-fc00-b63f-84710c7967bb; RequestPath=/api/NhiPatientImage/studies/1.2.840.6610321904118510815420318233761831142014/series/1.2.840.185393732156165237212158241127106677643111/sop-uid; ActionId=23d89113-aaeb-43f2-8fff-fb67c2497075; ActionName=NHI_AI_MedReportViewerWebApi.Controllers.NhiPatientImageController.GetSopInstanceUid (NHI-AI-MedReportViewerWebApi); StudyInstanceUid=1.2.840.6610321904118510815420318233761831142014; SeriesInstanceUid=1.2.840.185393732156165237212158241127106677643111; InstanceNumber=29
  ======================================================================

2026-05-25 10:17:12.0615 [INFO] [Polly] [TraceID: 00-cb684c3536f3dad6727a6ec652b9d333-97cb555b39648051-00]
  Event: 0
  Request: GET https://lcr-tp.nhi.gov.tw/api/NhiPatientImage/studies/1.2.840.167221195121219905290418769251473628129/series-uid 
  Message: Execution attempt. Source: 'OracleResiliencePipeline/(null)/Retry', Operation Key: '', Result: '1.2.840.1721868228751932482087238247913291134107', Handled: 'False', Attempt: '0', Execution Time: '23.3209'
  Properties: PipelineName=OracleResiliencePipeline; PipelineInstance=(null); StrategyName=Retry; Result=1.2.840.1721868228751932482087238247913291134107; Handled=false; Attempt=0; ExecutionTimeMs=23.3209; EventId=3; EventName=ExecutionAttempt; RequestId=40000149-0006-f300-b63f-84710c7967bb; RequestPath=/api/NhiPatientImage/studies/1.2.840.167221195121219905290418769251473628129/series-uid; ActionId=4aeb1ff5-d75b-4ae7-bc60-1eb478a303f7; ActionName=NHI_AI_MedReportViewerWebApi.Controllers.NhiPatientImageController.GetSeriesInstanceUid (NHI-AI-MedReportViewerWebApi); StudyInstanceUid=1.2.840.167221195121219905290418769251473628129; SeriesNumber=9
  ======================================================================

2026-05-25 10:17:12.0615 [INFO] [NHI_AI_MedReportViewerWebApi.Services.NhiRegistrationService] [TraceID: 00-14be1bc31f09cc5ee2bb5e1a89ab193d-05b9d63eb220f7bf-00]
  Event: 0
  Request: GET https://lcr-tp.nhi.gov.tw/api/registration/get-target-instance 
  Message: 找到對應的目標 Instance Number: 33
  Properties: TargetInstanceNum=33; RequestId=40000105-0006-f700-b63f-84710c7967bb; RequestPath=/api/registration/get-target-instance; ActionId=2e15296a-ac65-4145-8435-44b5f51489a1; ActionName=NHI_AI_MedReportViewerWebApi.Controllers.RegistrationController.GetTargetInstance (NHI-AI-MedReportViewerWebApi); patientObjId=Z299999830-20251102-1211-00000000001; refStudyObjId=Z299999830-STUDY-OBJID-2025110200018; refStudyUid=1.2.840.6610321904118510815420318233761831142014; refSeriesUid=1.2.840.185393732156165237212158241127106677643111; refInstanceNum=29; targetStudyObjId=Z299999830-STUDY-OBJID-2025110200020; targetStudyUid=1.2.840.1405011311801131732011012121012200126134; targetSeriesUid=1.2.840.51111141244381216847820799116149155151129
  ======================================================================

2026-05-25 10:17:12.0895 [INFO] [NHI_AI_MedReportViewerWebApi.Services.NhiPatientImageService] [TraceID: 00-cb684c3536f3dad6727a6ec652b9d333-97cb555b39648051-00]
  Event: 0
  Request: GET https://lcr-tp.nhi.gov.tw/api/NhiPatientImage/studies/1.2.840.167221195121219905290418769251473628129/series-uid 
  Message: 找到 Series Number 9 對應的 Series Instance UID: 1.2.840.1721868228751932482087238247913291134107
  Properties: RequestId=40000149-0006-f300-b63f-84710c7967bb; RequestPath=/api/NhiPatientImage/studies/1.2.840.167221195121219905290418769251473628129/series-uid; ActionId=4aeb1ff5-d75b-4ae7-bc60-1eb478a303f7; ActionName=NHI_AI_MedReportViewerWebApi.Controllers.NhiPatientImageController.GetSeriesInstanceUid (NHI-AI-MedReportViewerWebApi); StudyInstanceUid=1.2.840.167221195121219905290418769251473628129; SeriesNumber=9
  ======================================================================

2026-05-25 10:17:12.0895 [INFO] [NHI_AI_MedReportViewerWebApi.Services.NhiPatientImageService] [TraceID: 00-14be1bc31f09cc5ee2bb5e1a89ab193d-05b9d63eb220f7bf-00]
  Event: 0
  Request: GET https://lcr-tp.nhi.gov.tw/api/registration/get-target-instance 
  Message: 開始查詢 SOP Instance UID: Study=1.2.840.1405011311801131732011012121012200126134, Series=1.2.840.51111141244381216847820799116149155151129, InstanceNumber=33
  Properties: RequestId=40000105-0006-f700-b63f-84710c7967bb; RequestPath=/api/registration/get-target-instance; ActionId=2e15296a-ac65-4145-8435-44b5f51489a1; ActionName=NHI_AI_MedReportViewerWebApi.Controllers.RegistrationController.GetTargetInstance (NHI-AI-MedReportViewerWebApi); patientObjId=Z299999830-20251102-1211-00000000001; refStudyObjId=Z299999830-STUDY-OBJID-2025110200018; refStudyUid=1.2.840.6610321904118510815420318233761831142014; refSeriesUid=1.2.840.185393732156165237212158241127106677643111; refInstanceNum=29; targetStudyObjId=Z299999830-STUDY-OBJID-2025110200020; targetStudyUid=1.2.840.1405011311801131732011012121012200126134; targetSeriesUid=1.2.840.51111141244381216847820799116149155151129
  ======================================================================

2026-05-25 10:17:12.1260 [INFO] [Polly] [TraceID: 00-14be1bc31f09cc5ee2bb5e1a89ab193d-05b9d63eb220f7bf-00]
  Event: 0
  Request: GET https://lcr-tp.nhi.gov.tw/api/registration/get-target-instance 
  Message: Execution attempt. Source: 'OracleResiliencePipeline/(null)/Retry', Operation Key: '', Result: '1.2.840.24579199223184521533823815810478347056196', Handled: 'False', Attempt: '0', Execution Time: '13.6502'
  Properties: PipelineName=OracleResiliencePipeline; PipelineInstance=(null); StrategyName=Retry; Result=1.2.840.24579199223184521533823815810478347056196; Handled=false; Attempt=0; ExecutionTimeMs=13.6502; EventId=3; EventName=ExecutionAttempt; RequestId=40000105-0006-f700-b63f-84710c7967bb; RequestPath=/api/registration/get-target-instance; ActionId=2e15296a-ac65-4145-8435-44b5f51489a1; ActionName=NHI_AI_MedReportViewerWebApi.Controllers.RegistrationController.GetTargetInstance (NHI-AI-MedReportViewerWebApi); patientObjId=Z299999830-20251102-1211-00000000001; refStudyObjId=Z299999830-STUDY-OBJID-2025110200018; refStudyUid=1.2.840.6610321904118510815420318233761831142014; refSeriesUid=1.2.840.185393732156165237212158241127106677643111; refInstanceNum=29; targetStudyObjId=Z299999830-STUDY-OBJID-2025110200020; targetStudyUid=1.2.840.1405011311801131732011012121012200126134; targetSeriesUid=1.2.840.51111141244381216847820799116149155151129
  ======================================================================

2026-05-25 10:17:12.1390 [INFO] [NHI_AI_MedReportViewerWebApi.Services.NhiPatientImageService] [TraceID: 00-14be1bc31f09cc5ee2bb5e1a89ab193d-05b9d63eb220f7bf-00]
  Event: 0
  Request: GET https://lcr-tp.nhi.gov.tw/api/registration/get-target-instance 
  Message: 找到 Instance Number 33 對應的 SOP Instance UID: 1.2.840.24579199223184521533823815810478347056196
  Properties: RequestId=40000105-0006-f700-b63f-84710c7967bb; RequestPath=/api/registration/get-target-instance; ActionId=2e15296a-ac65-4145-8435-44b5f51489a1; ActionName=NHI_AI_MedReportViewerWebApi.Controllers.RegistrationController.GetTargetInstance (NHI-AI-MedReportViewerWebApi); patientObjId=Z299999830-20251102-1211-00000000001; refStudyObjId=Z299999830-STUDY-OBJID-2025110200018; refStudyUid=1.2.840.6610321904118510815420318233761831142014; refSeriesUid=1.2.840.185393732156165237212158241127106677643111; refInstanceNum=29; targetStudyObjId=Z299999830-STUDY-OBJID-2025110200020; targetStudyUid=1.2.840.1405011311801131732011012121012200126134; targetSeriesUid=1.2.840.51111141244381216847820799116149155151129
  ======================================================================

2026-05-25 10:17:12.1390 [INFO] [NHI_AI_MedReportViewerWebApi.Services.NhiRegistrationService] [TraceID: 00-0db793df245968d6a0d9b233223f2b5d-fd239ebfb082e0f5-00]
  Event: 0
  Request: GET https://lcr-tp.nhi.gov.tw/api/registration/get-target-instance 
  Message: 查詢目標 Instance Number。Patient: Z299999830-20251102-1211-00000000001, RefSeries: 1.2.840.185393732156165237212158241127106677643111, DstSeries: 1.2.840.1721868228751932482087238247913291134107
  Properties: PatientId=Z299999830-20251102-1211-00000000001; RefSeriesUid=1.2.840.185393732156165237212158241127106677643111; DstSeriesUid=1.2.840.1721868228751932482087238247913291134107; RequestId=40000046-0004-f300-b63f-84710c7967bb; RequestPath=/api/registration/get-target-instance; ActionId=2e15296a-ac65-4145-8435-44b5f51489a1; ActionName=NHI_AI_MedReportViewerWebApi.Controllers.RegistrationController.GetTargetInstance (NHI-AI-MedReportViewerWebApi); patientObjId=Z299999830-20251102-1211-00000000001; refStudyObjId=Z299999830-STUDY-OBJID-2025110200018; refStudyUid=1.2.840.6610321904118510815420318233761831142014; refSeriesUid=1.2.840.185393732156165237212158241127106677643111; refInstanceNum=29; targetStudyObjId=Z299999830-STUDY-OBJID-2025110200021; targetStudyUid=1.2.840.167221195121219905290418769251473628129; targetSeriesUid=1.2.840.1721868228751932482087238247913291134107
  ======================================================================

2026-05-25 10:17:12.1926 [INFO] [Polly] [TraceID: 00-0db793df245968d6a0d9b233223f2b5d-fd239ebfb082e0f5-00]
  Event: 0
  Request: GET https://lcr-tp.nhi.gov.tw/api/registration/get-target-instance 
  Message: Execution attempt. Source: 'OracleResiliencePipeline/(null)/Retry', Operation Key: '', Result: '23', Handled: 'False', Attempt: '0', Execution Time: '27.4816'
  Properties: PipelineName=OracleResiliencePipeline; PipelineInstance=(null); StrategyName=Retry; Result=23; Handled=false; Attempt=0; ExecutionTimeMs=27.4816; EventId=3; EventName=ExecutionAttempt; RequestId=40000046-0004-f300-b63f-84710c7967bb; RequestPath=/api/registration/get-target-instance; ActionId=2e15296a-ac65-4145-8435-44b5f51489a1; ActionName=NHI_AI_MedReportViewerWebApi.Controllers.RegistrationController.GetTargetInstance (NHI-AI-MedReportViewerWebApi); patientObjId=Z299999830-20251102-1211-00000000001; refStudyObjId=Z299999830-STUDY-OBJID-2025110200018; refStudyUid=1.2.840.6610321904118510815420318233761831142014; refSeriesUid=1.2.840.185393732156165237212158241127106677643111; refInstanceNum=29; targetStudyObjId=Z299999830-STUDY-OBJID-2025110200021; targetStudyUid=1.2.840.167221195121219905290418769251473628129; targetSeriesUid=1.2.840.1721868228751932482087238247913291134107
  ======================================================================

2026-05-25 10:17:12.2068 [INFO] [NHI_AI_MedReportViewerWebApi.Services.NhiRegistrationService] [TraceID: 00-0db793df245968d6a0d9b233223f2b5d-fd239ebfb082e0f5-00]
  Event: 0
  Request: GET https://lcr-tp.nhi.gov.tw/api/registration/get-target-instance 
  Message: 找到對應的目標 Instance Number: 23
  Properties: TargetInstanceNum=23; RequestId=40000046-0004-f300-b63f-84710c7967bb; RequestPath=/api/registration/get-target-instance; ActionId=2e15296a-ac65-4145-8435-44b5f51489a1; ActionName=NHI_AI_MedReportViewerWebApi.Controllers.RegistrationController.GetTargetInstance (NHI-AI-MedReportViewerWebApi); patientObjId=Z299999830-20251102-1211-00000000001; refStudyObjId=Z299999830-STUDY-OBJID-2025110200018; refStudyUid=1.2.840.6610321904118510815420318233761831142014; refSeriesUid=1.2.840.185393732156165237212158241127106677643111; refInstanceNum=29; targetStudyObjId=Z299999830-STUDY-OBJID-2025110200021; targetStudyUid=1.2.840.167221195121219905290418769251473628129; targetSeriesUid=1.2.840.1721868228751932482087238247913291134107
  ======================================================================

2026-05-25 10:17:12.2245 [INFO] [NHI_AI_MedReportViewerWebApi.Services.NhiPatientImageService] [TraceID: 00-0db793df245968d6a0d9b233223f2b5d-fd239ebfb082e0f5-00]
  Event: 0
  Request: GET https://lcr-tp.nhi.gov.tw/api/registration/get-target-instance 
  Message: 開始查詢 SOP Instance UID: Study=1.2.840.167221195121219905290418769251473628129, Series=1.2.840.1721868228751932482087238247913291134107, InstanceNumber=23
  Properties: RequestId=40000046-0004-f300-b63f-84710c7967bb; RequestPath=/api/registration/get-target-instance; ActionId=2e15296a-ac65-4145-8435-44b5f51489a1; ActionName=NHI_AI_MedReportViewerWebApi.Controllers.RegistrationController.GetTargetInstance (NHI-AI-MedReportViewerWebApi); patientObjId=Z299999830-20251102-1211-00000000001; refStudyObjId=Z299999830-STUDY-OBJID-2025110200018; refStudyUid=1.2.840.6610321904118510815420318233761831142014; refSeriesUid=1.2.840.185393732156165237212158241127106677643111; refInstanceNum=29; targetStudyObjId=Z299999830-STUDY-OBJID-2025110200021; targetStudyUid=1.2.840.167221195121219905290418769251473628129; targetSeriesUid=1.2.840.1721868228751932482087238247913291134107
  ======================================================================

2026-05-25 10:17:12.2642 [INFO] [Polly] [TraceID: 00-0db793df245968d6a0d9b233223f2b5d-fd239ebfb082e0f5-00]
  Event: 0
  Request: GET https://lcr-tp.nhi.gov.tw/api/registration/get-target-instance 
  Message: Execution attempt. Source: 'OracleResiliencePipeline/(null)/Retry', Operation Key: '', Result: '1.2.840.98120681611151912501302422382492421676315575', Handled: 'False', Attempt: '0', Execution Time: '23.8733'
  Properties: PipelineName=OracleResiliencePipeline; PipelineInstance=(null); StrategyName=Retry; Result=1.2.840.98120681611151912501302422382492421676315575; Handled=false; Attempt=0; ExecutionTimeMs=23.8733; EventId=3; EventName=ExecutionAttempt; RequestId=40000046-0004-f300-b63f-84710c7967bb; RequestPath=/api/registration/get-target-instance; ActionId=2e15296a-ac65-4145-8435-44b5f51489a1; ActionName=NHI_AI_MedReportViewerWebApi.Controllers.RegistrationController.GetTargetInstance (NHI-AI-MedReportViewerWebApi); patientObjId=Z299999830-20251102-1211-00000000001; refStudyObjId=Z299999830-STUDY-OBJID-2025110200018; refStudyUid=1.2.840.6610321904118510815420318233761831142014; refSeriesUid=1.2.840.185393732156165237212158241127106677643111; refInstanceNum=29; targetStudyObjId=Z299999830-STUDY-OBJID-2025110200021; targetStudyUid=1.2.840.167221195121219905290418769251473628129; targetSeriesUid=1.2.840.1721868228751932482087238247913291134107
  ======================================================================

2026-05-25 10:17:12.2774 [INFO] [NHI_AI_MedReportViewerWebApi.Services.NhiPatientImageService] [TraceID: 00-0db793df245968d6a0d9b233223f2b5d-fd239ebfb082e0f5-00]
  Event: 0
  Request: GET https://lcr-tp.nhi.gov.tw/api/registration/get-target-instance 
  Message: 找到 Instance Number 23 對應的 SOP Instance UID: 1.2.840.98120681611151912501302422382492421676315575
  Properties: RequestId=40000046-0004-f300-b63f-84710c7967bb; RequestPath=/api/registration/get-target-instance; ActionId=2e15296a-ac65-4145-8435-44b5f51489a1; ActionName=NHI_AI_MedReportViewerWebApi.Controllers.RegistrationController.GetTargetInstance (NHI-AI-MedReportViewerWebApi); patientObjId=Z299999830-20251102-1211-00000000001; refStudyObjId=Z299999830-STUDY-OBJID-2025110200018; refStudyUid=1.2.840.6610321904118510815420318233761831142014; refSeriesUid=1.2.840.185393732156165237212158241127106677643111; refInstanceNum=29; targetStudyObjId=Z299999830-STUDY-OBJID-2025110200021; targetStudyUid=1.2.840.167221195121219905290418769251473628129; targetSeriesUid=1.2.840.1721868228751932482087238247913291134107
  ======================================================================

2026-05-25 10:18:29.6795 [INFO] [NHI_AI_MedReportViewerWebApi.Services.NhiPatientImageService] [TraceID: 00-11e94615f683b1988a08b4763b9d6f18-f76369648352d273-00]
  Event: 0
  Request: GET https://lcr-tp.nhi.gov.tw/api/NhiPatientImage/studies/1.2.840.133888132105150143162871541411731780159144/series-uid 
  Message: 開始查詢 Series Instance UID: Study=1.2.840.133888132105150143162871541411731780159144, SeriesNumber=15
  Properties: RequestId=400001a9-0005-fe00-b63f-84710c7967bb; RequestPath=/api/NhiPatientImage/studies/1.2.840.133888132105150143162871541411731780159144/series-uid; ActionId=4aeb1ff5-d75b-4ae7-bc60-1eb478a303f7; ActionName=NHI_AI_MedReportViewerWebApi.Controllers.NhiPatientImageController.GetSeriesInstanceUid (NHI-AI-MedReportViewerWebApi); StudyInstanceUid=1.2.840.133888132105150143162871541411731780159144; SeriesNumber=15
  ======================================================================

2026-05-25 10:18:29.7062 [INFO] [Polly] [TraceID: 00-11e94615f683b1988a08b4763b9d6f18-f76369648352d273-00]
  Event: 0
  Request: GET https://lcr-tp.nhi.gov.tw/api/NhiPatientImage/studies/1.2.840.133888132105150143162871541411731780159144/series-uid 
  Message: Execution attempt. Source: 'OracleResiliencePipeline/(null)/Retry', Operation Key: '', Result: '1.2.840.19216622352892321110282110210111240391850', Handled: 'False', Attempt: '0', Execution Time: '6.3661'
  Properties: PipelineName=OracleResiliencePipeline; PipelineInstance=(null); StrategyName=Retry; Result=1.2.840.19216622352892321110282110210111240391850; Handled=false; Attempt=0; ExecutionTimeMs=6.3661; EventId=3; EventName=ExecutionAttempt; RequestId=400001a9-0005-fe00-b63f-84710c7967bb; RequestPath=/api/NhiPatientImage/studies/1.2.840.133888132105150143162871541411731780159144/series-uid; ActionId=4aeb1ff5-d75b-4ae7-bc60-1eb478a303f7; ActionName=NHI_AI_MedReportViewerWebApi.Controllers.NhiPatientImageController.GetSeriesInstanceUid (NHI-AI-MedReportViewerWebApi); StudyInstanceUid=1.2.840.133888132105150143162871541411731780159144; SeriesNumber=15
  ======================================================================

2026-05-25 10:18:29.7212 [INFO] [NHI_AI_MedReportViewerWebApi.Services.NhiPatientImageService] [TraceID: 00-11e94615f683b1988a08b4763b9d6f18-f76369648352d273-00]
  Event: 0
  Request: GET https://lcr-tp.nhi.gov.tw/api/NhiPatientImage/studies/1.2.840.133888132105150143162871541411731780159144/series-uid 
  Message: 找到 Series Number 15 對應的 Series Instance UID: 1.2.840.19216622352892321110282110210111240391850
  Properties: RequestId=400001a9-0005-fe00-b63f-84710c7967bb; RequestPath=/api/NhiPatientImage/studies/1.2.840.133888132105150143162871541411731780159144/series-uid; ActionId=4aeb1ff5-d75b-4ae7-bc60-1eb478a303f7; ActionName=NHI_AI_MedReportViewerWebApi.Controllers.NhiPatientImageController.GetSeriesInstanceUid (NHI-AI-MedReportViewerWebApi); StudyInstanceUid=1.2.840.133888132105150143162871541411731780159144; SeriesNumber=15
  ======================================================================

2026-05-25 10:18:38.4300 [INFO] [Polly] [TraceID: 00-f475cfa53c4560ed518b9cb084d68203-d5342c0bd970e0d8-00]
  Event: 0
  Request: GET https://lcr-tp.nhi.gov.tw/api/DigestSummary/hospital 
  Message: Execution attempt. Source: 'OracleResiliencePipeline/(null)/Retry', Operation Key: '', Result: '大東醫院', Handled: 'False', Attempt: '0', Execution Time: '65.611'
  Properties: PipelineName=OracleResiliencePipeline; PipelineInstance=(null); StrategyName=Retry; Result=大東醫院; Handled=false; Attempt=0; ExecutionTimeMs=65.611; EventId=3; EventName=ExecutionAttempt; RequestId=400000ac-0004-fc00-b63f-84710c7967bb; RequestPath=/api/DigestSummary/hospital; ActionId=a10747a9-3a3d-4b2b-805f-4ca0f2bb03d7; ActionName=NHI_AI_MedReportViewerWebApi.Controllers.DigestSummaryController.GetHospitalName (NHI-AI-MedReportViewerWebApi)
  ======================================================================

2026-05-25 10:18:38.4393 [INFO] [Polly] [TraceID: 00-f05817dde356888f14ea7904ee550aff-01743cc2801b26ac-00]
  Event: 0
  Request: GET https://lcr-tp.nhi.gov.tw/api/DigestSummary/hospital 
  Message: Execution attempt. Source: 'OracleResiliencePipeline/(null)/Retry', Operation Key: '', Result: '鳳山醫院', Handled: 'False', Attempt: '0', Execution Time: '73.1751'
  Properties: PipelineName=OracleResiliencePipeline; PipelineInstance=(null); StrategyName=Retry; Result=鳳山醫院; Handled=false; Attempt=0; ExecutionTimeMs=73.1751; EventId=3; EventName=ExecutionAttempt; RequestId=400001b3-0004-f700-b63f-84710c7967bb; RequestPath=/api/DigestSummary/hospital; ActionId=a10747a9-3a3d-4b2b-805f-4ca0f2bb03d7; ActionName=NHI_AI_MedReportViewerWebApi.Controllers.DigestSummaryController.GetHospitalName (NHI-AI-MedReportViewerWebApi)
  ======================================================================

2026-05-25 10:18:54.7057 [INFO] [NHI_AI_MedReportViewerWebApi.Services.NhiPatientImageService] [TraceID: 00-ddd5871ce286cad91ea3c30d392043c6-fd003b964c3857a5-00]
  Event: 0
  Request: GET https://lcr-tp.nhi.gov.tw/api/NhiPatientImage/studies/1.2.840.133888132105150143162871541411731780159144/series-uid 
  Message: 開始查詢 Series Instance UID: Study=1.2.840.133888132105150143162871541411731780159144, SeriesNumber=15
  Properties: RequestId=4000004a-0004-f300-b63f-84710c7967bb; RequestPath=/api/NhiPatientImage/studies/1.2.840.133888132105150143162871541411731780159144/series-uid; ActionId=4aeb1ff5-d75b-4ae7-bc60-1eb478a303f7; ActionName=NHI_AI_MedReportViewerWebApi.Controllers.NhiPatientImageController.GetSeriesInstanceUid (NHI-AI-MedReportViewerWebApi); StudyInstanceUid=1.2.840.133888132105150143162871541411731780159144; SeriesNumber=15
  ======================================================================

2026-05-25 10:18:54.7335 [INFO] [Polly] [TraceID: 00-ddd5871ce286cad91ea3c30d392043c6-fd003b964c3857a5-00]
  Event: 0
  Request: GET https://lcr-tp.nhi.gov.tw/api/NhiPatientImage/studies/1.2.840.133888132105150143162871541411731780159144/series-uid 
  Message: Execution attempt. Source: 'OracleResiliencePipeline/(null)/Retry', Operation Key: '', Result: '1.2.840.19216622352892321110282110210111240391850', Handled: 'False', Attempt: '0', Execution Time: '11.5394'
  Properties: PipelineName=OracleResiliencePipeline; PipelineInstance=(null); StrategyName=Retry; Result=1.2.840.19216622352892321110282110210111240391850; Handled=false; Attempt=0; ExecutionTimeMs=11.5394; EventId=3; EventName=ExecutionAttempt; RequestId=4000004a-0004-f300-b63f-84710c7967bb; RequestPath=/api/NhiPatientImage/studies/1.2.840.133888132105150143162871541411731780159144/series-uid; ActionId=4aeb1ff5-d75b-4ae7-bc60-1eb478a303f7; ActionName=NHI_AI_MedReportViewerWebApi.Controllers.NhiPatientImageController.GetSeriesInstanceUid (NHI-AI-MedReportViewerWebApi); StudyInstanceUid=1.2.840.133888132105150143162871541411731780159144; SeriesNumber=15
  ======================================================================

2026-05-25 10:18:54.7494 [INFO] [NHI_AI_MedReportViewerWebApi.Services.NhiPatientImageService] [TraceID: 00-ddd5871ce286cad91ea3c30d392043c6-fd003b964c3857a5-00]
  Event: 0
  Request: GET https://lcr-tp.nhi.gov.tw/api/NhiPatientImage/studies/1.2.840.133888132105150143162871541411731780159144/series-uid 
  Message: 找到 Series Number 15 對應的 Series Instance UID: 1.2.840.19216622352892321110282110210111240391850
  Properties: RequestId=4000004a-0004-f300-b63f-84710c7967bb; RequestPath=/api/NhiPatientImage/studies/1.2.840.133888132105150143162871541411731780159144/series-uid; ActionId=4aeb1ff5-d75b-4ae7-bc60-1eb478a303f7; ActionName=NHI_AI_MedReportViewerWebApi.Controllers.NhiPatientImageController.GetSeriesInstanceUid (NHI-AI-MedReportViewerWebApi); StudyInstanceUid=1.2.840.133888132105150143162871541411731780159144; SeriesNumber=15
  ======================================================================

2026-05-25 10:18:55.8576 [INFO] [NHI_AI_MedReportViewerWebApi.Services.NhiPatientImageService] [TraceID: 00-cf9b872cb9f20cb29f91d8de2ffc07bf-809aa09522401485-00]
  Event: 0
  Request: GET https://lcr-tp.nhi.gov.tw/api/NhiPatientImage/studies/1.2.840.23768155137684242221127824255137162071/series-uid 
  Message: 開始查詢 Series Instance UID: Study=1.2.840.23768155137684242221127824255137162071, SeriesNumber=3
  Properties: RequestId=4000008f-0000-fe00-b63f-84710c7967bb; RequestPath=/api/NhiPatientImage/studies/1.2.840.23768155137684242221127824255137162071/series-uid; ActionId=4aeb1ff5-d75b-4ae7-bc60-1eb478a303f7; ActionName=NHI_AI_MedReportViewerWebApi.Controllers.NhiPatientImageController.GetSeriesInstanceUid (NHI-AI-MedReportViewerWebApi); StudyInstanceUid=1.2.840.23768155137684242221127824255137162071; SeriesNumber=3
  ======================================================================

2026-05-25 10:18:55.8904 [INFO] [Polly] [TraceID: 00-cf9b872cb9f20cb29f91d8de2ffc07bf-809aa09522401485-00]
  Event: 0
  Request: GET https://lcr-tp.nhi.gov.tw/api/NhiPatientImage/studies/1.2.840.23768155137684242221127824255137162071/series-uid 
  Message: Execution attempt. Source: 'OracleResiliencePipeline/(null)/Retry', Operation Key: '', Result: '1.2.840.108229190191200701892132312516360642731234', Handled: 'False', Attempt: '0', Execution Time: '17.3452'
  Properties: PipelineName=OracleResiliencePipeline; PipelineInstance=(null); StrategyName=Retry; Result=1.2.840.108229190191200701892132312516360642731234; Handled=false; Attempt=0; ExecutionTimeMs=17.3452; EventId=3; EventName=ExecutionAttempt; RequestId=4000008f-0000-fe00-b63f-84710c7967bb; RequestPath=/api/NhiPatientImage/studies/1.2.840.23768155137684242221127824255137162071/series-uid; ActionId=4aeb1ff5-d75b-4ae7-bc60-1eb478a303f7; ActionName=NHI_AI_MedReportViewerWebApi.Controllers.NhiPatientImageController.GetSeriesInstanceUid (NHI-AI-MedReportViewerWebApi); StudyInstanceUid=1.2.840.23768155137684242221127824255137162071; SeriesNumber=3
  ======================================================================

2026-05-25 10:18:55.9056 [INFO] [NHI_AI_MedReportViewerWebApi.Services.NhiPatientImageService] [TraceID: 00-cf9b872cb9f20cb29f91d8de2ffc07bf-809aa09522401485-00]
  Event: 0
  Request: GET https://lcr-tp.nhi.gov.tw/api/NhiPatientImage/studies/1.2.840.23768155137684242221127824255137162071/series-uid 
  Message: 找到 Series Number 3 對應的 Series Instance UID: 1.2.840.108229190191200701892132312516360642731234
  Properties: RequestId=4000008f-0000-fe00-b63f-84710c7967bb; RequestPath=/api/NhiPatientImage/studies/1.2.840.23768155137684242221127824255137162071/series-uid; ActionId=4aeb1ff5-d75b-4ae7-bc60-1eb478a303f7; ActionName=NHI_AI_MedReportViewerWebApi.Controllers.NhiPatientImageController.GetSeriesInstanceUid (NHI-AI-MedReportViewerWebApi); StudyInstanceUid=1.2.840.23768155137684242221127824255137162071; SeriesNumber=3
  ======================================================================

2026-05-25 11:36:03.5628 [INFO] [AIRS.Core.Helpers.ZfpOracleDbHelper] [TraceID: 00-500955ae93b1b8a2cb5fd70600ea51a9-c9abd377cb445928-00]
  Event: 0
  Request: GET https://lcr-tp.nhi.gov.tw/api/NhiPatientImage/studies/1.2.840.133888132105150143162871541411731780159144/series/1.2.840.19216622352892321110282110210111240391850/instances/1.2.840.12114513921313719820317344175109200217247153 
  Message: GetImageKey(studyInstanceUid: 1.2.840.133888132105150143162871541411731780159144, seriesInstanceUid: 1.2.840.19216622352892321110282110210111240391850, sopInstanceUid: 1.2.840.12114513921313719820317344175109200217247153)
  Properties: StudyUid=1.2.840.133888132105150143162871541411731780159144; SeriesUid=1.2.840.19216622352892321110282110210111240391850; SopUid=1.2.840.12114513921313719820317344175109200217247153; RequestId=4000038e-0002-fb00-b63f-84710c7967bb; RequestPath=/api/NhiPatientImage/studies/1.2.840.133888132105150143162871541411731780159144/series/1.2.840.19216622352892321110282110210111240391850/instances/1.2.840.12114513921313719820317344175109200217247153; ActionId=aa92c01f-0771-4d00-b1d9-1444c5fbe45b; ActionName=NHI_AI_MedReportViewerWebApi.Controllers.NhiPatientImageController.GetImage (NHI-AI-MedReportViewerWebApi); StudyInstanceUid=1.2.840.133888132105150143162871541411731780159144; SeriesInstanceUid=1.2.840.19216622352892321110282110210111240391850; SopInstanceUid=1.2.840.12114513921313719820317344175109200217247153
  ======================================================================

2026-05-25 11:36:03.6481 [INFO] [Polly] [TraceID: 00-500955ae93b1b8a2cb5fd70600ea51a9-c9abd377cb445928-00]
  Event: 0
  Request: GET https://lcr-tp.nhi.gov.tw/api/NhiPatientImage/studies/1.2.840.133888132105150143162871541411731780159144/series/1.2.840.19216622352892321110282110210111240391850/instances/1.2.840.12114513921313719820317344175109200217247153 
  Message: Execution attempt. Source: 'OracleResiliencePipeline/(null)/Retry', Operation Key: '', Result: 'NHI_ZFP_Viewer.ImageSources.ImageInfo', Handled: 'False', Attempt: '0', Execution Time: '69.5672'
  Properties: PipelineName=OracleResiliencePipeline; PipelineInstance=(null); StrategyName=Retry; Result=NHI_ZFP_Viewer.ImageSources.ImageInfo; Handled=false; Attempt=0; ExecutionTimeMs=69.5672; EventId=3; EventName=ExecutionAttempt; RequestId=4000038e-0002-fb00-b63f-84710c7967bb; RequestPath=/api/NhiPatientImage/studies/1.2.840.133888132105150143162871541411731780159144/series/1.2.840.19216622352892321110282110210111240391850/instances/1.2.840.12114513921313719820317344175109200217247153; ActionId=aa92c01f-0771-4d00-b1d9-1444c5fbe45b; ActionName=NHI_AI_MedReportViewerWebApi.Controllers.NhiPatientImageController.GetImage (NHI-AI-MedReportViewerWebApi); StudyInstanceUid=1.2.840.133888132105150143162871541411731780159144; SeriesInstanceUid=1.2.840.19216622352892321110282110210111240391850; SopInstanceUid=1.2.840.12114513921313719820317344175109200217247153
  ======================================================================

2026-05-25 11:36:03.6661 [INFO] [AIRS.Core.Helpers.ZfpOracleDbHelper] [TraceID: 00-500955ae93b1b8a2cb5fd70600ea51a9-c9abd377cb445928-00]
  Event: 0
  Request: GET https://lcr-tp.nhi.gov.tw/api/NhiPatientImage/studies/1.2.840.133888132105150143162871541411731780159144/series/1.2.840.19216622352892321110282110210111240391850/instances/1.2.840.12114513921313719820317344175109200217247153 
  Message: GetImageKey = Archived/20250812/1.2.840.133888132105150143162871541411731780159144/1.2.840.19216622352892321110282110210111240391850/1.2.840.12114513921313719820317344175109200217247153.dcm, 89 ms elapsed.
  Properties: S3ObjectKey=Archived/20250812/1.2.840.133888132105150143162871541411731780159144/1.2.840.19216622352892321110282110210111240391850/1.2.840.12114513921313719820317344175109200217247153.dcm; Elapsed=89; RequestId=4000038e-0002-fb00-b63f-84710c7967bb; RequestPath=/api/NhiPatientImage/studies/1.2.840.133888132105150143162871541411731780159144/series/1.2.840.19216622352892321110282110210111240391850/instances/1.2.840.12114513921313719820317344175109200217247153; ActionId=aa92c01f-0771-4d00-b1d9-1444c5fbe45b; ActionName=NHI_AI_MedReportViewerWebApi.Controllers.NhiPatientImageController.GetImage (NHI-AI-MedReportViewerWebApi); StudyInstanceUid=1.2.840.133888132105150143162871541411731780159144; SeriesInstanceUid=1.2.840.19216622352892321110282110210111240391850; SopInstanceUid=1.2.840.12114513921313719820317344175109200217247153
  ======================================================================

2026-05-25 11:36:03.7270 [INFO] [AIRS.Core.Common.LogForgingTools] [TraceID: 00-500955ae93b1b8a2cb5fd70600ea51a9-c9abd377cb445928-00]
  Event: 0
  Request: GET https://lcr-tp.nhi.gov.tw/api/NhiPatientImage/studies/1.2.840.133888132105150143162871541411731780159144/series/1.2.840.19216622352892321110282110210111240391850/instances/1.2.840.12114513921313719820317344175109200217247153 
  Message: 1779680163726 GetImage() 由 S3 取得 stream，耗時 46 ms.
  Properties: RequestId=4000038e-0002-fb00-b63f-84710c7967bb; RequestPath=/api/NhiPatientImage/studies/1.2.840.133888132105150143162871541411731780159144/series/1.2.840.19216622352892321110282110210111240391850/instances/1.2.840.12114513921313719820317344175109200217247153; ActionId=aa92c01f-0771-4d00-b1d9-1444c5fbe45b; ActionName=NHI_AI_MedReportViewerWebApi.Controllers.NhiPatientImageController.GetImage (NHI-AI-MedReportViewerWebApi); StudyInstanceUid=1.2.840.133888132105150143162871541411731780159144; SeriesInstanceUid=1.2.840.19216622352892321110282110210111240391850; SopInstanceUid=1.2.840.12114513921313719820317344175109200217247153
  ======================================================================

2026-05-25 11:36:03.7270 [INFO] [NHI_AI_MedReportViewerWebApi.Services.NhiPatientImageService] [TraceID: 00-500955ae93b1b8a2cb5fd70600ea51a9-c9abd377cb445928-00]
  Event: 0
  Request: GET https://lcr-tp.nhi.gov.tw/api/NhiPatientImage/studies/1.2.840.133888132105150143162871541411731780159144/series/1.2.840.19216622352892321110282110210111240391850/instances/1.2.840.12114513921313719820317344175109200217247153 
  Message: 成功從 S3 取得影像: 1.2.840.12114513921313719820317344175109200217247153
  Properties: RequestId=4000038e-0002-fb00-b63f-84710c7967bb; RequestPath=/api/NhiPatientImage/studies/1.2.840.133888132105150143162871541411731780159144/series/1.2.840.19216622352892321110282110210111240391850/instances/1.2.840.12114513921313719820317344175109200217247153; ActionId=aa92c01f-0771-4d00-b1d9-1444c5fbe45b; ActionName=NHI_AI_MedReportViewerWebApi.Controllers.NhiPatientImageController.GetImage (NHI-AI-MedReportViewerWebApi); StudyInstanceUid=1.2.840.133888132105150143162871541411731780159144; SeriesInstanceUid=1.2.840.19216622352892321110282110210111240391850; SopInstanceUid=1.2.840.12114513921313719820317344175109200217247153
  ======================================================================

2026-05-25 11:36:03.9371 [INFO] [AIRS.Core.Helpers.ZfpOracleDbHelper] [TraceID: 00-46ab55bf02a315bf56b2c87dca26d9d0-8ebe6e0c665e3c71-00]
  Event: 0
  Request: GET https://lcr-tp.nhi.gov.tw/api/NhiPatientImage/studies/1.2.840.133888132105150143162871541411731780159144/series/1.2.840.19216622352892321110282110210111240391850/instances/1.2.840.44542256821551060245135851771617698139 
  Message: GetImageKey(studyInstanceUid: 1.2.840.133888132105150143162871541411731780159144, seriesInstanceUid: 1.2.840.19216622352892321110282110210111240391850, sopInstanceUid: 1.2.840.44542256821551060245135851771617698139)
  Properties: StudyUid=1.2.840.133888132105150143162871541411731780159144; SeriesUid=1.2.840.19216622352892321110282110210111240391850; SopUid=1.2.840.44542256821551060245135851771617698139; RequestId=400002d3-0000-fd00-b63f-84710c7967bb; RequestPath=/api/NhiPatientImage/studies/1.2.840.133888132105150143162871541411731780159144/series/1.2.840.19216622352892321110282110210111240391850/instances/1.2.840.44542256821551060245135851771617698139; ActionId=aa92c01f-0771-4d00-b1d9-1444c5fbe45b; ActionName=NHI_AI_MedReportViewerWebApi.Controllers.NhiPatientImageController.GetImage (NHI-AI-MedReportViewerWebApi); StudyInstanceUid=1.2.840.133888132105150143162871541411731780159144; SeriesInstanceUid=1.2.840.19216622352892321110282110210111240391850; SopInstanceUid=1.2.840.44542256821551060245135851771617698139
  ======================================================================

2026-05-25 11:36:04.0111 [INFO] [Polly] [TraceID: 00-46ab55bf02a315bf56b2c87dca26d9d0-8ebe6e0c665e3c71-00]
  Event: 0
  Request: GET https://lcr-tp.nhi.gov.tw/api/NhiPatientImage/studies/1.2.840.133888132105150143162871541411731780159144/series/1.2.840.19216622352892321110282110210111240391850/instances/1.2.840.44542256821551060245135851771617698139 
  Message: Execution attempt. Source: 'OracleResiliencePipeline/(null)/Retry', Operation Key: '', Result: 'NHI_ZFP_Viewer.ImageSources.ImageInfo', Handled: 'False', Attempt: '0', Execution Time: '57.9742'
  Properties: PipelineName=OracleResiliencePipeline; PipelineInstance=(null); StrategyName=Retry; Result=NHI_ZFP_Viewer.ImageSources.ImageInfo; Handled=false; Attempt=0; ExecutionTimeMs=57.9742; EventId=3; EventName=ExecutionAttempt; RequestId=400002d3-0000-fd00-b63f-84710c7967bb; RequestPath=/api/NhiPatientImage/studies/1.2.840.133888132105150143162871541411731780159144/series/1.2.840.19216622352892321110282110210111240391850/instances/1.2.840.44542256821551060245135851771617698139; ActionId=aa92c01f-0771-4d00-b1d9-1444c5fbe45b; ActionName=NHI_AI_MedReportViewerWebApi.Controllers.NhiPatientImageController.GetImage (NHI-AI-MedReportViewerWebApi); StudyInstanceUid=1.2.840.133888132105150143162871541411731780159144; SeriesInstanceUid=1.2.840.19216622352892321110282110210111240391850; SopInstanceUid=1.2.840.44542256821551060245135851771617698139
  ======================================================================

2026-05-25 11:36:04.0271 [INFO] [AIRS.Core.Helpers.ZfpOracleDbHelper] [TraceID: 00-46ab55bf02a315bf56b2c87dca26d9d0-8ebe6e0c665e3c71-00]
  Event: 0
  Request: GET https://lcr-tp.nhi.gov.tw/api/NhiPatientImage/studies/1.2.840.133888132105150143162871541411731780159144/series/1.2.840.19216622352892321110282110210111240391850/instances/1.2.840.44542256821551060245135851771617698139 
  Message: GetImageKey = Archived/20250812/1.2.840.133888132105150143162871541411731780159144/1.2.840.19216622352892321110282110210111240391850/1.2.840.44542256821551060245135851771617698139.dcm, 79 ms elapsed.
  Properties: S3ObjectKey=Archived/20250812/1.2.840.133888132105150143162871541411731780159144/1.2.840.19216622352892321110282110210111240391850/1.2.840.44542256821551060245135851771617698139.dcm; Elapsed=79; RequestId=400002d3-0000-fd00-b63f-84710c7967bb; RequestPath=/api/NhiPatientImage/studies/1.2.840.133888132105150143162871541411731780159144/series/1.2.840.19216622352892321110282110210111240391850/instances/1.2.840.44542256821551060245135851771617698139; ActionId=aa92c01f-0771-4d00-b1d9-1444c5fbe45b; ActionName=NHI_AI_MedReportViewerWebApi.Controllers.NhiPatientImageController.GetImage (NHI-AI-MedReportViewerWebApi); StudyInstanceUid=1.2.840.133888132105150143162871541411731780159144; SeriesInstanceUid=1.2.840.19216622352892321110282110210111240391850; SopInstanceUid=1.2.840.44542256821551060245135851771617698139
  ======================================================================

2026-05-25 11:36:04.0931 [INFO] [AIRS.Core.Common.LogForgingTools] [TraceID: 00-46ab55bf02a315bf56b2c87dca26d9d0-8ebe6e0c665e3c71-00]
  Event: 0
  Request: GET https://lcr-tp.nhi.gov.tw/api/NhiPatientImage/studies/1.2.840.133888132105150143162871541411731780159144/series/1.2.840.19216622352892321110282110210111240391850/instances/1.2.840.44542256821551060245135851771617698139 
  Message: 1779680164093 GetImage() 由 S3 取得 stream，耗時 48 ms.
  Properties: RequestId=400002d3-0000-fd00-b63f-84710c7967bb; RequestPath=/api/NhiPatientImage/studies/1.2.840.133888132105150143162871541411731780159144/series/1.2.840.19216622352892321110282110210111240391850/instances/1.2.840.44542256821551060245135851771617698139; ActionId=aa92c01f-0771-4d00-b1d9-1444c5fbe45b; ActionName=NHI_AI_MedReportViewerWebApi.Controllers.NhiPatientImageController.GetImage (NHI-AI-MedReportViewerWebApi); StudyInstanceUid=1.2.840.133888132105150143162871541411731780159144; SeriesInstanceUid=1.2.840.19216622352892321110282110210111240391850; SopInstanceUid=1.2.840.44542256821551060245135851771617698139
  ======================================================================

2026-05-25 11:36:04.1083 [INFO] [NHI_AI_MedReportViewerWebApi.Services.NhiPatientImageService] [TraceID: 00-46ab55bf02a315bf56b2c87dca26d9d0-8ebe6e0c665e3c71-00]
  Event: 0
  Request: GET https://lcr-tp.nhi.gov.tw/api/NhiPatientImage/studies/1.2.840.133888132105150143162871541411731780159144/series/1.2.840.19216622352892321110282110210111240391850/instances/1.2.840.44542256821551060245135851771617698139 
  Message: 成功從 S3 取得影像: 1.2.840.44542256821551060245135851771617698139
  Properties: RequestId=400002d3-0000-fd00-b63f-84710c7967bb; RequestPath=/api/NhiPatientImage/studies/1.2.840.133888132105150143162871541411731780159144/series/1.2.840.19216622352892321110282110210111240391850/instances/1.2.840.44542256821551060245135851771617698139; ActionId=aa92c01f-0771-4d00-b1d9-1444c5fbe45b; ActionName=NHI_AI_MedReportViewerWebApi.Controllers.NhiPatientImageController.GetImage (NHI-AI-MedReportViewerWebApi); StudyInstanceUid=1.2.840.133888132105150143162871541411731780159144; SeriesInstanceUid=1.2.840.19216622352892321110282110210111240391850; SopInstanceUid=1.2.840.44542256821551060245135851771617698139
  ======================================================================

2026-05-25 11:36:09.7947 [INFO] [AIRS.Core.Helpers.ZfpOracleDbHelper] [TraceID: 00-0555c048268d201ba77d62c8a5057d5f-e05d4fc943b569ae-00]
  Event: 0
  Request: GET https://lcr-tp.nhi.gov.tw/api/NhiPatientImage/studies/1.2.840.133888132105150143162871541411731780159144/series/1.2.840.19216622352892321110282110210111240391850/instances/1.2.840.213115105749221414215113210170101331179222 
  Message: GetImageKey(studyInstanceUid: 1.2.840.133888132105150143162871541411731780159144, seriesInstanceUid: 1.2.840.19216622352892321110282110210111240391850, sopInstanceUid: 1.2.840.213115105749221414215113210170101331179222)
  Properties: StudyUid=1.2.840.133888132105150143162871541411731780159144; SeriesUid=1.2.840.19216622352892321110282110210111240391850; SopUid=1.2.840.213115105749221414215113210170101331179222; RequestId=4000015b-0006-f300-b63f-84710c7967bb; RequestPath=/api/NhiPatientImage/studies/1.2.840.133888132105150143162871541411731780159144/series/1.2.840.19216622352892321110282110210111240391850/instances/1.2.840.213115105749221414215113210170101331179222; ActionId=aa92c01f-0771-4d00-b1d9-1444c5fbe45b; ActionName=NHI_AI_MedReportViewerWebApi.Controllers.NhiPatientImageController.GetImage (NHI-AI-MedReportViewerWebApi); StudyInstanceUid=1.2.840.133888132105150143162871541411731780159144; SeriesInstanceUid=1.2.840.19216622352892321110282110210111240391850; SopInstanceUid=1.2.840.213115105749221414215113210170101331179222
  ======================================================================

2026-05-25 11:36:09.8512 [INFO] [Polly] [TraceID: 00-0555c048268d201ba77d62c8a5057d5f-e05d4fc943b569ae-00]
  Event: 0
  Request: GET https://lcr-tp.nhi.gov.tw/api/NhiPatientImage/studies/1.2.840.133888132105150143162871541411731780159144/series/1.2.840.19216622352892321110282110210111240391850/instances/1.2.840.213115105749221414215113210170101331179222 
  Message: Execution attempt. Source: 'OracleResiliencePipeline/(null)/Retry', Operation Key: '', Result: 'NHI_ZFP_Viewer.ImageSources.ImageInfo', Handled: 'False', Attempt: '0', Execution Time: '42.0189'
  Properties: PipelineName=OracleResiliencePipeline; PipelineInstance=(null); StrategyName=Retry; Result=NHI_ZFP_Viewer.ImageSources.ImageInfo; Handled=false; Attempt=0; ExecutionTimeMs=42.0189; EventId=3; EventName=ExecutionAttempt; RequestId=4000015b-0006-f300-b63f-84710c7967bb; RequestPath=/api/NhiPatientImage/studies/1.2.840.133888132105150143162871541411731780159144/series/1.2.840.19216622352892321110282110210111240391850/instances/1.2.840.213115105749221414215113210170101331179222; ActionId=aa92c01f-0771-4d00-b1d9-1444c5fbe45b; ActionName=NHI_AI_MedReportViewerWebApi.Controllers.NhiPatientImageController.GetImage (NHI-AI-MedReportViewerWebApi); StudyInstanceUid=1.2.840.133888132105150143162871541411731780159144; SeriesInstanceUid=1.2.840.19216622352892321110282110210111240391850; SopInstanceUid=1.2.840.213115105749221414215113210170101331179222
  ======================================================================

2026-05-25 11:36:09.8675 [INFO] [AIRS.Core.Helpers.ZfpOracleDbHelper] [TraceID: 00-0555c048268d201ba77d62c8a5057d5f-e05d4fc943b569ae-00]
  Event: 0
  Request: GET https://lcr-tp.nhi.gov.tw/api/NhiPatientImage/studies/1.2.840.133888132105150143162871541411731780159144/series/1.2.840.19216622352892321110282110210111240391850/instances/1.2.840.213115105749221414215113210170101331179222 
  Message: GetImageKey = Archived/20250812/1.2.840.133888132105150143162871541411731780159144/1.2.840.19216622352892321110282110210111240391850/1.2.840.213115105749221414215113210170101331179222.dcm, 62 ms elapsed.
  Properties: S3ObjectKey=Archived/20250812/1.2.840.133888132105150143162871541411731780159144/1.2.840.19216622352892321110282110210111240391850/1.2.840.213115105749221414215113210170101331179222.dcm; Elapsed=62; RequestId=4000015b-0006-f300-b63f-84710c7967bb; RequestPath=/api/NhiPatientImage/studies/1.2.840.133888132105150143162871541411731780159144/series/1.2.840.19216622352892321110282110210111240391850/instances/1.2.840.213115105749221414215113210170101331179222; ActionId=aa92c01f-0771-4d00-b1d9-1444c5fbe45b; ActionName=NHI_AI_MedReportViewerWebApi.Controllers.NhiPatientImageController.GetImage (NHI-AI-MedReportViewerWebApi); StudyInstanceUid=1.2.840.133888132105150143162871541411731780159144; SeriesInstanceUid=1.2.840.19216622352892321110282110210111240391850; SopInstanceUid=1.2.840.213115105749221414215113210170101331179222
  ======================================================================

2026-05-25 11:36:09.9212 [INFO] [AIRS.Core.Common.LogForgingTools] [TraceID: 00-0555c048268d201ba77d62c8a5057d5f-e05d4fc943b569ae-00]
  Event: 0
  Request: GET https://lcr-tp.nhi.gov.tw/api/NhiPatientImage/studies/1.2.840.133888132105150143162871541411731780159144/series/1.2.840.19216622352892321110282110210111240391850/instances/1.2.840.213115105749221414215113210170101331179222 
  Message: 1779680169921 GetImage() 由 S3 取得 stream，耗時 36 ms.
  Properties: RequestId=4000015b-0006-f300-b63f-84710c7967bb; RequestPath=/api/NhiPatientImage/studies/1.2.840.133888132105150143162871541411731780159144/series/1.2.840.19216622352892321110282110210111240391850/instances/1.2.840.213115105749221414215113210170101331179222; ActionId=aa92c01f-0771-4d00-b1d9-1444c5fbe45b; ActionName=NHI_AI_MedReportViewerWebApi.Controllers.NhiPatientImageController.GetImage (NHI-AI-MedReportViewerWebApi); StudyInstanceUid=1.2.840.133888132105150143162871541411731780159144; SeriesInstanceUid=1.2.840.19216622352892321110282110210111240391850; SopInstanceUid=1.2.840.213115105749221414215113210170101331179222
  ======================================================================

2026-05-25 11:36:09.9347 [INFO] [NHI_AI_MedReportViewerWebApi.Services.NhiPatientImageService] [TraceID: 00-0555c048268d201ba77d62c8a5057d5f-e05d4fc943b569ae-00]
  Event: 0
  Request: GET https://lcr-tp.nhi.gov.tw/api/NhiPatientImage/studies/1.2.840.133888132105150143162871541411731780159144/series/1.2.840.19216622352892321110282110210111240391850/instances/1.2.840.213115105749221414215113210170101331179222 
  Message: 成功從 S3 取得影像: 1.2.840.213115105749221414215113210170101331179222
  Properties: RequestId=4000015b-0006-f300-b63f-84710c7967bb; RequestPath=/api/NhiPatientImage/studies/1.2.840.133888132105150143162871541411731780159144/series/1.2.840.19216622352892321110282110210111240391850/instances/1.2.840.213115105749221414215113210170101331179222; ActionId=aa92c01f-0771-4d00-b1d9-1444c5fbe45b; ActionName=NHI_AI_MedReportViewerWebApi.Controllers.NhiPatientImageController.GetImage (NHI-AI-MedReportViewerWebApi); StudyInstanceUid=1.2.840.133888132105150143162871541411731780159144; SeriesInstanceUid=1.2.840.19216622352892321110282110210111240391850; SopInstanceUid=1.2.840.213115105749221414215113210170101331179222
  ======================================================================

