2026-05-25 02:03:39.2712|eventId: 0|level: INFO|traceId: N/A|logger: NHI_AI_MedReportViewerWebApi.Program|message: Allowed origin: http://localhost:5173
2026-05-25 02:03:39.4487|eventId: 0|level: INFO|traceId: N/A|logger: NHI_AI_MedReportViewerWebApi.Program|message: Authentication enabled with JWT Bearer tokens
2026-05-25 02:03:39.7398|eventId: 0|level: INFO|traceId: N/A|logger: NHI_AI_MedReportViewerWebApi.Program|message: Exceptionless 設定完成，ServerUrl: "https://h30lhclogsvr.intra.nhi.gov.tw:8443"
2026-05-25 02:03:40.5551|eventId: 50|level: WARN|traceId: N/A|logger: Microsoft.AspNetCore.DataProtection.Repositories.EphemeralXmlRepository|message: Using an in-memory repository. Keys will not be persisted to storage.
2026-05-25 02:03:40.5648|eventId: 59|level: WARN|traceId: N/A|logger: Microsoft.AspNetCore.DataProtection.KeyManagement.XmlKeyManager|message: Neither user profile nor HKLM registry available. Using an ephemeral key repository. Protected data will be unavailable when application exits.
2026-05-25 02:03:40.5898|eventId: 35|level: WARN|traceId: N/A|logger: Microsoft.AspNetCore.DataProtection.KeyManagement.XmlKeyManager|message: No XML encryptor configured. Key {5524a095-45dd-486f-9521-082c10a130ed} may be persisted to storage in unencrypted form.
2026-05-25 10:02:37.8746|eventId: 0|level: INFO|traceId: 00-59edf079a875aa63c14cb2fc879d297c-7ac192d1728e50fe-00|logger: NHI_AI_MedReportViewerWebApi.Services.UrlTokenValidator|message: 正在載入 URL 驗證用 JWKS。Issuer=https://auth.cohesion.internal/url-issuer, Audience=viewer-app, Path=Config/url.jwks.json
2026-05-25 10:02:37.8853|eventId: 0|level: INFO|traceId: 00-59edf079a875aa63c14cb2fc879d297c-7ac192d1728e50fe-00|logger: NHI_AI_MedReportViewerWebApi.Services.UrlTokenValidator|message: URL 驗證用 JWKS 載入完成，共 1 把金鑰。
2026-05-25 10:02:37.8853|eventId: 0|level: INFO|traceId: 00-59edf079a875aa63c14cb2fc879d297c-7ac192d1728e50fe-00|logger: NHI_AI_MedReportViewerWebApi.Services.ViewerTokenIssuer|message: 正在載入 Viewer 簽章私鑰 PEM (初始化)。Issuer=https://auth.cohesion.internal/viewer-issuer, Audience=viewer-app, PemPath=Config/viewer-issuer-private.pem, Kid=VW-2025-03, TTL=14400s
2026-05-25 10:02:37.9217|eventId: 0|level: INFO|traceId: 00-59edf079a875aa63c14cb2fc879d297c-7ac192d1728e50fe-00|logger: NHI_AI_MedReportViewerWebApi.Services.ViewerTokenIssuer|message: Viewer 簽章私鑰 PEM 載入完成，簽章設定 初始化成功。Kid=VW-2025-03, 存活秒數=14400
2026-05-25 10:02:37.9380|eventId: 0|level: INFO|traceId: 00-59edf079a875aa63c14cb2fc879d297c-7ac192d1728e50fe-00|logger: NHI_AI_MedReportViewerWebApi.Controllers.ReportsController|message: 開始驗證 URL Token。
2026-05-25 10:02:37.9856|eventId: 0|level: INFO|traceId: 00-59edf079a875aa63c14cb2fc879d297c-7ac192d1728e50fe-00|logger: NHI_AI_MedReportViewerWebApi.Services.UrlTokenValidator|message: URL Token 驗證通過。kid=UX-2025-02
2026-05-25 10:02:37.9917|eventId: 0|level: INFO|traceId: 00-59edf079a875aa63c14cb2fc879d297c-7ac192d1728e50fe-00|logger: NHI_AI_MedReportViewerWebApi.Controllers.ReportsController|message: URL Token 驗證通過，準備簽發 Viewer Token。
2026-05-25 10:02:37.9917|eventId: 0|level: INFO|traceId: 00-59edf079a875aa63c14cb2fc879d297c-7ac192d1728e50fe-00|logger: NHI_AI_MedReportViewerWebApi.Services.ViewerTokenIssuer|message: 正在簽發 Viewer Token。存活秒數=14400, 到期時間(UTC)=05/25/2026 06:02:37, kid=VW-2025-03, 最大會話壽命(amax)=05/25/2026 06:02:37
2026-05-25 10:02:38.0243|eventId: 0|level: INFO|traceId: 00-59edf079a875aa63c14cb2fc879d297c-7ac192d1728e50fe-00|logger: NHI_AI_MedReportViewerWebApi.Controllers.ReportsController|message: 以 Redirect 模式回應，導向前端頁面。
2026-05-25 10:02:38.5140|eventId: 0|level: INFO|traceId: 00-06bdd79a2357edd0c2e749231a4fb309-4d7fd0916e86bbf6-00|logger: NHI_AI_MedReportViewerWebApi.Services.OutputGenerationService|message: 開始建立 extracted_data for Patient: Z299999830-20251102-1211-00000000001
2026-05-25 10:02:39.0534|eventId: 0|level: INFO|traceId: 00-06bdd79a2357edd0c2e749231a4fb309-4d7fd0916e86bbf6-00|logger: NHI_AI_MedReportViewerWebApi.Services.OutputGenerationService|message: 完成建立 23 筆 extracted_data
2026-05-25 10:02:39.0616|eventId: 0|level: INFO|traceId: 00-06bdd79a2357edd0c2e749231a4fb309-4d7fd0916e86bbf6-00|logger: NHI_AI_MedReportViewerWebApi.Services.OutputGenerationService|message: 開始建立 summary for Patient: Z299999830-20251102-1211-00000000001
2026-05-25 10:02:39.1750|eventId: 0|level: INFO|traceId: 00-06bdd79a2357edd0c2e749231a4fb309-4d7fd0916e86bbf6-00|logger: NHI_AI_MedReportViewerWebApi.Services.OutputGenerationService|message: 完成建立 4 筆 summary
2026-05-25 10:02:39.1884|eventId: 3|level: INFO|traceId: 00-06bdd79a2357edd0c2e749231a4fb309-4d7fd0916e86bbf6-00|logger: Polly|message: Execution attempt. Source: 'OracleResiliencePipeline/(null)/Retry', Operation Key: '', Result: 'NHI_AI_MedReportViewerWebApi.Models.OutputJsonDto', Handled: 'False', Attempt: '0', Execution Time: '833.9246'
2026-05-25 10:02:39.4332|eventId: 0|level: INFO|traceId: 00-f3eafeee059fd581b281f08f557775e0-b1c304ea200652e4-00|logger: NHI_AI_MedReportViewerWebApi.Services.OutputGenerationService|message: 開始取得病患關鍵影像: IdAes=EBD71A864A0F7E6A355827754B89259E, Birthday=19410712
2026-05-25 10:02:39.5026|eventId: 3|level: INFO|traceId: 00-f3eafeee059fd581b281f08f557775e0-b1c304ea200652e4-00|logger: Polly|message: Execution attempt. Source: 'OracleResiliencePipeline/(null)/Retry', Operation Key: '', Result: 'System.Collections.Generic.List`1[NHI_AI_MedReportViewerWebApi.Models.KeyImageInfo]', Handled: 'False', Attempt: '0', Execution Time: '60.7099'
2026-05-25 10:02:39.5026|eventId: 0|level: INFO|traceId: 00-24c1b0797aab1014f2b7f58834d2fd15-d1f5ad9bbda422dd-00|logger: NHI_AI_MedReportViewerWebApi.Services.NhiPatientImageService|message: 開始查詢 Series Instance UID: Study=1.2.840.133888132105150143162871541411731780159144, SeriesNumber=15
2026-05-25 10:02:39.5135|eventId: 0|level: INFO|traceId: 00-f3eafeee059fd581b281f08f557775e0-b1c304ea200652e4-00|logger: NHI_AI_MedReportViewerWebApi.Services.OutputGenerationService|message: 完成取得病患關鍵影像，共 4 筆
2026-05-25 10:02:39.5543|eventId: 0|level: INFO|traceId: 00-71ee6a1e2da346717f9e6ab6ffb2a2d4-48d395fe3d6a4a5e-00|logger: AIRS.Core.Helpers.ZfpOracleDbHelper|message: GetImageKey(studyInstanceUid: 1.2.840.1405011311801131732011012121012200126134, seriesInstanceUid: 1.2.840.51111141244381216847820799116149155151129, sopInstanceUid: 1.2.840.232761451702923525417733227971231052812514)
2026-05-25 10:02:39.5543|eventId: 0|level: INFO|traceId: 00-75fd6a9f56c6ecb61f626b5fcaf25c6f-297a5b200c8fab22-00|logger: AIRS.Core.Helpers.ZfpOracleDbHelper|message: GetImageKey(studyInstanceUid: 1.2.840.6610321904118510815420318233761831142014, seriesInstanceUid: 1.2.840.185393732156165237212158241127106677643111, sopInstanceUid: 1.2.840.3417124205586658229153205402522644)
2026-05-25 10:02:39.5543|eventId: 0|level: INFO|traceId: 00-a28ff4c614149108865abaad0d1b79f2-bad7dd0643abdb51-00|logger: AIRS.Core.Helpers.ZfpOracleDbHelper|message: GetImageKey(studyInstanceUid: 1.2.840.6610321904118510815420318233761831142014, seriesInstanceUid: 1.2.840.185393732156165237212158241127106677643111, sopInstanceUid: 1.2.840.1051457738253118922381479013141215320088)
2026-05-25 10:02:39.5609|eventId: 0|level: INFO|traceId: 00-2e0b15285e93c42afa53cf580a25363f-cf4c74a2b0750f91-00|logger: AIRS.Core.Helpers.ZfpOracleDbHelper|message: GetImageKey(studyInstanceUid: 1.2.840.1405011311801131732011012121012200126134, seriesInstanceUid: 1.2.840.51111141244381216847820799116149155151129, sopInstanceUid: 1.2.840.3219370233171571652261152261706625011114738)
2026-05-25 10:02:39.9856|eventId: 3|level: INFO|traceId: 00-71ee6a1e2da346717f9e6ab6ffb2a2d4-48d395fe3d6a4a5e-00|logger: Polly|message: Execution attempt. Source: 'OracleResiliencePipeline/(null)/Retry', Operation Key: '', Result: 'NHI_ZFP_Viewer.ImageSources.ImageInfo', Handled: 'False', Attempt: '0', Execution Time: '422.8579'
2026-05-25 10:02:39.9856|eventId: 3|level: INFO|traceId: 00-a28ff4c614149108865abaad0d1b79f2-bad7dd0643abdb51-00|logger: Polly|message: Execution attempt. Source: 'OracleResiliencePipeline/(null)/Retry', Operation Key: '', Result: 'NHI_ZFP_Viewer.ImageSources.ImageInfo', Handled: 'False', Attempt: '0', Execution Time: '416.548'
2026-05-25 10:02:39.9856|eventId: 3|level: INFO|traceId: 00-2e0b15285e93c42afa53cf580a25363f-cf4c74a2b0750f91-00|logger: Polly|message: Execution attempt. Source: 'OracleResiliencePipeline/(null)/Retry', Operation Key: '', Result: 'NHI_ZFP_Viewer.ImageSources.ImageInfo', Handled: 'False', Attempt: '0', Execution Time: '415.8022'
2026-05-25 10:02:39.9856|eventId: 3|level: INFO|traceId: 00-75fd6a9f56c6ecb61f626b5fcaf25c6f-297a5b200c8fab22-00|logger: Polly|message: Execution attempt. Source: 'OracleResiliencePipeline/(null)/Retry', Operation Key: '', Result: 'NHI_ZFP_Viewer.ImageSources.ImageInfo', Handled: 'False', Attempt: '0', Execution Time: '427.0482'
2026-05-25 10:02:39.9951|eventId: 3|level: INFO|traceId: 00-cdfabab003df287618f7d37713edaefc-f67163104d6814ec-00|logger: Polly|message: Execution attempt. Source: 'OracleResiliencePipeline/(null)/Retry', Operation Key: '', Result: '台大醫院', Handled: 'False', Attempt: '0', Execution Time: '566.748'
2026-05-25 10:02:39.9951|eventId: 0|level: INFO|traceId: 00-71ee6a1e2da346717f9e6ab6ffb2a2d4-48d395fe3d6a4a5e-00|logger: AIRS.Core.Helpers.ZfpOracleDbHelper|message: GetImageKey = Archived/20230210/1.2.840.1405011311801131732011012121012200126134/1.2.840.51111141244381216847820799116149155151129/1.2.840.232761451702923525417733227971231052812514.dcm, 444 ms elapsed.
2026-05-25 10:02:40.0121|eventId: 0|level: INFO|traceId: 00-a28ff4c614149108865abaad0d1b79f2-bad7dd0643abdb51-00|logger: AIRS.Core.Helpers.ZfpOracleDbHelper|message: GetImageKey = Archived/20230510/1.2.840.6610321904118510815420318233761831142014/1.2.840.185393732156165237212158241127106677643111/1.2.840.1051457738253118922381479013141215320088.dcm, 446 ms elapsed.
2026-05-25 10:02:40.0121|eventId: 0|level: INFO|traceId: 00-2e0b15285e93c42afa53cf580a25363f-cf4c74a2b0750f91-00|logger: AIRS.Core.Helpers.ZfpOracleDbHelper|message: GetImageKey = Archived/20230210/1.2.840.1405011311801131732011012121012200126134/1.2.840.51111141244381216847820799116149155151129/1.2.840.3219370233171571652261152261706625011114738.dcm, 447 ms elapsed.
2026-05-25 10:02:40.0121|eventId: 0|level: INFO|traceId: 00-75fd6a9f56c6ecb61f626b5fcaf25c6f-297a5b200c8fab22-00|logger: AIRS.Core.Helpers.ZfpOracleDbHelper|message: GetImageKey = Archived/20230510/1.2.840.6610321904118510815420318233761831142014/1.2.840.185393732156165237212158241127106677643111/1.2.840.3417124205586658229153205402522644.dcm, 455 ms elapsed.
2026-05-25 10:02:40.0427|eventId: 3|level: INFO|traceId: 00-24c1b0797aab1014f2b7f58834d2fd15-d1f5ad9bbda422dd-00|logger: Polly|message: Execution attempt. Source: 'OracleResiliencePipeline/(null)/Retry', Operation Key: '', Result: '1.2.840.19216622352892321110282110210111240391850', Handled: 'False', Attempt: '0', Execution Time: '525.7937'
2026-05-25 10:02:40.0585|eventId: 0|level: INFO|traceId: 00-24c1b0797aab1014f2b7f58834d2fd15-d1f5ad9bbda422dd-00|logger: NHI_AI_MedReportViewerWebApi.Services.NhiPatientImageService|message: 找到 Series Number 15 對應的 Series Instance UID: 1.2.840.19216622352892321110282110210111240391850
2026-05-25 10:02:40.0585|eventId: 0|level: INFO|traceId: 00-71ee6a1e2da346717f9e6ab6ffb2a2d4-48d395fe3d6a4a5e-00|logger: AIRS.Core.Common.LogForgingTools|message: 1779674560071 GetImage() 由 S3 取得 stream，耗時 49 ms.
2026-05-25 10:02:40.0738|eventId: 0|level: INFO|traceId: 00-2e0b15285e93c42afa53cf580a25363f-cf4c74a2b0750f91-00|logger: AIRS.Core.Common.LogForgingTools|message: 1779674560073 GetImage() 由 S3 取得 stream，耗時 47 ms.
2026-05-25 10:02:40.0738|eventId: 0|level: INFO|traceId: 00-253777b80081952f23890f8360cca000-92397587650a08cf-00|logger: AIRS.Core.Helpers.ZfpOracleDbHelper|message: GetSortedImagesBySeries(studyInstanceUid: 1.2.840.133888132105150143162871541411731780159144, seriesInstanceUid: 1.2.840.19216622352892321110282110210111240391850)
2026-05-25 10:02:40.0738|eventId: 0|level: INFO|traceId: 00-71ee6a1e2da346717f9e6ab6ffb2a2d4-48d395fe3d6a4a5e-00|logger: NHI_AI_MedReportViewerWebApi.Services.NhiPatientImageService|message: 成功從 S3 取得影像: 1.2.840.232761451702923525417733227971231052812514
2026-05-25 10:02:40.0738|eventId: 0|level: INFO|traceId: 00-2e0b15285e93c42afa53cf580a25363f-cf4c74a2b0750f91-00|logger: NHI_AI_MedReportViewerWebApi.Services.NhiPatientImageService|message: 成功從 S3 取得影像: 1.2.840.3219370233171571652261152261706625011114738
2026-05-25 10:02:40.0738|eventId: 0|level: INFO|traceId: 00-a28ff4c614149108865abaad0d1b79f2-bad7dd0643abdb51-00|logger: AIRS.Core.Common.LogForgingTools|message: 1779674560081 GetImage() 由 S3 取得 stream，耗時 58 ms.
2026-05-25 10:02:40.0738|eventId: 0|level: INFO|traceId: 00-71ee6a1e2da346717f9e6ab6ffb2a2d4-48d395fe3d6a4a5e-00|logger: NHI_AI_MedReportViewerWebApi.Services.NhiPatientImageService|message: 開始轉換 DICOM 為 JPG: SOP Instance UID=1.2.840.232761451702923525417733227971231052812514, ContentType=application/dicom
2026-05-25 10:02:40.0889|eventId: 0|level: INFO|traceId: 00-2e0b15285e93c42afa53cf580a25363f-cf4c74a2b0750f91-00|logger: NHI_AI_MedReportViewerWebApi.Services.NhiPatientImageService|message: 開始轉換 DICOM 為 JPG: SOP Instance UID=1.2.840.3219370233171571652261152261706625011114738, ContentType=application/dicom
2026-05-25 10:02:40.0889|eventId: 0|level: INFO|traceId: 00-a28ff4c614149108865abaad0d1b79f2-bad7dd0643abdb51-00|logger: NHI_AI_MedReportViewerWebApi.Services.NhiPatientImageService|message: 成功從 S3 取得影像: 1.2.840.1051457738253118922381479013141215320088
2026-05-25 10:02:40.0889|eventId: 0|level: INFO|traceId: 00-a28ff4c614149108865abaad0d1b79f2-bad7dd0643abdb51-00|logger: NHI_AI_MedReportViewerWebApi.Services.NhiPatientImageService|message: 開始轉換 DICOM 為 JPG: SOP Instance UID=1.2.840.1051457738253118922381479013141215320088, ContentType=application/dicom
2026-05-25 10:02:40.1242|eventId: 0|level: INFO|traceId: 00-75fd6a9f56c6ecb61f626b5fcaf25c6f-297a5b200c8fab22-00|logger: AIRS.Core.Common.LogForgingTools|message: 1779674560124 GetImage() 由 S3 取得 stream，耗時 94 ms.
2026-05-25 10:02:40.1242|eventId: 0|level: INFO|traceId: 00-75fd6a9f56c6ecb61f626b5fcaf25c6f-297a5b200c8fab22-00|logger: NHI_AI_MedReportViewerWebApi.Services.NhiPatientImageService|message: 成功從 S3 取得影像: 1.2.840.3417124205586658229153205402522644
2026-05-25 10:02:40.1391|eventId: 0|level: INFO|traceId: 00-75fd6a9f56c6ecb61f626b5fcaf25c6f-297a5b200c8fab22-00|logger: NHI_AI_MedReportViewerWebApi.Services.NhiPatientImageService|message: 開始轉換 DICOM 為 JPG: SOP Instance UID=1.2.840.3417124205586658229153205402522644, ContentType=application/dicom
2026-05-25 10:02:40.2860|eventId: 3|level: INFO|traceId: 00-253777b80081952f23890f8360cca000-92397587650a08cf-00|logger: Polly|message: Execution attempt. Source: 'OracleResiliencePipeline/(null)/Retry', Operation Key: '', Result: 'System.Collections.Generic.List`1[System.String]', Handled: 'False', Attempt: '0', Execution Time: '198.9553'
2026-05-25 10:02:40.2933|eventId: 0|level: INFO|traceId: 00-253777b80081952f23890f8360cca000-92397587650a08cf-00|logger: NHI_AI_MedReportViewerWebApi.Services.NhiPatientImageService|message: Series 1.2.840.19216622352892321110282110210111240391850 包含 64 個影像（已快取）
2026-05-25 10:02:41.0272|eventId: 0|level: INFO|traceId: 00-2e0b15285e93c42afa53cf580a25363f-cf4c74a2b0750f91-00|logger: NHI_AI_MedReportViewerWebApi.Services.NhiPatientImageService|message: 成功轉換 DICOM 為 JPG: SOP Instance UID=1.2.840.3219370233171571652261152261706625011114738
2026-05-25 10:02:41.0272|eventId: 0|level: INFO|traceId: 00-71ee6a1e2da346717f9e6ab6ffb2a2d4-48d395fe3d6a4a5e-00|logger: NHI_AI_MedReportViewerWebApi.Services.NhiPatientImageService|message: 成功轉換 DICOM 為 JPG: SOP Instance UID=1.2.840.232761451702923525417733227971231052812514
2026-05-25 10:02:41.0272|eventId: 0|level: INFO|traceId: 00-a28ff4c614149108865abaad0d1b79f2-bad7dd0643abdb51-00|logger: NHI_AI_MedReportViewerWebApi.Services.NhiPatientImageService|message: 成功轉換 DICOM 為 JPG: SOP Instance UID=1.2.840.1051457738253118922381479013141215320088
2026-05-25 10:02:41.0272|eventId: 0|level: INFO|traceId: 00-75fd6a9f56c6ecb61f626b5fcaf25c6f-297a5b200c8fab22-00|logger: NHI_AI_MedReportViewerWebApi.Services.NhiPatientImageService|message: 成功轉換 DICOM 為 JPG: SOP Instance UID=1.2.840.3417124205586658229153205402522644
2026-05-25 10:03:31.0567|eventId: 0|level: INFO|traceId: 00-5b66aee394f159205021020865744a9c-6f6368c4f34f93b8-00|logger: AIRS.Core.Helpers.ZfpOracleDbHelper|message: GetImageKey(studyInstanceUid: 1.2.840.133888132105150143162871541411731780159144, seriesInstanceUid: 1.2.840.19216622352892321110282110210111240391850, sopInstanceUid: 1.2.840.1261319373241351648418211118975669810218)
2026-05-25 10:03:31.0834|eventId: 3|level: INFO|traceId: 00-5b66aee394f159205021020865744a9c-6f6368c4f34f93b8-00|logger: Polly|message: Execution attempt. Source: 'OracleResiliencePipeline/(null)/Retry', Operation Key: '', Result: 'NHI_ZFP_Viewer.ImageSources.ImageInfo', Handled: 'False', Attempt: '0', Execution Time: '17.8268'
2026-05-25 10:03:31.0962|eventId: 0|level: INFO|traceId: 00-5b66aee394f159205021020865744a9c-6f6368c4f34f93b8-00|logger: AIRS.Core.Helpers.ZfpOracleDbHelper|message: GetImageKey = Archived/20250812/1.2.840.133888132105150143162871541411731780159144/1.2.840.19216622352892321110282110210111240391850/1.2.840.1261319373241351648418211118975669810218.dcm, 32 ms elapsed.
2026-05-25 10:03:31.1470|eventId: 0|level: INFO|traceId: 00-5b66aee394f159205021020865744a9c-6f6368c4f34f93b8-00|logger: AIRS.Core.Common.LogForgingTools|message: 1779674611147 GetImage() 由 S3 取得 stream，耗時 44 ms.
2026-05-25 10:03:31.1470|eventId: 0|level: INFO|traceId: 00-5b66aee394f159205021020865744a9c-6f6368c4f34f93b8-00|logger: NHI_AI_MedReportViewerWebApi.Services.NhiPatientImageService|message: 成功從 S3 取得影像: 1.2.840.1261319373241351648418211118975669810218
2026-05-25 10:03:31.2756|eventId: 0|level: INFO|traceId: 00-7198c30c3058e7daafe150b0ae5de5b6-97f240e07a8ccf40-00|logger: AIRS.Core.Helpers.ZfpOracleDbHelper|message: GetImageKey(studyInstanceUid: 1.2.840.133888132105150143162871541411731780159144, seriesInstanceUid: 1.2.840.19216622352892321110282110210111240391850, sopInstanceUid: 1.2.840.12232154274815932372442015817144238250)
2026-05-25 10:03:31.2991|eventId: 3|level: INFO|traceId: 00-7198c30c3058e7daafe150b0ae5de5b6-97f240e07a8ccf40-00|logger: Polly|message: Execution attempt. Source: 'OracleResiliencePipeline/(null)/Retry', Operation Key: '', Result: 'NHI_ZFP_Viewer.ImageSources.ImageInfo', Handled: 'False', Attempt: '0', Execution Time: '15.1731'
2026-05-25 10:03:31.2991|eventId: 0|level: INFO|traceId: 00-7198c30c3058e7daafe150b0ae5de5b6-97f240e07a8ccf40-00|logger: AIRS.Core.Helpers.ZfpOracleDbHelper|message: GetImageKey = Archived/20250812/1.2.840.133888132105150143162871541411731780159144/1.2.840.19216622352892321110282110210111240391850/1.2.840.12232154274815932372442015817144238250.dcm, 26 ms elapsed.
2026-05-25 10:03:31.3579|eventId: 0|level: INFO|traceId: 00-7198c30c3058e7daafe150b0ae5de5b6-97f240e07a8ccf40-00|logger: AIRS.Core.Common.LogForgingTools|message: 1779674611357 GetImage() 由 S3 取得 stream，耗時 43 ms.
2026-05-25 10:03:31.3641|eventId: 0|level: INFO|traceId: 00-7198c30c3058e7daafe150b0ae5de5b6-97f240e07a8ccf40-00|logger: NHI_AI_MedReportViewerWebApi.Services.NhiPatientImageService|message: 成功從 S3 取得影像: 1.2.840.12232154274815932372442015817144238250
2026-05-25 10:03:31.5587|eventId: 0|level: INFO|traceId: 00-e5586c1cbc04ddade39cc6923e9cf95e-d119cca59ea30e48-00|logger: AIRS.Core.Helpers.ZfpOracleDbHelper|message: GetImageKey(studyInstanceUid: 1.2.840.133888132105150143162871541411731780159144, seriesInstanceUid: 1.2.840.19216622352892321110282110210111240391850, sopInstanceUid: 1.2.840.5047186194851551622810722616815323843212178)
2026-05-25 10:03:31.5771|eventId: 3|level: INFO|traceId: 00-e5586c1cbc04ddade39cc6923e9cf95e-d119cca59ea30e48-00|logger: Polly|message: Execution attempt. Source: 'OracleResiliencePipeline/(null)/Retry', Operation Key: '', Result: 'NHI_ZFP_Viewer.ImageSources.ImageInfo', Handled: 'False', Attempt: '0', Execution Time: '9.9494'
2026-05-25 10:03:31.5771|eventId: 0|level: INFO|traceId: 00-e5586c1cbc04ddade39cc6923e9cf95e-d119cca59ea30e48-00|logger: AIRS.Core.Helpers.ZfpOracleDbHelper|message: GetImageKey = Archived/20250812/1.2.840.133888132105150143162871541411731780159144/1.2.840.19216622352892321110282110210111240391850/1.2.840.5047186194851551622810722616815323843212178.dcm, 22 ms elapsed.
2026-05-25 10:03:31.6481|eventId: 0|level: INFO|traceId: 00-e5586c1cbc04ddade39cc6923e9cf95e-d119cca59ea30e48-00|logger: AIRS.Core.Common.LogForgingTools|message: 1779674611648 GetImage() 由 S3 取得 stream，耗時 54 ms.
2026-05-25 10:03:31.6481|eventId: 0|level: INFO|traceId: 00-e5586c1cbc04ddade39cc6923e9cf95e-d119cca59ea30e48-00|logger: NHI_AI_MedReportViewerWebApi.Services.NhiPatientImageService|message: 成功從 S3 取得影像: 1.2.840.5047186194851551622810722616815323843212178
2026-05-25 10:03:31.7974|eventId: 0|level: INFO|traceId: 00-6bd5ca129e1d58ac346a8cb491d184df-9e576abd92382266-00|logger: AIRS.Core.Helpers.ZfpOracleDbHelper|message: GetImageKey(studyInstanceUid: 1.2.840.133888132105150143162871541411731780159144, seriesInstanceUid: 1.2.840.19216622352892321110282110210111240391850, sopInstanceUid: 1.2.840.12417613237371161519417719486123121749)
2026-05-25 10:03:31.8221|eventId: 3|level: INFO|traceId: 00-6bd5ca129e1d58ac346a8cb491d184df-9e576abd92382266-00|logger: Polly|message: Execution attempt. Source: 'OracleResiliencePipeline/(null)/Retry', Operation Key: '', Result: 'NHI_ZFP_Viewer.ImageSources.ImageInfo', Handled: 'False', Attempt: '0', Execution Time: '16.5597'
2026-05-25 10:03:31.8299|eventId: 0|level: INFO|traceId: 00-6bd5ca129e1d58ac346a8cb491d184df-9e576abd92382266-00|logger: AIRS.Core.Helpers.ZfpOracleDbHelper|message: GetImageKey = Archived/20250812/1.2.840.133888132105150143162871541411731780159144/1.2.840.19216622352892321110282110210111240391850/1.2.840.12417613237371161519417719486123121749.dcm, 29 ms elapsed.
2026-05-25 10:03:31.8742|eventId: 0|level: INFO|traceId: 00-6bd5ca129e1d58ac346a8cb491d184df-9e576abd92382266-00|logger: AIRS.Core.Common.LogForgingTools|message: 1779674611874 GetImage() 由 S3 取得 stream，耗時 34 ms.
2026-05-25 10:03:31.8742|eventId: 0|level: INFO|traceId: 00-6bd5ca129e1d58ac346a8cb491d184df-9e576abd92382266-00|logger: NHI_AI_MedReportViewerWebApi.Services.NhiPatientImageService|message: 成功從 S3 取得影像: 1.2.840.12417613237371161519417719486123121749
2026-05-25 10:03:32.1026|eventId: 0|level: INFO|traceId: 00-ff5fd91e84ed3955e995b52f9beeb5ed-e28a7c7313f8391d-00|logger: AIRS.Core.Helpers.ZfpOracleDbHelper|message: GetImageKey(studyInstanceUid: 1.2.840.133888132105150143162871541411731780159144, seriesInstanceUid: 1.2.840.19216622352892321110282110210111240391850, sopInstanceUid: 1.2.840.902085212775922122618421276182177173176177)
2026-05-25 10:03:32.1091|eventId: 3|level: INFO|traceId: 00-ff5fd91e84ed3955e995b52f9beeb5ed-e28a7c7313f8391d-00|logger: Polly|message: Execution attempt. Source: 'OracleResiliencePipeline/(null)/Retry', Operation Key: '', Result: 'NHI_ZFP_Viewer.ImageSources.ImageInfo', Handled: 'False', Attempt: '0', Execution Time: '9.0738'
2026-05-25 10:03:32.1280|eventId: 0|level: INFO|traceId: 00-ff5fd91e84ed3955e995b52f9beeb5ed-e28a7c7313f8391d-00|logger: AIRS.Core.Helpers.ZfpOracleDbHelper|message: GetImageKey = Archived/20250812/1.2.840.133888132105150143162871541411731780159144/1.2.840.19216622352892321110282110210111240391850/1.2.840.902085212775922122618421276182177173176177.dcm, 21 ms elapsed.
2026-05-25 10:03:32.1777|eventId: 0|level: INFO|traceId: 00-ff5fd91e84ed3955e995b52f9beeb5ed-e28a7c7313f8391d-00|logger: AIRS.Core.Common.LogForgingTools|message: 1779674612177 GetImage() 由 S3 取得 stream，耗時 40 ms.
2026-05-25 10:03:32.1777|eventId: 0|level: INFO|traceId: 00-ff5fd91e84ed3955e995b52f9beeb5ed-e28a7c7313f8391d-00|logger: NHI_AI_MedReportViewerWebApi.Services.NhiPatientImageService|message: 成功從 S3 取得影像: 1.2.840.902085212775922122618421276182177173176177
2026-05-25 10:03:32.4107|eventId: 0|level: INFO|traceId: 00-f048d7efc1a89db7f5f5bb67ee177c15-4b77f89c97df6c13-00|logger: AIRS.Core.Helpers.ZfpOracleDbHelper|message: GetImageKey(studyInstanceUid: 1.2.840.133888132105150143162871541411731780159144, seriesInstanceUid: 1.2.840.19216622352892321110282110210111240391850, sopInstanceUid: 1.2.840.495718318184216195925222515770314759181)
2026-05-25 10:03:32.4266|eventId: 3|level: INFO|traceId: 00-f048d7efc1a89db7f5f5bb67ee177c15-4b77f89c97df6c13-00|logger: Polly|message: Execution attempt. Source: 'OracleResiliencePipeline/(null)/Retry', Operation Key: '', Result: 'NHI_ZFP_Viewer.ImageSources.ImageInfo', Handled: 'False', Attempt: '0', Execution Time: '8.0711'
2026-05-25 10:03:32.4370|eventId: 0|level: INFO|traceId: 00-f048d7efc1a89db7f5f5bb67ee177c15-4b77f89c97df6c13-00|logger: AIRS.Core.Helpers.ZfpOracleDbHelper|message: GetImageKey = Archived/20250812/1.2.840.133888132105150143162871541411731780159144/1.2.840.19216622352892321110282110210111240391850/1.2.840.495718318184216195925222515770314759181.dcm, 19 ms elapsed.
2026-05-25 10:03:32.4762|eventId: 0|level: INFO|traceId: 00-f048d7efc1a89db7f5f5bb67ee177c15-4b77f89c97df6c13-00|logger: AIRS.Core.Common.LogForgingTools|message: 1779674612476 GetImage() 由 S3 取得 stream，耗時 32 ms.
2026-05-25 10:03:32.4762|eventId: 0|level: INFO|traceId: 00-f048d7efc1a89db7f5f5bb67ee177c15-4b77f89c97df6c13-00|logger: NHI_AI_MedReportViewerWebApi.Services.NhiPatientImageService|message: 成功從 S3 取得影像: 1.2.840.495718318184216195925222515770314759181
2026-05-25 10:03:32.7443|eventId: 0|level: INFO|traceId: 00-37d99b14a0e9339aaa0739f4e93faf4f-9d53439652264214-00|logger: AIRS.Core.Helpers.ZfpOracleDbHelper|message: GetImageKey(studyInstanceUid: 1.2.840.133888132105150143162871541411731780159144, seriesInstanceUid: 1.2.840.19216622352892321110282110210111240391850, sopInstanceUid: 1.2.840.218239159136175181165231170218163114623792184)
2026-05-25 10:03:32.7510|eventId: 3|level: INFO|traceId: 00-37d99b14a0e9339aaa0739f4e93faf4f-9d53439652264214-00|logger: Polly|message: Execution attempt. Source: 'OracleResiliencePipeline/(null)/Retry', Operation Key: '', Result: 'NHI_ZFP_Viewer.ImageSources.ImageInfo', Handled: 'False', Attempt: '0', Execution Time: '9.8364'
2026-05-25 10:03:32.7703|eventId: 0|level: INFO|traceId: 00-37d99b14a0e9339aaa0739f4e93faf4f-9d53439652264214-00|logger: AIRS.Core.Helpers.ZfpOracleDbHelper|message: GetImageKey = Archived/20250812/1.2.840.133888132105150143162871541411731780159144/1.2.840.19216622352892321110282110210111240391850/1.2.840.218239159136175181165231170218163114623792184.dcm, 22 ms elapsed.
2026-05-25 10:03:32.8060|eventId: 0|level: INFO|traceId: 00-2a425e74fa4d1a46672c2152774853e5-4c4133977e1d270d-00|logger: AIRS.Core.Helpers.ZfpOracleDbHelper|message: GetImageKey(studyInstanceUid: 1.2.840.133888132105150143162871541411731780159144, seriesInstanceUid: 1.2.840.19216622352892321110282110210111240391850, sopInstanceUid: 1.2.840.210160119511242501411221071413613252229157)
2026-05-25 10:03:32.8129|eventId: 3|level: INFO|traceId: 00-2a425e74fa4d1a46672c2152774853e5-4c4133977e1d270d-00|logger: Polly|message: Execution attempt. Source: 'OracleResiliencePipeline/(null)/Retry', Operation Key: '', Result: 'NHI_ZFP_Viewer.ImageSources.ImageInfo', Handled: 'False', Attempt: '0', Execution Time: '8.7475'
2026-05-25 10:03:32.8129|eventId: 0|level: INFO|traceId: 00-37d99b14a0e9339aaa0739f4e93faf4f-9d53439652264214-00|logger: AIRS.Core.Common.LogForgingTools|message: 1779674612823 GetImage() 由 S3 取得 stream，耗時 44 ms.
2026-05-25 10:03:32.8315|eventId: 0|level: INFO|traceId: 00-2a425e74fa4d1a46672c2152774853e5-4c4133977e1d270d-00|logger: AIRS.Core.Helpers.ZfpOracleDbHelper|message: GetImageKey = Archived/20250812/1.2.840.133888132105150143162871541411731780159144/1.2.840.19216622352892321110282110210111240391850/1.2.840.210160119511242501411221071413613252229157.dcm, 21 ms elapsed.
2026-05-25 10:03:32.8315|eventId: 0|level: INFO|traceId: 00-37d99b14a0e9339aaa0739f4e93faf4f-9d53439652264214-00|logger: NHI_AI_MedReportViewerWebApi.Services.NhiPatientImageService|message: 成功從 S3 取得影像: 1.2.840.218239159136175181165231170218163114623792184
2026-05-25 10:03:32.9557|eventId: 0|level: INFO|traceId: 00-2a425e74fa4d1a46672c2152774853e5-4c4133977e1d270d-00|logger: AIRS.Core.Common.LogForgingTools|message: 1779674612955 GetImage() 由 S3 取得 stream，耗時 115 ms.
2026-05-25 10:03:32.9557|eventId: 0|level: INFO|traceId: 00-2a425e74fa4d1a46672c2152774853e5-4c4133977e1d270d-00|logger: NHI_AI_MedReportViewerWebApi.Services.NhiPatientImageService|message: 成功從 S3 取得影像: 1.2.840.210160119511242501411221071413613252229157
2026-05-25 10:03:33.3207|eventId: 0|level: INFO|traceId: 00-7513a9563ed53ad7066f7afd9e011244-fe7962c908ecc363-00|logger: AIRS.Core.Helpers.ZfpOracleDbHelper|message: GetImageKey(studyInstanceUid: 1.2.840.133888132105150143162871541411731780159144, seriesInstanceUid: 1.2.840.19216622352892321110282110210111240391850, sopInstanceUid: 1.2.840.202125186215272161781476602232561982150)
2026-05-25 10:03:33.3279|eventId: 3|level: INFO|traceId: 00-7513a9563ed53ad7066f7afd9e011244-fe7962c908ecc363-00|logger: Polly|message: Execution attempt. Source: 'OracleResiliencePipeline/(null)/Retry', Operation Key: '', Result: 'NHI_ZFP_Viewer.ImageSources.ImageInfo', Handled: 'False', Attempt: '0', Execution Time: '9.7555'
2026-05-25 10:03:33.3475|eventId: 0|level: INFO|traceId: 00-7513a9563ed53ad7066f7afd9e011244-fe7962c908ecc363-00|logger: AIRS.Core.Helpers.ZfpOracleDbHelper|message: GetImageKey = Archived/20250812/1.2.840.133888132105150143162871541411731780159144/1.2.840.19216622352892321110282110210111240391850/1.2.840.202125186215272161781476602232561982150.dcm, 22 ms elapsed.
2026-05-25 10:03:33.4000|eventId: 0|level: INFO|traceId: 00-7513a9563ed53ad7066f7afd9e011244-fe7962c908ecc363-00|logger: AIRS.Core.Common.LogForgingTools|message: 1779674613400 GetImage() 由 S3 取得 stream，耗時 43 ms.
2026-05-25 10:03:33.4067|eventId: 0|level: INFO|traceId: 00-7513a9563ed53ad7066f7afd9e011244-fe7962c908ecc363-00|logger: NHI_AI_MedReportViewerWebApi.Services.NhiPatientImageService|message: 成功從 S3 取得影像: 1.2.840.202125186215272161781476602232561982150
2026-05-25 10:03:33.6060|eventId: 0|level: INFO|traceId: 00-317b901b08106c3d82341fc72120bd56-bd51a57d537ec098-00|logger: AIRS.Core.Helpers.ZfpOracleDbHelper|message: GetImageKey(studyInstanceUid: 1.2.840.133888132105150143162871541411731780159144, seriesInstanceUid: 1.2.840.19216622352892321110282110210111240391850, sopInstanceUid: 1.2.840.110142162228205183482110910719621611625484181)
2026-05-25 10:03:33.6129|eventId: 3|level: INFO|traceId: 00-317b901b08106c3d82341fc72120bd56-bd51a57d537ec098-00|logger: Polly|message: Execution attempt. Source: 'OracleResiliencePipeline/(null)/Retry', Operation Key: '', Result: 'NHI_ZFP_Viewer.ImageSources.ImageInfo', Handled: 'False', Attempt: '0', Execution Time: '7.8047'
2026-05-25 10:03:33.6307|eventId: 0|level: INFO|traceId: 00-317b901b08106c3d82341fc72120bd56-bd51a57d537ec098-00|logger: AIRS.Core.Helpers.ZfpOracleDbHelper|message: GetImageKey = Archived/20250812/1.2.840.133888132105150143162871541411731780159144/1.2.840.19216622352892321110282110210111240391850/1.2.840.110142162228205183482110910719621611625484181.dcm, 20 ms elapsed.
2026-05-25 10:03:33.6757|eventId: 0|level: INFO|traceId: 00-317b901b08106c3d82341fc72120bd56-bd51a57d537ec098-00|logger: AIRS.Core.Common.LogForgingTools|message: 1779674613675 GetImage() 由 S3 取得 stream，耗時 35 ms.
2026-05-25 10:03:33.6757|eventId: 0|level: INFO|traceId: 00-317b901b08106c3d82341fc72120bd56-bd51a57d537ec098-00|logger: NHI_AI_MedReportViewerWebApi.Services.NhiPatientImageService|message: 成功從 S3 取得影像: 1.2.840.110142162228205183482110910719621611625484181
2026-05-25 10:03:34.2384|eventId: 0|level: INFO|traceId: 00-698f8c4c20916e9728f440d5b4a192a7-824d9ce949c54245-00|logger: AIRS.Core.Helpers.ZfpOracleDbHelper|message: GetImageKey(studyInstanceUid: 1.2.840.133888132105150143162871541411731780159144, seriesInstanceUid: 1.2.840.19216622352892321110282110210111240391850, sopInstanceUid: 1.2.840.209364124882426946732332351977261219165)
2026-05-25 10:03:34.2568|eventId: 3|level: INFO|traceId: 00-698f8c4c20916e9728f440d5b4a192a7-824d9ce949c54245-00|logger: Polly|message: Execution attempt. Source: 'OracleResiliencePipeline/(null)/Retry', Operation Key: '', Result: 'NHI_ZFP_Viewer.ImageSources.ImageInfo', Handled: 'False', Attempt: '0', Execution Time: '9.147'
2026-05-25 10:03:34.2647|eventId: 0|level: INFO|traceId: 00-698f8c4c20916e9728f440d5b4a192a7-824d9ce949c54245-00|logger: AIRS.Core.Helpers.ZfpOracleDbHelper|message: GetImageKey = Archived/20250812/1.2.840.133888132105150143162871541411731780159144/1.2.840.19216622352892321110282110210111240391850/1.2.840.209364124882426946732332351977261219165.dcm, 21 ms elapsed.
2026-05-25 10:03:34.3157|eventId: 0|level: INFO|traceId: 00-698f8c4c20916e9728f440d5b4a192a7-824d9ce949c54245-00|logger: AIRS.Core.Common.LogForgingTools|message: 1779674614315 GetImage() 由 S3 取得 stream，耗時 41 ms.
2026-05-25 10:03:34.3157|eventId: 0|level: INFO|traceId: 00-698f8c4c20916e9728f440d5b4a192a7-824d9ce949c54245-00|logger: NHI_AI_MedReportViewerWebApi.Services.NhiPatientImageService|message: 成功從 S3 取得影像: 1.2.840.209364124882426946732332351977261219165
2026-05-25 10:03:35.3528|eventId: 0|level: INFO|traceId: 00-64b56f71f1fde8de6ae8c3a6eb7a211f-85f5a410d83b9063-00|logger: AIRS.Core.Helpers.ZfpOracleDbHelper|message: GetImageKey(studyInstanceUid: 1.2.840.133888132105150143162871541411731780159144, seriesInstanceUid: 1.2.840.19216622352892321110282110210111240391850, sopInstanceUid: 1.2.840.85132185219146356615518115322922120722913826)
2026-05-25 10:03:35.3599|eventId: 3|level: INFO|traceId: 00-64b56f71f1fde8de6ae8c3a6eb7a211f-85f5a410d83b9063-00|logger: Polly|message: Execution attempt. Source: 'OracleResiliencePipeline/(null)/Retry', Operation Key: '', Result: 'NHI_ZFP_Viewer.ImageSources.ImageInfo', Handled: 'False', Attempt: '0', Execution Time: '7.0354'
2026-05-25 10:03:35.3776|eventId: 0|level: INFO|traceId: 00-64b56f71f1fde8de6ae8c3a6eb7a211f-85f5a410d83b9063-00|logger: AIRS.Core.Helpers.ZfpOracleDbHelper|message: GetImageKey = Archived/20250812/1.2.840.133888132105150143162871541411731780159144/1.2.840.19216622352892321110282110210111240391850/1.2.840.85132185219146356615518115322922120722913826.dcm, 20 ms elapsed.
2026-05-25 10:03:35.4312|eventId: 0|level: INFO|traceId: 00-64b56f71f1fde8de6ae8c3a6eb7a211f-85f5a410d83b9063-00|logger: AIRS.Core.Common.LogForgingTools|message: 1779674615431 GetImage() 由 S3 取得 stream，耗時 43 ms.
2026-05-25 10:03:35.4388|eventId: 0|level: INFO|traceId: 00-64b56f71f1fde8de6ae8c3a6eb7a211f-85f5a410d83b9063-00|logger: NHI_AI_MedReportViewerWebApi.Services.NhiPatientImageService|message: 成功從 S3 取得影像: 1.2.840.85132185219146356615518115322922120722913826
2026-05-25 10:04:12.8108|eventId: 0|level: INFO|traceId: 00-547f37e164f44b36a59a02ae817ed120-1aad7ec2df9642e1-00|logger: NHI_AI_MedReportViewerWebApi.Services.NhiPatientImageService|message: 開始查詢 Series Instance UID: Study=1.2.840.1405011311801131732011012121012200126134, SeriesNumber=4
2026-05-25 10:04:12.8262|eventId: 3|level: INFO|traceId: 00-547f37e164f44b36a59a02ae817ed120-1aad7ec2df9642e1-00|logger: Polly|message: Execution attempt. Source: 'OracleResiliencePipeline/(null)/Retry', Operation Key: '', Result: '1.2.840.51111141244381216847820799116149155151129', Handled: 'False', Attempt: '0', Execution Time: '6.8484'
2026-05-25 10:04:12.8385|eventId: 0|level: INFO|traceId: 00-547f37e164f44b36a59a02ae817ed120-1aad7ec2df9642e1-00|logger: NHI_AI_MedReportViewerWebApi.Services.NhiPatientImageService|message: 找到 Series Number 4 對應的 Series Instance UID: 1.2.840.51111141244381216847820799116149155151129
2026-05-25 10:04:12.8385|eventId: 0|level: INFO|traceId: 00-3685928c8adc94cb7b6e93888f8f1c1a-2adf28b7f081da8a-00|logger: NHI_AI_MedReportViewerWebApi.Services.NhiPatientImageService|message: 開始查詢 Series Instance UID: Study=1.2.840.1405011311801131732011012121012200126134, SeriesNumber=4
2026-05-25 10:04:12.8385|eventId: 0|level: INFO|traceId: 00-d2a062a7fa5bff23b209ac37649d1872-e5efc586f3eae598-00|logger: NHI_AI_MedReportViewerWebApi.Services.NhiPatientImageService|message: 開始查詢 Series Instance UID: Study=1.2.840.192741192620116023140810067713017078213, SeriesNumber=5
2026-05-25 10:04:12.8571|eventId: 3|level: INFO|traceId: 00-3685928c8adc94cb7b6e93888f8f1c1a-2adf28b7f081da8a-00|logger: Polly|message: Execution attempt. Source: 'OracleResiliencePipeline/(null)/Retry', Operation Key: '', Result: '1.2.840.51111141244381216847820799116149155151129', Handled: 'False', Attempt: '0', Execution Time: '4.4023'
2026-05-25 10:04:12.8711|eventId: 0|level: INFO|traceId: 00-3685928c8adc94cb7b6e93888f8f1c1a-2adf28b7f081da8a-00|logger: NHI_AI_MedReportViewerWebApi.Services.NhiPatientImageService|message: 找到 Series Number 4 對應的 Series Instance UID: 1.2.840.51111141244381216847820799116149155151129
2026-05-25 10:04:12.8711|eventId: 3|level: INFO|traceId: 00-d2a062a7fa5bff23b209ac37649d1872-e5efc586f3eae598-00|logger: Polly|message: Execution attempt. Source: 'OracleResiliencePipeline/(null)/Retry', Operation Key: '', Result: '1.2.840.66120190272382141921581501684383220150117188', Handled: 'False', Attempt: '0', Execution Time: '13.2594'
2026-05-25 10:04:12.8711|eventId: 0|level: INFO|traceId: 00-c2738cc75fe9325286b68f1b80c6f0e6-ff46cd87eaa1c430-00|logger: NHI_AI_MedReportViewerWebApi.Services.NhiPatientImageService|message: 開始查詢 Series Instance UID: Study=1.2.840.1405011311801131732011012121012200126134, SeriesNumber=4
2026-05-25 10:04:12.8711|eventId: 0|level: INFO|traceId: 00-d2a062a7fa5bff23b209ac37649d1872-e5efc586f3eae598-00|logger: NHI_AI_MedReportViewerWebApi.Services.NhiPatientImageService|message: 找到 Series Number 5 對應的 Series Instance UID: 1.2.840.66120190272382141921581501684383220150117188
2026-05-25 10:04:12.8900|eventId: 0|level: INFO|traceId: 00-57c03b8a43b05442af71933771e3ec12-135b16ac3bcaf081-00|logger: NHI_AI_MedReportViewerWebApi.Services.NhiPatientImageService|message: 開始查詢 SOP Instance UID: Study=1.2.840.1405011311801131732011012121012200126134, Series=1.2.840.51111141244381216847820799116149155151129, InstanceNumber=46
2026-05-25 10:04:12.8900|eventId: 3|level: INFO|traceId: 00-c2738cc75fe9325286b68f1b80c6f0e6-ff46cd87eaa1c430-00|logger: Polly|message: Execution attempt. Source: 'OracleResiliencePipeline/(null)/Retry', Operation Key: '', Result: '1.2.840.51111141244381216847820799116149155151129', Handled: 'False', Attempt: '0', Execution Time: '4.3638'
2026-05-25 10:04:12.9017|eventId: 0|level: INFO|traceId: 00-c2738cc75fe9325286b68f1b80c6f0e6-ff46cd87eaa1c430-00|logger: NHI_AI_MedReportViewerWebApi.Services.NhiPatientImageService|message: 找到 Series Number 4 對應的 Series Instance UID: 1.2.840.51111141244381216847820799116149155151129
2026-05-25 10:04:12.9017|eventId: 0|level: INFO|traceId: 00-216e86d31f38871e28a8b9e84a4da7a3-f774ea1ca2d040ff-00|logger: NHI_AI_MedReportViewerWebApi.Services.NhiRegistrationService|message: 查詢目標 Instance Number。Patient: Z299999830-20251102-1211-00000000001, RefSeries: 1.2.840.51111141244381216847820799116149155151129, DstSeries: 1.2.840.66120190272382141921581501684383220150117188
2026-05-25 10:04:12.9017|eventId: 0|level: INFO|traceId: 00-84ef37106b3aeecfa5b343a281e8ed4a-f9c687991881fafa-00|logger: NHI_AI_MedReportViewerWebApi.Services.NhiPatientImageService|message: 開始查詢 Series Instance UID: Study=1.2.840.6610321904118510815420318233761831142014, SeriesNumber=4
2026-05-25 10:04:12.9219|eventId: 3|level: INFO|traceId: 00-57c03b8a43b05442af71933771e3ec12-135b16ac3bcaf081-00|logger: Polly|message: Execution attempt. Source: 'OracleResiliencePipeline/(null)/Retry', Operation Key: '', Result: '1.2.840.232761451702923525417733227971231052812514', Handled: 'False', Attempt: '0', Execution Time: '28.7391'
2026-05-25 10:04:12.9219|eventId: 3|level: INFO|traceId: 00-84ef37106b3aeecfa5b343a281e8ed4a-f9c687991881fafa-00|logger: Polly|message: Execution attempt. Source: 'OracleResiliencePipeline/(null)/Retry', Operation Key: '', Result: '1.2.840.185393732156165237212158241127106677643111', Handled: 'False', Attempt: '0', Execution Time: '7.3981'
2026-05-25 10:04:12.9346|eventId: 0|level: INFO|traceId: 00-57c03b8a43b05442af71933771e3ec12-135b16ac3bcaf081-00|logger: NHI_AI_MedReportViewerWebApi.Services.NhiPatientImageService|message: 找到 Instance Number 46 對應的 SOP Instance UID: 1.2.840.232761451702923525417733227971231052812514
2026-05-25 10:04:12.9346|eventId: 0|level: INFO|traceId: 00-84ef37106b3aeecfa5b343a281e8ed4a-f9c687991881fafa-00|logger: NHI_AI_MedReportViewerWebApi.Services.NhiPatientImageService|message: 找到 Series Number 4 對應的 Series Instance UID: 1.2.840.185393732156165237212158241127106677643111
2026-05-25 10:04:12.9579|eventId: 0|level: INFO|traceId: 00-ac2ca722b555b8c7ed25c47e48ff823f-e2a565256ca3d133-00|logger: AIRS.Core.Helpers.ZfpOracleDbHelper|message: GetSortedImagesBySeries(studyInstanceUid: 1.2.840.1405011311801131732011012121012200126134, seriesInstanceUid: 1.2.840.51111141244381216847820799116149155151129)
2026-05-25 10:04:12.9579|eventId: 0|level: INFO|traceId: 00-437d9b09fbc13e035f027bcb098ae9d8-a1e0c900184e2b85-00|logger: NHI_AI_MedReportViewerWebApi.Services.NhiRegistrationService|message: 查詢目標 Instance Number。Patient: Z299999830-20251102-1211-00000000001, RefSeries: 1.2.840.51111141244381216847820799116149155151129, DstSeries: 1.2.840.185393732156165237212158241127106677643111
2026-05-25 10:04:12.9655|eventId: 3|level: INFO|traceId: 00-216e86d31f38871e28a8b9e84a4da7a3-f774ea1ca2d040ff-00|logger: Polly|message: Execution attempt. Source: 'OracleResiliencePipeline/(null)/Retry', Operation Key: '', Result: '40', Handled: 'False', Attempt: '0', Execution Time: '53.3017'
2026-05-25 10:04:12.9655|eventId: 3|level: INFO|traceId: 00-ac2ca722b555b8c7ed25c47e48ff823f-e2a565256ca3d133-00|logger: Polly|message: Execution attempt. Source: 'OracleResiliencePipeline/(null)/Retry', Operation Key: '', Result: 'System.Collections.Generic.List`1[System.String]', Handled: 'False', Attempt: '0', Execution Time: '6.687'
2026-05-25 10:04:12.9655|eventId: 3|level: INFO|traceId: 00-437d9b09fbc13e035f027bcb098ae9d8-a1e0c900184e2b85-00|logger: Polly|message: Execution attempt. Source: 'OracleResiliencePipeline/(null)/Retry', Operation Key: '', Result: '41', Handled: 'False', Attempt: '0', Execution Time: '4.0376'
2026-05-25 10:04:12.9800|eventId: 0|level: INFO|traceId: 00-216e86d31f38871e28a8b9e84a4da7a3-f774ea1ca2d040ff-00|logger: NHI_AI_MedReportViewerWebApi.Services.NhiRegistrationService|message: 找到對應的目標 Instance Number: 40
2026-05-25 10:04:12.9800|eventId: 0|level: INFO|traceId: 00-ac2ca722b555b8c7ed25c47e48ff823f-e2a565256ca3d133-00|logger: NHI_AI_MedReportViewerWebApi.Services.NhiPatientImageService|message: Series 1.2.840.51111141244381216847820799116149155151129 包含 73 個影像（已快取）
2026-05-25 10:04:12.9800|eventId: 0|level: INFO|traceId: 00-437d9b09fbc13e035f027bcb098ae9d8-a1e0c900184e2b85-00|logger: NHI_AI_MedReportViewerWebApi.Services.NhiRegistrationService|message: 找到對應的目標 Instance Number: 41
2026-05-25 10:04:12.9800|eventId: 0|level: INFO|traceId: 00-216e86d31f38871e28a8b9e84a4da7a3-f774ea1ca2d040ff-00|logger: NHI_AI_MedReportViewerWebApi.Services.NhiPatientImageService|message: 開始查詢 SOP Instance UID: Study=1.2.840.192741192620116023140810067713017078213, Series=1.2.840.66120190272382141921581501684383220150117188, InstanceNumber=40
2026-05-25 10:04:12.9962|eventId: 0|level: INFO|traceId: 00-437d9b09fbc13e035f027bcb098ae9d8-a1e0c900184e2b85-00|logger: NHI_AI_MedReportViewerWebApi.Services.NhiPatientImageService|message: 開始查詢 SOP Instance UID: Study=1.2.840.6610321904118510815420318233761831142014, Series=1.2.840.185393732156165237212158241127106677643111, InstanceNumber=41
2026-05-25 10:04:12.9962|eventId: 0|level: INFO|traceId: 00-5285b0d667b9e6dc1856d6451bba2ffe-8b137c2228a7c87b-00|logger: AIRS.Core.Helpers.ZfpOracleDbHelper|message: GetImageKey(studyInstanceUid: 1.2.840.1405011311801131732011012121012200126134, seriesInstanceUid: 1.2.840.51111141244381216847820799116149155151129, sopInstanceUid: 1.2.840.232761451702923525417733227971231052812514)
2026-05-25 10:04:13.0124|eventId: 3|level: INFO|traceId: 00-216e86d31f38871e28a8b9e84a4da7a3-f774ea1ca2d040ff-00|logger: Polly|message: Execution attempt. Source: 'OracleResiliencePipeline/(null)/Retry', Operation Key: '', Result: '1.2.840.34390969398162072098617863132191224108', Handled: 'False', Attempt: '0', Execution Time: '11.5925'
2026-05-25 10:04:13.0124|eventId: 3|level: INFO|traceId: 00-437d9b09fbc13e035f027bcb098ae9d8-a1e0c900184e2b85-00|logger: Polly|message: Execution attempt. Source: 'OracleResiliencePipeline/(null)/Retry', Operation Key: '', Result: '1.2.840.14653247416410524878117871322191302189276', Handled: 'False', Attempt: '0', Execution Time: '8.6219'
2026-05-25 10:04:13.0124|eventId: 3|level: INFO|traceId: 00-5285b0d667b9e6dc1856d6451bba2ffe-8b137c2228a7c87b-00|logger: Polly|message: Execution attempt. Source: 'OracleResiliencePipeline/(null)/Retry', Operation Key: '', Result: 'NHI_ZFP_Viewer.ImageSources.ImageInfo', Handled: 'False', Attempt: '0', Execution Time: '6.6046'
2026-05-25 10:04:13.0124|eventId: 0|level: INFO|traceId: 00-216e86d31f38871e28a8b9e84a4da7a3-f774ea1ca2d040ff-00|logger: NHI_AI_MedReportViewerWebApi.Services.NhiPatientImageService|message: 找到 Instance Number 40 對應的 SOP Instance UID: 1.2.840.34390969398162072098617863132191224108
2026-05-25 10:04:13.0124|eventId: 0|level: INFO|traceId: 00-437d9b09fbc13e035f027bcb098ae9d8-a1e0c900184e2b85-00|logger: NHI_AI_MedReportViewerWebApi.Services.NhiPatientImageService|message: 找到 Instance Number 41 對應的 SOP Instance UID: 1.2.840.14653247416410524878117871322191302189276
2026-05-25 10:04:13.0279|eventId: 0|level: INFO|traceId: 00-5285b0d667b9e6dc1856d6451bba2ffe-8b137c2228a7c87b-00|logger: AIRS.Core.Helpers.ZfpOracleDbHelper|message: GetImageKey = Archived/20230210/1.2.840.1405011311801131732011012121012200126134/1.2.840.51111141244381216847820799116149155151129/1.2.840.232761451702923525417733227971231052812514.dcm, 23 ms elapsed.
2026-05-25 10:04:13.0487|eventId: 0|level: INFO|traceId: 00-c56149121b717de2c1a98bd9230a03be-8977a48064d5c7a7-00|logger: AIRS.Core.Helpers.ZfpOracleDbHelper|message: GetSortedImagesBySeries(studyInstanceUid: 1.2.840.6610321904118510815420318233761831142014, seriesInstanceUid: 1.2.840.185393732156165237212158241127106677643111)
2026-05-25 10:04:13.0487|eventId: 0|level: INFO|traceId: 00-8a2c7f2068f89e44f021abfa69774200-7a172875a6a8a114-00|logger: AIRS.Core.Helpers.ZfpOracleDbHelper|message: GetSortedImagesBySeries(studyInstanceUid: 1.2.840.192741192620116023140810067713017078213, seriesInstanceUid: 1.2.840.66120190272382141921581501684383220150117188)
2026-05-25 10:04:13.0590|eventId: 3|level: INFO|traceId: 00-c56149121b717de2c1a98bd9230a03be-8977a48064d5c7a7-00|logger: Polly|message: Execution attempt. Source: 'OracleResiliencePipeline/(null)/Retry', Operation Key: '', Result: 'System.Collections.Generic.List`1[System.String]', Handled: 'False', Attempt: '0', Execution Time: '6.9104'
2026-05-25 10:04:13.0590|eventId: 3|level: INFO|traceId: 00-8a2c7f2068f89e44f021abfa69774200-7a172875a6a8a114-00|logger: Polly|message: Execution attempt. Source: 'OracleResiliencePipeline/(null)/Retry', Operation Key: '', Result: 'System.Collections.Generic.List`1[System.String]', Handled: 'False', Attempt: '0', Execution Time: '8.7869'
2026-05-25 10:04:13.0737|eventId: 0|level: INFO|traceId: 00-5285b0d667b9e6dc1856d6451bba2ffe-8b137c2228a7c87b-00|logger: AIRS.Core.Common.LogForgingTools|message: 1779674653074 GetImage() 由 S3 取得 stream，耗時 37 ms.
2026-05-25 10:04:13.0737|eventId: 0|level: INFO|traceId: 00-c56149121b717de2c1a98bd9230a03be-8977a48064d5c7a7-00|logger: NHI_AI_MedReportViewerWebApi.Services.NhiPatientImageService|message: Series 1.2.840.185393732156165237212158241127106677643111 包含 66 個影像（已快取）
2026-05-25 10:04:13.0737|eventId: 0|level: INFO|traceId: 00-8a2c7f2068f89e44f021abfa69774200-7a172875a6a8a114-00|logger: NHI_AI_MedReportViewerWebApi.Services.NhiPatientImageService|message: Series 1.2.840.66120190272382141921581501684383220150117188 包含 63 個影像（已快取）
2026-05-25 10:04:13.0737|eventId: 0|level: INFO|traceId: 00-5285b0d667b9e6dc1856d6451bba2ffe-8b137c2228a7c87b-00|logger: NHI_AI_MedReportViewerWebApi.Services.NhiPatientImageService|message: 成功從 S3 取得影像: 1.2.840.232761451702923525417733227971231052812514
2026-05-25 10:04:13.0906|eventId: 0|level: INFO|traceId: 00-b0890bec913a126a53c697217ead65c6-3695482dbe729029-00|logger: AIRS.Core.Helpers.ZfpOracleDbHelper|message: GetImageKey(studyInstanceUid: 1.2.840.6610321904118510815420318233761831142014, seriesInstanceUid: 1.2.840.185393732156165237212158241127106677643111, sopInstanceUid: 1.2.840.14653247416410524878117871322191302189276)
2026-05-25 10:04:13.0906|eventId: 3|level: INFO|traceId: 00-b0890bec913a126a53c697217ead65c6-3695482dbe729029-00|logger: Polly|message: Execution attempt. Source: 'OracleResiliencePipeline/(null)/Retry', Operation Key: '', Result: 'NHI_ZFP_Viewer.ImageSources.ImageInfo', Handled: 'False', Attempt: '0', Execution Time: '5.6187'
2026-05-25 10:04:13.1067|eventId: 0|level: INFO|traceId: 00-ca5523b429fac7ff81b0cf8db8863ba6-ef5f64767a867164-00|logger: AIRS.Core.Helpers.ZfpOracleDbHelper|message: GetImageKey(studyInstanceUid: 1.2.840.192741192620116023140810067713017078213, seriesInstanceUid: 1.2.840.66120190272382141921581501684383220150117188, sopInstanceUid: 1.2.840.34390969398162072098617863132191224108)
2026-05-25 10:04:13.1067|eventId: 0|level: INFO|traceId: 00-b0890bec913a126a53c697217ead65c6-3695482dbe729029-00|logger: AIRS.Core.Helpers.ZfpOracleDbHelper|message: GetImageKey = Archived/20230510/1.2.840.6610321904118510815420318233761831142014/1.2.840.185393732156165237212158241127106677643111/1.2.840.14653247416410524878117871322191302189276.dcm, 17 ms elapsed.
2026-05-25 10:04:13.1218|eventId: 3|level: INFO|traceId: 00-ca5523b429fac7ff81b0cf8db8863ba6-ef5f64767a867164-00|logger: Polly|message: Execution attempt. Source: 'OracleResiliencePipeline/(null)/Retry', Operation Key: '', Result: 'NHI_ZFP_Viewer.ImageSources.ImageInfo', Handled: 'False', Attempt: '0', Execution Time: '4.9085'
2026-05-25 10:04:13.1218|eventId: 0|level: INFO|traceId: 00-ca5523b429fac7ff81b0cf8db8863ba6-ef5f64767a867164-00|logger: AIRS.Core.Helpers.ZfpOracleDbHelper|message: GetImageKey = Archived/20221110/1.2.840.192741192620116023140810067713017078213/1.2.840.66120190272382141921581501684383220150117188/1.2.840.34390969398162072098617863132191224108.dcm, 16 ms elapsed.
2026-05-25 10:04:13.1715|eventId: 0|level: INFO|traceId: 00-b0890bec913a126a53c697217ead65c6-3695482dbe729029-00|logger: AIRS.Core.Common.LogForgingTools|message: 1779674653171 GetImage() 由 S3 取得 stream，耗時 49 ms.
2026-05-25 10:04:13.1715|eventId: 0|level: INFO|traceId: 00-ca5523b429fac7ff81b0cf8db8863ba6-ef5f64767a867164-00|logger: AIRS.Core.Common.LogForgingTools|message: 1779674653179 GetImage() 由 S3 取得 stream，耗時 40 ms.
2026-05-25 10:04:13.1715|eventId: 0|level: INFO|traceId: 00-b0890bec913a126a53c697217ead65c6-3695482dbe729029-00|logger: NHI_AI_MedReportViewerWebApi.Services.NhiPatientImageService|message: 成功從 S3 取得影像: 1.2.840.14653247416410524878117871322191302189276
2026-05-25 10:04:13.1867|eventId: 0|level: INFO|traceId: 00-ca5523b429fac7ff81b0cf8db8863ba6-ef5f64767a867164-00|logger: NHI_AI_MedReportViewerWebApi.Services.NhiPatientImageService|message: 成功從 S3 取得影像: 1.2.840.34390969398162072098617863132191224108
2026-05-25 10:05:25.2937|eventId: 0|level: INFO|traceId: 00-c7752425334a4de2d08676cf1055cbba-d1acfa7b0e011d82-00|logger: AIRS.Core.Helpers.ZfpOracleDbHelper|message: GetImageKey(studyInstanceUid: 1.2.840.1405011311801131732011012121012200126134, seriesInstanceUid: 1.2.840.51111141244381216847820799116149155151129, sopInstanceUid: 1.2.840.674111832312223811583222123199315320066)
2026-05-25 10:05:25.3114|eventId: 3|level: INFO|traceId: 00-c7752425334a4de2d08676cf1055cbba-d1acfa7b0e011d82-00|logger: Polly|message: Execution attempt. Source: 'OracleResiliencePipeline/(null)/Retry', Operation Key: '', Result: 'NHI_ZFP_Viewer.ImageSources.ImageInfo', Handled: 'False', Attempt: '0', Execution Time: '7.0336'
2026-05-25 10:05:25.3227|eventId: 0|level: INFO|traceId: 00-c7752425334a4de2d08676cf1055cbba-d1acfa7b0e011d82-00|logger: AIRS.Core.Helpers.ZfpOracleDbHelper|message: GetImageKey = Archived/20230210/1.2.840.1405011311801131732011012121012200126134/1.2.840.51111141244381216847820799116149155151129/1.2.840.674111832312223811583222123199315320066.dcm, 22 ms elapsed.
2026-05-25 10:05:25.3757|eventId: 0|level: INFO|traceId: 00-c7752425334a4de2d08676cf1055cbba-d1acfa7b0e011d82-00|logger: AIRS.Core.Common.LogForgingTools|message: 1779674725375 GetImage() 由 S3 取得 stream，耗時 42 ms.
2026-05-25 10:05:25.3757|eventId: 0|level: INFO|traceId: 00-c7752425334a4de2d08676cf1055cbba-d1acfa7b0e011d82-00|logger: NHI_AI_MedReportViewerWebApi.Services.NhiPatientImageService|message: 成功從 S3 取得影像: 1.2.840.674111832312223811583222123199315320066
2026-05-25 10:05:25.4171|eventId: 0|level: INFO|traceId: 00-8bf4cfff588ed88c9cf75ea47b28d76f-30300bba076807e2-00|logger: AIRS.Core.Helpers.ZfpOracleDbHelper|message: GetImageKey(studyInstanceUid: 1.2.840.1405011311801131732011012121012200126134, seriesInstanceUid: 1.2.840.51111141244381216847820799116149155151129, sopInstanceUid: 1.2.840.2511512441031312144124014619222025510920714614)
2026-05-25 10:05:25.4317|eventId: 3|level: INFO|traceId: 00-8bf4cfff588ed88c9cf75ea47b28d76f-30300bba076807e2-00|logger: Polly|message: Execution attempt. Source: 'OracleResiliencePipeline/(null)/Retry', Operation Key: '', Result: 'NHI_ZFP_Viewer.ImageSources.ImageInfo', Handled: 'False', Attempt: '0', Execution Time: '5.0267'
2026-05-25 10:05:25.4317|eventId: 0|level: INFO|traceId: 00-8bf4cfff588ed88c9cf75ea47b28d76f-30300bba076807e2-00|logger: AIRS.Core.Helpers.ZfpOracleDbHelper|message: GetImageKey = Archived/20230210/1.2.840.1405011311801131732011012121012200126134/1.2.840.51111141244381216847820799116149155151129/1.2.840.2511512441031312144124014619222025510920714614.dcm, 17 ms elapsed.
2026-05-25 10:05:25.4906|eventId: 0|level: INFO|traceId: 00-8bf4cfff588ed88c9cf75ea47b28d76f-30300bba076807e2-00|logger: AIRS.Core.Common.LogForgingTools|message: 1779674725490 GetImage() 由 S3 取得 stream，耗時 40 ms.
2026-05-25 10:05:25.4988|eventId: 0|level: INFO|traceId: 00-8bf4cfff588ed88c9cf75ea47b28d76f-30300bba076807e2-00|logger: NHI_AI_MedReportViewerWebApi.Services.NhiPatientImageService|message: 成功從 S3 取得影像: 1.2.840.2511512441031312144124014619222025510920714614
2026-05-25 10:05:26.0082|eventId: 0|level: INFO|traceId: 00-2e3dc68c6b0d733eaf89c804c2971f7c-b24ff5a5dea39dd5-00|logger: AIRS.Core.Helpers.ZfpOracleDbHelper|message: GetImageKey(studyInstanceUid: 1.2.840.1405011311801131732011012121012200126134, seriesInstanceUid: 1.2.840.51111141244381216847820799116149155151129, sopInstanceUid: 1.2.840.2551131162449872678459192842219625019257)
2026-05-25 10:05:26.0334|eventId: 3|level: INFO|traceId: 00-2e3dc68c6b0d733eaf89c804c2971f7c-b24ff5a5dea39dd5-00|logger: Polly|message: Execution attempt. Source: 'OracleResiliencePipeline/(null)/Retry', Operation Key: '', Result: 'NHI_ZFP_Viewer.ImageSources.ImageInfo', Handled: 'False', Attempt: '0', Execution Time: '15.4053'
2026-05-25 10:05:26.0431|eventId: 0|level: INFO|traceId: 00-2e3dc68c6b0d733eaf89c804c2971f7c-b24ff5a5dea39dd5-00|logger: AIRS.Core.Helpers.ZfpOracleDbHelper|message: GetImageKey = Archived/20230210/1.2.840.1405011311801131732011012121012200126134/1.2.840.51111141244381216847820799116149155151129/1.2.840.2551131162449872678459192842219625019257.dcm, 29 ms elapsed.
2026-05-25 10:05:26.0718|eventId: 0|level: INFO|traceId: 00-6e1b6be8e0702552c270518169736094-17658b43e9cd0fde-00|logger: AIRS.Core.Helpers.ZfpOracleDbHelper|message: GetImageKey(studyInstanceUid: 1.2.840.1405011311801131732011012121012200126134, seriesInstanceUid: 1.2.840.51111141244381216847820799116149155151129, sopInstanceUid: 1.2.840.67175254104199150222151251272511884254117218)
2026-05-25 10:05:26.0902|eventId: 3|level: INFO|traceId: 00-6e1b6be8e0702552c270518169736094-17658b43e9cd0fde-00|logger: Polly|message: Execution attempt. Source: 'OracleResiliencePipeline/(null)/Retry', Operation Key: '', Result: 'NHI_ZFP_Viewer.ImageSources.ImageInfo', Handled: 'False', Attempt: '0', Execution Time: '7.6972'
2026-05-25 10:05:26.0902|eventId: 0|level: INFO|traceId: 00-2e3dc68c6b0d733eaf89c804c2971f7c-b24ff5a5dea39dd5-00|logger: AIRS.Core.Common.LogForgingTools|message: 1779674726101 GetImage() 由 S3 取得 stream，耗時 46 ms.
2026-05-25 10:05:26.1031|eventId: 0|level: INFO|traceId: 00-6e1b6be8e0702552c270518169736094-17658b43e9cd0fde-00|logger: AIRS.Core.Helpers.ZfpOracleDbHelper|message: GetImageKey = Archived/20230210/1.2.840.1405011311801131732011012121012200126134/1.2.840.51111141244381216847820799116149155151129/1.2.840.67175254104199150222151251272511884254117218.dcm, 22 ms elapsed.
2026-05-25 10:05:26.1031|eventId: 0|level: INFO|traceId: 00-2e3dc68c6b0d733eaf89c804c2971f7c-b24ff5a5dea39dd5-00|logger: NHI_AI_MedReportViewerWebApi.Services.NhiPatientImageService|message: 成功從 S3 取得影像: 1.2.840.2551131162449872678459192842219625019257
2026-05-25 10:05:26.1598|eventId: 0|level: INFO|traceId: 00-6e1b6be8e0702552c270518169736094-17658b43e9cd0fde-00|logger: AIRS.Core.Common.LogForgingTools|message: 1779674726159 GetImage() 由 S3 取得 stream，耗時 45 ms.
2026-05-25 10:05:26.1674|eventId: 0|level: INFO|traceId: 00-6e1b6be8e0702552c270518169736094-17658b43e9cd0fde-00|logger: NHI_AI_MedReportViewerWebApi.Services.NhiPatientImageService|message: 成功從 S3 取得影像: 1.2.840.67175254104199150222151251272511884254117218
2026-05-25 10:05:26.6615|eventId: 0|level: INFO|traceId: 00-713ddf3fa279e3a16423c53bb908ac05-bee7e9bfa99fbe95-00|logger: AIRS.Core.Helpers.ZfpOracleDbHelper|message: GetImageKey(studyInstanceUid: 1.2.840.1405011311801131732011012121012200126134, seriesInstanceUid: 1.2.840.51111141244381216847820799116149155151129, sopInstanceUid: 1.2.840.1252092281241615101135610523317516913170253)
2026-05-25 10:05:26.6868|eventId: 3|level: INFO|traceId: 00-713ddf3fa279e3a16423c53bb908ac05-bee7e9bfa99fbe95-00|logger: Polly|message: Execution attempt. Source: 'OracleResiliencePipeline/(null)/Retry', Operation Key: '', Result: 'NHI_ZFP_Viewer.ImageSources.ImageInfo', Handled: 'False', Attempt: '0', Execution Time: '15.7288'
2026-05-25 10:05:26.6971|eventId: 0|level: INFO|traceId: 00-713ddf3fa279e3a16423c53bb908ac05-bee7e9bfa99fbe95-00|logger: AIRS.Core.Helpers.ZfpOracleDbHelper|message: GetImageKey = Archived/20230210/1.2.840.1405011311801131732011012121012200126134/1.2.840.51111141244381216847820799116149155151129/1.2.840.1252092281241615101135610523317516913170253.dcm, 30 ms elapsed.
2026-05-25 10:05:26.6971|eventId: 0|level: INFO|traceId: 00-dd0596f61e5300e803d66666f289e586-d3bd5b36ed1e40c4-00|logger: AIRS.Core.Helpers.ZfpOracleDbHelper|message: GetImageKey(studyInstanceUid: 1.2.840.1405011311801131732011012121012200126134, seriesInstanceUid: 1.2.840.51111141244381216847820799116149155151129, sopInstanceUid: 1.2.840.1222281738219121330205431421111515522717716)
2026-05-25 10:05:26.7151|eventId: 3|level: INFO|traceId: 00-dd0596f61e5300e803d66666f289e586-d3bd5b36ed1e40c4-00|logger: Polly|message: Execution attempt. Source: 'OracleResiliencePipeline/(null)/Retry', Operation Key: '', Result: 'NHI_ZFP_Viewer.ImageSources.ImageInfo', Handled: 'False', Attempt: '0', Execution Time: '7.7961'
2026-05-25 10:05:26.7344|eventId: 0|level: INFO|traceId: 00-dd0596f61e5300e803d66666f289e586-d3bd5b36ed1e40c4-00|logger: AIRS.Core.Helpers.ZfpOracleDbHelper|message: GetImageKey = Archived/20230210/1.2.840.1405011311801131732011012121012200126134/1.2.840.51111141244381216847820799116149155151129/1.2.840.1222281738219121330205431421111515522717716.dcm, 22 ms elapsed.
2026-05-25 10:05:26.7454|eventId: 0|level: INFO|traceId: 00-3b1d55c7f279604fe7d44e361e61f196-d05c04bbfffd50dd-00|logger: AIRS.Core.Helpers.ZfpOracleDbHelper|message: GetImageKey(studyInstanceUid: 1.2.840.1405011311801131732011012121012200126134, seriesInstanceUid: 1.2.840.51111141244381216847820799116149155151129, sopInstanceUid: 1.2.840.1652322162171725272442391142284521137198125)
2026-05-25 10:05:26.7454|eventId: 0|level: INFO|traceId: 00-713ddf3fa279e3a16423c53bb908ac05-bee7e9bfa99fbe95-00|logger: AIRS.Core.Common.LogForgingTools|message: 1779674726756 GetImage() 由 S3 取得 stream，耗時 48 ms.
2026-05-25 10:05:26.7621|eventId: 0|level: INFO|traceId: 00-713ddf3fa279e3a16423c53bb908ac05-bee7e9bfa99fbe95-00|logger: NHI_AI_MedReportViewerWebApi.Services.NhiPatientImageService|message: 成功從 S3 取得影像: 1.2.840.1252092281241615101135610523317516913170253
2026-05-25 10:05:26.7621|eventId: 3|level: INFO|traceId: 00-3b1d55c7f279604fe7d44e361e61f196-d05c04bbfffd50dd-00|logger: Polly|message: Execution attempt. Source: 'OracleResiliencePipeline/(null)/Retry', Operation Key: '', Result: 'NHI_ZFP_Viewer.ImageSources.ImageInfo', Handled: 'False', Attempt: '0', Execution Time: '5.7375'
2026-05-25 10:05:26.7849|eventId: 0|level: INFO|traceId: 00-3b1d55c7f279604fe7d44e361e61f196-d05c04bbfffd50dd-00|logger: AIRS.Core.Helpers.ZfpOracleDbHelper|message: GetImageKey = Archived/20230210/1.2.840.1405011311801131732011012121012200126134/1.2.840.51111141244381216847820799116149155151129/1.2.840.1652322162171725272442391142284521137198125.dcm, 26 ms elapsed.
2026-05-25 10:05:26.7928|eventId: 0|level: INFO|traceId: 00-dd0596f61e5300e803d66666f289e586-d3bd5b36ed1e40c4-00|logger: AIRS.Core.Common.LogForgingTools|message: 1779674726792 GetImage() 由 S3 取得 stream，耗時 47 ms.
2026-05-25 10:05:26.7928|eventId: 0|level: INFO|traceId: 00-dd0596f61e5300e803d66666f289e586-d3bd5b36ed1e40c4-00|logger: NHI_AI_MedReportViewerWebApi.Services.NhiPatientImageService|message: 成功從 S3 取得影像: 1.2.840.1222281738219121330205431421111515522717716
2026-05-25 10:05:26.8326|eventId: 0|level: INFO|traceId: 00-3b1d55c7f279604fe7d44e361e61f196-d05c04bbfffd50dd-00|logger: AIRS.Core.Common.LogForgingTools|message: 1779674726832 GetImage() 由 S3 取得 stream，耗時 33 ms.
2026-05-25 10:05:26.8420|eventId: 0|level: INFO|traceId: 00-3b1d55c7f279604fe7d44e361e61f196-d05c04bbfffd50dd-00|logger: NHI_AI_MedReportViewerWebApi.Services.NhiPatientImageService|message: 成功從 S3 取得影像: 1.2.840.1652322162171725272442391142284521137198125
2026-05-25 10:05:28.2251|eventId: 0|level: INFO|traceId: 00-5e80d4e710f895f7bae7a56201ad7423-d1773e06a9d79887-00|logger: AIRS.Core.Helpers.ZfpOracleDbHelper|message: GetImageKey(studyInstanceUid: 1.2.840.1405011311801131732011012121012200126134, seriesInstanceUid: 1.2.840.51111141244381216847820799116149155151129, sopInstanceUid: 1.2.840.851241510497240195701611681021620155285)
2026-05-25 10:05:28.2449|eventId: 3|level: INFO|traceId: 00-5e80d4e710f895f7bae7a56201ad7423-d1773e06a9d79887-00|logger: Polly|message: Execution attempt. Source: 'OracleResiliencePipeline/(null)/Retry', Operation Key: '', Result: 'NHI_ZFP_Viewer.ImageSources.ImageInfo', Handled: 'False', Attempt: '0', Execution Time: '7.0813'
2026-05-25 10:05:28.2449|eventId: 0|level: INFO|traceId: 00-5e80d4e710f895f7bae7a56201ad7423-d1773e06a9d79887-00|logger: AIRS.Core.Helpers.ZfpOracleDbHelper|message: GetImageKey = Archived/20230210/1.2.840.1405011311801131732011012121012200126134/1.2.840.51111141244381216847820799116149155151129/1.2.840.851241510497240195701611681021620155285.dcm, 22 ms elapsed.
2026-05-25 10:05:28.3216|eventId: 0|level: INFO|traceId: 00-5e80d4e710f895f7bae7a56201ad7423-d1773e06a9d79887-00|logger: AIRS.Core.Common.LogForgingTools|message: 1779674728321 GetImage() 由 S3 取得 stream，耗時 52 ms.
2026-05-25 10:05:28.3339|eventId: 0|level: INFO|traceId: 00-5e80d4e710f895f7bae7a56201ad7423-d1773e06a9d79887-00|logger: NHI_AI_MedReportViewerWebApi.Services.NhiPatientImageService|message: 成功從 S3 取得影像: 1.2.840.851241510497240195701611681021620155285
2026-05-25 10:05:29.1586|eventId: 0|level: INFO|traceId: 00-b2a970242f842e5b02c43048ea75e70f-93b15dce2457dfa0-00|logger: AIRS.Core.Helpers.ZfpOracleDbHelper|message: GetImageKey(studyInstanceUid: 1.2.840.1405011311801131732011012121012200126134, seriesInstanceUid: 1.2.840.51111141244381216847820799116149155151129, sopInstanceUid: 1.2.840.17230180122942297223510210933215591832308)
2026-05-25 10:05:29.1680|eventId: 3|level: INFO|traceId: 00-b2a970242f842e5b02c43048ea75e70f-93b15dce2457dfa0-00|logger: Polly|message: Execution attempt. Source: 'OracleResiliencePipeline/(null)/Retry', Operation Key: '', Result: 'NHI_ZFP_Viewer.ImageSources.ImageInfo', Handled: 'False', Attempt: '0', Execution Time: '6.2007'
2026-05-25 10:05:29.1869|eventId: 0|level: INFO|traceId: 00-b2a970242f842e5b02c43048ea75e70f-93b15dce2457dfa0-00|logger: AIRS.Core.Helpers.ZfpOracleDbHelper|message: GetImageKey = Archived/20230210/1.2.840.1405011311801131732011012121012200126134/1.2.840.51111141244381216847820799116149155151129/1.2.840.17230180122942297223510210933215591832308.dcm, 21 ms elapsed.
2026-05-25 10:05:29.2367|eventId: 0|level: INFO|traceId: 00-b2a970242f842e5b02c43048ea75e70f-93b15dce2457dfa0-00|logger: AIRS.Core.Common.LogForgingTools|message: 1779674729236 GetImage() 由 S3 取得 stream，耗時 36 ms.
2026-05-25 10:05:29.2461|eventId: 0|level: INFO|traceId: 00-b2a970242f842e5b02c43048ea75e70f-93b15dce2457dfa0-00|logger: NHI_AI_MedReportViewerWebApi.Services.NhiPatientImageService|message: 成功從 S3 取得影像: 1.2.840.17230180122942297223510210933215591832308
2026-05-25 10:05:35.3884|eventId: 0|level: INFO|traceId: 00-a23ca1eb8aa7ce5fdd5be164b3900ae2-a579b9b2d6bbcb72-00|logger: AIRS.Core.Helpers.ZfpOracleDbHelper|message: GetImageKey(studyInstanceUid: 1.2.840.192741192620116023140810067713017078213, seriesInstanceUid: 1.2.840.66120190272382141921581501684383220150117188, sopInstanceUid: 1.2.840.16612418713713025115120122814881235917417527)
2026-05-25 10:05:35.4005|eventId: 3|level: INFO|traceId: 00-a23ca1eb8aa7ce5fdd5be164b3900ae2-a579b9b2d6bbcb72-00|logger: Polly|message: Execution attempt. Source: 'OracleResiliencePipeline/(null)/Retry', Operation Key: '', Result: 'NHI_ZFP_Viewer.ImageSources.ImageInfo', Handled: 'False', Attempt: '0', Execution Time: '5.6952'
2026-05-25 10:05:35.4188|eventId: 0|level: INFO|traceId: 00-a23ca1eb8aa7ce5fdd5be164b3900ae2-a579b9b2d6bbcb72-00|logger: AIRS.Core.Helpers.ZfpOracleDbHelper|message: GetImageKey = Archived/20221110/1.2.840.192741192620116023140810067713017078213/1.2.840.66120190272382141921581501684383220150117188/1.2.840.16612418713713025115120122814881235917417527.dcm, 20 ms elapsed.
2026-05-25 10:05:35.4507|eventId: 0|level: INFO|traceId: 00-2a3fb1728ade338ba4cf1c8941a006d6-bbf8b82ebff2dfbf-00|logger: AIRS.Core.Helpers.ZfpOracleDbHelper|message: GetImageKey(studyInstanceUid: 1.2.840.192741192620116023140810067713017078213, seriesInstanceUid: 1.2.840.66120190272382141921581501684383220150117188, sopInstanceUid: 1.2.840.589012233195924412521594146104148293843)
2026-05-25 10:05:35.4606|eventId: 3|level: INFO|traceId: 00-2a3fb1728ade338ba4cf1c8941a006d6-bbf8b82ebff2dfbf-00|logger: Polly|message: Execution attempt. Source: 'OracleResiliencePipeline/(null)/Retry', Operation Key: '', Result: 'NHI_ZFP_Viewer.ImageSources.ImageInfo', Handled: 'False', Attempt: '0', Execution Time: '6.3193'
2026-05-25 10:05:35.4746|eventId: 0|level: INFO|traceId: 00-a23ca1eb8aa7ce5fdd5be164b3900ae2-a579b9b2d6bbcb72-00|logger: AIRS.Core.Common.LogForgingTools|message: 1779674735474 GetImage() 由 S3 取得 stream，耗時 42 ms.
2026-05-25 10:05:35.4746|eventId: 0|level: INFO|traceId: 00-2a3fb1728ade338ba4cf1c8941a006d6-bbf8b82ebff2dfbf-00|logger: AIRS.Core.Helpers.ZfpOracleDbHelper|message: GetImageKey = Archived/20221110/1.2.840.192741192620116023140810067713017078213/1.2.840.66120190272382141921581501684383220150117188/1.2.840.589012233195924412521594146104148293843.dcm, 22 ms elapsed.
2026-05-25 10:05:35.4746|eventId: 0|level: INFO|traceId: 00-a23ca1eb8aa7ce5fdd5be164b3900ae2-a579b9b2d6bbcb72-00|logger: NHI_AI_MedReportViewerWebApi.Services.NhiPatientImageService|message: 成功從 S3 取得影像: 1.2.840.16612418713713025115120122814881235917417527
2026-05-25 10:05:35.5125|eventId: 0|level: INFO|traceId: 00-91afe8ea1632adca75ced8961944af5e-bb23e60946d42709-00|logger: AIRS.Core.Helpers.ZfpOracleDbHelper|message: GetImageKey(studyInstanceUid: 1.2.840.192741192620116023140810067713017078213, seriesInstanceUid: 1.2.840.66120190272382141921581501684383220150117188, sopInstanceUid: 1.2.840.561481681911956885923419012710797119127124)
2026-05-25 10:05:35.5219|eventId: 0|level: INFO|traceId: 00-2a3fb1728ade338ba4cf1c8941a006d6-bbf8b82ebff2dfbf-00|logger: AIRS.Core.Common.LogForgingTools|message: 1779674735523 GetImage() 由 S3 取得 stream，耗時 30 ms.
2026-05-25 10:05:35.5219|eventId: 3|level: INFO|traceId: 00-91afe8ea1632adca75ced8961944af5e-bb23e60946d42709-00|logger: Polly|message: Execution attempt. Source: 'OracleResiliencePipeline/(null)/Retry', Operation Key: '', Result: 'NHI_ZFP_Viewer.ImageSources.ImageInfo', Handled: 'False', Attempt: '0', Execution Time: '6.5066'
2026-05-25 10:05:35.5219|eventId: 0|level: INFO|traceId: 00-2a3fb1728ade338ba4cf1c8941a006d6-bbf8b82ebff2dfbf-00|logger: NHI_AI_MedReportViewerWebApi.Services.NhiPatientImageService|message: 成功從 S3 取得影像: 1.2.840.589012233195924412521594146104148293843
2026-05-25 10:05:35.5419|eventId: 0|level: INFO|traceId: 00-91afe8ea1632adca75ced8961944af5e-bb23e60946d42709-00|logger: AIRS.Core.Helpers.ZfpOracleDbHelper|message: GetImageKey = Archived/20221110/1.2.840.192741192620116023140810067713017078213/1.2.840.66120190272382141921581501684383220150117188/1.2.840.561481681911956885923419012710797119127124.dcm, 23 ms elapsed.
2026-05-25 10:05:35.5881|eventId: 0|level: INFO|traceId: 00-91afe8ea1632adca75ced8961944af5e-bb23e60946d42709-00|logger: AIRS.Core.Common.LogForgingTools|message: 1779674735588 GetImage() 由 S3 取得 stream，耗時 33 ms.
2026-05-25 10:05:35.5881|eventId: 0|level: INFO|traceId: 00-91afe8ea1632adca75ced8961944af5e-bb23e60946d42709-00|logger: NHI_AI_MedReportViewerWebApi.Services.NhiPatientImageService|message: 成功從 S3 取得影像: 1.2.840.561481681911956885923419012710797119127124
2026-05-25 10:05:35.7624|eventId: 0|level: INFO|traceId: 00-e45befed0cd9c65149e0de3b4b27044f-a429357b723ecd02-00|logger: AIRS.Core.Helpers.ZfpOracleDbHelper|message: GetImageKey(studyInstanceUid: 1.2.840.192741192620116023140810067713017078213, seriesInstanceUid: 1.2.840.66120190272382141921581501684383220150117188, sopInstanceUid: 1.2.840.1302522281281431532152037316686241193186112216)
2026-05-25 10:05:35.7721|eventId: 3|level: INFO|traceId: 00-e45befed0cd9c65149e0de3b4b27044f-a429357b723ecd02-00|logger: Polly|message: Execution attempt. Source: 'OracleResiliencePipeline/(null)/Retry', Operation Key: '', Result: 'NHI_ZFP_Viewer.ImageSources.ImageInfo', Handled: 'False', Attempt: '0', Execution Time: '11.6579'
2026-05-25 10:05:35.7970|eventId: 0|level: INFO|traceId: 00-e45befed0cd9c65149e0de3b4b27044f-a429357b723ecd02-00|logger: AIRS.Core.Helpers.ZfpOracleDbHelper|message: GetImageKey = Archived/20221110/1.2.840.192741192620116023140810067713017078213/1.2.840.66120190272382141921581501684383220150117188/1.2.840.1302522281281431532152037316686241193186112216.dcm, 28 ms elapsed.
2026-05-25 10:05:35.8515|eventId: 0|level: INFO|traceId: 00-e45befed0cd9c65149e0de3b4b27044f-a429357b723ecd02-00|logger: AIRS.Core.Common.LogForgingTools|message: 1779674735851 GetImage() 由 S3 取得 stream，耗時 39 ms.
2026-05-25 10:05:35.8515|eventId: 0|level: INFO|traceId: 00-e45befed0cd9c65149e0de3b4b27044f-a429357b723ecd02-00|logger: NHI_AI_MedReportViewerWebApi.Services.NhiPatientImageService|message: 成功從 S3 取得影像: 1.2.840.1302522281281431532152037316686241193186112216
2026-05-25 10:05:36.0454|eventId: 0|level: INFO|traceId: 00-bb299e888e0b0773fd08a4533b44be66-b28df9b4836b273d-00|logger: AIRS.Core.Helpers.ZfpOracleDbHelper|message: GetImageKey(studyInstanceUid: 1.2.840.192741192620116023140810067713017078213, seriesInstanceUid: 1.2.840.66120190272382141921581501684383220150117188, sopInstanceUid: 1.2.840.129431542205022137967813311510312120414486)
2026-05-25 10:05:36.0551|eventId: 3|level: INFO|traceId: 00-bb299e888e0b0773fd08a4533b44be66-b28df9b4836b273d-00|logger: Polly|message: Execution attempt. Source: 'OracleResiliencePipeline/(null)/Retry', Operation Key: '', Result: 'NHI_ZFP_Viewer.ImageSources.ImageInfo', Handled: 'False', Attempt: '0', Execution Time: '6.4857'
2026-05-25 10:05:36.0743|eventId: 0|level: INFO|traceId: 00-bb299e888e0b0773fd08a4533b44be66-b28df9b4836b273d-00|logger: AIRS.Core.Helpers.ZfpOracleDbHelper|message: GetImageKey = Archived/20221110/1.2.840.192741192620116023140810067713017078213/1.2.840.66120190272382141921581501684383220150117188/1.2.840.129431542205022137967813311510312120414486.dcm, 21 ms elapsed.
2026-05-25 10:05:36.1335|eventId: 0|level: INFO|traceId: 00-bb299e888e0b0773fd08a4533b44be66-b28df9b4836b273d-00|logger: AIRS.Core.Common.LogForgingTools|message: 1779674736133 GetImage() 由 S3 取得 stream，耗時 46 ms.
2026-05-25 10:05:36.1335|eventId: 0|level: INFO|traceId: 00-bb299e888e0b0773fd08a4533b44be66-b28df9b4836b273d-00|logger: NHI_AI_MedReportViewerWebApi.Services.NhiPatientImageService|message: 成功從 S3 取得影像: 1.2.840.129431542205022137967813311510312120414486
2026-05-25 10:05:37.3772|eventId: 0|level: INFO|traceId: 00-f8946907f8e5555f57d1ffc8d5c48e46-5afc7df01347d78b-00|logger: AIRS.Core.Helpers.ZfpOracleDbHelper|message: GetImageKey(studyInstanceUid: 1.2.840.192741192620116023140810067713017078213, seriesInstanceUid: 1.2.840.66120190272382141921581501684383220150117188, sopInstanceUid: 1.2.840.20394401162441902512235435181210729169239)
2026-05-25 10:05:37.3869|eventId: 3|level: INFO|traceId: 00-f8946907f8e5555f57d1ffc8d5c48e46-5afc7df01347d78b-00|logger: Polly|message: Execution attempt. Source: 'OracleResiliencePipeline/(null)/Retry', Operation Key: '', Result: 'NHI_ZFP_Viewer.ImageSources.ImageInfo', Handled: 'False', Attempt: '0', Execution Time: '5.5098'
2026-05-25 10:05:37.4053|eventId: 0|level: INFO|traceId: 00-f8946907f8e5555f57d1ffc8d5c48e46-5afc7df01347d78b-00|logger: AIRS.Core.Helpers.ZfpOracleDbHelper|message: GetImageKey = Archived/20221110/1.2.840.192741192620116023140810067713017078213/1.2.840.66120190272382141921581501684383220150117188/1.2.840.20394401162441902512235435181210729169239.dcm, 21 ms elapsed.
2026-05-25 10:05:37.4568|eventId: 0|level: INFO|traceId: 00-f8946907f8e5555f57d1ffc8d5c48e46-5afc7df01347d78b-00|logger: AIRS.Core.Common.LogForgingTools|message: 1779674737456 GetImage() 由 S3 取得 stream，耗時 39 ms.
2026-05-25 10:05:37.4672|eventId: 0|level: INFO|traceId: 00-f8946907f8e5555f57d1ffc8d5c48e46-5afc7df01347d78b-00|logger: NHI_AI_MedReportViewerWebApi.Services.NhiPatientImageService|message: 成功從 S3 取得影像: 1.2.840.20394401162441902512235435181210729169239
2026-05-25 10:05:37.6256|eventId: 0|level: INFO|traceId: 00-24c2bad948a9e0696f84089edba4b575-6ab4b7cde698aaff-00|logger: AIRS.Core.Helpers.ZfpOracleDbHelper|message: GetImageKey(studyInstanceUid: 1.2.840.192741192620116023140810067713017078213, seriesInstanceUid: 1.2.840.66120190272382141921581501684383220150117188, sopInstanceUid: 1.2.840.4315656223201671024813433319156320669)
2026-05-25 10:05:37.6352|eventId: 3|level: INFO|traceId: 00-24c2bad948a9e0696f84089edba4b575-6ab4b7cde698aaff-00|logger: Polly|message: Execution attempt. Source: 'OracleResiliencePipeline/(null)/Retry', Operation Key: '', Result: 'NHI_ZFP_Viewer.ImageSources.ImageInfo', Handled: 'False', Attempt: '0', Execution Time: '7.7086'
2026-05-25 10:05:37.6560|eventId: 0|level: INFO|traceId: 00-24c2bad948a9e0696f84089edba4b575-6ab4b7cde698aaff-00|logger: AIRS.Core.Helpers.ZfpOracleDbHelper|message: GetImageKey = Archived/20221110/1.2.840.192741192620116023140810067713017078213/1.2.840.66120190272382141921581501684383220150117188/1.2.840.4315656223201671024813433319156320669.dcm, 23 ms elapsed.
2026-05-25 10:05:37.6684|eventId: 0|level: INFO|traceId: 00-5cdb3354b29ce155a7c6c399c028ce5d-1191a998490f4347-00|logger: AIRS.Core.Helpers.ZfpOracleDbHelper|message: GetImageKey(studyInstanceUid: 1.2.840.192741192620116023140810067713017078213, seriesInstanceUid: 1.2.840.66120190272382141921581501684383220150117188, sopInstanceUid: 1.2.840.114114421787888624018983831429917372112)
2026-05-25 10:05:37.6933|eventId: 3|level: INFO|traceId: 00-5cdb3354b29ce155a7c6c399c028ce5d-1191a998490f4347-00|logger: Polly|message: Execution attempt. Source: 'OracleResiliencePipeline/(null)/Retry', Operation Key: '', Result: 'NHI_ZFP_Viewer.ImageSources.ImageInfo', Handled: 'False', Attempt: '0', Execution Time: '7.55'
2026-05-25 10:05:37.6933|eventId: 0|level: INFO|traceId: 00-5cdb3354b29ce155a7c6c399c028ce5d-1191a998490f4347-00|logger: AIRS.Core.Helpers.ZfpOracleDbHelper|message: GetImageKey = Archived/20221110/1.2.840.192741192620116023140810067713017078213/1.2.840.66120190272382141921581501684383220150117188/1.2.840.114114421787888624018983831429917372112.dcm, 23 ms elapsed.
2026-05-25 10:05:37.7190|eventId: 0|level: INFO|traceId: 00-24c2bad948a9e0696f84089edba4b575-6ab4b7cde698aaff-00|logger: AIRS.Core.Common.LogForgingTools|message: 1779674737719 GetImage() 由 S3 取得 stream，耗時 50 ms.
2026-05-25 10:05:37.7294|eventId: 0|level: INFO|traceId: 00-24c2bad948a9e0696f84089edba4b575-6ab4b7cde698aaff-00|logger: NHI_AI_MedReportViewerWebApi.Services.NhiPatientImageService|message: 成功從 S3 取得影像: 1.2.840.4315656223201671024813433319156320669
2026-05-25 10:05:37.7638|eventId: 0|level: INFO|traceId: 00-5cdb3354b29ce155a7c6c399c028ce5d-1191a998490f4347-00|logger: AIRS.Core.Common.LogForgingTools|message: 1779674737763 GetImage() 由 S3 取得 stream，耗時 43 ms.
2026-05-25 10:05:37.7770|eventId: 0|level: INFO|traceId: 00-5cdb3354b29ce155a7c6c399c028ce5d-1191a998490f4347-00|logger: NHI_AI_MedReportViewerWebApi.Services.NhiPatientImageService|message: 成功從 S3 取得影像: 1.2.840.114114421787888624018983831429917372112
2026-05-25 10:05:38.0058|eventId: 0|level: INFO|traceId: 00-5e83c8ec47eac1e79c513cfb9c6d3689-8913b1724bd6457c-00|logger: AIRS.Core.Helpers.ZfpOracleDbHelper|message: GetImageKey(studyInstanceUid: 1.2.840.192741192620116023140810067713017078213, seriesInstanceUid: 1.2.840.66120190272382141921581501684383220150117188, sopInstanceUid: 1.2.840.21915255170254172179183532422003152208130120)
2026-05-25 10:05:38.0230|eventId: 3|level: INFO|traceId: 00-5e83c8ec47eac1e79c513cfb9c6d3689-8913b1724bd6457c-00|logger: Polly|message: Execution attempt. Source: 'OracleResiliencePipeline/(null)/Retry', Operation Key: '', Result: 'NHI_ZFP_Viewer.ImageSources.ImageInfo', Handled: 'False', Attempt: '0', Execution Time: '5.8367'
2026-05-25 10:05:38.0386|eventId: 0|level: INFO|traceId: 00-5e83c8ec47eac1e79c513cfb9c6d3689-8913b1724bd6457c-00|logger: AIRS.Core.Helpers.ZfpOracleDbHelper|message: GetImageKey = Archived/20221110/1.2.840.192741192620116023140810067713017078213/1.2.840.66120190272382141921581501684383220150117188/1.2.840.21915255170254172179183532422003152208130120.dcm, 22 ms elapsed.
2026-05-25 10:05:38.0911|eventId: 0|level: INFO|traceId: 00-5e83c8ec47eac1e79c513cfb9c6d3689-8913b1724bd6457c-00|logger: AIRS.Core.Common.LogForgingTools|message: 1779674738091 GetImage() 由 S3 取得 stream，耗時 42 ms.
2026-05-25 10:05:38.1013|eventId: 0|level: INFO|traceId: 00-5e83c8ec47eac1e79c513cfb9c6d3689-8913b1724bd6457c-00|logger: NHI_AI_MedReportViewerWebApi.Services.NhiPatientImageService|message: 成功從 S3 取得影像: 1.2.840.21915255170254172179183532422003152208130120
2026-05-25 10:05:38.3185|eventId: 0|level: INFO|traceId: 00-ada23b12ef44edce0f3a036010ef3e04-4fd33d86f31a6870-00|logger: AIRS.Core.Helpers.ZfpOracleDbHelper|message: GetImageKey(studyInstanceUid: 1.2.840.192741192620116023140810067713017078213, seriesInstanceUid: 1.2.840.66120190272382141921581501684383220150117188, sopInstanceUid: 1.2.840.157720169245419962021966899674498104)
2026-05-25 10:05:38.3417|eventId: 3|level: INFO|traceId: 00-ada23b12ef44edce0f3a036010ef3e04-4fd33d86f31a6870-00|logger: Polly|message: Execution attempt. Source: 'OracleResiliencePipeline/(null)/Retry', Operation Key: '', Result: 'NHI_ZFP_Viewer.ImageSources.ImageInfo', Handled: 'False', Attempt: '0', Execution Time: '9.7777'
2026-05-25 10:05:38.3538|eventId: 0|level: INFO|traceId: 00-ada23b12ef44edce0f3a036010ef3e04-4fd33d86f31a6870-00|logger: AIRS.Core.Helpers.ZfpOracleDbHelper|message: GetImageKey = Archived/20221110/1.2.840.192741192620116023140810067713017078213/1.2.840.66120190272382141921581501684383220150117188/1.2.840.157720169245419962021966899674498104.dcm, 26 ms elapsed.
2026-05-25 10:05:38.4247|eventId: 0|level: INFO|traceId: 00-ada23b12ef44edce0f3a036010ef3e04-4fd33d86f31a6870-00|logger: AIRS.Core.Common.LogForgingTools|message: 1779674738424 GetImage() 由 S3 取得 stream，耗時 57 ms.
2026-05-25 10:05:38.4358|eventId: 0|level: INFO|traceId: 00-ada23b12ef44edce0f3a036010ef3e04-4fd33d86f31a6870-00|logger: NHI_AI_MedReportViewerWebApi.Services.NhiPatientImageService|message: 成功從 S3 取得影像: 1.2.840.157720169245419962021966899674498104
2026-05-25 10:05:38.5052|eventId: 0|level: INFO|traceId: 00-ea2334a63835ea90fb3b60628681a85a-5a62dde7b3520c7d-00|logger: AIRS.Core.Helpers.ZfpOracleDbHelper|message: GetImageKey(studyInstanceUid: 1.2.840.192741192620116023140810067713017078213, seriesInstanceUid: 1.2.840.66120190272382141921581501684383220150117188, sopInstanceUid: 1.2.840.13512922323294117149250101471561371729557)
2026-05-25 10:05:38.5423|eventId: 3|level: INFO|traceId: 00-ea2334a63835ea90fb3b60628681a85a-5a62dde7b3520c7d-00|logger: Polly|message: Execution attempt. Source: 'OracleResiliencePipeline/(null)/Retry', Operation Key: '', Result: 'NHI_ZFP_Viewer.ImageSources.ImageInfo', Handled: 'False', Attempt: '0', Execution Time: '11.673'
2026-05-25 10:05:38.5563|eventId: 0|level: INFO|traceId: 00-ea2334a63835ea90fb3b60628681a85a-5a62dde7b3520c7d-00|logger: AIRS.Core.Helpers.ZfpOracleDbHelper|message: GetImageKey = Archived/20221110/1.2.840.192741192620116023140810067713017078213/1.2.840.66120190272382141921581501684383220150117188/1.2.840.13512922323294117149250101471561371729557.dcm, 29 ms elapsed.
2026-05-25 10:05:38.6074|eventId: 0|level: INFO|traceId: 00-ea2334a63835ea90fb3b60628681a85a-5a62dde7b3520c7d-00|logger: AIRS.Core.Common.LogForgingTools|message: 1779674738607 GetImage() 由 S3 取得 stream，耗時 37 ms.
2026-05-25 10:05:38.6184|eventId: 0|level: INFO|traceId: 00-ea2334a63835ea90fb3b60628681a85a-5a62dde7b3520c7d-00|logger: NHI_AI_MedReportViewerWebApi.Services.NhiPatientImageService|message: 成功從 S3 取得影像: 1.2.840.13512922323294117149250101471561371729557
2026-05-25 10:05:38.6862|eventId: 0|level: INFO|traceId: 00-912a2d9caccbdea52931cfbe92d52b61-0187070d813c3d43-00|logger: AIRS.Core.Helpers.ZfpOracleDbHelper|message: GetImageKey(studyInstanceUid: 1.2.840.192741192620116023140810067713017078213, seriesInstanceUid: 1.2.840.66120190272382141921581501684383220150117188, sopInstanceUid: 1.2.840.7211222315410062519929842352016721177199)
2026-05-25 10:05:38.7132|eventId: 3|level: INFO|traceId: 00-912a2d9caccbdea52931cfbe92d52b61-0187070d813c3d43-00|logger: Polly|message: Execution attempt. Source: 'OracleResiliencePipeline/(null)/Retry', Operation Key: '', Result: 'NHI_ZFP_Viewer.ImageSources.ImageInfo', Handled: 'False', Attempt: '0', Execution Time: '14.928'
2026-05-25 10:05:38.7247|eventId: 0|level: INFO|traceId: 00-912a2d9caccbdea52931cfbe92d52b61-0187070d813c3d43-00|logger: AIRS.Core.Helpers.ZfpOracleDbHelper|message: GetImageKey = Archived/20221110/1.2.840.192741192620116023140810067713017078213/1.2.840.66120190272382141921581501684383220150117188/1.2.840.7211222315410062519929842352016721177199.dcm, 30 ms elapsed.
2026-05-25 10:05:38.7780|eventId: 0|level: INFO|traceId: 00-912a2d9caccbdea52931cfbe92d52b61-0187070d813c3d43-00|logger: AIRS.Core.Common.LogForgingTools|message: 1779674738778 GetImage() 由 S3 取得 stream，耗時 39 ms.
2026-05-25 10:05:38.7893|eventId: 0|level: INFO|traceId: 00-912a2d9caccbdea52931cfbe92d52b61-0187070d813c3d43-00|logger: NHI_AI_MedReportViewerWebApi.Services.NhiPatientImageService|message: 成功從 S3 取得影像: 1.2.840.7211222315410062519929842352016721177199
2026-05-25 10:05:39.6161|eventId: 0|level: INFO|traceId: 00-e7a698a727e25d38615b7562c1970b88-fea67a653f8b5ae3-00|logger: AIRS.Core.Helpers.ZfpOracleDbHelper|message: GetImageKey(studyInstanceUid: 1.2.840.192741192620116023140810067713017078213, seriesInstanceUid: 1.2.840.66120190272382141921581501684383220150117188, sopInstanceUid: 1.2.840.208461427238119923222817714417117420021926)
2026-05-25 10:05:39.6332|eventId: 3|level: INFO|traceId: 00-e7a698a727e25d38615b7562c1970b88-fea67a653f8b5ae3-00|logger: Polly|message: Execution attempt. Source: 'OracleResiliencePipeline/(null)/Retry', Operation Key: '', Result: 'NHI_ZFP_Viewer.ImageSources.ImageInfo', Handled: 'False', Attempt: '0', Execution Time: '5.3708'
2026-05-25 10:05:39.6457|eventId: 0|level: INFO|traceId: 00-e7a698a727e25d38615b7562c1970b88-fea67a653f8b5ae3-00|logger: AIRS.Core.Helpers.ZfpOracleDbHelper|message: GetImageKey = Archived/20221110/1.2.840.192741192620116023140810067713017078213/1.2.840.66120190272382141921581501684383220150117188/1.2.840.208461427238119923222817714417117420021926.dcm, 22 ms elapsed.
2026-05-25 10:05:39.6629|eventId: 0|level: INFO|traceId: 00-5aef9d410fdba478844b05d2ced2c078-c11b7fe97c8a4edf-00|logger: AIRS.Core.Helpers.ZfpOracleDbHelper|message: GetImageKey(studyInstanceUid: 1.2.840.192741192620116023140810067713017078213, seriesInstanceUid: 1.2.840.66120190272382141921581501684383220150117188, sopInstanceUid: 1.2.840.24332606245288192212114307910641109195)
2026-05-25 10:05:39.6821|eventId: 3|level: INFO|traceId: 00-5aef9d410fdba478844b05d2ced2c078-c11b7fe97c8a4edf-00|logger: Polly|message: Execution attempt. Source: 'OracleResiliencePipeline/(null)/Retry', Operation Key: '', Result: 'NHI_ZFP_Viewer.ImageSources.ImageInfo', Handled: 'False', Attempt: '0', Execution Time: '4.9019'
2026-05-25 10:05:39.6946|eventId: 0|level: INFO|traceId: 00-5aef9d410fdba478844b05d2ced2c078-c11b7fe97c8a4edf-00|logger: AIRS.Core.Helpers.ZfpOracleDbHelper|message: GetImageKey = Archived/20221110/1.2.840.192741192620116023140810067713017078213/1.2.840.66120190272382141921581501684383220150117188/1.2.840.24332606245288192212114307910641109195.dcm, 22 ms elapsed.
2026-05-25 10:05:39.6946|eventId: 0|level: INFO|traceId: 00-e7a698a727e25d38615b7562c1970b88-fea67a653f8b5ae3-00|logger: AIRS.Core.Common.LogForgingTools|message: 1779674739706 GetImage() 由 S3 取得 stream，耗時 46 ms.
2026-05-25 10:05:39.7166|eventId: 0|level: INFO|traceId: 00-e7a698a727e25d38615b7562c1970b88-fea67a653f8b5ae3-00|logger: NHI_AI_MedReportViewerWebApi.Services.NhiPatientImageService|message: 成功從 S3 取得影像: 1.2.840.208461427238119923222817714417117420021926
2026-05-25 10:05:39.7495|eventId: 0|level: INFO|traceId: 00-5aef9d410fdba478844b05d2ced2c078-c11b7fe97c8a4edf-00|logger: AIRS.Core.Common.LogForgingTools|message: 1779674739749 GetImage() 由 S3 取得 stream，耗時 42 ms.
2026-05-25 10:05:39.7602|eventId: 0|level: INFO|traceId: 00-5aef9d410fdba478844b05d2ced2c078-c11b7fe97c8a4edf-00|logger: NHI_AI_MedReportViewerWebApi.Services.NhiPatientImageService|message: 成功從 S3 取得影像: 1.2.840.24332606245288192212114307910641109195
2026-05-25 10:05:41.2198|eventId: 0|level: INFO|traceId: 00-583b78cebf8e7547a4a28be7fd5054cf-29e0075a2d3f46f2-00|logger: AIRS.Core.Helpers.ZfpOracleDbHelper|message: GetImageKey(studyInstanceUid: 1.2.840.192741192620116023140810067713017078213, seriesInstanceUid: 1.2.840.66120190272382141921581501684383220150117188, sopInstanceUid: 1.2.840.2201492269421122174169195401343210819310784)
2026-05-25 10:05:41.2442|eventId: 3|level: INFO|traceId: 00-583b78cebf8e7547a4a28be7fd5054cf-29e0075a2d3f46f2-00|logger: Polly|message: Execution attempt. Source: 'OracleResiliencePipeline/(null)/Retry', Operation Key: '', Result: 'NHI_ZFP_Viewer.ImageSources.ImageInfo', Handled: 'False', Attempt: '0', Execution Time: '12.1327'
2026-05-25 10:05:41.2560|eventId: 0|level: INFO|traceId: 00-583b78cebf8e7547a4a28be7fd5054cf-29e0075a2d3f46f2-00|logger: AIRS.Core.Helpers.ZfpOracleDbHelper|message: GetImageKey = Archived/20221110/1.2.840.192741192620116023140810067713017078213/1.2.840.66120190272382141921581501684383220150117188/1.2.840.2201492269421122174169195401343210819310784.dcm, 28 ms elapsed.
2026-05-25 10:05:41.3191|eventId: 0|level: INFO|traceId: 00-583b78cebf8e7547a4a28be7fd5054cf-29e0075a2d3f46f2-00|logger: AIRS.Core.Common.LogForgingTools|message: 1779674741319 GetImage() 由 S3 取得 stream，耗時 49 ms.
2026-05-25 10:05:41.3191|eventId: 0|level: INFO|traceId: 00-583b78cebf8e7547a4a28be7fd5054cf-29e0075a2d3f46f2-00|logger: NHI_AI_MedReportViewerWebApi.Services.NhiPatientImageService|message: 成功從 S3 取得影像: 1.2.840.2201492269421122174169195401343210819310784
2026-05-25 10:05:41.3995|eventId: 0|level: INFO|traceId: 00-28d8abc845f5b466ab3dd80ca2d569e5-3c6b4e49152fb5ca-00|logger: AIRS.Core.Helpers.ZfpOracleDbHelper|message: GetImageKey(studyInstanceUid: 1.2.840.192741192620116023140810067713017078213, seriesInstanceUid: 1.2.840.66120190272382141921581501684383220150117188, sopInstanceUid: 1.2.840.14472215596621194180822262371208212180217)
2026-05-25 10:05:41.4175|eventId: 3|level: INFO|traceId: 00-28d8abc845f5b466ab3dd80ca2d569e5-3c6b4e49152fb5ca-00|logger: Polly|message: Execution attempt. Source: 'OracleResiliencePipeline/(null)/Retry', Operation Key: '', Result: 'NHI_ZFP_Viewer.ImageSources.ImageInfo', Handled: 'False', Attempt: '0', Execution Time: '5.595'
2026-05-25 10:05:41.4175|eventId: 0|level: INFO|traceId: 00-28d8abc845f5b466ab3dd80ca2d569e5-3c6b4e49152fb5ca-00|logger: AIRS.Core.Helpers.ZfpOracleDbHelper|message: GetImageKey = Archived/20221110/1.2.840.192741192620116023140810067713017078213/1.2.840.66120190272382141921581501684383220150117188/1.2.840.14472215596621194180822262371208212180217.dcm, 22 ms elapsed.
2026-05-25 10:05:41.4830|eventId: 0|level: INFO|traceId: 00-28d8abc845f5b466ab3dd80ca2d569e5-3c6b4e49152fb5ca-00|logger: AIRS.Core.Common.LogForgingTools|message: 1779674741483 GetImage() 由 S3 取得 stream，耗時 39 ms.
2026-05-25 10:05:41.4830|eventId: 0|level: INFO|traceId: 00-28d8abc845f5b466ab3dd80ca2d569e5-3c6b4e49152fb5ca-00|logger: NHI_AI_MedReportViewerWebApi.Services.NhiPatientImageService|message: 成功從 S3 取得影像: 1.2.840.14472215596621194180822262371208212180217
2026-05-25 10:05:41.9754|eventId: 0|level: INFO|traceId: 00-de6c8b934d9f3b3d0d268217c3f06cd8-c3afb75d87e0c862-00|logger: AIRS.Core.Helpers.ZfpOracleDbHelper|message: GetImageKey(studyInstanceUid: 1.2.840.192741192620116023140810067713017078213, seriesInstanceUid: 1.2.840.66120190272382141921581501684383220150117188, sopInstanceUid: 1.2.840.1682859674158232153201971422016625182169)
2026-05-25 10:05:41.9867|eventId: 3|level: INFO|traceId: 00-de6c8b934d9f3b3d0d268217c3f06cd8-c3afb75d87e0c862-00|logger: Polly|message: Execution attempt. Source: 'OracleResiliencePipeline/(null)/Retry', Operation Key: '', Result: 'NHI_ZFP_Viewer.ImageSources.ImageInfo', Handled: 'False', Attempt: '0', Execution Time: '5.2624'
2026-05-25 10:05:42.0053|eventId: 0|level: INFO|traceId: 00-de6c8b934d9f3b3d0d268217c3f06cd8-c3afb75d87e0c862-00|logger: AIRS.Core.Helpers.ZfpOracleDbHelper|message: GetImageKey = Archived/20221110/1.2.840.192741192620116023140810067713017078213/1.2.840.66120190272382141921581501684383220150117188/1.2.840.1682859674158232153201971422016625182169.dcm, 21 ms elapsed.
2026-05-25 10:05:42.0595|eventId: 0|level: INFO|traceId: 00-de6c8b934d9f3b3d0d268217c3f06cd8-c3afb75d87e0c862-00|logger: AIRS.Core.Common.LogForgingTools|message: 1779674742059 GetImage() 由 S3 取得 stream，耗時 39 ms.
2026-05-25 10:05:42.0725|eventId: 0|level: INFO|traceId: 00-de6c8b934d9f3b3d0d268217c3f06cd8-c3afb75d87e0c862-00|logger: NHI_AI_MedReportViewerWebApi.Services.NhiPatientImageService|message: 成功從 S3 取得影像: 1.2.840.1682859674158232153201971422016625182169
2026-05-25 10:05:42.2148|eventId: 0|level: INFO|traceId: 00-8f1ef24e9d29172b46a04369417549bf-4e8c58f59cf4c6d3-00|logger: AIRS.Core.Helpers.ZfpOracleDbHelper|message: GetImageKey(studyInstanceUid: 1.2.840.192741192620116023140810067713017078213, seriesInstanceUid: 1.2.840.66120190272382141921581501684383220150117188, sopInstanceUid: 1.2.840.510420612210011023570210235211157163878130)
2026-05-25 10:05:42.2328|eventId: 3|level: INFO|traceId: 00-8f1ef24e9d29172b46a04369417549bf-4e8c58f59cf4c6d3-00|logger: Polly|message: Execution attempt. Source: 'OracleResiliencePipeline/(null)/Retry', Operation Key: '', Result: 'NHI_ZFP_Viewer.ImageSources.ImageInfo', Handled: 'False', Attempt: '0', Execution Time: '5.2293'
2026-05-25 10:05:42.2451|eventId: 0|level: INFO|traceId: 00-8f1ef24e9d29172b46a04369417549bf-4e8c58f59cf4c6d3-00|logger: AIRS.Core.Helpers.ZfpOracleDbHelper|message: GetImageKey = Archived/20221110/1.2.840.192741192620116023140810067713017078213/1.2.840.66120190272382141921581501684383220150117188/1.2.840.510420612210011023570210235211157163878130.dcm, 21 ms elapsed.
2026-05-25 10:05:42.2984|eventId: 0|level: INFO|traceId: 00-8f1ef24e9d29172b46a04369417549bf-4e8c58f59cf4c6d3-00|logger: AIRS.Core.Common.LogForgingTools|message: 1779674742298 GetImage() 由 S3 取得 stream，耗時 39 ms.
2026-05-25 10:05:42.3120|eventId: 0|level: INFO|traceId: 00-8f1ef24e9d29172b46a04369417549bf-4e8c58f59cf4c6d3-00|logger: NHI_AI_MedReportViewerWebApi.Services.NhiPatientImageService|message: 成功從 S3 取得影像: 1.2.840.510420612210011023570210235211157163878130
2026-05-25 10:05:43.3481|eventId: 0|level: INFO|traceId: 00-5a8ae97d874d3f0f0b3fb8b33aa7b5ce-3c9f2262d3d07caa-00|logger: AIRS.Core.Helpers.ZfpOracleDbHelper|message: GetImageKey(studyInstanceUid: 1.2.840.1405011311801131732011012121012200126134, seriesInstanceUid: 1.2.840.51111141244381216847820799116149155151129, sopInstanceUid: 1.2.840.8972124312838111351341958611122684255176)
2026-05-25 10:05:43.3606|eventId: 3|level: INFO|traceId: 00-5a8ae97d874d3f0f0b3fb8b33aa7b5ce-3c9f2262d3d07caa-00|logger: Polly|message: Execution attempt. Source: 'OracleResiliencePipeline/(null)/Retry', Operation Key: '', Result: 'NHI_ZFP_Viewer.ImageSources.ImageInfo', Handled: 'False', Attempt: '0', Execution Time: '5.809'
2026-05-25 10:05:43.3800|eventId: 0|level: INFO|traceId: 00-5a8ae97d874d3f0f0b3fb8b33aa7b5ce-3c9f2262d3d07caa-00|logger: AIRS.Core.Helpers.ZfpOracleDbHelper|message: GetImageKey = Archived/20230210/1.2.840.1405011311801131732011012121012200126134/1.2.840.51111141244381216847820799116149155151129/1.2.840.8972124312838111351341958611122684255176.dcm, 22 ms elapsed.
2026-05-25 10:05:43.4676|eventId: 0|level: INFO|traceId: 00-5a8ae97d874d3f0f0b3fb8b33aa7b5ce-3c9f2262d3d07caa-00|logger: AIRS.Core.Common.LogForgingTools|message: 1779674743467 GetImage() 由 S3 取得 stream，耗時 71 ms.
2026-05-25 10:05:43.4787|eventId: 0|level: INFO|traceId: 00-5a8ae97d874d3f0f0b3fb8b33aa7b5ce-3c9f2262d3d07caa-00|logger: NHI_AI_MedReportViewerWebApi.Services.NhiPatientImageService|message: 成功從 S3 取得影像: 1.2.840.8972124312838111351341958611122684255176
2026-05-25 10:06:04.5074|eventId: 0|level: INFO|traceId: 00-e2e0aaac079b207598612d8a2f5add4d-6e75242d17618666-00|logger: NHI_AI_MedReportViewerWebApi.Services.NhiPatientImageService|message: 開始查詢 Series Instance UID: Study=1.2.840.6610321904118510815420318233761831142014, SeriesNumber=4
2026-05-25 10:06:04.5192|eventId: 3|level: INFO|traceId: 00-e2e0aaac079b207598612d8a2f5add4d-6e75242d17618666-00|logger: Polly|message: Execution attempt. Source: 'OracleResiliencePipeline/(null)/Retry', Operation Key: '', Result: '1.2.840.185393732156165237212158241127106677643111', Handled: 'False', Attempt: '0', Execution Time: '5.9961'
2026-05-25 10:06:04.5383|eventId: 0|level: INFO|traceId: 00-e2e0aaac079b207598612d8a2f5add4d-6e75242d17618666-00|logger: NHI_AI_MedReportViewerWebApi.Services.NhiPatientImageService|message: 找到 Series Number 4 對應的 Series Instance UID: 1.2.840.185393732156165237212158241127106677643111
2026-05-25 10:06:04.5560|eventId: 0|level: INFO|traceId: 00-6211ae2386e9225496fafb5deb7aec46-cd9dfc635ca6956d-00|logger: NHI_AI_MedReportViewerWebApi.Services.NhiPatientImageService|message: 開始查詢 Series Instance UID: Study=1.2.840.6610321904118510815420318233761831142014, SeriesNumber=4
2026-05-25 10:06:04.5560|eventId: 0|level: INFO|traceId: 00-eb3b02c4044706f81aab12afa4fbb4f2-5857e797e79ea6c6-00|logger: NHI_AI_MedReportViewerWebApi.Services.NhiPatientImageService|message: 開始查詢 Series Instance UID: Study=1.2.840.1405011311801131732011012121012200126134, SeriesNumber=4
2026-05-25 10:06:04.5668|eventId: 3|level: INFO|traceId: 00-6211ae2386e9225496fafb5deb7aec46-cd9dfc635ca6956d-00|logger: Polly|message: Execution attempt. Source: 'OracleResiliencePipeline/(null)/Retry', Operation Key: '', Result: '1.2.840.185393732156165237212158241127106677643111', Handled: 'False', Attempt: '0', Execution Time: '5.5038'
2026-05-25 10:06:04.5818|eventId: 3|level: INFO|traceId: 00-eb3b02c4044706f81aab12afa4fbb4f2-5857e797e79ea6c6-00|logger: Polly|message: Execution attempt. Source: 'OracleResiliencePipeline/(null)/Retry', Operation Key: '', Result: '1.2.840.51111141244381216847820799116149155151129', Handled: 'False', Attempt: '0', Execution Time: '7.8116'
2026-05-25 10:06:04.5818|eventId: 0|level: INFO|traceId: 00-6211ae2386e9225496fafb5deb7aec46-cd9dfc635ca6956d-00|logger: NHI_AI_MedReportViewerWebApi.Services.NhiPatientImageService|message: 找到 Series Number 4 對應的 Series Instance UID: 1.2.840.185393732156165237212158241127106677643111
2026-05-25 10:06:04.5926|eventId: 0|level: INFO|traceId: 00-eb3b02c4044706f81aab12afa4fbb4f2-5857e797e79ea6c6-00|logger: NHI_AI_MedReportViewerWebApi.Services.NhiPatientImageService|message: 找到 Series Number 4 對應的 Series Instance UID: 1.2.840.51111141244381216847820799116149155151129
2026-05-25 10:06:04.5926|eventId: 0|level: INFO|traceId: 00-fedceb70bbef876fccf14ffce1a0bd9c-d2ebc41421169614-00|logger: NHI_AI_MedReportViewerWebApi.Services.NhiPatientImageService|message: 開始查詢 Series Instance UID: Study=1.2.840.6610321904118510815420318233761831142014, SeriesNumber=4
2026-05-25 10:06:04.5926|eventId: 0|level: INFO|traceId: 00-ad62b282759bc9e69335585710af8d9c-29230a646dc06e68-00|logger: NHI_AI_MedReportViewerWebApi.Services.NhiPatientImageService|message: 開始查詢 SOP Instance UID: Study=1.2.840.6610321904118510815420318233761831142014, Series=1.2.840.185393732156165237212158241127106677643111, InstanceNumber=29
2026-05-25 10:06:04.6116|eventId: 0|level: INFO|traceId: 00-d34da2580254d609af6ccc6d72310444-5551aae603c1d57b-00|logger: NHI_AI_MedReportViewerWebApi.Services.NhiRegistrationService|message: 查詢目標 Instance Number。Patient: Z299999830-20251102-1211-00000000001, RefSeries: 1.2.840.185393732156165237212158241127106677643111, DstSeries: 1.2.840.51111141244381216847820799116149155151129
2026-05-25 10:06:04.6116|eventId: 3|level: INFO|traceId: 00-fedceb70bbef876fccf14ffce1a0bd9c-d2ebc41421169614-00|logger: Polly|message: Execution attempt. Source: 'OracleResiliencePipeline/(null)/Retry', Operation Key: '', Result: '1.2.840.185393732156165237212158241127106677643111', Handled: 'False', Attempt: '0', Execution Time: '4.8313'
2026-05-25 10:06:04.6262|eventId: 3|level: INFO|traceId: 00-ad62b282759bc9e69335585710af8d9c-29230a646dc06e68-00|logger: Polly|message: Execution attempt. Source: 'OracleResiliencePipeline/(null)/Retry', Operation Key: '', Result: '1.2.840.3417124205586658229153205402522644', Handled: 'False', Attempt: '0', Execution Time: '5.4864'
2026-05-25 10:06:04.6262|eventId: 0|level: INFO|traceId: 00-fedceb70bbef876fccf14ffce1a0bd9c-d2ebc41421169614-00|logger: NHI_AI_MedReportViewerWebApi.Services.NhiPatientImageService|message: 找到 Series Number 4 對應的 Series Instance UID: 1.2.840.185393732156165237212158241127106677643111
2026-05-25 10:06:04.6262|eventId: 3|level: INFO|traceId: 00-d34da2580254d609af6ccc6d72310444-5551aae603c1d57b-00|logger: Polly|message: Execution attempt. Source: 'OracleResiliencePipeline/(null)/Retry', Operation Key: '', Result: '33', Handled: 'False', Attempt: '0', Execution Time: '9.7077'
2026-05-25 10:06:04.6386|eventId: 0|level: INFO|traceId: 00-ad62b282759bc9e69335585710af8d9c-29230a646dc06e68-00|logger: NHI_AI_MedReportViewerWebApi.Services.NhiPatientImageService|message: 找到 Instance Number 29 對應的 SOP Instance UID: 1.2.840.3417124205586658229153205402522644
2026-05-25 10:06:04.6540|eventId: 0|level: INFO|traceId: 00-d34da2580254d609af6ccc6d72310444-5551aae603c1d57b-00|logger: NHI_AI_MedReportViewerWebApi.Services.NhiRegistrationService|message: 找到對應的目標 Instance Number: 33
2026-05-25 10:06:04.6540|eventId: 0|level: INFO|traceId: 00-237e050150522d41c8467e7a6fd0ef22-dd2d3a482f440982-00|logger: NHI_AI_MedReportViewerWebApi.Services.NhiPatientImageService|message: 開始查詢 Series Instance UID: Study=1.2.840.167221195121219905290418769251473628129, SeriesNumber=9
2026-05-25 10:06:04.6540|eventId: 0|level: INFO|traceId: 00-d34da2580254d609af6ccc6d72310444-5551aae603c1d57b-00|logger: NHI_AI_MedReportViewerWebApi.Services.NhiPatientImageService|message: 開始查詢 SOP Instance UID: Study=1.2.840.1405011311801131732011012121012200126134, Series=1.2.840.51111141244381216847820799116149155151129, InstanceNumber=33
2026-05-25 10:06:04.6732|eventId: 3|level: INFO|traceId: 00-237e050150522d41c8467e7a6fd0ef22-dd2d3a482f440982-00|logger: Polly|message: Execution attempt. Source: 'OracleResiliencePipeline/(null)/Retry', Operation Key: '', Result: '1.2.840.1721868228751932482087238247913291134107', Handled: 'False', Attempt: '0', Execution Time: '8.3427'
2026-05-25 10:06:04.6868|eventId: 3|level: INFO|traceId: 00-d34da2580254d609af6ccc6d72310444-5551aae603c1d57b-00|logger: Polly|message: Execution attempt. Source: 'OracleResiliencePipeline/(null)/Retry', Operation Key: '', Result: '1.2.840.24579199223184521533823815810478347056196', Handled: 'False', Attempt: '0', Execution Time: '6.4569'
2026-05-25 10:06:04.6868|eventId: 0|level: INFO|traceId: 00-237e050150522d41c8467e7a6fd0ef22-dd2d3a482f440982-00|logger: NHI_AI_MedReportViewerWebApi.Services.NhiPatientImageService|message: 找到 Series Number 9 對應的 Series Instance UID: 1.2.840.1721868228751932482087238247913291134107
2026-05-25 10:06:04.7031|eventId: 0|level: INFO|traceId: 00-d34da2580254d609af6ccc6d72310444-5551aae603c1d57b-00|logger: NHI_AI_MedReportViewerWebApi.Services.NhiPatientImageService|message: 找到 Instance Number 33 對應的 SOP Instance UID: 1.2.840.24579199223184521533823815810478347056196
2026-05-25 10:06:04.7031|eventId: 0|level: INFO|traceId: 00-97a7a8f0bda37e82996f1624c9dfc9d8-d48eb02a050895fe-00|logger: NHI_AI_MedReportViewerWebApi.Services.NhiRegistrationService|message: 查詢目標 Instance Number。Patient: Z299999830-20251102-1211-00000000001, RefSeries: 1.2.840.185393732156165237212158241127106677643111, DstSeries: 1.2.840.1721868228751932482087238247913291134107
2026-05-25 10:06:04.7312|eventId: 3|level: INFO|traceId: 00-97a7a8f0bda37e82996f1624c9dfc9d8-d48eb02a050895fe-00|logger: Polly|message: Execution attempt. Source: 'OracleResiliencePipeline/(null)/Retry', Operation Key: '', Result: '23', Handled: 'False', Attempt: '0', Execution Time: '4.5141'
2026-05-25 10:06:04.7312|eventId: 0|level: INFO|traceId: 00-97a7a8f0bda37e82996f1624c9dfc9d8-d48eb02a050895fe-00|logger: NHI_AI_MedReportViewerWebApi.Services.NhiRegistrationService|message: 找到對應的目標 Instance Number: 23
2026-05-25 10:06:04.7549|eventId: 0|level: INFO|traceId: 00-97a7a8f0bda37e82996f1624c9dfc9d8-d48eb02a050895fe-00|logger: NHI_AI_MedReportViewerWebApi.Services.NhiPatientImageService|message: 開始查詢 SOP Instance UID: Study=1.2.840.167221195121219905290418769251473628129, Series=1.2.840.1721868228751932482087238247913291134107, InstanceNumber=23
2026-05-25 10:06:04.7656|eventId: 3|level: INFO|traceId: 00-97a7a8f0bda37e82996f1624c9dfc9d8-d48eb02a050895fe-00|logger: Polly|message: Execution attempt. Source: 'OracleResiliencePipeline/(null)/Retry', Operation Key: '', Result: '1.2.840.98120681611151912501302422382492421676315575', Handled: 'False', Attempt: '0', Execution Time: '8.4085'
2026-05-25 10:06:04.7894|eventId: 0|level: INFO|traceId: 00-97a7a8f0bda37e82996f1624c9dfc9d8-d48eb02a050895fe-00|logger: NHI_AI_MedReportViewerWebApi.Services.NhiPatientImageService|message: 找到 Instance Number 23 對應的 SOP Instance UID: 1.2.840.98120681611151912501302422382492421676315575
2026-05-25 10:06:04.8135|eventId: 0|level: INFO|traceId: 00-258f0a9b6802687fbacfef5335e63ec6-405354f9484d39a6-00|logger: AIRS.Core.Helpers.ZfpOracleDbHelper|message: GetSortedImagesBySeries(studyInstanceUid: 1.2.840.167221195121219905290418769251473628129, seriesInstanceUid: 1.2.840.1721868228751932482087238247913291134107)
2026-05-25 10:06:04.8632|eventId: 3|level: INFO|traceId: 00-258f0a9b6802687fbacfef5335e63ec6-405354f9484d39a6-00|logger: Polly|message: Execution attempt. Source: 'OracleResiliencePipeline/(null)/Retry', Operation Key: '', Result: 'System.Collections.Generic.List`1[System.String]', Handled: 'False', Attempt: '0', Execution Time: '36.664'
2026-05-25 10:06:04.8747|eventId: 0|level: INFO|traceId: 00-258f0a9b6802687fbacfef5335e63ec6-405354f9484d39a6-00|logger: NHI_AI_MedReportViewerWebApi.Services.NhiPatientImageService|message: Series 1.2.840.1721868228751932482087238247913291134107 包含 57 個影像（已快取）
2026-05-25 10:06:32.7563|eventId: 0|level: INFO|traceId: 00-89e2883c20552722a116682007bb8fd7-a14be9f10cafca55-00|logger: AIRS.Core.Helpers.ZfpOracleDbHelper|message: GetImageKey(studyInstanceUid: 1.2.840.167221195121219905290418769251473628129, seriesInstanceUid: 1.2.840.1721868228751932482087238247913291134107, sopInstanceUid: 1.2.840.255236133223962162343189116401631862105333)
2026-05-25 10:06:32.7672|eventId: 3|level: INFO|traceId: 00-89e2883c20552722a116682007bb8fd7-a14be9f10cafca55-00|logger: Polly|message: Execution attempt. Source: 'OracleResiliencePipeline/(null)/Retry', Operation Key: '', Result: 'NHI_ZFP_Viewer.ImageSources.ImageInfo', Handled: 'False', Attempt: '0', Execution Time: '4.3653'
2026-05-25 10:06:32.7851|eventId: 0|level: INFO|traceId: 00-89e2883c20552722a116682007bb8fd7-a14be9f10cafca55-00|logger: AIRS.Core.Helpers.ZfpOracleDbHelper|message: GetImageKey = Archived/20230810/1.2.840.167221195121219905290418769251473628129/1.2.840.1721868228751932482087238247913291134107/1.2.840.255236133223962162343189116401631862105333.dcm, 20 ms elapsed.
2026-05-25 10:06:32.8406|eventId: 0|level: INFO|traceId: 00-89e2883c20552722a116682007bb8fd7-a14be9f10cafca55-00|logger: AIRS.Core.Common.LogForgingTools|message: 1779674792840 GetImage() 由 S3 取得 stream，耗時 40 ms.
2026-05-25 10:06:32.8524|eventId: 0|level: INFO|traceId: 00-89e2883c20552722a116682007bb8fd7-a14be9f10cafca55-00|logger: NHI_AI_MedReportViewerWebApi.Services.NhiPatientImageService|message: 成功從 S3 取得影像: 1.2.840.255236133223962162343189116401631862105333
2026-05-25 10:06:43.7880|eventId: 0|level: INFO|traceId: 00-259f0d147021c7487c9199206e2744f8-69e01f3e52fbe19a-00|logger: NHI_AI_MedReportViewerWebApi.Services.NhiPatientImageService|message: 開始查詢 Series Instance UID: Study=1.2.840.133888132105150143162871541411731780159144, SeriesNumber=15
2026-05-25 10:06:43.8099|eventId: 3|level: INFO|traceId: 00-259f0d147021c7487c9199206e2744f8-69e01f3e52fbe19a-00|logger: Polly|message: Execution attempt. Source: 'OracleResiliencePipeline/(null)/Retry', Operation Key: '', Result: '1.2.840.19216622352892321110282110210111240391850', Handled: 'False', Attempt: '0', Execution Time: '6.2822'
2026-05-25 10:06:43.8099|eventId: 0|level: INFO|traceId: 00-259f0d147021c7487c9199206e2744f8-69e01f3e52fbe19a-00|logger: NHI_AI_MedReportViewerWebApi.Services.NhiPatientImageService|message: 找到 Series Number 15 對應的 Series Instance UID: 1.2.840.19216622352892321110282110210111240391850
2026-05-25 10:07:58.9230|eventId: 0|level: INFO|traceId: 00-5af38582b2094fb25e4791c607304633-120c1fb178fd6b46-00|logger: NHI_AI_MedReportViewerWebApi.Services.NhiPatientImageService|message: 開始查詢 Series Instance UID: Study=1.2.840.133888132105150143162871541411731780159144, SeriesNumber=15
2026-05-25 10:07:58.9437|eventId: 3|level: INFO|traceId: 00-5af38582b2094fb25e4791c607304633-120c1fb178fd6b46-00|logger: Polly|message: Execution attempt. Source: 'OracleResiliencePipeline/(null)/Retry', Operation Key: '', Result: '1.2.840.19216622352892321110282110210111240391850', Handled: 'False', Attempt: '0', Execution Time: '7.6625'
2026-05-25 10:07:58.9563|eventId: 0|level: INFO|traceId: 00-5af38582b2094fb25e4791c607304633-120c1fb178fd6b46-00|logger: NHI_AI_MedReportViewerWebApi.Services.NhiPatientImageService|message: 找到 Series Number 15 對應的 Series Instance UID: 1.2.840.19216622352892321110282110210111240391850
2026-05-25 10:08:08.9023|eventId: 0|level: INFO|traceId: 00-b7bd2413bfbe48d3b43834ddc2507974-7773592ec28b63b4-00|logger: NHI_AI_MedReportViewerWebApi.Services.NhiPatientImageService|message: 開始查詢 Series Instance UID: Study=1.2.840.23768155137684242221127824255137162071, SeriesNumber=3
2026-05-25 10:08:08.9324|eventId: 3|level: INFO|traceId: 00-b7bd2413bfbe48d3b43834ddc2507974-7773592ec28b63b4-00|logger: Polly|message: Execution attempt. Source: 'OracleResiliencePipeline/(null)/Retry', Operation Key: '', Result: '1.2.840.108229190191200701892132312516360642731234', Handled: 'False', Attempt: '0', Execution Time: '16.1171'
2026-05-25 10:08:08.9485|eventId: 0|level: INFO|traceId: 00-b7bd2413bfbe48d3b43834ddc2507974-7773592ec28b63b4-00|logger: NHI_AI_MedReportViewerWebApi.Services.NhiPatientImageService|message: 找到 Series Number 3 對應的 Series Instance UID: 1.2.840.108229190191200701892132312516360642731234
2026-05-25 10:08:08.9687|eventId: 0|level: INFO|traceId: 00-f20f5f904fa59628ffc4c9a4b276e7f7-5823a2dee0701960-00|logger: AIRS.Core.Helpers.ZfpOracleDbHelper|message: GetSortedImagesBySeries(studyInstanceUid: 1.2.840.23768155137684242221127824255137162071, seriesInstanceUid: 1.2.840.108229190191200701892132312516360642731234)
2026-05-25 10:08:08.9982|eventId: 3|level: INFO|traceId: 00-f20f5f904fa59628ffc4c9a4b276e7f7-5823a2dee0701960-00|logger: Polly|message: Execution attempt. Source: 'OracleResiliencePipeline/(null)/Retry', Operation Key: '', Result: 'System.Collections.Generic.List`1[System.String]', Handled: 'False', Attempt: '0', Execution Time: '15.1237'
2026-05-25 10:08:09.0119|eventId: 0|level: INFO|traceId: 00-f20f5f904fa59628ffc4c9a4b276e7f7-5823a2dee0701960-00|logger: NHI_AI_MedReportViewerWebApi.Services.NhiPatientImageService|message: Series 1.2.840.108229190191200701892132312516360642731234 包含 64 個影像（已快取）
2026-05-25 10:08:09.0393|eventId: 0|level: INFO|traceId: 00-0910f037106fa208439215b628f02ddf-f3cf99eebcbcf66f-00|logger: AIRS.Core.Helpers.ZfpOracleDbHelper|message: GetImageKey(studyInstanceUid: 1.2.840.23768155137684242221127824255137162071, seriesInstanceUid: 1.2.840.108229190191200701892132312516360642731234, sopInstanceUid: 1.2.840.2432444514874169891421224722899205157236226)
2026-05-25 10:08:09.0528|eventId: 3|level: INFO|traceId: 00-0910f037106fa208439215b628f02ddf-f3cf99eebcbcf66f-00|logger: Polly|message: Execution attempt. Source: 'OracleResiliencePipeline/(null)/Retry', Operation Key: '', Result: 'NHI_ZFP_Viewer.ImageSources.ImageInfo', Handled: 'False', Attempt: '0', Execution Time: '7.797'
2026-05-25 10:08:09.0800|eventId: 0|level: INFO|traceId: 00-0910f037106fa208439215b628f02ddf-f3cf99eebcbcf66f-00|logger: AIRS.Core.Helpers.ZfpOracleDbHelper|message: GetImageKey = Archived/20240513/1.2.840.23768155137684242221127824255137162071/1.2.840.108229190191200701892132312516360642731234/1.2.840.2432444514874169891421224722899205157236226.dcm, 27 ms elapsed.
2026-05-25 10:08:09.1361|eventId: 0|level: INFO|traceId: 00-0910f037106fa208439215b628f02ddf-f3cf99eebcbcf66f-00|logger: AIRS.Core.Common.LogForgingTools|message: 1779674889136 GetImage() 由 S3 取得 stream，耗時 43 ms.
2026-05-25 10:08:09.1501|eventId: 0|level: INFO|traceId: 00-0910f037106fa208439215b628f02ddf-f3cf99eebcbcf66f-00|logger: NHI_AI_MedReportViewerWebApi.Services.NhiPatientImageService|message: 成功從 S3 取得影像: 1.2.840.2432444514874169891421224722899205157236226
2026-05-25 10:08:46.6004|eventId: 0|level: INFO|traceId: 00-2bdc94a8cd011df1cd4093192fdc56ab-bade00fab435d7e7-00|logger: AIRS.Core.Helpers.ZfpOracleDbHelper|message: GetImageKey(studyInstanceUid: 1.2.840.23768155137684242221127824255137162071, seriesInstanceUid: 1.2.840.108229190191200701892132312516360642731234, sopInstanceUid: 1.2.840.2453359207333099238201412075778234145250)
2026-05-25 10:08:46.6127|eventId: 3|level: INFO|traceId: 00-2bdc94a8cd011df1cd4093192fdc56ab-bade00fab435d7e7-00|logger: Polly|message: Execution attempt. Source: 'OracleResiliencePipeline/(null)/Retry', Operation Key: '', Result: 'NHI_ZFP_Viewer.ImageSources.ImageInfo', Handled: 'False', Attempt: '0', Execution Time: '8.0653'
2026-05-25 10:08:46.6380|eventId: 0|level: INFO|traceId: 00-2bdc94a8cd011df1cd4093192fdc56ab-bade00fab435d7e7-00|logger: AIRS.Core.Helpers.ZfpOracleDbHelper|message: GetImageKey = Archived/20240513/1.2.840.23768155137684242221127824255137162071/1.2.840.108229190191200701892132312516360642731234/1.2.840.2453359207333099238201412075778234145250.dcm, 28 ms elapsed.
2026-05-25 10:08:46.7013|eventId: 0|level: INFO|traceId: 00-2bdc94a8cd011df1cd4093192fdc56ab-bade00fab435d7e7-00|logger: AIRS.Core.Common.LogForgingTools|message: 1779674926701 GetImage() 由 S3 取得 stream，耗時 47 ms.
2026-05-25 10:08:46.7131|eventId: 0|level: INFO|traceId: 00-2bdc94a8cd011df1cd4093192fdc56ab-bade00fab435d7e7-00|logger: NHI_AI_MedReportViewerWebApi.Services.NhiPatientImageService|message: 成功從 S3 取得影像: 1.2.840.2453359207333099238201412075778234145250
2026-05-25 10:08:46.8075|eventId: 0|level: INFO|traceId: 00-d203d66b6d5b635591cf48583b942ebd-62174fbe36f9835e-00|logger: AIRS.Core.Helpers.ZfpOracleDbHelper|message: GetImageKey(studyInstanceUid: 1.2.840.23768155137684242221127824255137162071, seriesInstanceUid: 1.2.840.108229190191200701892132312516360642731234, sopInstanceUid: 1.2.840.196802462716439441932101832201652019124)
2026-05-25 10:08:46.8326|eventId: 3|level: INFO|traceId: 00-d203d66b6d5b635591cf48583b942ebd-62174fbe36f9835e-00|logger: Polly|message: Execution attempt. Source: 'OracleResiliencePipeline/(null)/Retry', Operation Key: '', Result: 'NHI_ZFP_Viewer.ImageSources.ImageInfo', Handled: 'False', Attempt: '0', Execution Time: '11.1812'
2026-05-25 10:08:46.8464|eventId: 0|level: INFO|traceId: 00-d203d66b6d5b635591cf48583b942ebd-62174fbe36f9835e-00|logger: AIRS.Core.Helpers.ZfpOracleDbHelper|message: GetImageKey = Archived/20240513/1.2.840.23768155137684242221127824255137162071/1.2.840.108229190191200701892132312516360642731234/1.2.840.196802462716439441932101832201652019124.dcm, 29 ms elapsed.
2026-05-25 10:08:46.8464|eventId: 0|level: INFO|traceId: 00-882c65d6a74b2ee3ad8a7506688eef33-a0813b8e57e51d52-00|logger: AIRS.Core.Helpers.ZfpOracleDbHelper|message: GetImageKey(studyInstanceUid: 1.2.840.23768155137684242221127824255137162071, seriesInstanceUid: 1.2.840.108229190191200701892132312516360642731234, sopInstanceUid: 1.2.840.4776197122179196134242136219136127442235927)
2026-05-25 10:08:46.8793|eventId: 3|level: INFO|traceId: 00-882c65d6a74b2ee3ad8a7506688eef33-a0813b8e57e51d52-00|logger: Polly|message: Execution attempt. Source: 'OracleResiliencePipeline/(null)/Retry', Operation Key: '', Result: 'NHI_ZFP_Viewer.ImageSources.ImageInfo', Handled: 'False', Attempt: '0', Execution Time: '8.7235'
2026-05-25 10:08:46.8931|eventId: 0|level: INFO|traceId: 00-882c65d6a74b2ee3ad8a7506688eef33-a0813b8e57e51d52-00|logger: AIRS.Core.Helpers.ZfpOracleDbHelper|message: GetImageKey = Archived/20240513/1.2.840.23768155137684242221127824255137162071/1.2.840.108229190191200701892132312516360642731234/1.2.840.4776197122179196134242136219136127442235927.dcm, 27 ms elapsed.
2026-05-25 10:08:46.9109|eventId: 0|level: INFO|traceId: 00-d203d66b6d5b635591cf48583b942ebd-62174fbe36f9835e-00|logger: AIRS.Core.Common.LogForgingTools|message: 1779674926912 GetImage() 由 S3 取得 stream，耗時 50 ms.
2026-05-25 10:08:46.9270|eventId: 0|level: INFO|traceId: 00-d203d66b6d5b635591cf48583b942ebd-62174fbe36f9835e-00|logger: NHI_AI_MedReportViewerWebApi.Services.NhiPatientImageService|message: 成功從 S3 取得影像: 1.2.840.196802462716439441932101832201652019124
2026-05-25 10:08:46.9564|eventId: 0|level: INFO|traceId: 00-882c65d6a74b2ee3ad8a7506688eef33-a0813b8e57e51d52-00|logger: AIRS.Core.Common.LogForgingTools|message: 1779674926956 GetImage() 由 S3 取得 stream，耗時 45 ms.
2026-05-25 10:08:46.9738|eventId: 0|level: INFO|traceId: 00-882c65d6a74b2ee3ad8a7506688eef33-a0813b8e57e51d52-00|logger: NHI_AI_MedReportViewerWebApi.Services.NhiPatientImageService|message: 成功從 S3 取得影像: 1.2.840.4776197122179196134242136219136127442235927
2026-05-25 10:08:47.0715|eventId: 0|level: INFO|traceId: 00-c047e79aac4a1087bf9ac291c0cc6942-8d2bb8d1a0fac3e2-00|logger: AIRS.Core.Helpers.ZfpOracleDbHelper|message: GetImageKey(studyInstanceUid: 1.2.840.23768155137684242221127824255137162071, seriesInstanceUid: 1.2.840.108229190191200701892132312516360642731234, sopInstanceUid: 1.2.840.25516254169634420819012316823311718319222295)
2026-05-25 10:08:47.0842|eventId: 3|level: INFO|traceId: 00-c047e79aac4a1087bf9ac291c0cc6942-8d2bb8d1a0fac3e2-00|logger: Polly|message: Execution attempt. Source: 'OracleResiliencePipeline/(null)/Retry', Operation Key: '', Result: 'NHI_ZFP_Viewer.ImageSources.ImageInfo', Handled: 'False', Attempt: '0', Execution Time: '7.2128'
2026-05-25 10:08:47.1068|eventId: 0|level: INFO|traceId: 00-c047e79aac4a1087bf9ac291c0cc6942-8d2bb8d1a0fac3e2-00|logger: AIRS.Core.Helpers.ZfpOracleDbHelper|message: GetImageKey = Archived/20240513/1.2.840.23768155137684242221127824255137162071/1.2.840.108229190191200701892132312516360642731234/1.2.840.25516254169634420819012316823311718319222295.dcm, 25 ms elapsed.
2026-05-25 10:08:47.1738|eventId: 0|level: INFO|traceId: 00-c047e79aac4a1087bf9ac291c0cc6942-8d2bb8d1a0fac3e2-00|logger: AIRS.Core.Common.LogForgingTools|message: 1779674927173 GetImage() 由 S3 取得 stream，耗時 52 ms.
2026-05-25 10:08:47.1738|eventId: 0|level: INFO|traceId: 00-c047e79aac4a1087bf9ac291c0cc6942-8d2bb8d1a0fac3e2-00|logger: NHI_AI_MedReportViewerWebApi.Services.NhiPatientImageService|message: 成功從 S3 取得影像: 1.2.840.25516254169634420819012316823311718319222295
2026-05-25 10:08:47.2600|eventId: 0|level: INFO|traceId: 00-ddaf0c0fcbba11cf09c5b1546ff8ebba-9b3cf8aafdabf88f-00|logger: AIRS.Core.Helpers.ZfpOracleDbHelper|message: GetImageKey(studyInstanceUid: 1.2.840.23768155137684242221127824255137162071, seriesInstanceUid: 1.2.840.108229190191200701892132312516360642731234, sopInstanceUid: 1.2.840.188182243822041491091848019782209168245113145)
2026-05-25 10:08:47.2868|eventId: 3|level: INFO|traceId: 00-ddaf0c0fcbba11cf09c5b1546ff8ebba-9b3cf8aafdabf88f-00|logger: Polly|message: Execution attempt. Source: 'OracleResiliencePipeline/(null)/Retry', Operation Key: '', Result: 'NHI_ZFP_Viewer.ImageSources.ImageInfo', Handled: 'False', Attempt: '0', Execution Time: '12.9888'
2026-05-25 10:08:47.3003|eventId: 0|level: INFO|traceId: 00-ddaf0c0fcbba11cf09c5b1546ff8ebba-9b3cf8aafdabf88f-00|logger: AIRS.Core.Helpers.ZfpOracleDbHelper|message: GetImageKey = Archived/20240513/1.2.840.23768155137684242221127824255137162071/1.2.840.108229190191200701892132312516360642731234/1.2.840.188182243822041491091848019782209168245113145.dcm, 30 ms elapsed.
2026-05-25 10:08:47.3591|eventId: 0|level: INFO|traceId: 00-ddaf0c0fcbba11cf09c5b1546ff8ebba-9b3cf8aafdabf88f-00|logger: AIRS.Core.Common.LogForgingTools|message: 1779674927359 GetImage() 由 S3 取得 stream，耗時 43 ms.
2026-05-25 10:08:47.3727|eventId: 0|level: INFO|traceId: 00-ddaf0c0fcbba11cf09c5b1546ff8ebba-9b3cf8aafdabf88f-00|logger: NHI_AI_MedReportViewerWebApi.Services.NhiPatientImageService|message: 成功從 S3 取得影像: 1.2.840.188182243822041491091848019782209168245113145
2026-05-25 10:09:56.1533|eventId: 0|level: INFO|traceId: 00-861815291f4521a59f7860b1eedf3a3f-5397b40c9150f578-00|logger: AIRS.Core.Helpers.ZfpOracleDbHelper|message: GetImageKey(studyInstanceUid: 1.2.840.23768155137684242221127824255137162071, seriesInstanceUid: 1.2.840.108229190191200701892132312516360642731234, sopInstanceUid: 1.2.840.677183165208147969225123148115175116186120)
2026-05-25 10:09:56.1664|eventId: 3|level: INFO|traceId: 00-861815291f4521a59f7860b1eedf3a3f-5397b40c9150f578-00|logger: Polly|message: Execution attempt. Source: 'OracleResiliencePipeline/(null)/Retry', Operation Key: '', Result: 'NHI_ZFP_Viewer.ImageSources.ImageInfo', Handled: 'False', Attempt: '0', Execution Time: '7.3249'
2026-05-25 10:09:56.1895|eventId: 0|level: INFO|traceId: 00-861815291f4521a59f7860b1eedf3a3f-5397b40c9150f578-00|logger: AIRS.Core.Helpers.ZfpOracleDbHelper|message: GetImageKey = Archived/20240513/1.2.840.23768155137684242221127824255137162071/1.2.840.108229190191200701892132312516360642731234/1.2.840.677183165208147969225123148115175116186120.dcm, 25 ms elapsed.
2026-05-25 10:09:56.2158|eventId: 0|level: INFO|traceId: 00-aa558f35f2178cc162676a5abf9f6696-199cceee9daf68b8-00|logger: AIRS.Core.Helpers.ZfpOracleDbHelper|message: GetImageKey(studyInstanceUid: 1.2.840.23768155137684242221127824255137162071, seriesInstanceUid: 1.2.840.108229190191200701892132312516360642731234, sopInstanceUid: 1.2.840.681721215688156190811862374720818611655165)
2026-05-25 10:09:56.2290|eventId: 3|level: INFO|traceId: 00-aa558f35f2178cc162676a5abf9f6696-199cceee9daf68b8-00|logger: Polly|message: Execution attempt. Source: 'OracleResiliencePipeline/(null)/Retry', Operation Key: '', Result: 'NHI_ZFP_Viewer.ImageSources.ImageInfo', Handled: 'False', Attempt: '0', Execution Time: '8.1659'
2026-05-25 10:09:56.2517|eventId: 0|level: INFO|traceId: 00-861815291f4521a59f7860b1eedf3a3f-5397b40c9150f578-00|logger: AIRS.Core.Common.LogForgingTools|message: 1779674996251 GetImage() 由 S3 取得 stream，耗時 45 ms.
2026-05-25 10:09:56.2517|eventId: 0|level: INFO|traceId: 00-aa558f35f2178cc162676a5abf9f6696-199cceee9daf68b8-00|logger: AIRS.Core.Helpers.ZfpOracleDbHelper|message: GetImageKey = Archived/20240513/1.2.840.23768155137684242221127824255137162071/1.2.840.108229190191200701892132312516360642731234/1.2.840.681721215688156190811862374720818611655165.dcm, 27 ms elapsed.
2026-05-25 10:09:56.2641|eventId: 0|level: INFO|traceId: 00-861815291f4521a59f7860b1eedf3a3f-5397b40c9150f578-00|logger: NHI_AI_MedReportViewerWebApi.Services.NhiPatientImageService|message: 成功從 S3 取得影像: 1.2.840.677183165208147969225123148115175116186120
2026-05-25 10:09:56.3187|eventId: 0|level: INFO|traceId: 00-aa558f35f2178cc162676a5abf9f6696-199cceee9daf68b8-00|logger: AIRS.Core.Common.LogForgingTools|message: 1779674996318 GetImage() 由 S3 取得 stream，耗時 46 ms.
2026-05-25 10:09:56.3346|eventId: 0|level: INFO|traceId: 00-aa558f35f2178cc162676a5abf9f6696-199cceee9daf68b8-00|logger: NHI_AI_MedReportViewerWebApi.Services.NhiPatientImageService|message: 成功從 S3 取得影像: 1.2.840.681721215688156190811862374720818611655165
2026-05-25 10:09:56.5824|eventId: 0|level: INFO|traceId: 00-f2a841b4ea0b46627366b68cae8c1cc5-9adc5aee2eee1815-00|logger: AIRS.Core.Helpers.ZfpOracleDbHelper|message: GetImageKey(studyInstanceUid: 1.2.840.23768155137684242221127824255137162071, seriesInstanceUid: 1.2.840.108229190191200701892132312516360642731234, sopInstanceUid: 1.2.840.23736197137223744798102332181312115263)
2026-05-25 10:09:56.6069|eventId: 3|level: INFO|traceId: 00-f2a841b4ea0b46627366b68cae8c1cc5-9adc5aee2eee1815-00|logger: Polly|message: Execution attempt. Source: 'OracleResiliencePipeline/(null)/Retry', Operation Key: '', Result: 'NHI_ZFP_Viewer.ImageSources.ImageInfo', Handled: 'False', Attempt: '0', Execution Time: '7.8751'
2026-05-25 10:09:56.6262|eventId: 0|level: INFO|traceId: 00-f2a841b4ea0b46627366b68cae8c1cc5-9adc5aee2eee1815-00|logger: AIRS.Core.Helpers.ZfpOracleDbHelper|message: GetImageKey = Archived/20240513/1.2.840.23768155137684242221127824255137162071/1.2.840.108229190191200701892132312516360642731234/1.2.840.23736197137223744798102332181312115263.dcm, 31 ms elapsed.
2026-05-25 10:09:56.6430|eventId: 0|level: INFO|traceId: 00-9fec2db62c59fcc80bad33ed8b58cd6c-841daf90ddd1c418-00|logger: AIRS.Core.Helpers.ZfpOracleDbHelper|message: GetImageKey(studyInstanceUid: 1.2.840.23768155137684242221127824255137162071, seriesInstanceUid: 1.2.840.108229190191200701892132312516360642731234, sopInstanceUid: 1.2.840.234117185177153118845482423021422515025158)
2026-05-25 10:09:56.6654|eventId: 3|level: INFO|traceId: 00-9fec2db62c59fcc80bad33ed8b58cd6c-841daf90ddd1c418-00|logger: Polly|message: Execution attempt. Source: 'OracleResiliencePipeline/(null)/Retry', Operation Key: '', Result: 'NHI_ZFP_Viewer.ImageSources.ImageInfo', Handled: 'False', Attempt: '0', Execution Time: '7.0959'
2026-05-25 10:09:56.6831|eventId: 0|level: INFO|traceId: 00-9fec2db62c59fcc80bad33ed8b58cd6c-841daf90ddd1c418-00|logger: AIRS.Core.Helpers.ZfpOracleDbHelper|message: GetImageKey = Archived/20240513/1.2.840.23768155137684242221127824255137162071/1.2.840.108229190191200701892132312516360642731234/1.2.840.234117185177153118845482423021422515025158.dcm, 29 ms elapsed.
2026-05-25 10:09:56.6980|eventId: 0|level: INFO|traceId: 00-f2a841b4ea0b46627366b68cae8c1cc5-9adc5aee2eee1815-00|logger: AIRS.Core.Common.LogForgingTools|message: 1779674996698 GetImage() 由 S3 取得 stream，耗時 54 ms.
2026-05-25 10:09:56.7100|eventId: 0|level: INFO|traceId: 00-f2a841b4ea0b46627366b68cae8c1cc5-9adc5aee2eee1815-00|logger: NHI_AI_MedReportViewerWebApi.Services.NhiPatientImageService|message: 成功從 S3 取得影像: 1.2.840.23736197137223744798102332181312115263
2026-05-25 10:09:56.7412|eventId: 0|level: INFO|traceId: 00-9fec2db62c59fcc80bad33ed8b58cd6c-841daf90ddd1c418-00|logger: AIRS.Core.Common.LogForgingTools|message: 1779674996741 GetImage() 由 S3 取得 stream，耗時 42 ms.
2026-05-25 10:09:56.7412|eventId: 0|level: INFO|traceId: 00-9fec2db62c59fcc80bad33ed8b58cd6c-841daf90ddd1c418-00|logger: NHI_AI_MedReportViewerWebApi.Services.NhiPatientImageService|message: 成功從 S3 取得影像: 1.2.840.234117185177153118845482423021422515025158
2026-05-25 10:10:31.6311|eventId: 0|level: INFO|traceId: 00-cc0e9b6bbcfa355e7befdde7704c0770-6821d474d2af7722-00|logger: NHI_AI_MedReportViewerWebApi.Services.NhiPatientImageService|message: 開始查詢 Series Instance UID: Study=1.2.840.6610321904118510815420318233761831142014, SeriesNumber=4
2026-05-25 10:10:31.6555|eventId: 3|level: INFO|traceId: 00-cc0e9b6bbcfa355e7befdde7704c0770-6821d474d2af7722-00|logger: Polly|message: Execution attempt. Source: 'OracleResiliencePipeline/(null)/Retry', Operation Key: '', Result: '1.2.840.185393732156165237212158241127106677643111', Handled: 'False', Attempt: '0', Execution Time: '8.7645'
2026-05-25 10:10:31.6705|eventId: 0|level: INFO|traceId: 00-cc0e9b6bbcfa355e7befdde7704c0770-6821d474d2af7722-00|logger: NHI_AI_MedReportViewerWebApi.Services.NhiPatientImageService|message: 找到 Series Number 4 對應的 Series Instance UID: 1.2.840.185393732156165237212158241127106677643111
2026-05-25 10:10:31.6886|eventId: 0|level: INFO|traceId: 00-d6eaea779a02e7f2408431180fb1aea2-f9e5d55b30a96be3-00|logger: NHI_AI_MedReportViewerWebApi.Services.NhiPatientImageService|message: 開始查詢 Series Instance UID: Study=1.2.840.6610321904118510815420318233761831142014, SeriesNumber=4
2026-05-25 10:10:31.6886|eventId: 0|level: INFO|traceId: 00-467b31fe5b9716dbedea73b92da324b2-dba482e0c9eeee5a-00|logger: NHI_AI_MedReportViewerWebApi.Services.NhiPatientImageService|message: 開始查詢 Series Instance UID: Study=1.2.840.1405011311801131732011012121012200126134, SeriesNumber=4
2026-05-25 10:10:31.7232|eventId: 3|level: INFO|traceId: 00-d6eaea779a02e7f2408431180fb1aea2-f9e5d55b30a96be3-00|logger: Polly|message: Execution attempt. Source: 'OracleResiliencePipeline/(null)/Retry', Operation Key: '', Result: '1.2.840.185393732156165237212158241127106677643111', Handled: 'False', Attempt: '0', Execution Time: '15.833'
2026-05-25 10:10:31.7343|eventId: 3|level: INFO|traceId: 00-467b31fe5b9716dbedea73b92da324b2-dba482e0c9eeee5a-00|logger: Polly|message: Execution attempt. Source: 'OracleResiliencePipeline/(null)/Retry', Operation Key: '', Result: '1.2.840.51111141244381216847820799116149155151129', Handled: 'False', Attempt: '0', Execution Time: '19.1219'
2026-05-25 10:10:31.7343|eventId: 0|level: INFO|traceId: 00-d6eaea779a02e7f2408431180fb1aea2-f9e5d55b30a96be3-00|logger: NHI_AI_MedReportViewerWebApi.Services.NhiPatientImageService|message: 找到 Series Number 4 對應的 Series Instance UID: 1.2.840.185393732156165237212158241127106677643111
2026-05-25 10:10:31.7480|eventId: 0|level: INFO|traceId: 00-467b31fe5b9716dbedea73b92da324b2-dba482e0c9eeee5a-00|logger: NHI_AI_MedReportViewerWebApi.Services.NhiPatientImageService|message: 找到 Series Number 4 對應的 Series Instance UID: 1.2.840.51111141244381216847820799116149155151129
2026-05-25 10:10:31.7480|eventId: 0|level: INFO|traceId: 00-201a45d72e0ba04a9c3aa4f10c06df5c-15527050df64f5d4-00|logger: NHI_AI_MedReportViewerWebApi.Services.NhiPatientImageService|message: 開始查詢 Series Instance UID: Study=1.2.840.6610321904118510815420318233761831142014, SeriesNumber=4
2026-05-25 10:10:31.7480|eventId: 0|level: INFO|traceId: 00-b6acec846a6d7452bc844c377e897d92-55a01c21c8e7e6be-00|logger: NHI_AI_MedReportViewerWebApi.Services.NhiPatientImageService|message: 開始查詢 SOP Instance UID: Study=1.2.840.6610321904118510815420318233761831142014, Series=1.2.840.185393732156165237212158241127106677643111, InstanceNumber=29
2026-05-25 10:10:31.7698|eventId: 0|level: INFO|traceId: 00-88bd4dc42c213e3808d1a577a94585aa-eb34f1ed569a95a9-00|logger: NHI_AI_MedReportViewerWebApi.Services.NhiRegistrationService|message: 查詢目標 Instance Number。Patient: Z299999830-20251102-1211-00000000001, RefSeries: 1.2.840.185393732156165237212158241127106677643111, DstSeries: 1.2.840.51111141244381216847820799116149155151129
2026-05-25 10:10:31.7854|eventId: 3|level: INFO|traceId: 00-201a45d72e0ba04a9c3aa4f10c06df5c-15527050df64f5d4-00|logger: Polly|message: Execution attempt. Source: 'OracleResiliencePipeline/(null)/Retry', Operation Key: '', Result: '1.2.840.185393732156165237212158241127106677643111', Handled: 'False', Attempt: '0', Execution Time: '9.8645'
2026-05-25 10:10:31.7980|eventId: 3|level: INFO|traceId: 00-b6acec846a6d7452bc844c377e897d92-55a01c21c8e7e6be-00|logger: Polly|message: Execution attempt. Source: 'OracleResiliencePipeline/(null)/Retry', Operation Key: '', Result: '1.2.840.3417124205586658229153205402522644', Handled: 'False', Attempt: '0', Execution Time: '11.0312'
2026-05-25 10:10:31.7980|eventId: 0|level: INFO|traceId: 00-201a45d72e0ba04a9c3aa4f10c06df5c-15527050df64f5d4-00|logger: NHI_AI_MedReportViewerWebApi.Services.NhiPatientImageService|message: 找到 Series Number 4 對應的 Series Instance UID: 1.2.840.185393732156165237212158241127106677643111
2026-05-25 10:10:31.8109|eventId: 3|level: INFO|traceId: 00-88bd4dc42c213e3808d1a577a94585aa-eb34f1ed569a95a9-00|logger: Polly|message: Execution attempt. Source: 'OracleResiliencePipeline/(null)/Retry', Operation Key: '', Result: '33', Handled: 'False', Attempt: '0', Execution Time: '16.2197'
2026-05-25 10:10:31.8109|eventId: 0|level: INFO|traceId: 00-b6acec846a6d7452bc844c377e897d92-55a01c21c8e7e6be-00|logger: NHI_AI_MedReportViewerWebApi.Services.NhiPatientImageService|message: 找到 Instance Number 29 對應的 SOP Instance UID: 1.2.840.3417124205586658229153205402522644
2026-05-25 10:10:31.8311|eventId: 0|level: INFO|traceId: 00-9d77de2109892f013bdeaf71473e29eb-b13de003e7e4e608-00|logger: NHI_AI_MedReportViewerWebApi.Services.NhiPatientImageService|message: 開始查詢 Series Instance UID: Study=1.2.840.167221195121219905290418769251473628129, SeriesNumber=9
2026-05-25 10:10:31.8311|eventId: 0|level: INFO|traceId: 00-88bd4dc42c213e3808d1a577a94585aa-eb34f1ed569a95a9-00|logger: NHI_AI_MedReportViewerWebApi.Services.NhiRegistrationService|message: 找到對應的目標 Instance Number: 33
2026-05-25 10:10:31.8583|eventId: 3|level: INFO|traceId: 00-9d77de2109892f013bdeaf71473e29eb-b13de003e7e4e608-00|logger: Polly|message: Execution attempt. Source: 'OracleResiliencePipeline/(null)/Retry', Operation Key: '', Result: '1.2.840.1721868228751932482087238247913291134107', Handled: 'False', Attempt: '0', Execution Time: '6.3688'
2026-05-25 10:10:31.8583|eventId: 0|level: INFO|traceId: 00-88bd4dc42c213e3808d1a577a94585aa-eb34f1ed569a95a9-00|logger: NHI_AI_MedReportViewerWebApi.Services.NhiPatientImageService|message: 開始查詢 SOP Instance UID: Study=1.2.840.1405011311801131732011012121012200126134, Series=1.2.840.51111141244381216847820799116149155151129, InstanceNumber=33
2026-05-25 10:10:31.8736|eventId: 0|level: INFO|traceId: 00-9d77de2109892f013bdeaf71473e29eb-b13de003e7e4e608-00|logger: NHI_AI_MedReportViewerWebApi.Services.NhiPatientImageService|message: 找到 Series Number 9 對應的 Series Instance UID: 1.2.840.1721868228751932482087238247913291134107
2026-05-25 10:10:31.8912|eventId: 3|level: INFO|traceId: 00-88bd4dc42c213e3808d1a577a94585aa-eb34f1ed569a95a9-00|logger: Polly|message: Execution attempt. Source: 'OracleResiliencePipeline/(null)/Retry', Operation Key: '', Result: '1.2.840.24579199223184521533823815810478347056196', Handled: 'False', Attempt: '0', Execution Time: '8.1759'
2026-05-25 10:10:31.9045|eventId: 0|level: INFO|traceId: 00-24f9d41ea3032f75a9f018fc2d25fe40-6d4262752efa7041-00|logger: NHI_AI_MedReportViewerWebApi.Services.NhiRegistrationService|message: 查詢目標 Instance Number。Patient: Z299999830-20251102-1211-00000000001, RefSeries: 1.2.840.185393732156165237212158241127106677643111, DstSeries: 1.2.840.1721868228751932482087238247913291134107
2026-05-25 10:10:31.9045|eventId: 0|level: INFO|traceId: 00-88bd4dc42c213e3808d1a577a94585aa-eb34f1ed569a95a9-00|logger: NHI_AI_MedReportViewerWebApi.Services.NhiPatientImageService|message: 找到 Instance Number 33 對應的 SOP Instance UID: 1.2.840.24579199223184521533823815810478347056196
2026-05-25 10:10:31.9241|eventId: 3|level: INFO|traceId: 00-24f9d41ea3032f75a9f018fc2d25fe40-6d4262752efa7041-00|logger: Polly|message: Execution attempt. Source: 'OracleResiliencePipeline/(null)/Retry', Operation Key: '', Result: '23', Handled: 'False', Attempt: '0', Execution Time: '4.2628'
2026-05-25 10:10:31.9352|eventId: 0|level: INFO|traceId: 00-24f9d41ea3032f75a9f018fc2d25fe40-6d4262752efa7041-00|logger: NHI_AI_MedReportViewerWebApi.Services.NhiRegistrationService|message: 找到對應的目標 Instance Number: 23
2026-05-25 10:10:31.9548|eventId: 0|level: INFO|traceId: 00-24f9d41ea3032f75a9f018fc2d25fe40-6d4262752efa7041-00|logger: NHI_AI_MedReportViewerWebApi.Services.NhiPatientImageService|message: 開始查詢 SOP Instance UID: Study=1.2.840.167221195121219905290418769251473628129, Series=1.2.840.1721868228751932482087238247913291134107, InstanceNumber=23
2026-05-25 10:10:31.9728|eventId: 3|level: INFO|traceId: 00-24f9d41ea3032f75a9f018fc2d25fe40-6d4262752efa7041-00|logger: Polly|message: Execution attempt. Source: 'OracleResiliencePipeline/(null)/Retry', Operation Key: '', Result: '1.2.840.98120681611151912501302422382492421676315575', Handled: 'False', Attempt: '0', Execution Time: '7.2724'
2026-05-25 10:10:31.9980|eventId: 0|level: INFO|traceId: 00-24f9d41ea3032f75a9f018fc2d25fe40-6d4262752efa7041-00|logger: NHI_AI_MedReportViewerWebApi.Services.NhiPatientImageService|message: 找到 Instance Number 23 對應的 SOP Instance UID: 1.2.840.98120681611151912501302422382492421676315575
2026-05-25 10:13:58.7124|eventId: 0|level: INFO|traceId: 00-e75a4e2fc60279db43db11be5b84b19b-9ceb7f4dc252e76a-00|logger: NHI_AI_MedReportViewerWebApi.Services.NhiPatientImageService|message: 開始查詢 Series Instance UID: Study=1.2.840.23768155137684242221127824255137162071, SeriesNumber=3
2026-05-25 10:13:58.7420|eventId: 3|level: INFO|traceId: 00-e75a4e2fc60279db43db11be5b84b19b-9ceb7f4dc252e76a-00|logger: Polly|message: Execution attempt. Source: 'OracleResiliencePipeline/(null)/Retry', Operation Key: '', Result: '1.2.840.108229190191200701892132312516360642731234', Handled: 'False', Attempt: '0', Execution Time: '13.9669'
2026-05-25 10:13:58.7548|eventId: 0|level: INFO|traceId: 00-e75a4e2fc60279db43db11be5b84b19b-9ceb7f4dc252e76a-00|logger: NHI_AI_MedReportViewerWebApi.Services.NhiPatientImageService|message: 找到 Series Number 3 對應的 Series Instance UID: 1.2.840.108229190191200701892132312516360642731234
2026-05-25 10:15:11.2242|eventId: 0|level: INFO|traceId: 00-b7fce1aa1e0edb4daebc668d1be68573-b7f10958dc82dd2a-00|logger: NHI_AI_MedReportViewerWebApi.Services.NhiPatientImageService|message: 開始查詢 Series Instance UID: Study=1.2.840.133888132105150143162871541411731780159144, SeriesNumber=15
2026-05-25 10:15:11.2388|eventId: 3|level: INFO|traceId: 00-b7fce1aa1e0edb4daebc668d1be68573-b7f10958dc82dd2a-00|logger: Polly|message: Execution attempt. Source: 'OracleResiliencePipeline/(null)/Retry', Operation Key: '', Result: '1.2.840.19216622352892321110282110210111240391850', Handled: 'False', Attempt: '0', Execution Time: '10.4117'
2026-05-25 10:15:11.2717|eventId: 0|level: INFO|traceId: 00-b7fce1aa1e0edb4daebc668d1be68573-b7f10958dc82dd2a-00|logger: NHI_AI_MedReportViewerWebApi.Services.NhiPatientImageService|message: 找到 Series Number 15 對應的 Series Instance UID: 1.2.840.19216622352892321110282110210111240391850
2026-05-25 10:17:11.7397|eventId: 0|level: INFO|traceId: 00-6e954d130eb735d0a1cb6a938266b6ad-f3f882fe82271352-00|logger: NHI_AI_MedReportViewerWebApi.Services.NhiPatientImageService|message: 開始查詢 Series Instance UID: Study=1.2.840.6610321904118510815420318233761831142014, SeriesNumber=4
2026-05-25 10:17:11.8423|eventId: 3|level: INFO|traceId: 00-6e954d130eb735d0a1cb6a938266b6ad-f3f882fe82271352-00|logger: Polly|message: Execution attempt. Source: 'OracleResiliencePipeline/(null)/Retry', Operation Key: '', Result: '1.2.840.185393732156165237212158241127106677643111', Handled: 'False', Attempt: '0', Execution Time: '80.7199'
2026-05-25 10:17:11.8564|eventId: 0|level: INFO|traceId: 00-6e954d130eb735d0a1cb6a938266b6ad-f3f882fe82271352-00|logger: NHI_AI_MedReportViewerWebApi.Services.NhiPatientImageService|message: 找到 Series Number 4 對應的 Series Instance UID: 1.2.840.185393732156165237212158241127106677643111
2026-05-25 10:17:11.8759|eventId: 0|level: INFO|traceId: 00-dc094dfec9ac2c9de5aa6514632510db-0420e784cfb77668-00|logger: NHI_AI_MedReportViewerWebApi.Services.NhiPatientImageService|message: 開始查詢 Series Instance UID: Study=1.2.840.6610321904118510815420318233761831142014, SeriesNumber=4
2026-05-25 10:17:11.8759|eventId: 0|level: INFO|traceId: 00-a7ac30d3da9d5c21fa5c52b05d21b57c-2d7b2c73c953a958-00|logger: NHI_AI_MedReportViewerWebApi.Services.NhiPatientImageService|message: 開始查詢 Series Instance UID: Study=1.2.840.1405011311801131732011012121012200126134, SeriesNumber=4
2026-05-25 10:17:11.9025|eventId: 3|level: INFO|traceId: 00-dc094dfec9ac2c9de5aa6514632510db-0420e784cfb77668-00|logger: Polly|message: Execution attempt. Source: 'OracleResiliencePipeline/(null)/Retry', Operation Key: '', Result: '1.2.840.185393732156165237212158241127106677643111', Handled: 'False', Attempt: '0', Execution Time: '11.3869'
2026-05-25 10:17:11.9025|eventId: 3|level: INFO|traceId: 00-a7ac30d3da9d5c21fa5c52b05d21b57c-2d7b2c73c953a958-00|logger: Polly|message: Execution attempt. Source: 'OracleResiliencePipeline/(null)/Retry', Operation Key: '', Result: '1.2.840.51111141244381216847820799116149155151129', Handled: 'False', Attempt: '0', Execution Time: '15.4223'
2026-05-25 10:17:11.9180|eventId: 0|level: INFO|traceId: 00-dc094dfec9ac2c9de5aa6514632510db-0420e784cfb77668-00|logger: NHI_AI_MedReportViewerWebApi.Services.NhiPatientImageService|message: 找到 Series Number 4 對應的 Series Instance UID: 1.2.840.185393732156165237212158241127106677643111
2026-05-25 10:17:11.9180|eventId: 0|level: INFO|traceId: 00-a7ac30d3da9d5c21fa5c52b05d21b57c-2d7b2c73c953a958-00|logger: NHI_AI_MedReportViewerWebApi.Services.NhiPatientImageService|message: 找到 Series Number 4 對應的 Series Instance UID: 1.2.840.51111141244381216847820799116149155151129
2026-05-25 10:17:11.9409|eventId: 0|level: INFO|traceId: 00-f4f818eee1a38787c04b81d3a82427ad-2869095859a8ef0d-00|logger: NHI_AI_MedReportViewerWebApi.Services.NhiPatientImageService|message: 開始查詢 Series Instance UID: Study=1.2.840.6610321904118510815420318233761831142014, SeriesNumber=4
2026-05-25 10:17:11.9409|eventId: 0|level: INFO|traceId: 00-c3bed4820f5963303a1600a60f996481-02151e6b81403ae4-00|logger: NHI_AI_MedReportViewerWebApi.Services.NhiPatientImageService|message: 開始查詢 SOP Instance UID: Study=1.2.840.6610321904118510815420318233761831142014, Series=1.2.840.185393732156165237212158241127106677643111, InstanceNumber=29
2026-05-25 10:17:11.9549|eventId: 0|level: INFO|traceId: 00-14be1bc31f09cc5ee2bb5e1a89ab193d-05b9d63eb220f7bf-00|logger: NHI_AI_MedReportViewerWebApi.Services.NhiRegistrationService|message: 查詢目標 Instance Number。Patient: Z299999830-20251102-1211-00000000001, RefSeries: 1.2.840.185393732156165237212158241127106677643111, DstSeries: 1.2.840.51111141244381216847820799116149155151129
2026-05-25 10:17:11.9656|eventId: 3|level: INFO|traceId: 00-f4f818eee1a38787c04b81d3a82427ad-2869095859a8ef0d-00|logger: Polly|message: Execution attempt. Source: 'OracleResiliencePipeline/(null)/Retry', Operation Key: '', Result: '1.2.840.185393732156165237212158241127106677643111', Handled: 'False', Attempt: '0', Execution Time: '6.5719'
2026-05-25 10:17:12.0024|eventId: 0|level: INFO|traceId: 00-f4f818eee1a38787c04b81d3a82427ad-2869095859a8ef0d-00|logger: NHI_AI_MedReportViewerWebApi.Services.NhiPatientImageService|message: 找到 Series Number 4 對應的 Series Instance UID: 1.2.840.185393732156165237212158241127106677643111
2026-05-25 10:17:12.0263|eventId: 0|level: INFO|traceId: 00-cb684c3536f3dad6727a6ec652b9d333-97cb555b39648051-00|logger: NHI_AI_MedReportViewerWebApi.Services.NhiPatientImageService|message: 開始查詢 Series Instance UID: Study=1.2.840.167221195121219905290418769251473628129, SeriesNumber=9
2026-05-25 10:17:12.0443|eventId: 3|level: INFO|traceId: 00-c3bed4820f5963303a1600a60f996481-02151e6b81403ae4-00|logger: Polly|message: Execution attempt. Source: 'OracleResiliencePipeline/(null)/Retry', Operation Key: '', Result: '1.2.840.3417124205586658229153205402522644', Handled: 'False', Attempt: '0', Execution Time: '77.2071'
2026-05-25 10:17:12.0443|eventId: 3|level: INFO|traceId: 00-14be1bc31f09cc5ee2bb5e1a89ab193d-05b9d63eb220f7bf-00|logger: Polly|message: Execution attempt. Source: 'OracleResiliencePipeline/(null)/Retry', Operation Key: '', Result: '33', Handled: 'False', Attempt: '0', Execution Time: '69.1463'
2026-05-25 10:17:12.0615|eventId: 0|level: INFO|traceId: 00-c3bed4820f5963303a1600a60f996481-02151e6b81403ae4-00|logger: NHI_AI_MedReportViewerWebApi.Services.NhiPatientImageService|message: 找到 Instance Number 29 對應的 SOP Instance UID: 1.2.840.3417124205586658229153205402522644
2026-05-25 10:17:12.0615|eventId: 3|level: INFO|traceId: 00-cb684c3536f3dad6727a6ec652b9d333-97cb555b39648051-00|logger: Polly|message: Execution attempt. Source: 'OracleResiliencePipeline/(null)/Retry', Operation Key: '', Result: '1.2.840.1721868228751932482087238247913291134107', Handled: 'False', Attempt: '0', Execution Time: '23.3209'
2026-05-25 10:17:12.0615|eventId: 0|level: INFO|traceId: 00-14be1bc31f09cc5ee2bb5e1a89ab193d-05b9d63eb220f7bf-00|logger: NHI_AI_MedReportViewerWebApi.Services.NhiRegistrationService|message: 找到對應的目標 Instance Number: 33
2026-05-25 10:17:12.0895|eventId: 0|level: INFO|traceId: 00-cb684c3536f3dad6727a6ec652b9d333-97cb555b39648051-00|logger: NHI_AI_MedReportViewerWebApi.Services.NhiPatientImageService|message: 找到 Series Number 9 對應的 Series Instance UID: 1.2.840.1721868228751932482087238247913291134107
2026-05-25 10:17:12.0895|eventId: 0|level: INFO|traceId: 00-14be1bc31f09cc5ee2bb5e1a89ab193d-05b9d63eb220f7bf-00|logger: NHI_AI_MedReportViewerWebApi.Services.NhiPatientImageService|message: 開始查詢 SOP Instance UID: Study=1.2.840.1405011311801131732011012121012200126134, Series=1.2.840.51111141244381216847820799116149155151129, InstanceNumber=33
2026-05-25 10:17:12.1260|eventId: 3|level: INFO|traceId: 00-14be1bc31f09cc5ee2bb5e1a89ab193d-05b9d63eb220f7bf-00|logger: Polly|message: Execution attempt. Source: 'OracleResiliencePipeline/(null)/Retry', Operation Key: '', Result: '1.2.840.24579199223184521533823815810478347056196', Handled: 'False', Attempt: '0', Execution Time: '13.6502'
2026-05-25 10:17:12.1390|eventId: 0|level: INFO|traceId: 00-14be1bc31f09cc5ee2bb5e1a89ab193d-05b9d63eb220f7bf-00|logger: NHI_AI_MedReportViewerWebApi.Services.NhiPatientImageService|message: 找到 Instance Number 33 對應的 SOP Instance UID: 1.2.840.24579199223184521533823815810478347056196
2026-05-25 10:17:12.1390|eventId: 0|level: INFO|traceId: 00-0db793df245968d6a0d9b233223f2b5d-fd239ebfb082e0f5-00|logger: NHI_AI_MedReportViewerWebApi.Services.NhiRegistrationService|message: 查詢目標 Instance Number。Patient: Z299999830-20251102-1211-00000000001, RefSeries: 1.2.840.185393732156165237212158241127106677643111, DstSeries: 1.2.840.1721868228751932482087238247913291134107
2026-05-25 10:17:12.1926|eventId: 3|level: INFO|traceId: 00-0db793df245968d6a0d9b233223f2b5d-fd239ebfb082e0f5-00|logger: Polly|message: Execution attempt. Source: 'OracleResiliencePipeline/(null)/Retry', Operation Key: '', Result: '23', Handled: 'False', Attempt: '0', Execution Time: '27.4816'
2026-05-25 10:17:12.2068|eventId: 0|level: INFO|traceId: 00-0db793df245968d6a0d9b233223f2b5d-fd239ebfb082e0f5-00|logger: NHI_AI_MedReportViewerWebApi.Services.NhiRegistrationService|message: 找到對應的目標 Instance Number: 23
2026-05-25 10:17:12.2245|eventId: 0|level: INFO|traceId: 00-0db793df245968d6a0d9b233223f2b5d-fd239ebfb082e0f5-00|logger: NHI_AI_MedReportViewerWebApi.Services.NhiPatientImageService|message: 開始查詢 SOP Instance UID: Study=1.2.840.167221195121219905290418769251473628129, Series=1.2.840.1721868228751932482087238247913291134107, InstanceNumber=23
2026-05-25 10:17:12.2642|eventId: 3|level: INFO|traceId: 00-0db793df245968d6a0d9b233223f2b5d-fd239ebfb082e0f5-00|logger: Polly|message: Execution attempt. Source: 'OracleResiliencePipeline/(null)/Retry', Operation Key: '', Result: '1.2.840.98120681611151912501302422382492421676315575', Handled: 'False', Attempt: '0', Execution Time: '23.8733'
2026-05-25 10:17:12.2774|eventId: 0|level: INFO|traceId: 00-0db793df245968d6a0d9b233223f2b5d-fd239ebfb082e0f5-00|logger: NHI_AI_MedReportViewerWebApi.Services.NhiPatientImageService|message: 找到 Instance Number 23 對應的 SOP Instance UID: 1.2.840.98120681611151912501302422382492421676315575
2026-05-25 10:18:29.6795|eventId: 0|level: INFO|traceId: 00-11e94615f683b1988a08b4763b9d6f18-f76369648352d273-00|logger: NHI_AI_MedReportViewerWebApi.Services.NhiPatientImageService|message: 開始查詢 Series Instance UID: Study=1.2.840.133888132105150143162871541411731780159144, SeriesNumber=15
2026-05-25 10:18:29.7062|eventId: 3|level: INFO|traceId: 00-11e94615f683b1988a08b4763b9d6f18-f76369648352d273-00|logger: Polly|message: Execution attempt. Source: 'OracleResiliencePipeline/(null)/Retry', Operation Key: '', Result: '1.2.840.19216622352892321110282110210111240391850', Handled: 'False', Attempt: '0', Execution Time: '6.3661'
2026-05-25 10:18:29.7212|eventId: 0|level: INFO|traceId: 00-11e94615f683b1988a08b4763b9d6f18-f76369648352d273-00|logger: NHI_AI_MedReportViewerWebApi.Services.NhiPatientImageService|message: 找到 Series Number 15 對應的 Series Instance UID: 1.2.840.19216622352892321110282110210111240391850
2026-05-25 10:18:38.4300|eventId: 3|level: INFO|traceId: 00-f475cfa53c4560ed518b9cb084d68203-d5342c0bd970e0d8-00|logger: Polly|message: Execution attempt. Source: 'OracleResiliencePipeline/(null)/Retry', Operation Key: '', Result: '大東醫院', Handled: 'False', Attempt: '0', Execution Time: '65.611'
2026-05-25 10:18:38.4393|eventId: 3|level: INFO|traceId: 00-f05817dde356888f14ea7904ee550aff-01743cc2801b26ac-00|logger: Polly|message: Execution attempt. Source: 'OracleResiliencePipeline/(null)/Retry', Operation Key: '', Result: '鳳山醫院', Handled: 'False', Attempt: '0', Execution Time: '73.1751'
2026-05-25 10:18:54.7057|eventId: 0|level: INFO|traceId: 00-ddd5871ce286cad91ea3c30d392043c6-fd003b964c3857a5-00|logger: NHI_AI_MedReportViewerWebApi.Services.NhiPatientImageService|message: 開始查詢 Series Instance UID: Study=1.2.840.133888132105150143162871541411731780159144, SeriesNumber=15
2026-05-25 10:18:54.7335|eventId: 3|level: INFO|traceId: 00-ddd5871ce286cad91ea3c30d392043c6-fd003b964c3857a5-00|logger: Polly|message: Execution attempt. Source: 'OracleResiliencePipeline/(null)/Retry', Operation Key: '', Result: '1.2.840.19216622352892321110282110210111240391850', Handled: 'False', Attempt: '0', Execution Time: '11.5394'
2026-05-25 10:18:54.7494|eventId: 0|level: INFO|traceId: 00-ddd5871ce286cad91ea3c30d392043c6-fd003b964c3857a5-00|logger: NHI_AI_MedReportViewerWebApi.Services.NhiPatientImageService|message: 找到 Series Number 15 對應的 Series Instance UID: 1.2.840.19216622352892321110282110210111240391850
2026-05-25 10:18:55.8576|eventId: 0|level: INFO|traceId: 00-cf9b872cb9f20cb29f91d8de2ffc07bf-809aa09522401485-00|logger: NHI_AI_MedReportViewerWebApi.Services.NhiPatientImageService|message: 開始查詢 Series Instance UID: Study=1.2.840.23768155137684242221127824255137162071, SeriesNumber=3
2026-05-25 10:18:55.8904|eventId: 3|level: INFO|traceId: 00-cf9b872cb9f20cb29f91d8de2ffc07bf-809aa09522401485-00|logger: Polly|message: Execution attempt. Source: 'OracleResiliencePipeline/(null)/Retry', Operation Key: '', Result: '1.2.840.108229190191200701892132312516360642731234', Handled: 'False', Attempt: '0', Execution Time: '17.3452'
2026-05-25 10:18:55.9056|eventId: 0|level: INFO|traceId: 00-cf9b872cb9f20cb29f91d8de2ffc07bf-809aa09522401485-00|logger: NHI_AI_MedReportViewerWebApi.Services.NhiPatientImageService|message: 找到 Series Number 3 對應的 Series Instance UID: 1.2.840.108229190191200701892132312516360642731234
2026-05-25 11:36:03.5628|eventId: 0|level: INFO|traceId: 00-500955ae93b1b8a2cb5fd70600ea51a9-c9abd377cb445928-00|logger: AIRS.Core.Helpers.ZfpOracleDbHelper|message: GetImageKey(studyInstanceUid: 1.2.840.133888132105150143162871541411731780159144, seriesInstanceUid: 1.2.840.19216622352892321110282110210111240391850, sopInstanceUid: 1.2.840.12114513921313719820317344175109200217247153)
2026-05-25 11:36:03.6481|eventId: 3|level: INFO|traceId: 00-500955ae93b1b8a2cb5fd70600ea51a9-c9abd377cb445928-00|logger: Polly|message: Execution attempt. Source: 'OracleResiliencePipeline/(null)/Retry', Operation Key: '', Result: 'NHI_ZFP_Viewer.ImageSources.ImageInfo', Handled: 'False', Attempt: '0', Execution Time: '69.5672'
2026-05-25 11:36:03.6661|eventId: 0|level: INFO|traceId: 00-500955ae93b1b8a2cb5fd70600ea51a9-c9abd377cb445928-00|logger: AIRS.Core.Helpers.ZfpOracleDbHelper|message: GetImageKey = Archived/20250812/1.2.840.133888132105150143162871541411731780159144/1.2.840.19216622352892321110282110210111240391850/1.2.840.12114513921313719820317344175109200217247153.dcm, 89 ms elapsed.
2026-05-25 11:36:03.7270|eventId: 0|level: INFO|traceId: 00-500955ae93b1b8a2cb5fd70600ea51a9-c9abd377cb445928-00|logger: AIRS.Core.Common.LogForgingTools|message: 1779680163726 GetImage() 由 S3 取得 stream，耗時 46 ms.
2026-05-25 11:36:03.7270|eventId: 0|level: INFO|traceId: 00-500955ae93b1b8a2cb5fd70600ea51a9-c9abd377cb445928-00|logger: NHI_AI_MedReportViewerWebApi.Services.NhiPatientImageService|message: 成功從 S3 取得影像: 1.2.840.12114513921313719820317344175109200217247153
2026-05-25 11:36:03.9371|eventId: 0|level: INFO|traceId: 00-46ab55bf02a315bf56b2c87dca26d9d0-8ebe6e0c665e3c71-00|logger: AIRS.Core.Helpers.ZfpOracleDbHelper|message: GetImageKey(studyInstanceUid: 1.2.840.133888132105150143162871541411731780159144, seriesInstanceUid: 1.2.840.19216622352892321110282110210111240391850, sopInstanceUid: 1.2.840.44542256821551060245135851771617698139)
2026-05-25 11:36:04.0111|eventId: 3|level: INFO|traceId: 00-46ab55bf02a315bf56b2c87dca26d9d0-8ebe6e0c665e3c71-00|logger: Polly|message: Execution attempt. Source: 'OracleResiliencePipeline/(null)/Retry', Operation Key: '', Result: 'NHI_ZFP_Viewer.ImageSources.ImageInfo', Handled: 'False', Attempt: '0', Execution Time: '57.9742'
2026-05-25 11:36:04.0271|eventId: 0|level: INFO|traceId: 00-46ab55bf02a315bf56b2c87dca26d9d0-8ebe6e0c665e3c71-00|logger: AIRS.Core.Helpers.ZfpOracleDbHelper|message: GetImageKey = Archived/20250812/1.2.840.133888132105150143162871541411731780159144/1.2.840.19216622352892321110282110210111240391850/1.2.840.44542256821551060245135851771617698139.dcm, 79 ms elapsed.
2026-05-25 11:36:04.0931|eventId: 0|level: INFO|traceId: 00-46ab55bf02a315bf56b2c87dca26d9d0-8ebe6e0c665e3c71-00|logger: AIRS.Core.Common.LogForgingTools|message: 1779680164093 GetImage() 由 S3 取得 stream，耗時 48 ms.
2026-05-25 11:36:04.1083|eventId: 0|level: INFO|traceId: 00-46ab55bf02a315bf56b2c87dca26d9d0-8ebe6e0c665e3c71-00|logger: NHI_AI_MedReportViewerWebApi.Services.NhiPatientImageService|message: 成功從 S3 取得影像: 1.2.840.44542256821551060245135851771617698139
2026-05-25 11:36:09.7947|eventId: 0|level: INFO|traceId: 00-0555c048268d201ba77d62c8a5057d5f-e05d4fc943b569ae-00|logger: AIRS.Core.Helpers.ZfpOracleDbHelper|message: GetImageKey(studyInstanceUid: 1.2.840.133888132105150143162871541411731780159144, seriesInstanceUid: 1.2.840.19216622352892321110282110210111240391850, sopInstanceUid: 1.2.840.213115105749221414215113210170101331179222)
2026-05-25 11:36:09.8512|eventId: 3|level: INFO|traceId: 00-0555c048268d201ba77d62c8a5057d5f-e05d4fc943b569ae-00|logger: Polly|message: Execution attempt. Source: 'OracleResiliencePipeline/(null)/Retry', Operation Key: '', Result: 'NHI_ZFP_Viewer.ImageSources.ImageInfo', Handled: 'False', Attempt: '0', Execution Time: '42.0189'
2026-05-25 11:36:09.8675|eventId: 0|level: INFO|traceId: 00-0555c048268d201ba77d62c8a5057d5f-e05d4fc943b569ae-00|logger: AIRS.Core.Helpers.ZfpOracleDbHelper|message: GetImageKey = Archived/20250812/1.2.840.133888132105150143162871541411731780159144/1.2.840.19216622352892321110282110210111240391850/1.2.840.213115105749221414215113210170101331179222.dcm, 62 ms elapsed.
2026-05-25 11:36:09.9212|eventId: 0|level: INFO|traceId: 00-0555c048268d201ba77d62c8a5057d5f-e05d4fc943b569ae-00|logger: AIRS.Core.Common.LogForgingTools|message: 1779680169921 GetImage() 由 S3 取得 stream，耗時 36 ms.
2026-05-25 11:36:09.9347|eventId: 0|level: INFO|traceId: 00-0555c048268d201ba77d62c8a5057d5f-e05d4fc943b569ae-00|logger: NHI_AI_MedReportViewerWebApi.Services.NhiPatientImageService|message: 成功從 S3 取得影像: 1.2.840.213115105749221414215113210170101331179222
