2026-05-21 15:16:39.2541 [ERROR] [AIRS.Core.Common.LogForgingTools] [TraceID: 00-55eb78fc392e2ce5ba621eac54f5f923-5e60dd41df66db39-00]
  Event: 0
  Request: GET https://lcr-tp.nhi.gov.tw/api/NhiPatientImage/studies/1.2.840.9910213721418325218772121021591791708761232/series/1.2.840.1718923156152311768923275322146219117393/instances/1.2.840.1666017802032451797210229178424333245136/jpg 
  Message: 1779347799256 GetImage() 失敗，耗時 907 ms.
  Properties: RequestId=40000002-0007-f900-b63f-84710c7967bb; RequestPath=/api/NhiPatientImage/studies/1.2.840.9910213721418325218772121021591791708761232/series/1.2.840.1718923156152311768923275322146219117393/instances/1.2.840.1666017802032451797210229178424333245136/jpg; ActionId=3e44bc7b-ce4c-4970-b451-77c645b4505d; ActionName=NHI_AI_MedReportViewerWebApi.Controllers.NhiPatientImageController.GetImageScreenshotAsync (NHI-AI-MedReportViewerWebApi); StudyInstanceUid=1.2.840.9910213721418325218772121021591791708761232; SeriesInstanceUid=1.2.840.1718923156152311768923275322146219117393; SopInstanceUid=1.2.840.1666017802032451797210229178424333245136
  --- Exception ---
Amazon.S3.AmazonS3Exception: The specified key does not exist.
 ---> Amazon.Runtime.Internal.HttpErrorResponseException: Exception of type 'Amazon.Runtime.Internal.HttpErrorResponseException' was thrown.
   at Amazon.Runtime.HttpWebRequestMessage.ProcessHttpResponseMessage(HttpResponseMessage responseMessage)
   at Amazon.Runtime.HttpWebRequestMessage.GetResponseAsync(CancellationToken cancellationToken)
   at Amazon.Runtime.Internal.HttpHandler`1.InvokeAsync[T](IExecutionContext executionContext)
   at Amazon.Runtime.Internal.RedirectHandler.InvokeAsync[T](IExecutionContext executionContext)
   at Amazon.Runtime.Internal.Unmarshaller.InvokeAsync[T](IExecutionContext executionContext)
   at Amazon.S3.Internal.AmazonS3ResponseHandler.InvokeAsync[T](IExecutionContext executionContext)
   at Amazon.Runtime.Internal.ErrorHandler.InvokeAsync[T](IExecutionContext executionContext)
   --- End of inner exception stack trace ---
   at Amazon.Runtime.Internal.HttpErrorResponseExceptionHandler.HandleExceptionStream(IRequestContext requestContext, IWebResponseData httpErrorResponse, HttpErrorResponseException exception, Stream responseStream)
   at Amazon.Runtime.Internal.HttpErrorResponseExceptionHandler.HandleExceptionAsync(IExecutionContext executionContext, HttpErrorResponseException exception)
   at Amazon.Runtime.Internal.ExceptionHandler`1.HandleAsync(IExecutionContext executionContext, Exception exception)
   at Amazon.Runtime.Internal.ErrorHandler.ProcessExceptionAsync(IExecutionContext executionContext, Exception exception)
   at Amazon.Runtime.Internal.ErrorHandler.InvokeAsync[T](IExecutionContext executionContext)
   at Amazon.Runtime.Internal.CallbackHandler.InvokeAsync[T](IExecutionContext executionContext)
   at Amazon.Runtime.Internal.Signer.InvokeAsync[T](IExecutionContext executionContext)
   at Amazon.S3.Internal.S3Express.S3ExpressPreSigner.InvokeAsync[T](IExecutionContext executionContext)
   at Amazon.Runtime.Internal.EndpointDiscoveryHandler.InvokeAsync[T](IExecutionContext executionContext)
   at Amazon.Runtime.Internal.EndpointDiscoveryHandler.InvokeAsync[T](IExecutionContext executionContext)
   at Amazon.Runtime.Internal.CredentialsRetriever.InvokeAsync[T](IExecutionContext executionContext)
   at Amazon.Runtime.Internal.RetryHandler.InvokeAsync[T](IExecutionContext executionContext)
   at Amazon.Runtime.Internal.RetryHandler.InvokeAsync[T](IExecutionContext executionContext)
   at Amazon.Runtime.Internal.CallbackHandler.InvokeAsync[T](IExecutionContext executionContext)
   at Amazon.Runtime.Internal.CallbackHandler.InvokeAsync[T](IExecutionContext executionContext)
   at Amazon.S3.Internal.AmazonS3ExceptionHandler.InvokeAsync[T](IExecutionContext executionContext)
   at Amazon.Runtime.Internal.ErrorCallbackHandler.InvokeAsync[T](IExecutionContext executionContext)
   at Amazon.Runtime.Internal.MetricsHandler.InvokeAsync[T](IExecutionContext executionContext)
======================================================================

2026-05-21 15:16:39.3377 [ERROR] [NHI_AI_MedReportViewerWebApi.Services.NhiPatientImageService] [TraceID: 00-55eb78fc392e2ce5ba621eac54f5f923-5e60dd41df66db39-00]
  Event: 0
  Request: GET https://lcr-tp.nhi.gov.tw/api/NhiPatientImage/studies/1.2.840.9910213721418325218772121021591791708761232/series/1.2.840.1718923156152311768923275322146219117393/instances/1.2.840.1666017802032451797210229178424333245136/jpg 
  Message: 取得 DICOM 影像串流時發生錯誤
  Properties: RequestId=40000002-0007-f900-b63f-84710c7967bb; RequestPath=/api/NhiPatientImage/studies/1.2.840.9910213721418325218772121021591791708761232/series/1.2.840.1718923156152311768923275322146219117393/instances/1.2.840.1666017802032451797210229178424333245136/jpg; ActionId=3e44bc7b-ce4c-4970-b451-77c645b4505d; ActionName=NHI_AI_MedReportViewerWebApi.Controllers.NhiPatientImageController.GetImageScreenshotAsync (NHI-AI-MedReportViewerWebApi); StudyInstanceUid=1.2.840.9910213721418325218772121021591791708761232; SeriesInstanceUid=1.2.840.1718923156152311768923275322146219117393; SopInstanceUid=1.2.840.1666017802032451797210229178424333245136
  --- Exception ---
Amazon.S3.AmazonS3Exception: The specified key does not exist.
 ---> Amazon.Runtime.Internal.HttpErrorResponseException: Exception of type 'Amazon.Runtime.Internal.HttpErrorResponseException' was thrown.
   at Amazon.Runtime.HttpWebRequestMessage.ProcessHttpResponseMessage(HttpResponseMessage responseMessage)
   at Amazon.Runtime.HttpWebRequestMessage.GetResponseAsync(CancellationToken cancellationToken)
   at Amazon.Runtime.Internal.HttpHandler`1.InvokeAsync[T](IExecutionContext executionContext)
   at Amazon.Runtime.Internal.RedirectHandler.InvokeAsync[T](IExecutionContext executionContext)
   at Amazon.Runtime.Internal.Unmarshaller.InvokeAsync[T](IExecutionContext executionContext)
   at Amazon.S3.Internal.AmazonS3ResponseHandler.InvokeAsync[T](IExecutionContext executionContext)
   at Amazon.Runtime.Internal.ErrorHandler.InvokeAsync[T](IExecutionContext executionContext)
   --- End of inner exception stack trace ---
   at Amazon.Runtime.Internal.HttpErrorResponseExceptionHandler.HandleExceptionStream(IRequestContext requestContext, IWebResponseData httpErrorResponse, HttpErrorResponseException exception, Stream responseStream)
   at Amazon.Runtime.Internal.HttpErrorResponseExceptionHandler.HandleExceptionAsync(IExecutionContext executionContext, HttpErrorResponseException exception)
   at Amazon.Runtime.Internal.ExceptionHandler`1.HandleAsync(IExecutionContext executionContext, Exception exception)
   at Amazon.Runtime.Internal.ErrorHandler.ProcessExceptionAsync(IExecutionContext executionContext, Exception exception)
   at Amazon.Runtime.Internal.ErrorHandler.InvokeAsync[T](IExecutionContext executionContext)
   at Amazon.Runtime.Internal.CallbackHandler.InvokeAsync[T](IExecutionContext executionContext)
   at Amazon.Runtime.Internal.Signer.InvokeAsync[T](IExecutionContext executionContext)
   at Amazon.S3.Internal.S3Express.S3ExpressPreSigner.InvokeAsync[T](IExecutionContext executionContext)
   at Amazon.Runtime.Internal.EndpointDiscoveryHandler.InvokeAsync[T](IExecutionContext executionContext)
   at Amazon.Runtime.Internal.EndpointDiscoveryHandler.InvokeAsync[T](IExecutionContext executionContext)
   at Amazon.Runtime.Internal.CredentialsRetriever.InvokeAsync[T](IExecutionContext executionContext)
   at Amazon.Runtime.Internal.RetryHandler.InvokeAsync[T](IExecutionContext executionContext)
   at Amazon.Runtime.Internal.RetryHandler.InvokeAsync[T](IExecutionContext executionContext)
   at Amazon.Runtime.Internal.CallbackHandler.InvokeAsync[T](IExecutionContext executionContext)
   at Amazon.Runtime.Internal.CallbackHandler.InvokeAsync[T](IExecutionContext executionContext)
   at Amazon.S3.Internal.AmazonS3ExceptionHandler.InvokeAsync[T](IExecutionContext executionContext)
   at Amazon.Runtime.Internal.ErrorCallbackHandler.InvokeAsync[T](IExecutionContext executionContext)
   at Amazon.Runtime.Internal.MetricsHandler.InvokeAsync[T](IExecutionContext executionContext)
======================================================================

2026-05-21 15:16:39.3810 [ERROR] [AIRS.Core.Common.LogForgingTools] [TraceID: 00-6766f6b365c547229f10ff73eed7704e-6c0e1d2440d96ed8-00]
  Event: 0
  Request: GET https://lcr-tp.nhi.gov.tw/api/NhiPatientImage/studies/1.2.840.25117608923523578101231161936851828085/series/1.2.840.211941681108460115160221138240919221321384/instances/1.2.840.2211921183322322214326160692421211971102178/jpg 
  Message: 1779347799389 GetImage() 失敗，耗時 919 ms.
  Properties: RequestId=40000002-0006-f500-b63f-84710c7967bb; RequestPath=/api/NhiPatientImage/studies/1.2.840.25117608923523578101231161936851828085/series/1.2.840.211941681108460115160221138240919221321384/instances/1.2.840.2211921183322322214326160692421211971102178/jpg; ActionId=3e44bc7b-ce4c-4970-b451-77c645b4505d; ActionName=NHI_AI_MedReportViewerWebApi.Controllers.NhiPatientImageController.GetImageScreenshotAsync (NHI-AI-MedReportViewerWebApi); StudyInstanceUid=1.2.840.25117608923523578101231161936851828085; SeriesInstanceUid=1.2.840.211941681108460115160221138240919221321384; SopInstanceUid=1.2.840.2211921183322322214326160692421211971102178
  --- Exception ---
Amazon.S3.AmazonS3Exception: The specified key does not exist.
 ---> Amazon.Runtime.Internal.HttpErrorResponseException: Exception of type 'Amazon.Runtime.Internal.HttpErrorResponseException' was thrown.
   at Amazon.Runtime.HttpWebRequestMessage.ProcessHttpResponseMessage(HttpResponseMessage responseMessage)
   at Amazon.Runtime.HttpWebRequestMessage.GetResponseAsync(CancellationToken cancellationToken)
   at Amazon.Runtime.Internal.HttpHandler`1.InvokeAsync[T](IExecutionContext executionContext)
   at Amazon.Runtime.Internal.RedirectHandler.InvokeAsync[T](IExecutionContext executionContext)
   at Amazon.Runtime.Internal.Unmarshaller.InvokeAsync[T](IExecutionContext executionContext)
   at Amazon.S3.Internal.AmazonS3ResponseHandler.InvokeAsync[T](IExecutionContext executionContext)
   at Amazon.Runtime.Internal.ErrorHandler.InvokeAsync[T](IExecutionContext executionContext)
   --- End of inner exception stack trace ---
   at Amazon.Runtime.Internal.HttpErrorResponseExceptionHandler.HandleExceptionStream(IRequestContext requestContext, IWebResponseData httpErrorResponse, HttpErrorResponseException exception, Stream responseStream)
   at Amazon.Runtime.Internal.HttpErrorResponseExceptionHandler.HandleExceptionAsync(IExecutionContext executionContext, HttpErrorResponseException exception)
   at Amazon.Runtime.Internal.ExceptionHandler`1.HandleAsync(IExecutionContext executionContext, Exception exception)
   at Amazon.Runtime.Internal.ErrorHandler.ProcessExceptionAsync(IExecutionContext executionContext, Exception exception)
   at Amazon.Runtime.Internal.ErrorHandler.InvokeAsync[T](IExecutionContext executionContext)
   at Amazon.Runtime.Internal.CallbackHandler.InvokeAsync[T](IExecutionContext executionContext)
   at Amazon.Runtime.Internal.Signer.InvokeAsync[T](IExecutionContext executionContext)
   at Amazon.S3.Internal.S3Express.S3ExpressPreSigner.InvokeAsync[T](IExecutionContext executionContext)
   at Amazon.Runtime.Internal.EndpointDiscoveryHandler.InvokeAsync[T](IExecutionContext executionContext)
   at Amazon.Runtime.Internal.EndpointDiscoveryHandler.InvokeAsync[T](IExecutionContext executionContext)
   at Amazon.Runtime.Internal.CredentialsRetriever.InvokeAsync[T](IExecutionContext executionContext)
   at Amazon.Runtime.Internal.RetryHandler.InvokeAsync[T](IExecutionContext executionContext)
   at Amazon.Runtime.Internal.RetryHandler.InvokeAsync[T](IExecutionContext executionContext)
   at Amazon.Runtime.Internal.CallbackHandler.InvokeAsync[T](IExecutionContext executionContext)
   at Amazon.Runtime.Internal.CallbackHandler.InvokeAsync[T](IExecutionContext executionContext)
   at Amazon.S3.Internal.AmazonS3ExceptionHandler.InvokeAsync[T](IExecutionContext executionContext)
   at Amazon.Runtime.Internal.ErrorCallbackHandler.InvokeAsync[T](IExecutionContext executionContext)
   at Amazon.Runtime.Internal.MetricsHandler.InvokeAsync[T](IExecutionContext executionContext)
======================================================================

2026-05-21 15:16:39.3810 [ERROR] [AIRS.Core.Common.LogForgingTools] [TraceID: 00-20ca38eb0776a0c2226e284e7b7fde88-478c9032ffd7a640-00]
  Event: 0
  Request: GET https://lcr-tp.nhi.gov.tw/api/NhiPatientImage/studies/1.2.840.9910213721418325218772121021591791708761232/series/1.2.840.1718923156152311768923275322146219117393/instances/1.2.840.28205114487195201111819825012815415044161/jpg 
  Message: 1779347799394 GetImage() 失敗，耗時 1106 ms.
  Properties: RequestId=40000002-0007-fa00-b63f-84710c7967bb; RequestPath=/api/NhiPatientImage/studies/1.2.840.9910213721418325218772121021591791708761232/series/1.2.840.1718923156152311768923275322146219117393/instances/1.2.840.28205114487195201111819825012815415044161/jpg; ActionId=3e44bc7b-ce4c-4970-b451-77c645b4505d; ActionName=NHI_AI_MedReportViewerWebApi.Controllers.NhiPatientImageController.GetImageScreenshotAsync (NHI-AI-MedReportViewerWebApi); StudyInstanceUid=1.2.840.9910213721418325218772121021591791708761232; SeriesInstanceUid=1.2.840.1718923156152311768923275322146219117393; SopInstanceUid=1.2.840.28205114487195201111819825012815415044161
  --- Exception ---
Amazon.S3.AmazonS3Exception: The specified key does not exist.
 ---> Amazon.Runtime.Internal.HttpErrorResponseException: Exception of type 'Amazon.Runtime.Internal.HttpErrorResponseException' was thrown.
   at Amazon.Runtime.HttpWebRequestMessage.ProcessHttpResponseMessage(HttpResponseMessage responseMessage)
   at Amazon.Runtime.HttpWebRequestMessage.GetResponseAsync(CancellationToken cancellationToken)
   at Amazon.Runtime.Internal.HttpHandler`1.InvokeAsync[T](IExecutionContext executionContext)
   at Amazon.Runtime.Internal.RedirectHandler.InvokeAsync[T](IExecutionContext executionContext)
   at Amazon.Runtime.Internal.Unmarshaller.InvokeAsync[T](IExecutionContext executionContext)
   at Amazon.S3.Internal.AmazonS3ResponseHandler.InvokeAsync[T](IExecutionContext executionContext)
   at Amazon.Runtime.Internal.ErrorHandler.InvokeAsync[T](IExecutionContext executionContext)
   --- End of inner exception stack trace ---
   at Amazon.Runtime.Internal.HttpErrorResponseExceptionHandler.HandleExceptionStream(IRequestContext requestContext, IWebResponseData httpErrorResponse, HttpErrorResponseException exception, Stream responseStream)
   at Amazon.Runtime.Internal.HttpErrorResponseExceptionHandler.HandleExceptionAsync(IExecutionContext executionContext, HttpErrorResponseException exception)
   at Amazon.Runtime.Internal.ExceptionHandler`1.HandleAsync(IExecutionContext executionContext, Exception exception)
   at Amazon.Runtime.Internal.ErrorHandler.ProcessExceptionAsync(IExecutionContext executionContext, Exception exception)
   at Amazon.Runtime.Internal.ErrorHandler.InvokeAsync[T](IExecutionContext executionContext)
   at Amazon.Runtime.Internal.CallbackHandler.InvokeAsync[T](IExecutionContext executionContext)
   at Amazon.Runtime.Internal.Signer.InvokeAsync[T](IExecutionContext executionContext)
   at Amazon.S3.Internal.S3Express.S3ExpressPreSigner.InvokeAsync[T](IExecutionContext executionContext)
   at Amazon.Runtime.Internal.EndpointDiscoveryHandler.InvokeAsync[T](IExecutionContext executionContext)
   at Amazon.Runtime.Internal.EndpointDiscoveryHandler.InvokeAsync[T](IExecutionContext executionContext)
   at Amazon.Runtime.Internal.CredentialsRetriever.InvokeAsync[T](IExecutionContext executionContext)
   at Amazon.Runtime.Internal.RetryHandler.InvokeAsync[T](IExecutionContext executionContext)
   at Amazon.Runtime.Internal.RetryHandler.InvokeAsync[T](IExecutionContext executionContext)
   at Amazon.Runtime.Internal.CallbackHandler.InvokeAsync[T](IExecutionContext executionContext)
   at Amazon.Runtime.Internal.CallbackHandler.InvokeAsync[T](IExecutionContext executionContext)
   at Amazon.S3.Internal.AmazonS3ExceptionHandler.InvokeAsync[T](IExecutionContext executionContext)
   at Amazon.Runtime.Internal.ErrorCallbackHandler.InvokeAsync[T](IExecutionContext executionContext)
   at Amazon.Runtime.Internal.MetricsHandler.InvokeAsync[T](IExecutionContext executionContext)
======================================================================

2026-05-21 15:16:39.3810 [ERROR] [AIRS.Core.Common.LogForgingTools] [TraceID: 00-03cae1e3653c602e9535fff8fb74b39d-ed4a95f55e0bc07c-00]
  Event: 0
  Request: GET https://lcr-tp.nhi.gov.tw/api/NhiPatientImage/studies/1.2.840.1831491181932115913426236105211231112230198234/series/1.2.840.194662179851015213741321381722223612923/instances/1.2.840.1556415613457171655548642410420286244166/jpg 
  Message: 1779347799395 GetImage() 失敗，耗時 420 ms.
  Properties: RequestId=40000002-0006-f400-b63f-84710c7967bb; RequestPath=/api/NhiPatientImage/studies/1.2.840.1831491181932115913426236105211231112230198234/series/1.2.840.194662179851015213741321381722223612923/instances/1.2.840.1556415613457171655548642410420286244166/jpg; ActionId=3e44bc7b-ce4c-4970-b451-77c645b4505d; ActionName=NHI_AI_MedReportViewerWebApi.Controllers.NhiPatientImageController.GetImageScreenshotAsync (NHI-AI-MedReportViewerWebApi); StudyInstanceUid=1.2.840.1831491181932115913426236105211231112230198234; SeriesInstanceUid=1.2.840.194662179851015213741321381722223612923; SopInstanceUid=1.2.840.1556415613457171655548642410420286244166
  --- Exception ---
Amazon.S3.AmazonS3Exception: The specified key does not exist.
 ---> Amazon.Runtime.Internal.HttpErrorResponseException: Exception of type 'Amazon.Runtime.Internal.HttpErrorResponseException' was thrown.
   at Amazon.Runtime.HttpWebRequestMessage.ProcessHttpResponseMessage(HttpResponseMessage responseMessage)
   at Amazon.Runtime.HttpWebRequestMessage.GetResponseAsync(CancellationToken cancellationToken)
   at Amazon.Runtime.Internal.HttpHandler`1.InvokeAsync[T](IExecutionContext executionContext)
   at Amazon.Runtime.Internal.RedirectHandler.InvokeAsync[T](IExecutionContext executionContext)
   at Amazon.Runtime.Internal.Unmarshaller.InvokeAsync[T](IExecutionContext executionContext)
   at Amazon.S3.Internal.AmazonS3ResponseHandler.InvokeAsync[T](IExecutionContext executionContext)
   at Amazon.Runtime.Internal.ErrorHandler.InvokeAsync[T](IExecutionContext executionContext)
   --- End of inner exception stack trace ---
   at Amazon.Runtime.Internal.HttpErrorResponseExceptionHandler.HandleExceptionStream(IRequestContext requestContext, IWebResponseData httpErrorResponse, HttpErrorResponseException exception, Stream responseStream)
   at Amazon.Runtime.Internal.HttpErrorResponseExceptionHandler.HandleExceptionAsync(IExecutionContext executionContext, HttpErrorResponseException exception)
   at Amazon.Runtime.Internal.ExceptionHandler`1.HandleAsync(IExecutionContext executionContext, Exception exception)
   at Amazon.Runtime.Internal.ErrorHandler.ProcessExceptionAsync(IExecutionContext executionContext, Exception exception)
   at Amazon.Runtime.Internal.ErrorHandler.InvokeAsync[T](IExecutionContext executionContext)
   at Amazon.Runtime.Internal.CallbackHandler.InvokeAsync[T](IExecutionContext executionContext)
   at Amazon.Runtime.Internal.Signer.InvokeAsync[T](IExecutionContext executionContext)
   at Amazon.S3.Internal.S3Express.S3ExpressPreSigner.InvokeAsync[T](IExecutionContext executionContext)
   at Amazon.Runtime.Internal.EndpointDiscoveryHandler.InvokeAsync[T](IExecutionContext executionContext)
   at Amazon.Runtime.Internal.EndpointDiscoveryHandler.InvokeAsync[T](IExecutionContext executionContext)
   at Amazon.Runtime.Internal.CredentialsRetriever.InvokeAsync[T](IExecutionContext executionContext)
   at Amazon.Runtime.Internal.RetryHandler.InvokeAsync[T](IExecutionContext executionContext)
   at Amazon.Runtime.Internal.RetryHandler.InvokeAsync[T](IExecutionContext executionContext)
   at Amazon.Runtime.Internal.CallbackHandler.InvokeAsync[T](IExecutionContext executionContext)
   at Amazon.Runtime.Internal.CallbackHandler.InvokeAsync[T](IExecutionContext executionContext)
   at Amazon.S3.Internal.AmazonS3ExceptionHandler.InvokeAsync[T](IExecutionContext executionContext)
   at Amazon.Runtime.Internal.ErrorCallbackHandler.InvokeAsync[T](IExecutionContext executionContext)
   at Amazon.Runtime.Internal.MetricsHandler.InvokeAsync[T](IExecutionContext executionContext)
======================================================================

2026-05-21 15:16:39.3944 [ERROR] [AIRS.Core.Common.LogForgingTools] [TraceID: 00-e595de8da168df5f06a9e264b7b0aebe-cd6bb4f5000e011f-00]
  Event: 0
  Request: GET https://lcr-tp.nhi.gov.tw/api/NhiPatientImage/studies/1.2.840.95628289237023181203129147651793012853/series/1.2.840.15522917228832121867788198941815717572241/instances/1.2.840.2482919651028917222517392352521782145174/jpg 
  Message: 1779347799397 GetImage() 失敗，耗時 1170 ms.
  Properties: RequestId=40000002-0007-fb00-b63f-84710c7967bb; RequestPath=/api/NhiPatientImage/studies/1.2.840.95628289237023181203129147651793012853/series/1.2.840.15522917228832121867788198941815717572241/instances/1.2.840.2482919651028917222517392352521782145174/jpg; ActionId=3e44bc7b-ce4c-4970-b451-77c645b4505d; ActionName=NHI_AI_MedReportViewerWebApi.Controllers.NhiPatientImageController.GetImageScreenshotAsync (NHI-AI-MedReportViewerWebApi); StudyInstanceUid=1.2.840.95628289237023181203129147651793012853; SeriesInstanceUid=1.2.840.15522917228832121867788198941815717572241; SopInstanceUid=1.2.840.2482919651028917222517392352521782145174
  --- Exception ---
Amazon.S3.AmazonS3Exception: The specified key does not exist.
 ---> Amazon.Runtime.Internal.HttpErrorResponseException: Exception of type 'Amazon.Runtime.Internal.HttpErrorResponseException' was thrown.
   at Amazon.Runtime.HttpWebRequestMessage.ProcessHttpResponseMessage(HttpResponseMessage responseMessage)
   at Amazon.Runtime.HttpWebRequestMessage.GetResponseAsync(CancellationToken cancellationToken)
   at Amazon.Runtime.Internal.HttpHandler`1.InvokeAsync[T](IExecutionContext executionContext)
   at Amazon.Runtime.Internal.RedirectHandler.InvokeAsync[T](IExecutionContext executionContext)
   at Amazon.Runtime.Internal.Unmarshaller.InvokeAsync[T](IExecutionContext executionContext)
   at Amazon.S3.Internal.AmazonS3ResponseHandler.InvokeAsync[T](IExecutionContext executionContext)
   at Amazon.Runtime.Internal.ErrorHandler.InvokeAsync[T](IExecutionContext executionContext)
   --- End of inner exception stack trace ---
   at Amazon.Runtime.Internal.HttpErrorResponseExceptionHandler.HandleExceptionStream(IRequestContext requestContext, IWebResponseData httpErrorResponse, HttpErrorResponseException exception, Stream responseStream)
   at Amazon.Runtime.Internal.HttpErrorResponseExceptionHandler.HandleExceptionAsync(IExecutionContext executionContext, HttpErrorResponseException exception)
   at Amazon.Runtime.Internal.ExceptionHandler`1.HandleAsync(IExecutionContext executionContext, Exception exception)
   at Amazon.Runtime.Internal.ErrorHandler.ProcessExceptionAsync(IExecutionContext executionContext, Exception exception)
   at Amazon.Runtime.Internal.ErrorHandler.InvokeAsync[T](IExecutionContext executionContext)
   at Amazon.Runtime.Internal.CallbackHandler.InvokeAsync[T](IExecutionContext executionContext)
   at Amazon.Runtime.Internal.Signer.InvokeAsync[T](IExecutionContext executionContext)
   at Amazon.S3.Internal.S3Express.S3ExpressPreSigner.InvokeAsync[T](IExecutionContext executionContext)
   at Amazon.Runtime.Internal.EndpointDiscoveryHandler.InvokeAsync[T](IExecutionContext executionContext)
   at Amazon.Runtime.Internal.EndpointDiscoveryHandler.InvokeAsync[T](IExecutionContext executionContext)
   at Amazon.Runtime.Internal.CredentialsRetriever.InvokeAsync[T](IExecutionContext executionContext)
   at Amazon.Runtime.Internal.RetryHandler.InvokeAsync[T](IExecutionContext executionContext)
   at Amazon.Runtime.Internal.RetryHandler.InvokeAsync[T](IExecutionContext executionContext)
   at Amazon.Runtime.Internal.CallbackHandler.InvokeAsync[T](IExecutionContext executionContext)
   at Amazon.Runtime.Internal.CallbackHandler.InvokeAsync[T](IExecutionContext executionContext)
   at Amazon.S3.Internal.AmazonS3ExceptionHandler.InvokeAsync[T](IExecutionContext executionContext)
   at Amazon.Runtime.Internal.ErrorCallbackHandler.InvokeAsync[T](IExecutionContext executionContext)
   at Amazon.Runtime.Internal.MetricsHandler.InvokeAsync[T](IExecutionContext executionContext)
======================================================================

2026-05-21 15:16:39.3944 [ERROR] [AIRS.Core.Common.LogForgingTools] [TraceID: 00-bc3a1a51bafaee419fe6f2baacab397f-2a5abb34855fbea7-00]
  Event: 0
  Request: GET https://lcr-tp.nhi.gov.tw/api/NhiPatientImage/studies/1.2.840.25117608923523578101231161936851828085/series/1.2.840.211941681108460115160221138240919221321384/instances/1.2.840.203127233250801041609771223515116217522475/jpg 
  Message: 1779347799399 GetImage() 失敗，耗時 983 ms.
  Properties: RequestId=40000002-0006-f600-b63f-84710c7967bb; RequestPath=/api/NhiPatientImage/studies/1.2.840.25117608923523578101231161936851828085/series/1.2.840.211941681108460115160221138240919221321384/instances/1.2.840.203127233250801041609771223515116217522475/jpg; ActionId=3e44bc7b-ce4c-4970-b451-77c645b4505d; ActionName=NHI_AI_MedReportViewerWebApi.Controllers.NhiPatientImageController.GetImageScreenshotAsync (NHI-AI-MedReportViewerWebApi); StudyInstanceUid=1.2.840.25117608923523578101231161936851828085; SeriesInstanceUid=1.2.840.211941681108460115160221138240919221321384; SopInstanceUid=1.2.840.203127233250801041609771223515116217522475
  --- Exception ---
Amazon.S3.AmazonS3Exception: The specified key does not exist.
 ---> Amazon.Runtime.Internal.HttpErrorResponseException: Exception of type 'Amazon.Runtime.Internal.HttpErrorResponseException' was thrown.
   at Amazon.Runtime.HttpWebRequestMessage.ProcessHttpResponseMessage(HttpResponseMessage responseMessage)
   at Amazon.Runtime.HttpWebRequestMessage.GetResponseAsync(CancellationToken cancellationToken)
   at Amazon.Runtime.Internal.HttpHandler`1.InvokeAsync[T](IExecutionContext executionContext)
   at Amazon.Runtime.Internal.RedirectHandler.InvokeAsync[T](IExecutionContext executionContext)
   at Amazon.Runtime.Internal.Unmarshaller.InvokeAsync[T](IExecutionContext executionContext)
   at Amazon.S3.Internal.AmazonS3ResponseHandler.InvokeAsync[T](IExecutionContext executionContext)
   at Amazon.Runtime.Internal.ErrorHandler.InvokeAsync[T](IExecutionContext executionContext)
   --- End of inner exception stack trace ---
   at Amazon.Runtime.Internal.HttpErrorResponseExceptionHandler.HandleExceptionStream(IRequestContext requestContext, IWebResponseData httpErrorResponse, HttpErrorResponseException exception, Stream responseStream)
   at Amazon.Runtime.Internal.HttpErrorResponseExceptionHandler.HandleExceptionAsync(IExecutionContext executionContext, HttpErrorResponseException exception)
   at Amazon.Runtime.Internal.ExceptionHandler`1.HandleAsync(IExecutionContext executionContext, Exception exception)
   at Amazon.Runtime.Internal.ErrorHandler.ProcessExceptionAsync(IExecutionContext executionContext, Exception exception)
   at Amazon.Runtime.Internal.ErrorHandler.InvokeAsync[T](IExecutionContext executionContext)
   at Amazon.Runtime.Internal.CallbackHandler.InvokeAsync[T](IExecutionContext executionContext)
   at Amazon.Runtime.Internal.Signer.InvokeAsync[T](IExecutionContext executionContext)
   at Amazon.S3.Internal.S3Express.S3ExpressPreSigner.InvokeAsync[T](IExecutionContext executionContext)
   at Amazon.Runtime.Internal.EndpointDiscoveryHandler.InvokeAsync[T](IExecutionContext executionContext)
   at Amazon.Runtime.Internal.EndpointDiscoveryHandler.InvokeAsync[T](IExecutionContext executionContext)
   at Amazon.Runtime.Internal.CredentialsRetriever.InvokeAsync[T](IExecutionContext executionContext)
   at Amazon.Runtime.Internal.RetryHandler.InvokeAsync[T](IExecutionContext executionContext)
   at Amazon.Runtime.Internal.RetryHandler.InvokeAsync[T](IExecutionContext executionContext)
   at Amazon.Runtime.Internal.CallbackHandler.InvokeAsync[T](IExecutionContext executionContext)
   at Amazon.Runtime.Internal.CallbackHandler.InvokeAsync[T](IExecutionContext executionContext)
   at Amazon.S3.Internal.AmazonS3ExceptionHandler.InvokeAsync[T](IExecutionContext executionContext)
   at Amazon.Runtime.Internal.ErrorCallbackHandler.InvokeAsync[T](IExecutionContext executionContext)
   at Amazon.Runtime.Internal.MetricsHandler.InvokeAsync[T](IExecutionContext executionContext)
======================================================================

2026-05-21 15:16:39.3944 [ERROR] [AIRS.Core.Common.LogForgingTools] [TraceID: 00-cae911bf1c9bd1c42491889299cb26f8-b45ae4f440b0f97b-00]
  Event: 0
  Request: GET https://lcr-tp.nhi.gov.tw/api/NhiPatientImage/studies/1.2.840.1831491181932115913426236105211231112230198234/series/1.2.840.194662179851015213741321381722223612923/instances/1.2.840.1763117124319615212510318787121752082224170/jpg 
  Message: 1779347799401 GetImage() 失敗，耗時 797 ms.
  Properties: RequestId=40000002-0007-f700-b63f-84710c7967bb; RequestPath=/api/NhiPatientImage/studies/1.2.840.1831491181932115913426236105211231112230198234/series/1.2.840.194662179851015213741321381722223612923/instances/1.2.840.1763117124319615212510318787121752082224170/jpg; ActionId=3e44bc7b-ce4c-4970-b451-77c645b4505d; ActionName=NHI_AI_MedReportViewerWebApi.Controllers.NhiPatientImageController.GetImageScreenshotAsync (NHI-AI-MedReportViewerWebApi); StudyInstanceUid=1.2.840.1831491181932115913426236105211231112230198234; SeriesInstanceUid=1.2.840.194662179851015213741321381722223612923; SopInstanceUid=1.2.840.1763117124319615212510318787121752082224170
  --- Exception ---
Amazon.S3.AmazonS3Exception: The specified key does not exist.
 ---> Amazon.Runtime.Internal.HttpErrorResponseException: Exception of type 'Amazon.Runtime.Internal.HttpErrorResponseException' was thrown.
   at Amazon.Runtime.HttpWebRequestMessage.ProcessHttpResponseMessage(HttpResponseMessage responseMessage)
   at Amazon.Runtime.HttpWebRequestMessage.GetResponseAsync(CancellationToken cancellationToken)
   at Amazon.Runtime.Internal.HttpHandler`1.InvokeAsync[T](IExecutionContext executionContext)
   at Amazon.Runtime.Internal.RedirectHandler.InvokeAsync[T](IExecutionContext executionContext)
   at Amazon.Runtime.Internal.Unmarshaller.InvokeAsync[T](IExecutionContext executionContext)
   at Amazon.S3.Internal.AmazonS3ResponseHandler.InvokeAsync[T](IExecutionContext executionContext)
   at Amazon.Runtime.Internal.ErrorHandler.InvokeAsync[T](IExecutionContext executionContext)
   --- End of inner exception stack trace ---
   at Amazon.Runtime.Internal.HttpErrorResponseExceptionHandler.HandleExceptionStream(IRequestContext requestContext, IWebResponseData httpErrorResponse, HttpErrorResponseException exception, Stream responseStream)
   at Amazon.Runtime.Internal.HttpErrorResponseExceptionHandler.HandleExceptionAsync(IExecutionContext executionContext, HttpErrorResponseException exception)
   at Amazon.Runtime.Internal.ExceptionHandler`1.HandleAsync(IExecutionContext executionContext, Exception exception)
   at Amazon.Runtime.Internal.ErrorHandler.ProcessExceptionAsync(IExecutionContext executionContext, Exception exception)
   at Amazon.Runtime.Internal.ErrorHandler.InvokeAsync[T](IExecutionContext executionContext)
   at Amazon.Runtime.Internal.CallbackHandler.InvokeAsync[T](IExecutionContext executionContext)
   at Amazon.Runtime.Internal.Signer.InvokeAsync[T](IExecutionContext executionContext)
   at Amazon.S3.Internal.S3Express.S3ExpressPreSigner.InvokeAsync[T](IExecutionContext executionContext)
   at Amazon.Runtime.Internal.EndpointDiscoveryHandler.InvokeAsync[T](IExecutionContext executionContext)
   at Amazon.Runtime.Internal.EndpointDiscoveryHandler.InvokeAsync[T](IExecutionContext executionContext)
   at Amazon.Runtime.Internal.CredentialsRetriever.InvokeAsync[T](IExecutionContext executionContext)
   at Amazon.Runtime.Internal.RetryHandler.InvokeAsync[T](IExecutionContext executionContext)
   at Amazon.Runtime.Internal.RetryHandler.InvokeAsync[T](IExecutionContext executionContext)
   at Amazon.Runtime.Internal.CallbackHandler.InvokeAsync[T](IExecutionContext executionContext)
   at Amazon.Runtime.Internal.CallbackHandler.InvokeAsync[T](IExecutionContext executionContext)
   at Amazon.S3.Internal.AmazonS3ExceptionHandler.InvokeAsync[T](IExecutionContext executionContext)
   at Amazon.Runtime.Internal.ErrorCallbackHandler.InvokeAsync[T](IExecutionContext executionContext)
   at Amazon.Runtime.Internal.MetricsHandler.InvokeAsync[T](IExecutionContext executionContext)
======================================================================

2026-05-21 15:16:39.4447 [ERROR] [NHI_AI_MedReportViewerWebApi.Services.NhiPatientImageService] [TraceID: 00-20ca38eb0776a0c2226e284e7b7fde88-478c9032ffd7a640-00]
  Event: 0
  Request: GET https://lcr-tp.nhi.gov.tw/api/NhiPatientImage/studies/1.2.840.9910213721418325218772121021591791708761232/series/1.2.840.1718923156152311768923275322146219117393/instances/1.2.840.28205114487195201111819825012815415044161/jpg 
  Message: 取得 DICOM 影像串流時發生錯誤
  Properties: RequestId=40000002-0007-fa00-b63f-84710c7967bb; RequestPath=/api/NhiPatientImage/studies/1.2.840.9910213721418325218772121021591791708761232/series/1.2.840.1718923156152311768923275322146219117393/instances/1.2.840.28205114487195201111819825012815415044161/jpg; ActionId=3e44bc7b-ce4c-4970-b451-77c645b4505d; ActionName=NHI_AI_MedReportViewerWebApi.Controllers.NhiPatientImageController.GetImageScreenshotAsync (NHI-AI-MedReportViewerWebApi); StudyInstanceUid=1.2.840.9910213721418325218772121021591791708761232; SeriesInstanceUid=1.2.840.1718923156152311768923275322146219117393; SopInstanceUid=1.2.840.28205114487195201111819825012815415044161
  --- Exception ---
Amazon.S3.AmazonS3Exception: The specified key does not exist.
 ---> Amazon.Runtime.Internal.HttpErrorResponseException: Exception of type 'Amazon.Runtime.Internal.HttpErrorResponseException' was thrown.
   at Amazon.Runtime.HttpWebRequestMessage.ProcessHttpResponseMessage(HttpResponseMessage responseMessage)
   at Amazon.Runtime.HttpWebRequestMessage.GetResponseAsync(CancellationToken cancellationToken)
   at Amazon.Runtime.Internal.HttpHandler`1.InvokeAsync[T](IExecutionContext executionContext)
   at Amazon.Runtime.Internal.RedirectHandler.InvokeAsync[T](IExecutionContext executionContext)
   at Amazon.Runtime.Internal.Unmarshaller.InvokeAsync[T](IExecutionContext executionContext)
   at Amazon.S3.Internal.AmazonS3ResponseHandler.InvokeAsync[T](IExecutionContext executionContext)
   at Amazon.Runtime.Internal.ErrorHandler.InvokeAsync[T](IExecutionContext executionContext)
   --- End of inner exception stack trace ---
   at Amazon.Runtime.Internal.HttpErrorResponseExceptionHandler.HandleExceptionStream(IRequestContext requestContext, IWebResponseData httpErrorResponse, HttpErrorResponseException exception, Stream responseStream)
   at Amazon.Runtime.Internal.HttpErrorResponseExceptionHandler.HandleExceptionAsync(IExecutionContext executionContext, HttpErrorResponseException exception)
   at Amazon.Runtime.Internal.ExceptionHandler`1.HandleAsync(IExecutionContext executionContext, Exception exception)
   at Amazon.Runtime.Internal.ErrorHandler.ProcessExceptionAsync(IExecutionContext executionContext, Exception exception)
   at Amazon.Runtime.Internal.ErrorHandler.InvokeAsync[T](IExecutionContext executionContext)
   at Amazon.Runtime.Internal.CallbackHandler.InvokeAsync[T](IExecutionContext executionContext)
   at Amazon.Runtime.Internal.Signer.InvokeAsync[T](IExecutionContext executionContext)
   at Amazon.S3.Internal.S3Express.S3ExpressPreSigner.InvokeAsync[T](IExecutionContext executionContext)
   at Amazon.Runtime.Internal.EndpointDiscoveryHandler.InvokeAsync[T](IExecutionContext executionContext)
   at Amazon.Runtime.Internal.EndpointDiscoveryHandler.InvokeAsync[T](IExecutionContext executionContext)
   at Amazon.Runtime.Internal.CredentialsRetriever.InvokeAsync[T](IExecutionContext executionContext)
   at Amazon.Runtime.Internal.RetryHandler.InvokeAsync[T](IExecutionContext executionContext)
   at Amazon.Runtime.Internal.RetryHandler.InvokeAsync[T](IExecutionContext executionContext)
   at Amazon.Runtime.Internal.CallbackHandler.InvokeAsync[T](IExecutionContext executionContext)
   at Amazon.Runtime.Internal.CallbackHandler.InvokeAsync[T](IExecutionContext executionContext)
   at Amazon.S3.Internal.AmazonS3ExceptionHandler.InvokeAsync[T](IExecutionContext executionContext)
   at Amazon.Runtime.Internal.ErrorCallbackHandler.InvokeAsync[T](IExecutionContext executionContext)
   at Amazon.Runtime.Internal.MetricsHandler.InvokeAsync[T](IExecutionContext executionContext)
======================================================================

2026-05-21 15:16:39.4447 [ERROR] [NHI_AI_MedReportViewerWebApi.Services.NhiPatientImageService] [TraceID: 00-6766f6b365c547229f10ff73eed7704e-6c0e1d2440d96ed8-00]
  Event: 0
  Request: GET https://lcr-tp.nhi.gov.tw/api/NhiPatientImage/studies/1.2.840.25117608923523578101231161936851828085/series/1.2.840.211941681108460115160221138240919221321384/instances/1.2.840.2211921183322322214326160692421211971102178/jpg 
  Message: 取得 DICOM 影像串流時發生錯誤
  Properties: RequestId=40000002-0006-f500-b63f-84710c7967bb; RequestPath=/api/NhiPatientImage/studies/1.2.840.25117608923523578101231161936851828085/series/1.2.840.211941681108460115160221138240919221321384/instances/1.2.840.2211921183322322214326160692421211971102178/jpg; ActionId=3e44bc7b-ce4c-4970-b451-77c645b4505d; ActionName=NHI_AI_MedReportViewerWebApi.Controllers.NhiPatientImageController.GetImageScreenshotAsync (NHI-AI-MedReportViewerWebApi); StudyInstanceUid=1.2.840.25117608923523578101231161936851828085; SeriesInstanceUid=1.2.840.211941681108460115160221138240919221321384; SopInstanceUid=1.2.840.2211921183322322214326160692421211971102178
  --- Exception ---
Amazon.S3.AmazonS3Exception: The specified key does not exist.
 ---> Amazon.Runtime.Internal.HttpErrorResponseException: Exception of type 'Amazon.Runtime.Internal.HttpErrorResponseException' was thrown.
   at Amazon.Runtime.HttpWebRequestMessage.ProcessHttpResponseMessage(HttpResponseMessage responseMessage)
   at Amazon.Runtime.HttpWebRequestMessage.GetResponseAsync(CancellationToken cancellationToken)
   at Amazon.Runtime.Internal.HttpHandler`1.InvokeAsync[T](IExecutionContext executionContext)
   at Amazon.Runtime.Internal.RedirectHandler.InvokeAsync[T](IExecutionContext executionContext)
   at Amazon.Runtime.Internal.Unmarshaller.InvokeAsync[T](IExecutionContext executionContext)
   at Amazon.S3.Internal.AmazonS3ResponseHandler.InvokeAsync[T](IExecutionContext executionContext)
   at Amazon.Runtime.Internal.ErrorHandler.InvokeAsync[T](IExecutionContext executionContext)
   --- End of inner exception stack trace ---
   at Amazon.Runtime.Internal.HttpErrorResponseExceptionHandler.HandleExceptionStream(IRequestContext requestContext, IWebResponseData httpErrorResponse, HttpErrorResponseException exception, Stream responseStream)
   at Amazon.Runtime.Internal.HttpErrorResponseExceptionHandler.HandleExceptionAsync(IExecutionContext executionContext, HttpErrorResponseException exception)
   at Amazon.Runtime.Internal.ExceptionHandler`1.HandleAsync(IExecutionContext executionContext, Exception exception)
   at Amazon.Runtime.Internal.ErrorHandler.ProcessExceptionAsync(IExecutionContext executionContext, Exception exception)
   at Amazon.Runtime.Internal.ErrorHandler.InvokeAsync[T](IExecutionContext executionContext)
   at Amazon.Runtime.Internal.CallbackHandler.InvokeAsync[T](IExecutionContext executionContext)
   at Amazon.Runtime.Internal.Signer.InvokeAsync[T](IExecutionContext executionContext)
   at Amazon.S3.Internal.S3Express.S3ExpressPreSigner.InvokeAsync[T](IExecutionContext executionContext)
   at Amazon.Runtime.Internal.EndpointDiscoveryHandler.InvokeAsync[T](IExecutionContext executionContext)
   at Amazon.Runtime.Internal.EndpointDiscoveryHandler.InvokeAsync[T](IExecutionContext executionContext)
   at Amazon.Runtime.Internal.CredentialsRetriever.InvokeAsync[T](IExecutionContext executionContext)
   at Amazon.Runtime.Internal.RetryHandler.InvokeAsync[T](IExecutionContext executionContext)
   at Amazon.Runtime.Internal.RetryHandler.InvokeAsync[T](IExecutionContext executionContext)
   at Amazon.Runtime.Internal.CallbackHandler.InvokeAsync[T](IExecutionContext executionContext)
   at Amazon.Runtime.Internal.CallbackHandler.InvokeAsync[T](IExecutionContext executionContext)
   at Amazon.S3.Internal.AmazonS3ExceptionHandler.InvokeAsync[T](IExecutionContext executionContext)
   at Amazon.Runtime.Internal.ErrorCallbackHandler.InvokeAsync[T](IExecutionContext executionContext)
   at Amazon.Runtime.Internal.MetricsHandler.InvokeAsync[T](IExecutionContext executionContext)
======================================================================

2026-05-21 15:16:39.4589 [ERROR] [NHI_AI_MedReportViewerWebApi.Services.NhiPatientImageService] [TraceID: 00-bc3a1a51bafaee419fe6f2baacab397f-2a5abb34855fbea7-00]
  Event: 0
  Request: GET https://lcr-tp.nhi.gov.tw/api/NhiPatientImage/studies/1.2.840.25117608923523578101231161936851828085/series/1.2.840.211941681108460115160221138240919221321384/instances/1.2.840.203127233250801041609771223515116217522475/jpg 
  Message: 取得 DICOM 影像串流時發生錯誤
  Properties: RequestId=40000002-0006-f600-b63f-84710c7967bb; RequestPath=/api/NhiPatientImage/studies/1.2.840.25117608923523578101231161936851828085/series/1.2.840.211941681108460115160221138240919221321384/instances/1.2.840.203127233250801041609771223515116217522475/jpg; ActionId=3e44bc7b-ce4c-4970-b451-77c645b4505d; ActionName=NHI_AI_MedReportViewerWebApi.Controllers.NhiPatientImageController.GetImageScreenshotAsync (NHI-AI-MedReportViewerWebApi); StudyInstanceUid=1.2.840.25117608923523578101231161936851828085; SeriesInstanceUid=1.2.840.211941681108460115160221138240919221321384; SopInstanceUid=1.2.840.203127233250801041609771223515116217522475
  --- Exception ---
Amazon.S3.AmazonS3Exception: The specified key does not exist.
 ---> Amazon.Runtime.Internal.HttpErrorResponseException: Exception of type 'Amazon.Runtime.Internal.HttpErrorResponseException' was thrown.
   at Amazon.Runtime.HttpWebRequestMessage.ProcessHttpResponseMessage(HttpResponseMessage responseMessage)
   at Amazon.Runtime.HttpWebRequestMessage.GetResponseAsync(CancellationToken cancellationToken)
   at Amazon.Runtime.Internal.HttpHandler`1.InvokeAsync[T](IExecutionContext executionContext)
   at Amazon.Runtime.Internal.RedirectHandler.InvokeAsync[T](IExecutionContext executionContext)
   at Amazon.Runtime.Internal.Unmarshaller.InvokeAsync[T](IExecutionContext executionContext)
   at Amazon.S3.Internal.AmazonS3ResponseHandler.InvokeAsync[T](IExecutionContext executionContext)
   at Amazon.Runtime.Internal.ErrorHandler.InvokeAsync[T](IExecutionContext executionContext)
   --- End of inner exception stack trace ---
   at Amazon.Runtime.Internal.HttpErrorResponseExceptionHandler.HandleExceptionStream(IRequestContext requestContext, IWebResponseData httpErrorResponse, HttpErrorResponseException exception, Stream responseStream)
   at Amazon.Runtime.Internal.HttpErrorResponseExceptionHandler.HandleExceptionAsync(IExecutionContext executionContext, HttpErrorResponseException exception)
   at Amazon.Runtime.Internal.ExceptionHandler`1.HandleAsync(IExecutionContext executionContext, Exception exception)
   at Amazon.Runtime.Internal.ErrorHandler.ProcessExceptionAsync(IExecutionContext executionContext, Exception exception)
   at Amazon.Runtime.Internal.ErrorHandler.InvokeAsync[T](IExecutionContext executionContext)
   at Amazon.Runtime.Internal.CallbackHandler.InvokeAsync[T](IExecutionContext executionContext)
   at Amazon.Runtime.Internal.Signer.InvokeAsync[T](IExecutionContext executionContext)
   at Amazon.S3.Internal.S3Express.S3ExpressPreSigner.InvokeAsync[T](IExecutionContext executionContext)
   at Amazon.Runtime.Internal.EndpointDiscoveryHandler.InvokeAsync[T](IExecutionContext executionContext)
   at Amazon.Runtime.Internal.EndpointDiscoveryHandler.InvokeAsync[T](IExecutionContext executionContext)
   at Amazon.Runtime.Internal.CredentialsRetriever.InvokeAsync[T](IExecutionContext executionContext)
   at Amazon.Runtime.Internal.RetryHandler.InvokeAsync[T](IExecutionContext executionContext)
   at Amazon.Runtime.Internal.RetryHandler.InvokeAsync[T](IExecutionContext executionContext)
   at Amazon.Runtime.Internal.CallbackHandler.InvokeAsync[T](IExecutionContext executionContext)
   at Amazon.Runtime.Internal.CallbackHandler.InvokeAsync[T](IExecutionContext executionContext)
   at Amazon.S3.Internal.AmazonS3ExceptionHandler.InvokeAsync[T](IExecutionContext executionContext)
   at Amazon.Runtime.Internal.ErrorCallbackHandler.InvokeAsync[T](IExecutionContext executionContext)
   at Amazon.Runtime.Internal.MetricsHandler.InvokeAsync[T](IExecutionContext executionContext)
======================================================================

2026-05-21 15:16:39.4818 [ERROR] [NHI_AI_MedReportViewerWebApi.Services.NhiPatientImageService] [TraceID: 00-03cae1e3653c602e9535fff8fb74b39d-ed4a95f55e0bc07c-00]
  Event: 0
  Request: GET https://lcr-tp.nhi.gov.tw/api/NhiPatientImage/studies/1.2.840.1831491181932115913426236105211231112230198234/series/1.2.840.194662179851015213741321381722223612923/instances/1.2.840.1556415613457171655548642410420286244166/jpg 
  Message: 取得 DICOM 影像串流時發生錯誤
  Properties: RequestId=40000002-0006-f400-b63f-84710c7967bb; RequestPath=/api/NhiPatientImage/studies/1.2.840.1831491181932115913426236105211231112230198234/series/1.2.840.194662179851015213741321381722223612923/instances/1.2.840.1556415613457171655548642410420286244166/jpg; ActionId=3e44bc7b-ce4c-4970-b451-77c645b4505d; ActionName=NHI_AI_MedReportViewerWebApi.Controllers.NhiPatientImageController.GetImageScreenshotAsync (NHI-AI-MedReportViewerWebApi); StudyInstanceUid=1.2.840.1831491181932115913426236105211231112230198234; SeriesInstanceUid=1.2.840.194662179851015213741321381722223612923; SopInstanceUid=1.2.840.1556415613457171655548642410420286244166
  --- Exception ---
Amazon.S3.AmazonS3Exception: The specified key does not exist.
 ---> Amazon.Runtime.Internal.HttpErrorResponseException: Exception of type 'Amazon.Runtime.Internal.HttpErrorResponseException' was thrown.
   at Amazon.Runtime.HttpWebRequestMessage.ProcessHttpResponseMessage(HttpResponseMessage responseMessage)
   at Amazon.Runtime.HttpWebRequestMessage.GetResponseAsync(CancellationToken cancellationToken)
   at Amazon.Runtime.Internal.HttpHandler`1.InvokeAsync[T](IExecutionContext executionContext)
   at Amazon.Runtime.Internal.RedirectHandler.InvokeAsync[T](IExecutionContext executionContext)
   at Amazon.Runtime.Internal.Unmarshaller.InvokeAsync[T](IExecutionContext executionContext)
   at Amazon.S3.Internal.AmazonS3ResponseHandler.InvokeAsync[T](IExecutionContext executionContext)
   at Amazon.Runtime.Internal.ErrorHandler.InvokeAsync[T](IExecutionContext executionContext)
   --- End of inner exception stack trace ---
   at Amazon.Runtime.Internal.HttpErrorResponseExceptionHandler.HandleExceptionStream(IRequestContext requestContext, IWebResponseData httpErrorResponse, HttpErrorResponseException exception, Stream responseStream)
   at Amazon.Runtime.Internal.HttpErrorResponseExceptionHandler.HandleExceptionAsync(IExecutionContext executionContext, HttpErrorResponseException exception)
   at Amazon.Runtime.Internal.ExceptionHandler`1.HandleAsync(IExecutionContext executionContext, Exception exception)
   at Amazon.Runtime.Internal.ErrorHandler.ProcessExceptionAsync(IExecutionContext executionContext, Exception exception)
   at Amazon.Runtime.Internal.ErrorHandler.InvokeAsync[T](IExecutionContext executionContext)
   at Amazon.Runtime.Internal.CallbackHandler.InvokeAsync[T](IExecutionContext executionContext)
   at Amazon.Runtime.Internal.Signer.InvokeAsync[T](IExecutionContext executionContext)
   at Amazon.S3.Internal.S3Express.S3ExpressPreSigner.InvokeAsync[T](IExecutionContext executionContext)
   at Amazon.Runtime.Internal.EndpointDiscoveryHandler.InvokeAsync[T](IExecutionContext executionContext)
   at Amazon.Runtime.Internal.EndpointDiscoveryHandler.InvokeAsync[T](IExecutionContext executionContext)
   at Amazon.Runtime.Internal.CredentialsRetriever.InvokeAsync[T](IExecutionContext executionContext)
   at Amazon.Runtime.Internal.RetryHandler.InvokeAsync[T](IExecutionContext executionContext)
   at Amazon.Runtime.Internal.RetryHandler.InvokeAsync[T](IExecutionContext executionContext)
   at Amazon.Runtime.Internal.CallbackHandler.InvokeAsync[T](IExecutionContext executionContext)
   at Amazon.Runtime.Internal.CallbackHandler.InvokeAsync[T](IExecutionContext executionContext)
   at Amazon.S3.Internal.AmazonS3ExceptionHandler.InvokeAsync[T](IExecutionContext executionContext)
   at Amazon.Runtime.Internal.ErrorCallbackHandler.InvokeAsync[T](IExecutionContext executionContext)
   at Amazon.Runtime.Internal.MetricsHandler.InvokeAsync[T](IExecutionContext executionContext)
======================================================================

2026-05-21 15:16:39.4953 [ERROR] [NHI_AI_MedReportViewerWebApi.Services.NhiPatientImageService] [TraceID: 00-e595de8da168df5f06a9e264b7b0aebe-cd6bb4f5000e011f-00]
  Event: 0
  Request: GET https://lcr-tp.nhi.gov.tw/api/NhiPatientImage/studies/1.2.840.95628289237023181203129147651793012853/series/1.2.840.15522917228832121867788198941815717572241/instances/1.2.840.2482919651028917222517392352521782145174/jpg 
  Message: 取得 DICOM 影像串流時發生錯誤
  Properties: RequestId=40000002-0007-fb00-b63f-84710c7967bb; RequestPath=/api/NhiPatientImage/studies/1.2.840.95628289237023181203129147651793012853/series/1.2.840.15522917228832121867788198941815717572241/instances/1.2.840.2482919651028917222517392352521782145174/jpg; ActionId=3e44bc7b-ce4c-4970-b451-77c645b4505d; ActionName=NHI_AI_MedReportViewerWebApi.Controllers.NhiPatientImageController.GetImageScreenshotAsync (NHI-AI-MedReportViewerWebApi); StudyInstanceUid=1.2.840.95628289237023181203129147651793012853; SeriesInstanceUid=1.2.840.15522917228832121867788198941815717572241; SopInstanceUid=1.2.840.2482919651028917222517392352521782145174
  --- Exception ---
Amazon.S3.AmazonS3Exception: The specified key does not exist.
 ---> Amazon.Runtime.Internal.HttpErrorResponseException: Exception of type 'Amazon.Runtime.Internal.HttpErrorResponseException' was thrown.
   at Amazon.Runtime.HttpWebRequestMessage.ProcessHttpResponseMessage(HttpResponseMessage responseMessage)
   at Amazon.Runtime.HttpWebRequestMessage.GetResponseAsync(CancellationToken cancellationToken)
   at Amazon.Runtime.Internal.HttpHandler`1.InvokeAsync[T](IExecutionContext executionContext)
   at Amazon.Runtime.Internal.RedirectHandler.InvokeAsync[T](IExecutionContext executionContext)
   at Amazon.Runtime.Internal.Unmarshaller.InvokeAsync[T](IExecutionContext executionContext)
   at Amazon.S3.Internal.AmazonS3ResponseHandler.InvokeAsync[T](IExecutionContext executionContext)
   at Amazon.Runtime.Internal.ErrorHandler.InvokeAsync[T](IExecutionContext executionContext)
   --- End of inner exception stack trace ---
   at Amazon.Runtime.Internal.HttpErrorResponseExceptionHandler.HandleExceptionStream(IRequestContext requestContext, IWebResponseData httpErrorResponse, HttpErrorResponseException exception, Stream responseStream)
   at Amazon.Runtime.Internal.HttpErrorResponseExceptionHandler.HandleExceptionAsync(IExecutionContext executionContext, HttpErrorResponseException exception)
   at Amazon.Runtime.Internal.ExceptionHandler`1.HandleAsync(IExecutionContext executionContext, Exception exception)
   at Amazon.Runtime.Internal.ErrorHandler.ProcessExceptionAsync(IExecutionContext executionContext, Exception exception)
   at Amazon.Runtime.Internal.ErrorHandler.InvokeAsync[T](IExecutionContext executionContext)
   at Amazon.Runtime.Internal.CallbackHandler.InvokeAsync[T](IExecutionContext executionContext)
   at Amazon.Runtime.Internal.Signer.InvokeAsync[T](IExecutionContext executionContext)
   at Amazon.S3.Internal.S3Express.S3ExpressPreSigner.InvokeAsync[T](IExecutionContext executionContext)
   at Amazon.Runtime.Internal.EndpointDiscoveryHandler.InvokeAsync[T](IExecutionContext executionContext)
   at Amazon.Runtime.Internal.EndpointDiscoveryHandler.InvokeAsync[T](IExecutionContext executionContext)
   at Amazon.Runtime.Internal.CredentialsRetriever.InvokeAsync[T](IExecutionContext executionContext)
   at Amazon.Runtime.Internal.RetryHandler.InvokeAsync[T](IExecutionContext executionContext)
   at Amazon.Runtime.Internal.RetryHandler.InvokeAsync[T](IExecutionContext executionContext)
   at Amazon.Runtime.Internal.CallbackHandler.InvokeAsync[T](IExecutionContext executionContext)
   at Amazon.Runtime.Internal.CallbackHandler.InvokeAsync[T](IExecutionContext executionContext)
   at Amazon.S3.Internal.AmazonS3ExceptionHandler.InvokeAsync[T](IExecutionContext executionContext)
   at Amazon.Runtime.Internal.ErrorCallbackHandler.InvokeAsync[T](IExecutionContext executionContext)
   at Amazon.Runtime.Internal.MetricsHandler.InvokeAsync[T](IExecutionContext executionContext)
======================================================================

2026-05-21 15:16:39.5119 [ERROR] [NHI_AI_MedReportViewerWebApi.Services.NhiPatientImageService] [TraceID: 00-cae911bf1c9bd1c42491889299cb26f8-b45ae4f440b0f97b-00]
  Event: 0
  Request: GET https://lcr-tp.nhi.gov.tw/api/NhiPatientImage/studies/1.2.840.1831491181932115913426236105211231112230198234/series/1.2.840.194662179851015213741321381722223612923/instances/1.2.840.1763117124319615212510318787121752082224170/jpg 
  Message: 取得 DICOM 影像串流時發生錯誤
  Properties: RequestId=40000002-0007-f700-b63f-84710c7967bb; RequestPath=/api/NhiPatientImage/studies/1.2.840.1831491181932115913426236105211231112230198234/series/1.2.840.194662179851015213741321381722223612923/instances/1.2.840.1763117124319615212510318787121752082224170/jpg; ActionId=3e44bc7b-ce4c-4970-b451-77c645b4505d; ActionName=NHI_AI_MedReportViewerWebApi.Controllers.NhiPatientImageController.GetImageScreenshotAsync (NHI-AI-MedReportViewerWebApi); StudyInstanceUid=1.2.840.1831491181932115913426236105211231112230198234; SeriesInstanceUid=1.2.840.194662179851015213741321381722223612923; SopInstanceUid=1.2.840.1763117124319615212510318787121752082224170
  --- Exception ---
Amazon.S3.AmazonS3Exception: The specified key does not exist.
 ---> Amazon.Runtime.Internal.HttpErrorResponseException: Exception of type 'Amazon.Runtime.Internal.HttpErrorResponseException' was thrown.
   at Amazon.Runtime.HttpWebRequestMessage.ProcessHttpResponseMessage(HttpResponseMessage responseMessage)
   at Amazon.Runtime.HttpWebRequestMessage.GetResponseAsync(CancellationToken cancellationToken)
   at Amazon.Runtime.Internal.HttpHandler`1.InvokeAsync[T](IExecutionContext executionContext)
   at Amazon.Runtime.Internal.RedirectHandler.InvokeAsync[T](IExecutionContext executionContext)
   at Amazon.Runtime.Internal.Unmarshaller.InvokeAsync[T](IExecutionContext executionContext)
   at Amazon.S3.Internal.AmazonS3ResponseHandler.InvokeAsync[T](IExecutionContext executionContext)
   at Amazon.Runtime.Internal.ErrorHandler.InvokeAsync[T](IExecutionContext executionContext)
   --- End of inner exception stack trace ---
   at Amazon.Runtime.Internal.HttpErrorResponseExceptionHandler.HandleExceptionStream(IRequestContext requestContext, IWebResponseData httpErrorResponse, HttpErrorResponseException exception, Stream responseStream)
   at Amazon.Runtime.Internal.HttpErrorResponseExceptionHandler.HandleExceptionAsync(IExecutionContext executionContext, HttpErrorResponseException exception)
   at Amazon.Runtime.Internal.ExceptionHandler`1.HandleAsync(IExecutionContext executionContext, Exception exception)
   at Amazon.Runtime.Internal.ErrorHandler.ProcessExceptionAsync(IExecutionContext executionContext, Exception exception)
   at Amazon.Runtime.Internal.ErrorHandler.InvokeAsync[T](IExecutionContext executionContext)
   at Amazon.Runtime.Internal.CallbackHandler.InvokeAsync[T](IExecutionContext executionContext)
   at Amazon.Runtime.Internal.Signer.InvokeAsync[T](IExecutionContext executionContext)
   at Amazon.S3.Internal.S3Express.S3ExpressPreSigner.InvokeAsync[T](IExecutionContext executionContext)
   at Amazon.Runtime.Internal.EndpointDiscoveryHandler.InvokeAsync[T](IExecutionContext executionContext)
   at Amazon.Runtime.Internal.EndpointDiscoveryHandler.InvokeAsync[T](IExecutionContext executionContext)
   at Amazon.Runtime.Internal.CredentialsRetriever.InvokeAsync[T](IExecutionContext executionContext)
   at Amazon.Runtime.Internal.RetryHandler.InvokeAsync[T](IExecutionContext executionContext)
   at Amazon.Runtime.Internal.RetryHandler.InvokeAsync[T](IExecutionContext executionContext)
   at Amazon.Runtime.Internal.CallbackHandler.InvokeAsync[T](IExecutionContext executionContext)
   at Amazon.Runtime.Internal.CallbackHandler.InvokeAsync[T](IExecutionContext executionContext)
   at Amazon.S3.Internal.AmazonS3ExceptionHandler.InvokeAsync[T](IExecutionContext executionContext)
   at Amazon.Runtime.Internal.ErrorCallbackHandler.InvokeAsync[T](IExecutionContext executionContext)
   at Amazon.Runtime.Internal.MetricsHandler.InvokeAsync[T](IExecutionContext executionContext)
======================================================================

2026-05-21 15:16:39.7554 [ERROR] [AIRS.Core.Common.LogForgingTools] [TraceID: 00-3c59d93b32a571ac03bf008f19585905-0108204532b3040e-00]
  Event: 0
  Request: GET https://lcr-tp.nhi.gov.tw/api/NhiPatientImage/studies/1.2.840.14311817595127161161159179701024822483140199/series/1.2.840.2081181585538253120903422631829791115221/instances/1.2.840.2441781871703324220021480632358916319724163/jpg 
  Message: 1779347799772 GetImage() 失敗，耗時 1234 ms.
  Properties: RequestId=40000002-0007-f800-b63f-84710c7967bb; RequestPath=/api/NhiPatientImage/studies/1.2.840.14311817595127161161159179701024822483140199/series/1.2.840.2081181585538253120903422631829791115221/instances/1.2.840.2441781871703324220021480632358916319724163/jpg; ActionId=3e44bc7b-ce4c-4970-b451-77c645b4505d; ActionName=NHI_AI_MedReportViewerWebApi.Controllers.NhiPatientImageController.GetImageScreenshotAsync (NHI-AI-MedReportViewerWebApi); StudyInstanceUid=1.2.840.14311817595127161161159179701024822483140199; SeriesInstanceUid=1.2.840.2081181585538253120903422631829791115221; SopInstanceUid=1.2.840.2441781871703324220021480632358916319724163
  --- Exception ---
Amazon.S3.AmazonS3Exception: The specified key does not exist.
 ---> Amazon.Runtime.Internal.HttpErrorResponseException: Exception of type 'Amazon.Runtime.Internal.HttpErrorResponseException' was thrown.
   at Amazon.Runtime.HttpWebRequestMessage.ProcessHttpResponseMessage(HttpResponseMessage responseMessage)
   at Amazon.Runtime.HttpWebRequestMessage.GetResponseAsync(CancellationToken cancellationToken)
   at Amazon.Runtime.Internal.HttpHandler`1.InvokeAsync[T](IExecutionContext executionContext)
   at Amazon.Runtime.Internal.RedirectHandler.InvokeAsync[T](IExecutionContext executionContext)
   at Amazon.Runtime.Internal.Unmarshaller.InvokeAsync[T](IExecutionContext executionContext)
   at Amazon.S3.Internal.AmazonS3ResponseHandler.InvokeAsync[T](IExecutionContext executionContext)
   at Amazon.Runtime.Internal.ErrorHandler.InvokeAsync[T](IExecutionContext executionContext)
   --- End of inner exception stack trace ---
   at Amazon.Runtime.Internal.HttpErrorResponseExceptionHandler.HandleExceptionStream(IRequestContext requestContext, IWebResponseData httpErrorResponse, HttpErrorResponseException exception, Stream responseStream)
   at Amazon.Runtime.Internal.HttpErrorResponseExceptionHandler.HandleExceptionAsync(IExecutionContext executionContext, HttpErrorResponseException exception)
   at Amazon.Runtime.Internal.ExceptionHandler`1.HandleAsync(IExecutionContext executionContext, Exception exception)
   at Amazon.Runtime.Internal.ErrorHandler.ProcessExceptionAsync(IExecutionContext executionContext, Exception exception)
   at Amazon.Runtime.Internal.ErrorHandler.InvokeAsync[T](IExecutionContext executionContext)
   at Amazon.Runtime.Internal.CallbackHandler.InvokeAsync[T](IExecutionContext executionContext)
   at Amazon.Runtime.Internal.Signer.InvokeAsync[T](IExecutionContext executionContext)
   at Amazon.S3.Internal.S3Express.S3ExpressPreSigner.InvokeAsync[T](IExecutionContext executionContext)
   at Amazon.Runtime.Internal.EndpointDiscoveryHandler.InvokeAsync[T](IExecutionContext executionContext)
   at Amazon.Runtime.Internal.EndpointDiscoveryHandler.InvokeAsync[T](IExecutionContext executionContext)
   at Amazon.Runtime.Internal.CredentialsRetriever.InvokeAsync[T](IExecutionContext executionContext)
   at Amazon.Runtime.Internal.RetryHandler.InvokeAsync[T](IExecutionContext executionContext)
   at Amazon.Runtime.Internal.RetryHandler.InvokeAsync[T](IExecutionContext executionContext)
   at Amazon.Runtime.Internal.CallbackHandler.InvokeAsync[T](IExecutionContext executionContext)
   at Amazon.Runtime.Internal.CallbackHandler.InvokeAsync[T](IExecutionContext executionContext)
   at Amazon.S3.Internal.AmazonS3ExceptionHandler.InvokeAsync[T](IExecutionContext executionContext)
   at Amazon.Runtime.Internal.ErrorCallbackHandler.InvokeAsync[T](IExecutionContext executionContext)
   at Amazon.Runtime.Internal.MetricsHandler.InvokeAsync[T](IExecutionContext executionContext)
======================================================================

2026-05-21 15:16:39.7701 [ERROR] [AIRS.Core.Common.LogForgingTools] [TraceID: 00-25fad774152e0801b84cb5e3b6bed566-7c4773ac68705520-00]
  Event: 0
  Request: GET https://lcr-tp.nhi.gov.tw/api/NhiPatientImage/studies/1.2.840.95628289237023181203129147651793012853/series/1.2.840.15522917228832121867788198941815717572241/instances/1.2.840.401392747581166219213224620516719084121134/jpg 
  Message: 1779347799773 GetImage() 失敗，耗時 1605 ms.
  Properties: RequestId=40000002-0004-f100-b63f-84710c7967bb; RequestPath=/api/NhiPatientImage/studies/1.2.840.95628289237023181203129147651793012853/series/1.2.840.15522917228832121867788198941815717572241/instances/1.2.840.401392747581166219213224620516719084121134/jpg; ActionId=3e44bc7b-ce4c-4970-b451-77c645b4505d; ActionName=NHI_AI_MedReportViewerWebApi.Controllers.NhiPatientImageController.GetImageScreenshotAsync (NHI-AI-MedReportViewerWebApi); StudyInstanceUid=1.2.840.95628289237023181203129147651793012853; SeriesInstanceUid=1.2.840.15522917228832121867788198941815717572241; SopInstanceUid=1.2.840.401392747581166219213224620516719084121134
  --- Exception ---
Amazon.S3.AmazonS3Exception: The specified key does not exist.
 ---> Amazon.Runtime.Internal.HttpErrorResponseException: Exception of type 'Amazon.Runtime.Internal.HttpErrorResponseException' was thrown.
   at Amazon.Runtime.HttpWebRequestMessage.ProcessHttpResponseMessage(HttpResponseMessage responseMessage)
   at Amazon.Runtime.HttpWebRequestMessage.GetResponseAsync(CancellationToken cancellationToken)
   at Amazon.Runtime.Internal.HttpHandler`1.InvokeAsync[T](IExecutionContext executionContext)
   at Amazon.Runtime.Internal.RedirectHandler.InvokeAsync[T](IExecutionContext executionContext)
   at Amazon.Runtime.Internal.Unmarshaller.InvokeAsync[T](IExecutionContext executionContext)
   at Amazon.S3.Internal.AmazonS3ResponseHandler.InvokeAsync[T](IExecutionContext executionContext)
   at Amazon.Runtime.Internal.ErrorHandler.InvokeAsync[T](IExecutionContext executionContext)
   --- End of inner exception stack trace ---
   at Amazon.Runtime.Internal.HttpErrorResponseExceptionHandler.HandleExceptionStream(IRequestContext requestContext, IWebResponseData httpErrorResponse, HttpErrorResponseException exception, Stream responseStream)
   at Amazon.Runtime.Internal.HttpErrorResponseExceptionHandler.HandleExceptionAsync(IExecutionContext executionContext, HttpErrorResponseException exception)
   at Amazon.Runtime.Internal.ExceptionHandler`1.HandleAsync(IExecutionContext executionContext, Exception exception)
   at Amazon.Runtime.Internal.ErrorHandler.ProcessExceptionAsync(IExecutionContext executionContext, Exception exception)
   at Amazon.Runtime.Internal.ErrorHandler.InvokeAsync[T](IExecutionContext executionContext)
   at Amazon.Runtime.Internal.CallbackHandler.InvokeAsync[T](IExecutionContext executionContext)
   at Amazon.Runtime.Internal.Signer.InvokeAsync[T](IExecutionContext executionContext)
   at Amazon.S3.Internal.S3Express.S3ExpressPreSigner.InvokeAsync[T](IExecutionContext executionContext)
   at Amazon.Runtime.Internal.EndpointDiscoveryHandler.InvokeAsync[T](IExecutionContext executionContext)
   at Amazon.Runtime.Internal.EndpointDiscoveryHandler.InvokeAsync[T](IExecutionContext executionContext)
   at Amazon.Runtime.Internal.CredentialsRetriever.InvokeAsync[T](IExecutionContext executionContext)
   at Amazon.Runtime.Internal.RetryHandler.InvokeAsync[T](IExecutionContext executionContext)
   at Amazon.Runtime.Internal.RetryHandler.InvokeAsync[T](IExecutionContext executionContext)
   at Amazon.Runtime.Internal.CallbackHandler.InvokeAsync[T](IExecutionContext executionContext)
   at Amazon.Runtime.Internal.CallbackHandler.InvokeAsync[T](IExecutionContext executionContext)
   at Amazon.S3.Internal.AmazonS3ExceptionHandler.InvokeAsync[T](IExecutionContext executionContext)
   at Amazon.Runtime.Internal.ErrorCallbackHandler.InvokeAsync[T](IExecutionContext executionContext)
   at Amazon.Runtime.Internal.MetricsHandler.InvokeAsync[T](IExecutionContext executionContext)
======================================================================

2026-05-21 15:16:39.7937 [ERROR] [NHI_AI_MedReportViewerWebApi.Services.NhiPatientImageService] [TraceID: 00-3c59d93b32a571ac03bf008f19585905-0108204532b3040e-00]
  Event: 0
  Request: GET https://lcr-tp.nhi.gov.tw/api/NhiPatientImage/studies/1.2.840.14311817595127161161159179701024822483140199/series/1.2.840.2081181585538253120903422631829791115221/instances/1.2.840.2441781871703324220021480632358916319724163/jpg 
  Message: 取得 DICOM 影像串流時發生錯誤
  Properties: RequestId=40000002-0007-f800-b63f-84710c7967bb; RequestPath=/api/NhiPatientImage/studies/1.2.840.14311817595127161161159179701024822483140199/series/1.2.840.2081181585538253120903422631829791115221/instances/1.2.840.2441781871703324220021480632358916319724163/jpg; ActionId=3e44bc7b-ce4c-4970-b451-77c645b4505d; ActionName=NHI_AI_MedReportViewerWebApi.Controllers.NhiPatientImageController.GetImageScreenshotAsync (NHI-AI-MedReportViewerWebApi); StudyInstanceUid=1.2.840.14311817595127161161159179701024822483140199; SeriesInstanceUid=1.2.840.2081181585538253120903422631829791115221; SopInstanceUid=1.2.840.2441781871703324220021480632358916319724163
  --- Exception ---
Amazon.S3.AmazonS3Exception: The specified key does not exist.
 ---> Amazon.Runtime.Internal.HttpErrorResponseException: Exception of type 'Amazon.Runtime.Internal.HttpErrorResponseException' was thrown.
   at Amazon.Runtime.HttpWebRequestMessage.ProcessHttpResponseMessage(HttpResponseMessage responseMessage)
   at Amazon.Runtime.HttpWebRequestMessage.GetResponseAsync(CancellationToken cancellationToken)
   at Amazon.Runtime.Internal.HttpHandler`1.InvokeAsync[T](IExecutionContext executionContext)
   at Amazon.Runtime.Internal.RedirectHandler.InvokeAsync[T](IExecutionContext executionContext)
   at Amazon.Runtime.Internal.Unmarshaller.InvokeAsync[T](IExecutionContext executionContext)
   at Amazon.S3.Internal.AmazonS3ResponseHandler.InvokeAsync[T](IExecutionContext executionContext)
   at Amazon.Runtime.Internal.ErrorHandler.InvokeAsync[T](IExecutionContext executionContext)
   --- End of inner exception stack trace ---
   at Amazon.Runtime.Internal.HttpErrorResponseExceptionHandler.HandleExceptionStream(IRequestContext requestContext, IWebResponseData httpErrorResponse, HttpErrorResponseException exception, Stream responseStream)
   at Amazon.Runtime.Internal.HttpErrorResponseExceptionHandler.HandleExceptionAsync(IExecutionContext executionContext, HttpErrorResponseException exception)
   at Amazon.Runtime.Internal.ExceptionHandler`1.HandleAsync(IExecutionContext executionContext, Exception exception)
   at Amazon.Runtime.Internal.ErrorHandler.ProcessExceptionAsync(IExecutionContext executionContext, Exception exception)
   at Amazon.Runtime.Internal.ErrorHandler.InvokeAsync[T](IExecutionContext executionContext)
   at Amazon.Runtime.Internal.CallbackHandler.InvokeAsync[T](IExecutionContext executionContext)
   at Amazon.Runtime.Internal.Signer.InvokeAsync[T](IExecutionContext executionContext)
   at Amazon.S3.Internal.S3Express.S3ExpressPreSigner.InvokeAsync[T](IExecutionContext executionContext)
   at Amazon.Runtime.Internal.EndpointDiscoveryHandler.InvokeAsync[T](IExecutionContext executionContext)
   at Amazon.Runtime.Internal.EndpointDiscoveryHandler.InvokeAsync[T](IExecutionContext executionContext)
   at Amazon.Runtime.Internal.CredentialsRetriever.InvokeAsync[T](IExecutionContext executionContext)
   at Amazon.Runtime.Internal.RetryHandler.InvokeAsync[T](IExecutionContext executionContext)
   at Amazon.Runtime.Internal.RetryHandler.InvokeAsync[T](IExecutionContext executionContext)
   at Amazon.Runtime.Internal.CallbackHandler.InvokeAsync[T](IExecutionContext executionContext)
   at Amazon.Runtime.Internal.CallbackHandler.InvokeAsync[T](IExecutionContext executionContext)
   at Amazon.S3.Internal.AmazonS3ExceptionHandler.InvokeAsync[T](IExecutionContext executionContext)
   at Amazon.Runtime.Internal.ErrorCallbackHandler.InvokeAsync[T](IExecutionContext executionContext)
   at Amazon.Runtime.Internal.MetricsHandler.InvokeAsync[T](IExecutionContext executionContext)
======================================================================

2026-05-21 15:16:39.8014 [ERROR] [NHI_AI_MedReportViewerWebApi.Services.NhiPatientImageService] [TraceID: 00-25fad774152e0801b84cb5e3b6bed566-7c4773ac68705520-00]
  Event: 0
  Request: GET https://lcr-tp.nhi.gov.tw/api/NhiPatientImage/studies/1.2.840.95628289237023181203129147651793012853/series/1.2.840.15522917228832121867788198941815717572241/instances/1.2.840.401392747581166219213224620516719084121134/jpg 
  Message: 取得 DICOM 影像串流時發生錯誤
  Properties: RequestId=40000002-0004-f100-b63f-84710c7967bb; RequestPath=/api/NhiPatientImage/studies/1.2.840.95628289237023181203129147651793012853/series/1.2.840.15522917228832121867788198941815717572241/instances/1.2.840.401392747581166219213224620516719084121134/jpg; ActionId=3e44bc7b-ce4c-4970-b451-77c645b4505d; ActionName=NHI_AI_MedReportViewerWebApi.Controllers.NhiPatientImageController.GetImageScreenshotAsync (NHI-AI-MedReportViewerWebApi); StudyInstanceUid=1.2.840.95628289237023181203129147651793012853; SeriesInstanceUid=1.2.840.15522917228832121867788198941815717572241; SopInstanceUid=1.2.840.401392747581166219213224620516719084121134
  --- Exception ---
Amazon.S3.AmazonS3Exception: The specified key does not exist.
 ---> Amazon.Runtime.Internal.HttpErrorResponseException: Exception of type 'Amazon.Runtime.Internal.HttpErrorResponseException' was thrown.
   at Amazon.Runtime.HttpWebRequestMessage.ProcessHttpResponseMessage(HttpResponseMessage responseMessage)
   at Amazon.Runtime.HttpWebRequestMessage.GetResponseAsync(CancellationToken cancellationToken)
   at Amazon.Runtime.Internal.HttpHandler`1.InvokeAsync[T](IExecutionContext executionContext)
   at Amazon.Runtime.Internal.RedirectHandler.InvokeAsync[T](IExecutionContext executionContext)
   at Amazon.Runtime.Internal.Unmarshaller.InvokeAsync[T](IExecutionContext executionContext)
   at Amazon.S3.Internal.AmazonS3ResponseHandler.InvokeAsync[T](IExecutionContext executionContext)
   at Amazon.Runtime.Internal.ErrorHandler.InvokeAsync[T](IExecutionContext executionContext)
   --- End of inner exception stack trace ---
   at Amazon.Runtime.Internal.HttpErrorResponseExceptionHandler.HandleExceptionStream(IRequestContext requestContext, IWebResponseData httpErrorResponse, HttpErrorResponseException exception, Stream responseStream)
   at Amazon.Runtime.Internal.HttpErrorResponseExceptionHandler.HandleExceptionAsync(IExecutionContext executionContext, HttpErrorResponseException exception)
   at Amazon.Runtime.Internal.ExceptionHandler`1.HandleAsync(IExecutionContext executionContext, Exception exception)
   at Amazon.Runtime.Internal.ErrorHandler.ProcessExceptionAsync(IExecutionContext executionContext, Exception exception)
   at Amazon.Runtime.Internal.ErrorHandler.InvokeAsync[T](IExecutionContext executionContext)
   at Amazon.Runtime.Internal.CallbackHandler.InvokeAsync[T](IExecutionContext executionContext)
   at Amazon.Runtime.Internal.Signer.InvokeAsync[T](IExecutionContext executionContext)
   at Amazon.S3.Internal.S3Express.S3ExpressPreSigner.InvokeAsync[T](IExecutionContext executionContext)
   at Amazon.Runtime.Internal.EndpointDiscoveryHandler.InvokeAsync[T](IExecutionContext executionContext)
   at Amazon.Runtime.Internal.EndpointDiscoveryHandler.InvokeAsync[T](IExecutionContext executionContext)
   at Amazon.Runtime.Internal.CredentialsRetriever.InvokeAsync[T](IExecutionContext executionContext)
   at Amazon.Runtime.Internal.RetryHandler.InvokeAsync[T](IExecutionContext executionContext)
   at Amazon.Runtime.Internal.RetryHandler.InvokeAsync[T](IExecutionContext executionContext)
   at Amazon.Runtime.Internal.CallbackHandler.InvokeAsync[T](IExecutionContext executionContext)
   at Amazon.Runtime.Internal.CallbackHandler.InvokeAsync[T](IExecutionContext executionContext)
   at Amazon.S3.Internal.AmazonS3ExceptionHandler.InvokeAsync[T](IExecutionContext executionContext)
   at Amazon.Runtime.Internal.ErrorCallbackHandler.InvokeAsync[T](IExecutionContext executionContext)
   at Amazon.Runtime.Internal.MetricsHandler.InvokeAsync[T](IExecutionContext executionContext)
======================================================================

2026-05-21 15:16:39.8660 [ERROR] [AIRS.Core.Common.LogForgingTools] [TraceID: 00-4b1c16ccf8fe195e843320d6f1d2e116-ba948a4e962655bb-00]
  Event: 0
  Request: GET https://lcr-tp.nhi.gov.tw/api/NhiPatientImage/studies/1.2.840.188572451371712516215324230991522013712160/series/1.2.840.15231983789204947410611712199214759128/instances/1.2.840.1651296425160252831339722628927020221736/jpg 
  Message: 1779347799869 GetImage() 失敗，耗時 816 ms.
  Properties: RequestId=40000002-0006-f300-b63f-84710c7967bb; RequestPath=/api/NhiPatientImage/studies/1.2.840.188572451371712516215324230991522013712160/series/1.2.840.15231983789204947410611712199214759128/instances/1.2.840.1651296425160252831339722628927020221736/jpg; ActionId=3e44bc7b-ce4c-4970-b451-77c645b4505d; ActionName=NHI_AI_MedReportViewerWebApi.Controllers.NhiPatientImageController.GetImageScreenshotAsync (NHI-AI-MedReportViewerWebApi); StudyInstanceUid=1.2.840.188572451371712516215324230991522013712160; SeriesInstanceUid=1.2.840.15231983789204947410611712199214759128; SopInstanceUid=1.2.840.1651296425160252831339722628927020221736
  --- Exception ---
Amazon.S3.AmazonS3Exception: The specified key does not exist.
 ---> Amazon.Runtime.Internal.HttpErrorResponseException: Exception of type 'Amazon.Runtime.Internal.HttpErrorResponseException' was thrown.
   at Amazon.Runtime.HttpWebRequestMessage.ProcessHttpResponseMessage(HttpResponseMessage responseMessage)
   at Amazon.Runtime.HttpWebRequestMessage.GetResponseAsync(CancellationToken cancellationToken)
   at Amazon.Runtime.Internal.HttpHandler`1.InvokeAsync[T](IExecutionContext executionContext)
   at Amazon.Runtime.Internal.RedirectHandler.InvokeAsync[T](IExecutionContext executionContext)
   at Amazon.Runtime.Internal.Unmarshaller.InvokeAsync[T](IExecutionContext executionContext)
   at Amazon.S3.Internal.AmazonS3ResponseHandler.InvokeAsync[T](IExecutionContext executionContext)
   at Amazon.Runtime.Internal.ErrorHandler.InvokeAsync[T](IExecutionContext executionContext)
   --- End of inner exception stack trace ---
   at Amazon.Runtime.Internal.HttpErrorResponseExceptionHandler.HandleExceptionStream(IRequestContext requestContext, IWebResponseData httpErrorResponse, HttpErrorResponseException exception, Stream responseStream)
   at Amazon.Runtime.Internal.HttpErrorResponseExceptionHandler.HandleExceptionAsync(IExecutionContext executionContext, HttpErrorResponseException exception)
   at Amazon.Runtime.Internal.ExceptionHandler`1.HandleAsync(IExecutionContext executionContext, Exception exception)
   at Amazon.Runtime.Internal.ErrorHandler.ProcessExceptionAsync(IExecutionContext executionContext, Exception exception)
   at Amazon.Runtime.Internal.ErrorHandler.InvokeAsync[T](IExecutionContext executionContext)
   at Amazon.Runtime.Internal.CallbackHandler.InvokeAsync[T](IExecutionContext executionContext)
   at Amazon.Runtime.Internal.Signer.InvokeAsync[T](IExecutionContext executionContext)
   at Amazon.S3.Internal.S3Express.S3ExpressPreSigner.InvokeAsync[T](IExecutionContext executionContext)
   at Amazon.Runtime.Internal.EndpointDiscoveryHandler.InvokeAsync[T](IExecutionContext executionContext)
   at Amazon.Runtime.Internal.EndpointDiscoveryHandler.InvokeAsync[T](IExecutionContext executionContext)
   at Amazon.Runtime.Internal.CredentialsRetriever.InvokeAsync[T](IExecutionContext executionContext)
   at Amazon.Runtime.Internal.RetryHandler.InvokeAsync[T](IExecutionContext executionContext)
   at Amazon.Runtime.Internal.RetryHandler.InvokeAsync[T](IExecutionContext executionContext)
   at Amazon.Runtime.Internal.CallbackHandler.InvokeAsync[T](IExecutionContext executionContext)
   at Amazon.Runtime.Internal.CallbackHandler.InvokeAsync[T](IExecutionContext executionContext)
   at Amazon.S3.Internal.AmazonS3ExceptionHandler.InvokeAsync[T](IExecutionContext executionContext)
   at Amazon.Runtime.Internal.ErrorCallbackHandler.InvokeAsync[T](IExecutionContext executionContext)
   at Amazon.Runtime.Internal.MetricsHandler.InvokeAsync[T](IExecutionContext executionContext)
======================================================================

2026-05-21 15:16:39.8963 [ERROR] [NHI_AI_MedReportViewerWebApi.Services.NhiPatientImageService] [TraceID: 00-4b1c16ccf8fe195e843320d6f1d2e116-ba948a4e962655bb-00]
  Event: 0
  Request: GET https://lcr-tp.nhi.gov.tw/api/NhiPatientImage/studies/1.2.840.188572451371712516215324230991522013712160/series/1.2.840.15231983789204947410611712199214759128/instances/1.2.840.1651296425160252831339722628927020221736/jpg 
  Message: 取得 DICOM 影像串流時發生錯誤
  Properties: RequestId=40000002-0006-f300-b63f-84710c7967bb; RequestPath=/api/NhiPatientImage/studies/1.2.840.188572451371712516215324230991522013712160/series/1.2.840.15231983789204947410611712199214759128/instances/1.2.840.1651296425160252831339722628927020221736/jpg; ActionId=3e44bc7b-ce4c-4970-b451-77c645b4505d; ActionName=NHI_AI_MedReportViewerWebApi.Controllers.NhiPatientImageController.GetImageScreenshotAsync (NHI-AI-MedReportViewerWebApi); StudyInstanceUid=1.2.840.188572451371712516215324230991522013712160; SeriesInstanceUid=1.2.840.15231983789204947410611712199214759128; SopInstanceUid=1.2.840.1651296425160252831339722628927020221736
  --- Exception ---
Amazon.S3.AmazonS3Exception: The specified key does not exist.
 ---> Amazon.Runtime.Internal.HttpErrorResponseException: Exception of type 'Amazon.Runtime.Internal.HttpErrorResponseException' was thrown.
   at Amazon.Runtime.HttpWebRequestMessage.ProcessHttpResponseMessage(HttpResponseMessage responseMessage)
   at Amazon.Runtime.HttpWebRequestMessage.GetResponseAsync(CancellationToken cancellationToken)
   at Amazon.Runtime.Internal.HttpHandler`1.InvokeAsync[T](IExecutionContext executionContext)
   at Amazon.Runtime.Internal.RedirectHandler.InvokeAsync[T](IExecutionContext executionContext)
   at Amazon.Runtime.Internal.Unmarshaller.InvokeAsync[T](IExecutionContext executionContext)
   at Amazon.S3.Internal.AmazonS3ResponseHandler.InvokeAsync[T](IExecutionContext executionContext)
   at Amazon.Runtime.Internal.ErrorHandler.InvokeAsync[T](IExecutionContext executionContext)
   --- End of inner exception stack trace ---
   at Amazon.Runtime.Internal.HttpErrorResponseExceptionHandler.HandleExceptionStream(IRequestContext requestContext, IWebResponseData httpErrorResponse, HttpErrorResponseException exception, Stream responseStream)
   at Amazon.Runtime.Internal.HttpErrorResponseExceptionHandler.HandleExceptionAsync(IExecutionContext executionContext, HttpErrorResponseException exception)
   at Amazon.Runtime.Internal.ExceptionHandler`1.HandleAsync(IExecutionContext executionContext, Exception exception)
   at Amazon.Runtime.Internal.ErrorHandler.ProcessExceptionAsync(IExecutionContext executionContext, Exception exception)
   at Amazon.Runtime.Internal.ErrorHandler.InvokeAsync[T](IExecutionContext executionContext)
   at Amazon.Runtime.Internal.CallbackHandler.InvokeAsync[T](IExecutionContext executionContext)
   at Amazon.Runtime.Internal.Signer.InvokeAsync[T](IExecutionContext executionContext)
   at Amazon.S3.Internal.S3Express.S3ExpressPreSigner.InvokeAsync[T](IExecutionContext executionContext)
   at Amazon.Runtime.Internal.EndpointDiscoveryHandler.InvokeAsync[T](IExecutionContext executionContext)
   at Amazon.Runtime.Internal.EndpointDiscoveryHandler.InvokeAsync[T](IExecutionContext executionContext)
   at Amazon.Runtime.Internal.CredentialsRetriever.InvokeAsync[T](IExecutionContext executionContext)
   at Amazon.Runtime.Internal.RetryHandler.InvokeAsync[T](IExecutionContext executionContext)
   at Amazon.Runtime.Internal.RetryHandler.InvokeAsync[T](IExecutionContext executionContext)
   at Amazon.Runtime.Internal.CallbackHandler.InvokeAsync[T](IExecutionContext executionContext)
   at Amazon.Runtime.Internal.CallbackHandler.InvokeAsync[T](IExecutionContext executionContext)
   at Amazon.S3.Internal.AmazonS3ExceptionHandler.InvokeAsync[T](IExecutionContext executionContext)
   at Amazon.Runtime.Internal.ErrorCallbackHandler.InvokeAsync[T](IExecutionContext executionContext)
   at Amazon.Runtime.Internal.MetricsHandler.InvokeAsync[T](IExecutionContext executionContext)
======================================================================

2026-05-21 15:17:02.0208 [ERROR] [AIRS.Core.Common.LogForgingTools] [TraceID: 00-afb2a53a917a5693740c316f6c217a8a-a2a34e184a7c44bb-00]
  Event: 0
  Request: GET https://lcr-tp.nhi.gov.tw/api/NhiPatientImage/studies/1.2.840.25117608923523578101231161936851828085/series/1.2.840.211941681108460115160221138240919221321384/instances/1.2.840.2211921183322322214326160692421211971102178/jpg 
  Message: 1779347822025 GetImage() 失敗，耗時 22 ms.
  Properties: RequestId=40000004-0006-f400-b63f-84710c7967bb; RequestPath=/api/NhiPatientImage/studies/1.2.840.25117608923523578101231161936851828085/series/1.2.840.211941681108460115160221138240919221321384/instances/1.2.840.2211921183322322214326160692421211971102178/jpg; ActionId=3e44bc7b-ce4c-4970-b451-77c645b4505d; ActionName=NHI_AI_MedReportViewerWebApi.Controllers.NhiPatientImageController.GetImageScreenshotAsync (NHI-AI-MedReportViewerWebApi); StudyInstanceUid=1.2.840.25117608923523578101231161936851828085; SeriesInstanceUid=1.2.840.211941681108460115160221138240919221321384; SopInstanceUid=1.2.840.2211921183322322214326160692421211971102178
  --- Exception ---
Amazon.S3.AmazonS3Exception: The specified key does not exist.
 ---> Amazon.Runtime.Internal.HttpErrorResponseException: Exception of type 'Amazon.Runtime.Internal.HttpErrorResponseException' was thrown.
   at Amazon.Runtime.HttpWebRequestMessage.ProcessHttpResponseMessage(HttpResponseMessage responseMessage)
   at Amazon.Runtime.HttpWebRequestMessage.GetResponseAsync(CancellationToken cancellationToken)
   at Amazon.Runtime.Internal.HttpHandler`1.InvokeAsync[T](IExecutionContext executionContext)
   at Amazon.Runtime.Internal.RedirectHandler.InvokeAsync[T](IExecutionContext executionContext)
   at Amazon.Runtime.Internal.Unmarshaller.InvokeAsync[T](IExecutionContext executionContext)
   at Amazon.S3.Internal.AmazonS3ResponseHandler.InvokeAsync[T](IExecutionContext executionContext)
   at Amazon.Runtime.Internal.ErrorHandler.InvokeAsync[T](IExecutionContext executionContext)
   --- End of inner exception stack trace ---
   at Amazon.Runtime.Internal.HttpErrorResponseExceptionHandler.HandleExceptionStream(IRequestContext requestContext, IWebResponseData httpErrorResponse, HttpErrorResponseException exception, Stream responseStream)
   at Amazon.Runtime.Internal.HttpErrorResponseExceptionHandler.HandleExceptionAsync(IExecutionContext executionContext, HttpErrorResponseException exception)
   at Amazon.Runtime.Internal.ExceptionHandler`1.HandleAsync(IExecutionContext executionContext, Exception exception)
   at Amazon.Runtime.Internal.ErrorHandler.ProcessExceptionAsync(IExecutionContext executionContext, Exception exception)
   at Amazon.Runtime.Internal.ErrorHandler.InvokeAsync[T](IExecutionContext executionContext)
   at Amazon.Runtime.Internal.CallbackHandler.InvokeAsync[T](IExecutionContext executionContext)
   at Amazon.Runtime.Internal.Signer.InvokeAsync[T](IExecutionContext executionContext)
   at Amazon.S3.Internal.S3Express.S3ExpressPreSigner.InvokeAsync[T](IExecutionContext executionContext)
   at Amazon.Runtime.Internal.EndpointDiscoveryHandler.InvokeAsync[T](IExecutionContext executionContext)
   at Amazon.Runtime.Internal.EndpointDiscoveryHandler.InvokeAsync[T](IExecutionContext executionContext)
   at Amazon.Runtime.Internal.CredentialsRetriever.InvokeAsync[T](IExecutionContext executionContext)
   at Amazon.Runtime.Internal.RetryHandler.InvokeAsync[T](IExecutionContext executionContext)
   at Amazon.Runtime.Internal.RetryHandler.InvokeAsync[T](IExecutionContext executionContext)
   at Amazon.Runtime.Internal.CallbackHandler.InvokeAsync[T](IExecutionContext executionContext)
   at Amazon.Runtime.Internal.CallbackHandler.InvokeAsync[T](IExecutionContext executionContext)
   at Amazon.S3.Internal.AmazonS3ExceptionHandler.InvokeAsync[T](IExecutionContext executionContext)
   at Amazon.Runtime.Internal.ErrorCallbackHandler.InvokeAsync[T](IExecutionContext executionContext)
   at Amazon.Runtime.Internal.MetricsHandler.InvokeAsync[T](IExecutionContext executionContext)
======================================================================

2026-05-21 15:17:02.0208 [ERROR] [AIRS.Core.Common.LogForgingTools] [TraceID: 00-b16d34ad6273a43b2fd54cf1dc29d2a4-8d222fcaa3fb4a5f-00]
  Event: 0
  Request: GET https://lcr-tp.nhi.gov.tw/api/NhiPatientImage/studies/1.2.840.9910213721418325218772121021591791708761232/series/1.2.840.1718923156152311768923275322146219117393/instances/1.2.840.28205114487195201111819825012815415044161/jpg 
  Message: 1779347822026 GetImage() 失敗，耗時 26 ms.
  Properties: RequestId=40000004-0006-f900-b63f-84710c7967bb; RequestPath=/api/NhiPatientImage/studies/1.2.840.9910213721418325218772121021591791708761232/series/1.2.840.1718923156152311768923275322146219117393/instances/1.2.840.28205114487195201111819825012815415044161/jpg; ActionId=3e44bc7b-ce4c-4970-b451-77c645b4505d; ActionName=NHI_AI_MedReportViewerWebApi.Controllers.NhiPatientImageController.GetImageScreenshotAsync (NHI-AI-MedReportViewerWebApi); StudyInstanceUid=1.2.840.9910213721418325218772121021591791708761232; SeriesInstanceUid=1.2.840.1718923156152311768923275322146219117393; SopInstanceUid=1.2.840.28205114487195201111819825012815415044161
  --- Exception ---
Amazon.S3.AmazonS3Exception: The specified key does not exist.
 ---> Amazon.Runtime.Internal.HttpErrorResponseException: Exception of type 'Amazon.Runtime.Internal.HttpErrorResponseException' was thrown.
   at Amazon.Runtime.HttpWebRequestMessage.ProcessHttpResponseMessage(HttpResponseMessage responseMessage)
   at Amazon.Runtime.HttpWebRequestMessage.GetResponseAsync(CancellationToken cancellationToken)
   at Amazon.Runtime.Internal.HttpHandler`1.InvokeAsync[T](IExecutionContext executionContext)
   at Amazon.Runtime.Internal.RedirectHandler.InvokeAsync[T](IExecutionContext executionContext)
   at Amazon.Runtime.Internal.Unmarshaller.InvokeAsync[T](IExecutionContext executionContext)
   at Amazon.S3.Internal.AmazonS3ResponseHandler.InvokeAsync[T](IExecutionContext executionContext)
   at Amazon.Runtime.Internal.ErrorHandler.InvokeAsync[T](IExecutionContext executionContext)
   --- End of inner exception stack trace ---
   at Amazon.Runtime.Internal.HttpErrorResponseExceptionHandler.HandleExceptionStream(IRequestContext requestContext, IWebResponseData httpErrorResponse, HttpErrorResponseException exception, Stream responseStream)
   at Amazon.Runtime.Internal.HttpErrorResponseExceptionHandler.HandleExceptionAsync(IExecutionContext executionContext, HttpErrorResponseException exception)
   at Amazon.Runtime.Internal.ExceptionHandler`1.HandleAsync(IExecutionContext executionContext, Exception exception)
   at Amazon.Runtime.Internal.ErrorHandler.ProcessExceptionAsync(IExecutionContext executionContext, Exception exception)
   at Amazon.Runtime.Internal.ErrorHandler.InvokeAsync[T](IExecutionContext executionContext)
   at Amazon.Runtime.Internal.CallbackHandler.InvokeAsync[T](IExecutionContext executionContext)
   at Amazon.Runtime.Internal.Signer.InvokeAsync[T](IExecutionContext executionContext)
   at Amazon.S3.Internal.S3Express.S3ExpressPreSigner.InvokeAsync[T](IExecutionContext executionContext)
   at Amazon.Runtime.Internal.EndpointDiscoveryHandler.InvokeAsync[T](IExecutionContext executionContext)
   at Amazon.Runtime.Internal.EndpointDiscoveryHandler.InvokeAsync[T](IExecutionContext executionContext)
   at Amazon.Runtime.Internal.CredentialsRetriever.InvokeAsync[T](IExecutionContext executionContext)
   at Amazon.Runtime.Internal.RetryHandler.InvokeAsync[T](IExecutionContext executionContext)
   at Amazon.Runtime.Internal.RetryHandler.InvokeAsync[T](IExecutionContext executionContext)
   at Amazon.Runtime.Internal.CallbackHandler.InvokeAsync[T](IExecutionContext executionContext)
   at Amazon.Runtime.Internal.CallbackHandler.InvokeAsync[T](IExecutionContext executionContext)
   at Amazon.S3.Internal.AmazonS3ExceptionHandler.InvokeAsync[T](IExecutionContext executionContext)
   at Amazon.Runtime.Internal.ErrorCallbackHandler.InvokeAsync[T](IExecutionContext executionContext)
   at Amazon.Runtime.Internal.MetricsHandler.InvokeAsync[T](IExecutionContext executionContext)
======================================================================

2026-05-21 15:17:02.0208 [ERROR] [AIRS.Core.Common.LogForgingTools] [TraceID: 00-892bfb84431c81115f1f377d14704816-a4cef1dc7ed47603-00]
  Event: 0
  Request: GET https://lcr-tp.nhi.gov.tw/api/NhiPatientImage/studies/1.2.840.95628289237023181203129147651793012853/series/1.2.840.15522917228832121867788198941815717572241/instances/1.2.840.2482919651028917222517392352521782145174/jpg 
  Message: 1779347822034 GetImage() 失敗，耗時 35 ms.
  Properties: RequestId=40000006-0006-f800-b63f-84710c7967bb; RequestPath=/api/NhiPatientImage/studies/1.2.840.95628289237023181203129147651793012853/series/1.2.840.15522917228832121867788198941815717572241/instances/1.2.840.2482919651028917222517392352521782145174/jpg; ActionId=3e44bc7b-ce4c-4970-b451-77c645b4505d; ActionName=NHI_AI_MedReportViewerWebApi.Controllers.NhiPatientImageController.GetImageScreenshotAsync (NHI-AI-MedReportViewerWebApi); StudyInstanceUid=1.2.840.95628289237023181203129147651793012853; SeriesInstanceUid=1.2.840.15522917228832121867788198941815717572241; SopInstanceUid=1.2.840.2482919651028917222517392352521782145174
  --- Exception ---
Amazon.S3.AmazonS3Exception: The specified key does not exist.
 ---> Amazon.Runtime.Internal.HttpErrorResponseException: Exception of type 'Amazon.Runtime.Internal.HttpErrorResponseException' was thrown.
   at Amazon.Runtime.HttpWebRequestMessage.ProcessHttpResponseMessage(HttpResponseMessage responseMessage)
   at Amazon.Runtime.HttpWebRequestMessage.GetResponseAsync(CancellationToken cancellationToken)
   at Amazon.Runtime.Internal.HttpHandler`1.InvokeAsync[T](IExecutionContext executionContext)
   at Amazon.Runtime.Internal.RedirectHandler.InvokeAsync[T](IExecutionContext executionContext)
   at Amazon.Runtime.Internal.Unmarshaller.InvokeAsync[T](IExecutionContext executionContext)
   at Amazon.S3.Internal.AmazonS3ResponseHandler.InvokeAsync[T](IExecutionContext executionContext)
   at Amazon.Runtime.Internal.ErrorHandler.InvokeAsync[T](IExecutionContext executionContext)
   --- End of inner exception stack trace ---
   at Amazon.Runtime.Internal.HttpErrorResponseExceptionHandler.HandleExceptionStream(IRequestContext requestContext, IWebResponseData httpErrorResponse, HttpErrorResponseException exception, Stream responseStream)
   at Amazon.Runtime.Internal.HttpErrorResponseExceptionHandler.HandleExceptionAsync(IExecutionContext executionContext, HttpErrorResponseException exception)
   at Amazon.Runtime.Internal.ExceptionHandler`1.HandleAsync(IExecutionContext executionContext, Exception exception)
   at Amazon.Runtime.Internal.ErrorHandler.ProcessExceptionAsync(IExecutionContext executionContext, Exception exception)
   at Amazon.Runtime.Internal.ErrorHandler.InvokeAsync[T](IExecutionContext executionContext)
   at Amazon.Runtime.Internal.CallbackHandler.InvokeAsync[T](IExecutionContext executionContext)
   at Amazon.Runtime.Internal.Signer.InvokeAsync[T](IExecutionContext executionContext)
   at Amazon.S3.Internal.S3Express.S3ExpressPreSigner.InvokeAsync[T](IExecutionContext executionContext)
   at Amazon.Runtime.Internal.EndpointDiscoveryHandler.InvokeAsync[T](IExecutionContext executionContext)
   at Amazon.Runtime.Internal.EndpointDiscoveryHandler.InvokeAsync[T](IExecutionContext executionContext)
   at Amazon.Runtime.Internal.CredentialsRetriever.InvokeAsync[T](IExecutionContext executionContext)
   at Amazon.Runtime.Internal.RetryHandler.InvokeAsync[T](IExecutionContext executionContext)
   at Amazon.Runtime.Internal.RetryHandler.InvokeAsync[T](IExecutionContext executionContext)
   at Amazon.Runtime.Internal.CallbackHandler.InvokeAsync[T](IExecutionContext executionContext)
   at Amazon.Runtime.Internal.CallbackHandler.InvokeAsync[T](IExecutionContext executionContext)
   at Amazon.S3.Internal.AmazonS3ExceptionHandler.InvokeAsync[T](IExecutionContext executionContext)
   at Amazon.Runtime.Internal.ErrorCallbackHandler.InvokeAsync[T](IExecutionContext executionContext)
   at Amazon.Runtime.Internal.MetricsHandler.InvokeAsync[T](IExecutionContext executionContext)
======================================================================

2026-05-21 15:17:02.0367 [ERROR] [AIRS.Core.Common.LogForgingTools] [TraceID: 00-299480cff45bb7705ef4310efd5ed474-a299d2c5bfc7842f-00]
  Event: 0
  Request: GET https://lcr-tp.nhi.gov.tw/api/NhiPatientImage/studies/1.2.840.95628289237023181203129147651793012853/series/1.2.840.15522917228832121867788198941815717572241/instances/1.2.840.401392747581166219213224620516719084121134/jpg 
  Message: 1779347822036 GetImage() 失敗，耗時 42 ms.
  Properties: RequestId=40000012-0006-f700-b63f-84710c7967bb; RequestPath=/api/NhiPatientImage/studies/1.2.840.95628289237023181203129147651793012853/series/1.2.840.15522917228832121867788198941815717572241/instances/1.2.840.401392747581166219213224620516719084121134/jpg; ActionId=3e44bc7b-ce4c-4970-b451-77c645b4505d; ActionName=NHI_AI_MedReportViewerWebApi.Controllers.NhiPatientImageController.GetImageScreenshotAsync (NHI-AI-MedReportViewerWebApi); StudyInstanceUid=1.2.840.95628289237023181203129147651793012853; SeriesInstanceUid=1.2.840.15522917228832121867788198941815717572241; SopInstanceUid=1.2.840.401392747581166219213224620516719084121134
  --- Exception ---
Amazon.S3.AmazonS3Exception: The specified key does not exist.
 ---> Amazon.Runtime.Internal.HttpErrorResponseException: Exception of type 'Amazon.Runtime.Internal.HttpErrorResponseException' was thrown.
   at Amazon.Runtime.HttpWebRequestMessage.ProcessHttpResponseMessage(HttpResponseMessage responseMessage)
   at Amazon.Runtime.HttpWebRequestMessage.GetResponseAsync(CancellationToken cancellationToken)
   at Amazon.Runtime.Internal.HttpHandler`1.InvokeAsync[T](IExecutionContext executionContext)
   at Amazon.Runtime.Internal.RedirectHandler.InvokeAsync[T](IExecutionContext executionContext)
   at Amazon.Runtime.Internal.Unmarshaller.InvokeAsync[T](IExecutionContext executionContext)
   at Amazon.S3.Internal.AmazonS3ResponseHandler.InvokeAsync[T](IExecutionContext executionContext)
   at Amazon.Runtime.Internal.ErrorHandler.InvokeAsync[T](IExecutionContext executionContext)
   --- End of inner exception stack trace ---
   at Amazon.Runtime.Internal.HttpErrorResponseExceptionHandler.HandleExceptionStream(IRequestContext requestContext, IWebResponseData httpErrorResponse, HttpErrorResponseException exception, Stream responseStream)
   at Amazon.Runtime.Internal.HttpErrorResponseExceptionHandler.HandleExceptionAsync(IExecutionContext executionContext, HttpErrorResponseException exception)
   at Amazon.Runtime.Internal.ExceptionHandler`1.HandleAsync(IExecutionContext executionContext, Exception exception)
   at Amazon.Runtime.Internal.ErrorHandler.ProcessExceptionAsync(IExecutionContext executionContext, Exception exception)
   at Amazon.Runtime.Internal.ErrorHandler.InvokeAsync[T](IExecutionContext executionContext)
   at Amazon.Runtime.Internal.CallbackHandler.InvokeAsync[T](IExecutionContext executionContext)
   at Amazon.Runtime.Internal.Signer.InvokeAsync[T](IExecutionContext executionContext)
   at Amazon.S3.Internal.S3Express.S3ExpressPreSigner.InvokeAsync[T](IExecutionContext executionContext)
   at Amazon.Runtime.Internal.EndpointDiscoveryHandler.InvokeAsync[T](IExecutionContext executionContext)
   at Amazon.Runtime.Internal.EndpointDiscoveryHandler.InvokeAsync[T](IExecutionContext executionContext)
   at Amazon.Runtime.Internal.CredentialsRetriever.InvokeAsync[T](IExecutionContext executionContext)
   at Amazon.Runtime.Internal.RetryHandler.InvokeAsync[T](IExecutionContext executionContext)
   at Amazon.Runtime.Internal.RetryHandler.InvokeAsync[T](IExecutionContext executionContext)
   at Amazon.Runtime.Internal.CallbackHandler.InvokeAsync[T](IExecutionContext executionContext)
   at Amazon.Runtime.Internal.CallbackHandler.InvokeAsync[T](IExecutionContext executionContext)
   at Amazon.S3.Internal.AmazonS3ExceptionHandler.InvokeAsync[T](IExecutionContext executionContext)
   at Amazon.Runtime.Internal.ErrorCallbackHandler.InvokeAsync[T](IExecutionContext executionContext)
   at Amazon.Runtime.Internal.MetricsHandler.InvokeAsync[T](IExecutionContext executionContext)
======================================================================

2026-05-21 15:17:02.0367 [ERROR] [AIRS.Core.Common.LogForgingTools] [TraceID: 00-a95169abc8bbcc6beb970610c530bdb9-22a63ada0597c5b1-00]
  Event: 0
  Request: GET https://lcr-tp.nhi.gov.tw/api/NhiPatientImage/studies/1.2.840.9910213721418325218772121021591791708761232/series/1.2.840.1718923156152311768923275322146219117393/instances/1.2.840.1666017802032451797210229178424333245136/jpg 
  Message: 1779347822038 GetImage() 失敗，耗時 38 ms.
  Properties: RequestId=40000004-0006-fa00-b63f-84710c7967bb; RequestPath=/api/NhiPatientImage/studies/1.2.840.9910213721418325218772121021591791708761232/series/1.2.840.1718923156152311768923275322146219117393/instances/1.2.840.1666017802032451797210229178424333245136/jpg; ActionId=3e44bc7b-ce4c-4970-b451-77c645b4505d; ActionName=NHI_AI_MedReportViewerWebApi.Controllers.NhiPatientImageController.GetImageScreenshotAsync (NHI-AI-MedReportViewerWebApi); StudyInstanceUid=1.2.840.9910213721418325218772121021591791708761232; SeriesInstanceUid=1.2.840.1718923156152311768923275322146219117393; SopInstanceUid=1.2.840.1666017802032451797210229178424333245136
  --- Exception ---
Amazon.S3.AmazonS3Exception: The specified key does not exist.
 ---> Amazon.Runtime.Internal.HttpErrorResponseException: Exception of type 'Amazon.Runtime.Internal.HttpErrorResponseException' was thrown.
   at Amazon.Runtime.HttpWebRequestMessage.ProcessHttpResponseMessage(HttpResponseMessage responseMessage)
   at Amazon.Runtime.HttpWebRequestMessage.GetResponseAsync(CancellationToken cancellationToken)
   at Amazon.Runtime.Internal.HttpHandler`1.InvokeAsync[T](IExecutionContext executionContext)
   at Amazon.Runtime.Internal.RedirectHandler.InvokeAsync[T](IExecutionContext executionContext)
   at Amazon.Runtime.Internal.Unmarshaller.InvokeAsync[T](IExecutionContext executionContext)
   at Amazon.S3.Internal.AmazonS3ResponseHandler.InvokeAsync[T](IExecutionContext executionContext)
   at Amazon.Runtime.Internal.ErrorHandler.InvokeAsync[T](IExecutionContext executionContext)
   --- End of inner exception stack trace ---
   at Amazon.Runtime.Internal.HttpErrorResponseExceptionHandler.HandleExceptionStream(IRequestContext requestContext, IWebResponseData httpErrorResponse, HttpErrorResponseException exception, Stream responseStream)
   at Amazon.Runtime.Internal.HttpErrorResponseExceptionHandler.HandleExceptionAsync(IExecutionContext executionContext, HttpErrorResponseException exception)
   at Amazon.Runtime.Internal.ExceptionHandler`1.HandleAsync(IExecutionContext executionContext, Exception exception)
   at Amazon.Runtime.Internal.ErrorHandler.ProcessExceptionAsync(IExecutionContext executionContext, Exception exception)
   at Amazon.Runtime.Internal.ErrorHandler.InvokeAsync[T](IExecutionContext executionContext)
   at Amazon.Runtime.Internal.CallbackHandler.InvokeAsync[T](IExecutionContext executionContext)
   at Amazon.Runtime.Internal.Signer.InvokeAsync[T](IExecutionContext executionContext)
   at Amazon.S3.Internal.S3Express.S3ExpressPreSigner.InvokeAsync[T](IExecutionContext executionContext)
   at Amazon.Runtime.Internal.EndpointDiscoveryHandler.InvokeAsync[T](IExecutionContext executionContext)
   at Amazon.Runtime.Internal.EndpointDiscoveryHandler.InvokeAsync[T](IExecutionContext executionContext)
   at Amazon.Runtime.Internal.CredentialsRetriever.InvokeAsync[T](IExecutionContext executionContext)
   at Amazon.Runtime.Internal.RetryHandler.InvokeAsync[T](IExecutionContext executionContext)
   at Amazon.Runtime.Internal.RetryHandler.InvokeAsync[T](IExecutionContext executionContext)
   at Amazon.Runtime.Internal.CallbackHandler.InvokeAsync[T](IExecutionContext executionContext)
   at Amazon.Runtime.Internal.CallbackHandler.InvokeAsync[T](IExecutionContext executionContext)
   at Amazon.S3.Internal.AmazonS3ExceptionHandler.InvokeAsync[T](IExecutionContext executionContext)
   at Amazon.Runtime.Internal.ErrorCallbackHandler.InvokeAsync[T](IExecutionContext executionContext)
   at Amazon.Runtime.Internal.MetricsHandler.InvokeAsync[T](IExecutionContext executionContext)
======================================================================

2026-05-21 15:17:02.0367 [ERROR] [AIRS.Core.Common.LogForgingTools] [TraceID: 00-5898aef1008d02279826e13145b6aec7-baedb21c1a544424-00]
  Event: 0
  Request: GET https://lcr-tp.nhi.gov.tw/api/NhiPatientImage/studies/1.2.840.25117608923523578101231161936851828085/series/1.2.840.211941681108460115160221138240919221321384/instances/1.2.840.203127233250801041609771223515116217522475/jpg 
  Message: 1779347822040 GetImage() 失敗，耗時 35 ms.
  Properties: RequestId=40000004-0006-f300-b63f-84710c7967bb; RequestPath=/api/NhiPatientImage/studies/1.2.840.25117608923523578101231161936851828085/series/1.2.840.211941681108460115160221138240919221321384/instances/1.2.840.203127233250801041609771223515116217522475/jpg; ActionId=3e44bc7b-ce4c-4970-b451-77c645b4505d; ActionName=NHI_AI_MedReportViewerWebApi.Controllers.NhiPatientImageController.GetImageScreenshotAsync (NHI-AI-MedReportViewerWebApi); StudyInstanceUid=1.2.840.25117608923523578101231161936851828085; SeriesInstanceUid=1.2.840.211941681108460115160221138240919221321384; SopInstanceUid=1.2.840.203127233250801041609771223515116217522475
  --- Exception ---
Amazon.S3.AmazonS3Exception: The specified key does not exist.
 ---> Amazon.Runtime.Internal.HttpErrorResponseException: Exception of type 'Amazon.Runtime.Internal.HttpErrorResponseException' was thrown.
   at Amazon.Runtime.HttpWebRequestMessage.ProcessHttpResponseMessage(HttpResponseMessage responseMessage)
   at Amazon.Runtime.HttpWebRequestMessage.GetResponseAsync(CancellationToken cancellationToken)
   at Amazon.Runtime.Internal.HttpHandler`1.InvokeAsync[T](IExecutionContext executionContext)
   at Amazon.Runtime.Internal.RedirectHandler.InvokeAsync[T](IExecutionContext executionContext)
   at Amazon.Runtime.Internal.Unmarshaller.InvokeAsync[T](IExecutionContext executionContext)
   at Amazon.S3.Internal.AmazonS3ResponseHandler.InvokeAsync[T](IExecutionContext executionContext)
   at Amazon.Runtime.Internal.ErrorHandler.InvokeAsync[T](IExecutionContext executionContext)
   --- End of inner exception stack trace ---
   at Amazon.Runtime.Internal.HttpErrorResponseExceptionHandler.HandleExceptionStream(IRequestContext requestContext, IWebResponseData httpErrorResponse, HttpErrorResponseException exception, Stream responseStream)
   at Amazon.Runtime.Internal.HttpErrorResponseExceptionHandler.HandleExceptionAsync(IExecutionContext executionContext, HttpErrorResponseException exception)
   at Amazon.Runtime.Internal.ExceptionHandler`1.HandleAsync(IExecutionContext executionContext, Exception exception)
   at Amazon.Runtime.Internal.ErrorHandler.ProcessExceptionAsync(IExecutionContext executionContext, Exception exception)
   at Amazon.Runtime.Internal.ErrorHandler.InvokeAsync[T](IExecutionContext executionContext)
   at Amazon.Runtime.Internal.CallbackHandler.InvokeAsync[T](IExecutionContext executionContext)
   at Amazon.Runtime.Internal.Signer.InvokeAsync[T](IExecutionContext executionContext)
   at Amazon.S3.Internal.S3Express.S3ExpressPreSigner.InvokeAsync[T](IExecutionContext executionContext)
   at Amazon.Runtime.Internal.EndpointDiscoveryHandler.InvokeAsync[T](IExecutionContext executionContext)
   at Amazon.Runtime.Internal.EndpointDiscoveryHandler.InvokeAsync[T](IExecutionContext executionContext)
   at Amazon.Runtime.Internal.CredentialsRetriever.InvokeAsync[T](IExecutionContext executionContext)
   at Amazon.Runtime.Internal.RetryHandler.InvokeAsync[T](IExecutionContext executionContext)
   at Amazon.Runtime.Internal.RetryHandler.InvokeAsync[T](IExecutionContext executionContext)
   at Amazon.Runtime.Internal.CallbackHandler.InvokeAsync[T](IExecutionContext executionContext)
   at Amazon.Runtime.Internal.CallbackHandler.InvokeAsync[T](IExecutionContext executionContext)
   at Amazon.S3.Internal.AmazonS3ExceptionHandler.InvokeAsync[T](IExecutionContext executionContext)
   at Amazon.Runtime.Internal.ErrorCallbackHandler.InvokeAsync[T](IExecutionContext executionContext)
   at Amazon.Runtime.Internal.MetricsHandler.InvokeAsync[T](IExecutionContext executionContext)
======================================================================

2026-05-21 15:17:02.0367 [ERROR] [AIRS.Core.Common.LogForgingTools] [TraceID: 00-d11d005e3ab03fcda2f68056787ba564-f51d0e273110be9e-00]
  Event: 0
  Request: GET https://lcr-tp.nhi.gov.tw/api/NhiPatientImage/studies/1.2.840.14311817595127161161159179701024822483140199/series/1.2.840.2081181585538253120903422631829791115221/instances/1.2.840.2441781871703324220021480632358916319724163/jpg 
  Message: 1779347822046 GetImage() 失敗，耗時 33 ms.
  Properties: RequestId=40000004-0006-f600-b63f-84710c7967bb; RequestPath=/api/NhiPatientImage/studies/1.2.840.14311817595127161161159179701024822483140199/series/1.2.840.2081181585538253120903422631829791115221/instances/1.2.840.2441781871703324220021480632358916319724163/jpg; ActionId=3e44bc7b-ce4c-4970-b451-77c645b4505d; ActionName=NHI_AI_MedReportViewerWebApi.Controllers.NhiPatientImageController.GetImageScreenshotAsync (NHI-AI-MedReportViewerWebApi); StudyInstanceUid=1.2.840.14311817595127161161159179701024822483140199; SeriesInstanceUid=1.2.840.2081181585538253120903422631829791115221; SopInstanceUid=1.2.840.2441781871703324220021480632358916319724163
  --- Exception ---
Amazon.S3.AmazonS3Exception: The specified key does not exist.
 ---> Amazon.Runtime.Internal.HttpErrorResponseException: Exception of type 'Amazon.Runtime.Internal.HttpErrorResponseException' was thrown.
   at Amazon.Runtime.HttpWebRequestMessage.ProcessHttpResponseMessage(HttpResponseMessage responseMessage)
   at Amazon.Runtime.HttpWebRequestMessage.GetResponseAsync(CancellationToken cancellationToken)
   at Amazon.Runtime.Internal.HttpHandler`1.InvokeAsync[T](IExecutionContext executionContext)
   at Amazon.Runtime.Internal.RedirectHandler.InvokeAsync[T](IExecutionContext executionContext)
   at Amazon.Runtime.Internal.Unmarshaller.InvokeAsync[T](IExecutionContext executionContext)
   at Amazon.S3.Internal.AmazonS3ResponseHandler.InvokeAsync[T](IExecutionContext executionContext)
   at Amazon.Runtime.Internal.ErrorHandler.InvokeAsync[T](IExecutionContext executionContext)
   --- End of inner exception stack trace ---
   at Amazon.Runtime.Internal.HttpErrorResponseExceptionHandler.HandleExceptionStream(IRequestContext requestContext, IWebResponseData httpErrorResponse, HttpErrorResponseException exception, Stream responseStream)
   at Amazon.Runtime.Internal.HttpErrorResponseExceptionHandler.HandleExceptionAsync(IExecutionContext executionContext, HttpErrorResponseException exception)
   at Amazon.Runtime.Internal.ExceptionHandler`1.HandleAsync(IExecutionContext executionContext, Exception exception)
   at Amazon.Runtime.Internal.ErrorHandler.ProcessExceptionAsync(IExecutionContext executionContext, Exception exception)
   at Amazon.Runtime.Internal.ErrorHandler.InvokeAsync[T](IExecutionContext executionContext)
   at Amazon.Runtime.Internal.CallbackHandler.InvokeAsync[T](IExecutionContext executionContext)
   at Amazon.Runtime.Internal.Signer.InvokeAsync[T](IExecutionContext executionContext)
   at Amazon.S3.Internal.S3Express.S3ExpressPreSigner.InvokeAsync[T](IExecutionContext executionContext)
   at Amazon.Runtime.Internal.EndpointDiscoveryHandler.InvokeAsync[T](IExecutionContext executionContext)
   at Amazon.Runtime.Internal.EndpointDiscoveryHandler.InvokeAsync[T](IExecutionContext executionContext)
   at Amazon.Runtime.Internal.CredentialsRetriever.InvokeAsync[T](IExecutionContext executionContext)
   at Amazon.Runtime.Internal.RetryHandler.InvokeAsync[T](IExecutionContext executionContext)
   at Amazon.Runtime.Internal.RetryHandler.InvokeAsync[T](IExecutionContext executionContext)
   at Amazon.Runtime.Internal.CallbackHandler.InvokeAsync[T](IExecutionContext executionContext)
   at Amazon.Runtime.Internal.CallbackHandler.InvokeAsync[T](IExecutionContext executionContext)
   at Amazon.S3.Internal.AmazonS3ExceptionHandler.InvokeAsync[T](IExecutionContext executionContext)
   at Amazon.Runtime.Internal.ErrorCallbackHandler.InvokeAsync[T](IExecutionContext executionContext)
   at Amazon.Runtime.Internal.MetricsHandler.InvokeAsync[T](IExecutionContext executionContext)
======================================================================

2026-05-21 15:17:02.0367 [ERROR] [NHI_AI_MedReportViewerWebApi.Services.NhiPatientImageService] [TraceID: 00-afb2a53a917a5693740c316f6c217a8a-a2a34e184a7c44bb-00]
  Event: 0
  Request: GET https://lcr-tp.nhi.gov.tw/api/NhiPatientImage/studies/1.2.840.25117608923523578101231161936851828085/series/1.2.840.211941681108460115160221138240919221321384/instances/1.2.840.2211921183322322214326160692421211971102178/jpg 
  Message: 取得 DICOM 影像串流時發生錯誤
  Properties: RequestId=40000004-0006-f400-b63f-84710c7967bb; RequestPath=/api/NhiPatientImage/studies/1.2.840.25117608923523578101231161936851828085/series/1.2.840.211941681108460115160221138240919221321384/instances/1.2.840.2211921183322322214326160692421211971102178/jpg; ActionId=3e44bc7b-ce4c-4970-b451-77c645b4505d; ActionName=NHI_AI_MedReportViewerWebApi.Controllers.NhiPatientImageController.GetImageScreenshotAsync (NHI-AI-MedReportViewerWebApi); StudyInstanceUid=1.2.840.25117608923523578101231161936851828085; SeriesInstanceUid=1.2.840.211941681108460115160221138240919221321384; SopInstanceUid=1.2.840.2211921183322322214326160692421211971102178
  --- Exception ---
Amazon.S3.AmazonS3Exception: The specified key does not exist.
 ---> Amazon.Runtime.Internal.HttpErrorResponseException: Exception of type 'Amazon.Runtime.Internal.HttpErrorResponseException' was thrown.
   at Amazon.Runtime.HttpWebRequestMessage.ProcessHttpResponseMessage(HttpResponseMessage responseMessage)
   at Amazon.Runtime.HttpWebRequestMessage.GetResponseAsync(CancellationToken cancellationToken)
   at Amazon.Runtime.Internal.HttpHandler`1.InvokeAsync[T](IExecutionContext executionContext)
   at Amazon.Runtime.Internal.RedirectHandler.InvokeAsync[T](IExecutionContext executionContext)
   at Amazon.Runtime.Internal.Unmarshaller.InvokeAsync[T](IExecutionContext executionContext)
   at Amazon.S3.Internal.AmazonS3ResponseHandler.InvokeAsync[T](IExecutionContext executionContext)
   at Amazon.Runtime.Internal.ErrorHandler.InvokeAsync[T](IExecutionContext executionContext)
   --- End of inner exception stack trace ---
   at Amazon.Runtime.Internal.HttpErrorResponseExceptionHandler.HandleExceptionStream(IRequestContext requestContext, IWebResponseData httpErrorResponse, HttpErrorResponseException exception, Stream responseStream)
   at Amazon.Runtime.Internal.HttpErrorResponseExceptionHandler.HandleExceptionAsync(IExecutionContext executionContext, HttpErrorResponseException exception)
   at Amazon.Runtime.Internal.ExceptionHandler`1.HandleAsync(IExecutionContext executionContext, Exception exception)
   at Amazon.Runtime.Internal.ErrorHandler.ProcessExceptionAsync(IExecutionContext executionContext, Exception exception)
   at Amazon.Runtime.Internal.ErrorHandler.InvokeAsync[T](IExecutionContext executionContext)
   at Amazon.Runtime.Internal.CallbackHandler.InvokeAsync[T](IExecutionContext executionContext)
   at Amazon.Runtime.Internal.Signer.InvokeAsync[T](IExecutionContext executionContext)
   at Amazon.S3.Internal.S3Express.S3ExpressPreSigner.InvokeAsync[T](IExecutionContext executionContext)
   at Amazon.Runtime.Internal.EndpointDiscoveryHandler.InvokeAsync[T](IExecutionContext executionContext)
   at Amazon.Runtime.Internal.EndpointDiscoveryHandler.InvokeAsync[T](IExecutionContext executionContext)
   at Amazon.Runtime.Internal.CredentialsRetriever.InvokeAsync[T](IExecutionContext executionContext)
   at Amazon.Runtime.Internal.RetryHandler.InvokeAsync[T](IExecutionContext executionContext)
   at Amazon.Runtime.Internal.RetryHandler.InvokeAsync[T](IExecutionContext executionContext)
   at Amazon.Runtime.Internal.CallbackHandler.InvokeAsync[T](IExecutionContext executionContext)
   at Amazon.Runtime.Internal.CallbackHandler.InvokeAsync[T](IExecutionContext executionContext)
   at Amazon.S3.Internal.AmazonS3ExceptionHandler.InvokeAsync[T](IExecutionContext executionContext)
   at Amazon.Runtime.Internal.ErrorCallbackHandler.InvokeAsync[T](IExecutionContext executionContext)
   at Amazon.Runtime.Internal.MetricsHandler.InvokeAsync[T](IExecutionContext executionContext)
======================================================================

2026-05-21 15:17:02.0596 [ERROR] [NHI_AI_MedReportViewerWebApi.Services.NhiPatientImageService] [TraceID: 00-b16d34ad6273a43b2fd54cf1dc29d2a4-8d222fcaa3fb4a5f-00]
  Event: 0
  Request: GET https://lcr-tp.nhi.gov.tw/api/NhiPatientImage/studies/1.2.840.9910213721418325218772121021591791708761232/series/1.2.840.1718923156152311768923275322146219117393/instances/1.2.840.28205114487195201111819825012815415044161/jpg 
  Message: 取得 DICOM 影像串流時發生錯誤
  Properties: RequestId=40000004-0006-f900-b63f-84710c7967bb; RequestPath=/api/NhiPatientImage/studies/1.2.840.9910213721418325218772121021591791708761232/series/1.2.840.1718923156152311768923275322146219117393/instances/1.2.840.28205114487195201111819825012815415044161/jpg; ActionId=3e44bc7b-ce4c-4970-b451-77c645b4505d; ActionName=NHI_AI_MedReportViewerWebApi.Controllers.NhiPatientImageController.GetImageScreenshotAsync (NHI-AI-MedReportViewerWebApi); StudyInstanceUid=1.2.840.9910213721418325218772121021591791708761232; SeriesInstanceUid=1.2.840.1718923156152311768923275322146219117393; SopInstanceUid=1.2.840.28205114487195201111819825012815415044161
  --- Exception ---
Amazon.S3.AmazonS3Exception: The specified key does not exist.
 ---> Amazon.Runtime.Internal.HttpErrorResponseException: Exception of type 'Amazon.Runtime.Internal.HttpErrorResponseException' was thrown.
   at Amazon.Runtime.HttpWebRequestMessage.ProcessHttpResponseMessage(HttpResponseMessage responseMessage)
   at Amazon.Runtime.HttpWebRequestMessage.GetResponseAsync(CancellationToken cancellationToken)
   at Amazon.Runtime.Internal.HttpHandler`1.InvokeAsync[T](IExecutionContext executionContext)
   at Amazon.Runtime.Internal.RedirectHandler.InvokeAsync[T](IExecutionContext executionContext)
   at Amazon.Runtime.Internal.Unmarshaller.InvokeAsync[T](IExecutionContext executionContext)
   at Amazon.S3.Internal.AmazonS3ResponseHandler.InvokeAsync[T](IExecutionContext executionContext)
   at Amazon.Runtime.Internal.ErrorHandler.InvokeAsync[T](IExecutionContext executionContext)
   --- End of inner exception stack trace ---
   at Amazon.Runtime.Internal.HttpErrorResponseExceptionHandler.HandleExceptionStream(IRequestContext requestContext, IWebResponseData httpErrorResponse, HttpErrorResponseException exception, Stream responseStream)
   at Amazon.Runtime.Internal.HttpErrorResponseExceptionHandler.HandleExceptionAsync(IExecutionContext executionContext, HttpErrorResponseException exception)
   at Amazon.Runtime.Internal.ExceptionHandler`1.HandleAsync(IExecutionContext executionContext, Exception exception)
   at Amazon.Runtime.Internal.ErrorHandler.ProcessExceptionAsync(IExecutionContext executionContext, Exception exception)
   at Amazon.Runtime.Internal.ErrorHandler.InvokeAsync[T](IExecutionContext executionContext)
   at Amazon.Runtime.Internal.CallbackHandler.InvokeAsync[T](IExecutionContext executionContext)
   at Amazon.Runtime.Internal.Signer.InvokeAsync[T](IExecutionContext executionContext)
   at Amazon.S3.Internal.S3Express.S3ExpressPreSigner.InvokeAsync[T](IExecutionContext executionContext)
   at Amazon.Runtime.Internal.EndpointDiscoveryHandler.InvokeAsync[T](IExecutionContext executionContext)
   at Amazon.Runtime.Internal.EndpointDiscoveryHandler.InvokeAsync[T](IExecutionContext executionContext)
   at Amazon.Runtime.Internal.CredentialsRetriever.InvokeAsync[T](IExecutionContext executionContext)
   at Amazon.Runtime.Internal.RetryHandler.InvokeAsync[T](IExecutionContext executionContext)
   at Amazon.Runtime.Internal.RetryHandler.InvokeAsync[T](IExecutionContext executionContext)
   at Amazon.Runtime.Internal.CallbackHandler.InvokeAsync[T](IExecutionContext executionContext)
   at Amazon.Runtime.Internal.CallbackHandler.InvokeAsync[T](IExecutionContext executionContext)
   at Amazon.S3.Internal.AmazonS3ExceptionHandler.InvokeAsync[T](IExecutionContext executionContext)
   at Amazon.Runtime.Internal.ErrorCallbackHandler.InvokeAsync[T](IExecutionContext executionContext)
   at Amazon.Runtime.Internal.MetricsHandler.InvokeAsync[T](IExecutionContext executionContext)
======================================================================

2026-05-21 15:17:02.0699 [ERROR] [NHI_AI_MedReportViewerWebApi.Services.NhiPatientImageService] [TraceID: 00-892bfb84431c81115f1f377d14704816-a4cef1dc7ed47603-00]
  Event: 0
  Request: GET https://lcr-tp.nhi.gov.tw/api/NhiPatientImage/studies/1.2.840.95628289237023181203129147651793012853/series/1.2.840.15522917228832121867788198941815717572241/instances/1.2.840.2482919651028917222517392352521782145174/jpg 
  Message: 取得 DICOM 影像串流時發生錯誤
  Properties: RequestId=40000006-0006-f800-b63f-84710c7967bb; RequestPath=/api/NhiPatientImage/studies/1.2.840.95628289237023181203129147651793012853/series/1.2.840.15522917228832121867788198941815717572241/instances/1.2.840.2482919651028917222517392352521782145174/jpg; ActionId=3e44bc7b-ce4c-4970-b451-77c645b4505d; ActionName=NHI_AI_MedReportViewerWebApi.Controllers.NhiPatientImageController.GetImageScreenshotAsync (NHI-AI-MedReportViewerWebApi); StudyInstanceUid=1.2.840.95628289237023181203129147651793012853; SeriesInstanceUid=1.2.840.15522917228832121867788198941815717572241; SopInstanceUid=1.2.840.2482919651028917222517392352521782145174
  --- Exception ---
Amazon.S3.AmazonS3Exception: The specified key does not exist.
 ---> Amazon.Runtime.Internal.HttpErrorResponseException: Exception of type 'Amazon.Runtime.Internal.HttpErrorResponseException' was thrown.
   at Amazon.Runtime.HttpWebRequestMessage.ProcessHttpResponseMessage(HttpResponseMessage responseMessage)
   at Amazon.Runtime.HttpWebRequestMessage.GetResponseAsync(CancellationToken cancellationToken)
   at Amazon.Runtime.Internal.HttpHandler`1.InvokeAsync[T](IExecutionContext executionContext)
   at Amazon.Runtime.Internal.RedirectHandler.InvokeAsync[T](IExecutionContext executionContext)
   at Amazon.Runtime.Internal.Unmarshaller.InvokeAsync[T](IExecutionContext executionContext)
   at Amazon.S3.Internal.AmazonS3ResponseHandler.InvokeAsync[T](IExecutionContext executionContext)
   at Amazon.Runtime.Internal.ErrorHandler.InvokeAsync[T](IExecutionContext executionContext)
   --- End of inner exception stack trace ---
   at Amazon.Runtime.Internal.HttpErrorResponseExceptionHandler.HandleExceptionStream(IRequestContext requestContext, IWebResponseData httpErrorResponse, HttpErrorResponseException exception, Stream responseStream)
   at Amazon.Runtime.Internal.HttpErrorResponseExceptionHandler.HandleExceptionAsync(IExecutionContext executionContext, HttpErrorResponseException exception)
   at Amazon.Runtime.Internal.ExceptionHandler`1.HandleAsync(IExecutionContext executionContext, Exception exception)
   at Amazon.Runtime.Internal.ErrorHandler.ProcessExceptionAsync(IExecutionContext executionContext, Exception exception)
   at Amazon.Runtime.Internal.ErrorHandler.InvokeAsync[T](IExecutionContext executionContext)
   at Amazon.Runtime.Internal.CallbackHandler.InvokeAsync[T](IExecutionContext executionContext)
   at Amazon.Runtime.Internal.Signer.InvokeAsync[T](IExecutionContext executionContext)
   at Amazon.S3.Internal.S3Express.S3ExpressPreSigner.InvokeAsync[T](IExecutionContext executionContext)
   at Amazon.Runtime.Internal.EndpointDiscoveryHandler.InvokeAsync[T](IExecutionContext executionContext)
   at Amazon.Runtime.Internal.EndpointDiscoveryHandler.InvokeAsync[T](IExecutionContext executionContext)
   at Amazon.Runtime.Internal.CredentialsRetriever.InvokeAsync[T](IExecutionContext executionContext)
   at Amazon.Runtime.Internal.RetryHandler.InvokeAsync[T](IExecutionContext executionContext)
   at Amazon.Runtime.Internal.RetryHandler.InvokeAsync[T](IExecutionContext executionContext)
   at Amazon.Runtime.Internal.CallbackHandler.InvokeAsync[T](IExecutionContext executionContext)
   at Amazon.Runtime.Internal.CallbackHandler.InvokeAsync[T](IExecutionContext executionContext)
   at Amazon.S3.Internal.AmazonS3ExceptionHandler.InvokeAsync[T](IExecutionContext executionContext)
   at Amazon.Runtime.Internal.ErrorCallbackHandler.InvokeAsync[T](IExecutionContext executionContext)
   at Amazon.Runtime.Internal.MetricsHandler.InvokeAsync[T](IExecutionContext executionContext)
======================================================================

2026-05-21 15:17:02.0699 [ERROR] [AIRS.Core.Common.LogForgingTools] [TraceID: 00-61ce41789c8eed9c8ea9428f4d5e5451-6386c03690e47391-00]
  Event: 0
  Request: GET https://lcr-tp.nhi.gov.tw/api/NhiPatientImage/studies/1.2.840.1831491181932115913426236105211231112230198234/series/1.2.840.194662179851015213741321381722223612923/instances/1.2.840.1763117124319615212510318787121752082224170/jpg 
  Message: 1779347822073 GetImage() 失敗，耗時 53 ms.
  Properties: RequestId=40000118-0002-fa00-b63f-84710c7967bb; RequestPath=/api/NhiPatientImage/studies/1.2.840.1831491181932115913426236105211231112230198234/series/1.2.840.194662179851015213741321381722223612923/instances/1.2.840.1763117124319615212510318787121752082224170/jpg; ActionId=3e44bc7b-ce4c-4970-b451-77c645b4505d; ActionName=NHI_AI_MedReportViewerWebApi.Controllers.NhiPatientImageController.GetImageScreenshotAsync (NHI-AI-MedReportViewerWebApi); StudyInstanceUid=1.2.840.1831491181932115913426236105211231112230198234; SeriesInstanceUid=1.2.840.194662179851015213741321381722223612923; SopInstanceUid=1.2.840.1763117124319615212510318787121752082224170
  --- Exception ---
Amazon.S3.AmazonS3Exception: The specified key does not exist.
 ---> Amazon.Runtime.Internal.HttpErrorResponseException: Exception of type 'Amazon.Runtime.Internal.HttpErrorResponseException' was thrown.
   at Amazon.Runtime.HttpWebRequestMessage.ProcessHttpResponseMessage(HttpResponseMessage responseMessage)
   at Amazon.Runtime.HttpWebRequestMessage.GetResponseAsync(CancellationToken cancellationToken)
   at Amazon.Runtime.Internal.HttpHandler`1.InvokeAsync[T](IExecutionContext executionContext)
   at Amazon.Runtime.Internal.RedirectHandler.InvokeAsync[T](IExecutionContext executionContext)
   at Amazon.Runtime.Internal.Unmarshaller.InvokeAsync[T](IExecutionContext executionContext)
   at Amazon.S3.Internal.AmazonS3ResponseHandler.InvokeAsync[T](IExecutionContext executionContext)
   at Amazon.Runtime.Internal.ErrorHandler.InvokeAsync[T](IExecutionContext executionContext)
   --- End of inner exception stack trace ---
   at Amazon.Runtime.Internal.HttpErrorResponseExceptionHandler.HandleExceptionStream(IRequestContext requestContext, IWebResponseData httpErrorResponse, HttpErrorResponseException exception, Stream responseStream)
   at Amazon.Runtime.Internal.HttpErrorResponseExceptionHandler.HandleExceptionAsync(IExecutionContext executionContext, HttpErrorResponseException exception)
   at Amazon.Runtime.Internal.ExceptionHandler`1.HandleAsync(IExecutionContext executionContext, Exception exception)
   at Amazon.Runtime.Internal.ErrorHandler.ProcessExceptionAsync(IExecutionContext executionContext, Exception exception)
   at Amazon.Runtime.Internal.ErrorHandler.InvokeAsync[T](IExecutionContext executionContext)
   at Amazon.Runtime.Internal.CallbackHandler.InvokeAsync[T](IExecutionContext executionContext)
   at Amazon.Runtime.Internal.Signer.InvokeAsync[T](IExecutionContext executionContext)
   at Amazon.S3.Internal.S3Express.S3ExpressPreSigner.InvokeAsync[T](IExecutionContext executionContext)
   at Amazon.Runtime.Internal.EndpointDiscoveryHandler.InvokeAsync[T](IExecutionContext executionContext)
   at Amazon.Runtime.Internal.EndpointDiscoveryHandler.InvokeAsync[T](IExecutionContext executionContext)
   at Amazon.Runtime.Internal.CredentialsRetriever.InvokeAsync[T](IExecutionContext executionContext)
   at Amazon.Runtime.Internal.RetryHandler.InvokeAsync[T](IExecutionContext executionContext)
   at Amazon.Runtime.Internal.RetryHandler.InvokeAsync[T](IExecutionContext executionContext)
   at Amazon.Runtime.Internal.CallbackHandler.InvokeAsync[T](IExecutionContext executionContext)
   at Amazon.Runtime.Internal.CallbackHandler.InvokeAsync[T](IExecutionContext executionContext)
   at Amazon.S3.Internal.AmazonS3ExceptionHandler.InvokeAsync[T](IExecutionContext executionContext)
   at Amazon.Runtime.Internal.ErrorCallbackHandler.InvokeAsync[T](IExecutionContext executionContext)
   at Amazon.Runtime.Internal.MetricsHandler.InvokeAsync[T](IExecutionContext executionContext)
======================================================================

2026-05-21 15:17:02.0699 [ERROR] [AIRS.Core.Common.LogForgingTools] [TraceID: 00-63eb6ea3bd8b61801f655de3c3778fbd-22e8196620888e52-00]
  Event: 0
  Request: GET https://lcr-tp.nhi.gov.tw/api/NhiPatientImage/studies/1.2.840.188572451371712516215324230991522013712160/series/1.2.840.15231983789204947410611712199214759128/instances/1.2.840.1651296425160252831339722628927020221736/jpg 
  Message: 1779347822074 GetImage() 失敗，耗時 40 ms.
  Properties: RequestId=40000002-0002-f800-b63f-84710c7967bb; RequestPath=/api/NhiPatientImage/studies/1.2.840.188572451371712516215324230991522013712160/series/1.2.840.15231983789204947410611712199214759128/instances/1.2.840.1651296425160252831339722628927020221736/jpg; ActionId=3e44bc7b-ce4c-4970-b451-77c645b4505d; ActionName=NHI_AI_MedReportViewerWebApi.Controllers.NhiPatientImageController.GetImageScreenshotAsync (NHI-AI-MedReportViewerWebApi); StudyInstanceUid=1.2.840.188572451371712516215324230991522013712160; SeriesInstanceUid=1.2.840.15231983789204947410611712199214759128; SopInstanceUid=1.2.840.1651296425160252831339722628927020221736
  --- Exception ---
Amazon.S3.AmazonS3Exception: The specified key does not exist.
 ---> Amazon.Runtime.Internal.HttpErrorResponseException: Exception of type 'Amazon.Runtime.Internal.HttpErrorResponseException' was thrown.
   at Amazon.Runtime.HttpWebRequestMessage.ProcessHttpResponseMessage(HttpResponseMessage responseMessage)
   at Amazon.Runtime.HttpWebRequestMessage.GetResponseAsync(CancellationToken cancellationToken)
   at Amazon.Runtime.Internal.HttpHandler`1.InvokeAsync[T](IExecutionContext executionContext)
   at Amazon.Runtime.Internal.RedirectHandler.InvokeAsync[T](IExecutionContext executionContext)
   at Amazon.Runtime.Internal.Unmarshaller.InvokeAsync[T](IExecutionContext executionContext)
   at Amazon.S3.Internal.AmazonS3ResponseHandler.InvokeAsync[T](IExecutionContext executionContext)
   at Amazon.Runtime.Internal.ErrorHandler.InvokeAsync[T](IExecutionContext executionContext)
   --- End of inner exception stack trace ---
   at Amazon.Runtime.Internal.HttpErrorResponseExceptionHandler.HandleExceptionStream(IRequestContext requestContext, IWebResponseData httpErrorResponse, HttpErrorResponseException exception, Stream responseStream)
   at Amazon.Runtime.Internal.HttpErrorResponseExceptionHandler.HandleExceptionAsync(IExecutionContext executionContext, HttpErrorResponseException exception)
   at Amazon.Runtime.Internal.ExceptionHandler`1.HandleAsync(IExecutionContext executionContext, Exception exception)
   at Amazon.Runtime.Internal.ErrorHandler.ProcessExceptionAsync(IExecutionContext executionContext, Exception exception)
   at Amazon.Runtime.Internal.ErrorHandler.InvokeAsync[T](IExecutionContext executionContext)
   at Amazon.Runtime.Internal.CallbackHandler.InvokeAsync[T](IExecutionContext executionContext)
   at Amazon.Runtime.Internal.Signer.InvokeAsync[T](IExecutionContext executionContext)
   at Amazon.S3.Internal.S3Express.S3ExpressPreSigner.InvokeAsync[T](IExecutionContext executionContext)
   at Amazon.Runtime.Internal.EndpointDiscoveryHandler.InvokeAsync[T](IExecutionContext executionContext)
   at Amazon.Runtime.Internal.EndpointDiscoveryHandler.InvokeAsync[T](IExecutionContext executionContext)
   at Amazon.Runtime.Internal.CredentialsRetriever.InvokeAsync[T](IExecutionContext executionContext)
   at Amazon.Runtime.Internal.RetryHandler.InvokeAsync[T](IExecutionContext executionContext)
   at Amazon.Runtime.Internal.RetryHandler.InvokeAsync[T](IExecutionContext executionContext)
   at Amazon.Runtime.Internal.CallbackHandler.InvokeAsync[T](IExecutionContext executionContext)
   at Amazon.Runtime.Internal.CallbackHandler.InvokeAsync[T](IExecutionContext executionContext)
   at Amazon.S3.Internal.AmazonS3ExceptionHandler.InvokeAsync[T](IExecutionContext executionContext)
   at Amazon.Runtime.Internal.ErrorCallbackHandler.InvokeAsync[T](IExecutionContext executionContext)
   at Amazon.Runtime.Internal.MetricsHandler.InvokeAsync[T](IExecutionContext executionContext)
======================================================================

2026-05-21 15:17:02.0699 [ERROR] [NHI_AI_MedReportViewerWebApi.Services.NhiPatientImageService] [TraceID: 00-299480cff45bb7705ef4310efd5ed474-a299d2c5bfc7842f-00]
  Event: 0
  Request: GET https://lcr-tp.nhi.gov.tw/api/NhiPatientImage/studies/1.2.840.95628289237023181203129147651793012853/series/1.2.840.15522917228832121867788198941815717572241/instances/1.2.840.401392747581166219213224620516719084121134/jpg 
  Message: 取得 DICOM 影像串流時發生錯誤
  Properties: RequestId=40000012-0006-f700-b63f-84710c7967bb; RequestPath=/api/NhiPatientImage/studies/1.2.840.95628289237023181203129147651793012853/series/1.2.840.15522917228832121867788198941815717572241/instances/1.2.840.401392747581166219213224620516719084121134/jpg; ActionId=3e44bc7b-ce4c-4970-b451-77c645b4505d; ActionName=NHI_AI_MedReportViewerWebApi.Controllers.NhiPatientImageController.GetImageScreenshotAsync (NHI-AI-MedReportViewerWebApi); StudyInstanceUid=1.2.840.95628289237023181203129147651793012853; SeriesInstanceUid=1.2.840.15522917228832121867788198941815717572241; SopInstanceUid=1.2.840.401392747581166219213224620516719084121134
  --- Exception ---
Amazon.S3.AmazonS3Exception: The specified key does not exist.
 ---> Amazon.Runtime.Internal.HttpErrorResponseException: Exception of type 'Amazon.Runtime.Internal.HttpErrorResponseException' was thrown.
   at Amazon.Runtime.HttpWebRequestMessage.ProcessHttpResponseMessage(HttpResponseMessage responseMessage)
   at Amazon.Runtime.HttpWebRequestMessage.GetResponseAsync(CancellationToken cancellationToken)
   at Amazon.Runtime.Internal.HttpHandler`1.InvokeAsync[T](IExecutionContext executionContext)
   at Amazon.Runtime.Internal.RedirectHandler.InvokeAsync[T](IExecutionContext executionContext)
   at Amazon.Runtime.Internal.Unmarshaller.InvokeAsync[T](IExecutionContext executionContext)
   at Amazon.S3.Internal.AmazonS3ResponseHandler.InvokeAsync[T](IExecutionContext executionContext)
   at Amazon.Runtime.Internal.ErrorHandler.InvokeAsync[T](IExecutionContext executionContext)
   --- End of inner exception stack trace ---
   at Amazon.Runtime.Internal.HttpErrorResponseExceptionHandler.HandleExceptionStream(IRequestContext requestContext, IWebResponseData httpErrorResponse, HttpErrorResponseException exception, Stream responseStream)
   at Amazon.Runtime.Internal.HttpErrorResponseExceptionHandler.HandleExceptionAsync(IExecutionContext executionContext, HttpErrorResponseException exception)
   at Amazon.Runtime.Internal.ExceptionHandler`1.HandleAsync(IExecutionContext executionContext, Exception exception)
   at Amazon.Runtime.Internal.ErrorHandler.ProcessExceptionAsync(IExecutionContext executionContext, Exception exception)
   at Amazon.Runtime.Internal.ErrorHandler.InvokeAsync[T](IExecutionContext executionContext)
   at Amazon.Runtime.Internal.CallbackHandler.InvokeAsync[T](IExecutionContext executionContext)
   at Amazon.Runtime.Internal.Signer.InvokeAsync[T](IExecutionContext executionContext)
   at Amazon.S3.Internal.S3Express.S3ExpressPreSigner.InvokeAsync[T](IExecutionContext executionContext)
   at Amazon.Runtime.Internal.EndpointDiscoveryHandler.InvokeAsync[T](IExecutionContext executionContext)
   at Amazon.Runtime.Internal.EndpointDiscoveryHandler.InvokeAsync[T](IExecutionContext executionContext)
   at Amazon.Runtime.Internal.CredentialsRetriever.InvokeAsync[T](IExecutionContext executionContext)
   at Amazon.Runtime.Internal.RetryHandler.InvokeAsync[T](IExecutionContext executionContext)
   at Amazon.Runtime.Internal.RetryHandler.InvokeAsync[T](IExecutionContext executionContext)
   at Amazon.Runtime.Internal.CallbackHandler.InvokeAsync[T](IExecutionContext executionContext)
   at Amazon.Runtime.Internal.CallbackHandler.InvokeAsync[T](IExecutionContext executionContext)
   at Amazon.S3.Internal.AmazonS3ExceptionHandler.InvokeAsync[T](IExecutionContext executionContext)
   at Amazon.Runtime.Internal.ErrorCallbackHandler.InvokeAsync[T](IExecutionContext executionContext)
   at Amazon.Runtime.Internal.MetricsHandler.InvokeAsync[T](IExecutionContext executionContext)
======================================================================

2026-05-21 15:17:02.0901 [ERROR] [NHI_AI_MedReportViewerWebApi.Services.NhiPatientImageService] [TraceID: 00-a95169abc8bbcc6beb970610c530bdb9-22a63ada0597c5b1-00]
  Event: 0
  Request: GET https://lcr-tp.nhi.gov.tw/api/NhiPatientImage/studies/1.2.840.9910213721418325218772121021591791708761232/series/1.2.840.1718923156152311768923275322146219117393/instances/1.2.840.1666017802032451797210229178424333245136/jpg 
  Message: 取得 DICOM 影像串流時發生錯誤
  Properties: RequestId=40000004-0006-fa00-b63f-84710c7967bb; RequestPath=/api/NhiPatientImage/studies/1.2.840.9910213721418325218772121021591791708761232/series/1.2.840.1718923156152311768923275322146219117393/instances/1.2.840.1666017802032451797210229178424333245136/jpg; ActionId=3e44bc7b-ce4c-4970-b451-77c645b4505d; ActionName=NHI_AI_MedReportViewerWebApi.Controllers.NhiPatientImageController.GetImageScreenshotAsync (NHI-AI-MedReportViewerWebApi); StudyInstanceUid=1.2.840.9910213721418325218772121021591791708761232; SeriesInstanceUid=1.2.840.1718923156152311768923275322146219117393; SopInstanceUid=1.2.840.1666017802032451797210229178424333245136
  --- Exception ---
Amazon.S3.AmazonS3Exception: The specified key does not exist.
 ---> Amazon.Runtime.Internal.HttpErrorResponseException: Exception of type 'Amazon.Runtime.Internal.HttpErrorResponseException' was thrown.
   at Amazon.Runtime.HttpWebRequestMessage.ProcessHttpResponseMessage(HttpResponseMessage responseMessage)
   at Amazon.Runtime.HttpWebRequestMessage.GetResponseAsync(CancellationToken cancellationToken)
   at Amazon.Runtime.Internal.HttpHandler`1.InvokeAsync[T](IExecutionContext executionContext)
   at Amazon.Runtime.Internal.RedirectHandler.InvokeAsync[T](IExecutionContext executionContext)
   at Amazon.Runtime.Internal.Unmarshaller.InvokeAsync[T](IExecutionContext executionContext)
   at Amazon.S3.Internal.AmazonS3ResponseHandler.InvokeAsync[T](IExecutionContext executionContext)
   at Amazon.Runtime.Internal.ErrorHandler.InvokeAsync[T](IExecutionContext executionContext)
   --- End of inner exception stack trace ---
   at Amazon.Runtime.Internal.HttpErrorResponseExceptionHandler.HandleExceptionStream(IRequestContext requestContext, IWebResponseData httpErrorResponse, HttpErrorResponseException exception, Stream responseStream)
   at Amazon.Runtime.Internal.HttpErrorResponseExceptionHandler.HandleExceptionAsync(IExecutionContext executionContext, HttpErrorResponseException exception)
   at Amazon.Runtime.Internal.ExceptionHandler`1.HandleAsync(IExecutionContext executionContext, Exception exception)
   at Amazon.Runtime.Internal.ErrorHandler.ProcessExceptionAsync(IExecutionContext executionContext, Exception exception)
   at Amazon.Runtime.Internal.ErrorHandler.InvokeAsync[T](IExecutionContext executionContext)
   at Amazon.Runtime.Internal.CallbackHandler.InvokeAsync[T](IExecutionContext executionContext)
   at Amazon.Runtime.Internal.Signer.InvokeAsync[T](IExecutionContext executionContext)
   at Amazon.S3.Internal.S3Express.S3ExpressPreSigner.InvokeAsync[T](IExecutionContext executionContext)
   at Amazon.Runtime.Internal.EndpointDiscoveryHandler.InvokeAsync[T](IExecutionContext executionContext)
   at Amazon.Runtime.Internal.EndpointDiscoveryHandler.InvokeAsync[T](IExecutionContext executionContext)
   at Amazon.Runtime.Internal.CredentialsRetriever.InvokeAsync[T](IExecutionContext executionContext)
   at Amazon.Runtime.Internal.RetryHandler.InvokeAsync[T](IExecutionContext executionContext)
   at Amazon.Runtime.Internal.RetryHandler.InvokeAsync[T](IExecutionContext executionContext)
   at Amazon.Runtime.Internal.CallbackHandler.InvokeAsync[T](IExecutionContext executionContext)
   at Amazon.Runtime.Internal.CallbackHandler.InvokeAsync[T](IExecutionContext executionContext)
   at Amazon.S3.Internal.AmazonS3ExceptionHandler.InvokeAsync[T](IExecutionContext executionContext)
   at Amazon.Runtime.Internal.ErrorCallbackHandler.InvokeAsync[T](IExecutionContext executionContext)
   at Amazon.Runtime.Internal.MetricsHandler.InvokeAsync[T](IExecutionContext executionContext)
======================================================================

2026-05-21 15:17:02.1008 [ERROR] [NHI_AI_MedReportViewerWebApi.Services.NhiPatientImageService] [TraceID: 00-5898aef1008d02279826e13145b6aec7-baedb21c1a544424-00]
  Event: 0
  Request: GET https://lcr-tp.nhi.gov.tw/api/NhiPatientImage/studies/1.2.840.25117608923523578101231161936851828085/series/1.2.840.211941681108460115160221138240919221321384/instances/1.2.840.203127233250801041609771223515116217522475/jpg 
  Message: 取得 DICOM 影像串流時發生錯誤
  Properties: RequestId=40000004-0006-f300-b63f-84710c7967bb; RequestPath=/api/NhiPatientImage/studies/1.2.840.25117608923523578101231161936851828085/series/1.2.840.211941681108460115160221138240919221321384/instances/1.2.840.203127233250801041609771223515116217522475/jpg; ActionId=3e44bc7b-ce4c-4970-b451-77c645b4505d; ActionName=NHI_AI_MedReportViewerWebApi.Controllers.NhiPatientImageController.GetImageScreenshotAsync (NHI-AI-MedReportViewerWebApi); StudyInstanceUid=1.2.840.25117608923523578101231161936851828085; SeriesInstanceUid=1.2.840.211941681108460115160221138240919221321384; SopInstanceUid=1.2.840.203127233250801041609771223515116217522475
  --- Exception ---
Amazon.S3.AmazonS3Exception: The specified key does not exist.
 ---> Amazon.Runtime.Internal.HttpErrorResponseException: Exception of type 'Amazon.Runtime.Internal.HttpErrorResponseException' was thrown.
   at Amazon.Runtime.HttpWebRequestMessage.ProcessHttpResponseMessage(HttpResponseMessage responseMessage)
   at Amazon.Runtime.HttpWebRequestMessage.GetResponseAsync(CancellationToken cancellationToken)
   at Amazon.Runtime.Internal.HttpHandler`1.InvokeAsync[T](IExecutionContext executionContext)
   at Amazon.Runtime.Internal.RedirectHandler.InvokeAsync[T](IExecutionContext executionContext)
   at Amazon.Runtime.Internal.Unmarshaller.InvokeAsync[T](IExecutionContext executionContext)
   at Amazon.S3.Internal.AmazonS3ResponseHandler.InvokeAsync[T](IExecutionContext executionContext)
   at Amazon.Runtime.Internal.ErrorHandler.InvokeAsync[T](IExecutionContext executionContext)
   --- End of inner exception stack trace ---
   at Amazon.Runtime.Internal.HttpErrorResponseExceptionHandler.HandleExceptionStream(IRequestContext requestContext, IWebResponseData httpErrorResponse, HttpErrorResponseException exception, Stream responseStream)
   at Amazon.Runtime.Internal.HttpErrorResponseExceptionHandler.HandleExceptionAsync(IExecutionContext executionContext, HttpErrorResponseException exception)
   at Amazon.Runtime.Internal.ExceptionHandler`1.HandleAsync(IExecutionContext executionContext, Exception exception)
   at Amazon.Runtime.Internal.ErrorHandler.ProcessExceptionAsync(IExecutionContext executionContext, Exception exception)
   at Amazon.Runtime.Internal.ErrorHandler.InvokeAsync[T](IExecutionContext executionContext)
   at Amazon.Runtime.Internal.CallbackHandler.InvokeAsync[T](IExecutionContext executionContext)
   at Amazon.Runtime.Internal.Signer.InvokeAsync[T](IExecutionContext executionContext)
   at Amazon.S3.Internal.S3Express.S3ExpressPreSigner.InvokeAsync[T](IExecutionContext executionContext)
   at Amazon.Runtime.Internal.EndpointDiscoveryHandler.InvokeAsync[T](IExecutionContext executionContext)
   at Amazon.Runtime.Internal.EndpointDiscoveryHandler.InvokeAsync[T](IExecutionContext executionContext)
   at Amazon.Runtime.Internal.CredentialsRetriever.InvokeAsync[T](IExecutionContext executionContext)
   at Amazon.Runtime.Internal.RetryHandler.InvokeAsync[T](IExecutionContext executionContext)
   at Amazon.Runtime.Internal.RetryHandler.InvokeAsync[T](IExecutionContext executionContext)
   at Amazon.Runtime.Internal.CallbackHandler.InvokeAsync[T](IExecutionContext executionContext)
   at Amazon.Runtime.Internal.CallbackHandler.InvokeAsync[T](IExecutionContext executionContext)
   at Amazon.S3.Internal.AmazonS3ExceptionHandler.InvokeAsync[T](IExecutionContext executionContext)
   at Amazon.Runtime.Internal.ErrorCallbackHandler.InvokeAsync[T](IExecutionContext executionContext)
   at Amazon.Runtime.Internal.MetricsHandler.InvokeAsync[T](IExecutionContext executionContext)
======================================================================

2026-05-21 15:17:02.1008 [ERROR] [NHI_AI_MedReportViewerWebApi.Services.NhiPatientImageService] [TraceID: 00-d11d005e3ab03fcda2f68056787ba564-f51d0e273110be9e-00]
  Event: 0
  Request: GET https://lcr-tp.nhi.gov.tw/api/NhiPatientImage/studies/1.2.840.14311817595127161161159179701024822483140199/series/1.2.840.2081181585538253120903422631829791115221/instances/1.2.840.2441781871703324220021480632358916319724163/jpg 
  Message: 取得 DICOM 影像串流時發生錯誤
  Properties: RequestId=40000004-0006-f600-b63f-84710c7967bb; RequestPath=/api/NhiPatientImage/studies/1.2.840.14311817595127161161159179701024822483140199/series/1.2.840.2081181585538253120903422631829791115221/instances/1.2.840.2441781871703324220021480632358916319724163/jpg; ActionId=3e44bc7b-ce4c-4970-b451-77c645b4505d; ActionName=NHI_AI_MedReportViewerWebApi.Controllers.NhiPatientImageController.GetImageScreenshotAsync (NHI-AI-MedReportViewerWebApi); StudyInstanceUid=1.2.840.14311817595127161161159179701024822483140199; SeriesInstanceUid=1.2.840.2081181585538253120903422631829791115221; SopInstanceUid=1.2.840.2441781871703324220021480632358916319724163
  --- Exception ---
Amazon.S3.AmazonS3Exception: The specified key does not exist.
 ---> Amazon.Runtime.Internal.HttpErrorResponseException: Exception of type 'Amazon.Runtime.Internal.HttpErrorResponseException' was thrown.
   at Amazon.Runtime.HttpWebRequestMessage.ProcessHttpResponseMessage(HttpResponseMessage responseMessage)
   at Amazon.Runtime.HttpWebRequestMessage.GetResponseAsync(CancellationToken cancellationToken)
   at Amazon.Runtime.Internal.HttpHandler`1.InvokeAsync[T](IExecutionContext executionContext)
   at Amazon.Runtime.Internal.RedirectHandler.InvokeAsync[T](IExecutionContext executionContext)
   at Amazon.Runtime.Internal.Unmarshaller.InvokeAsync[T](IExecutionContext executionContext)
   at Amazon.S3.Internal.AmazonS3ResponseHandler.InvokeAsync[T](IExecutionContext executionContext)
   at Amazon.Runtime.Internal.ErrorHandler.InvokeAsync[T](IExecutionContext executionContext)
   --- End of inner exception stack trace ---
   at Amazon.Runtime.Internal.HttpErrorResponseExceptionHandler.HandleExceptionStream(IRequestContext requestContext, IWebResponseData httpErrorResponse, HttpErrorResponseException exception, Stream responseStream)
   at Amazon.Runtime.Internal.HttpErrorResponseExceptionHandler.HandleExceptionAsync(IExecutionContext executionContext, HttpErrorResponseException exception)
   at Amazon.Runtime.Internal.ExceptionHandler`1.HandleAsync(IExecutionContext executionContext, Exception exception)
   at Amazon.Runtime.Internal.ErrorHandler.ProcessExceptionAsync(IExecutionContext executionContext, Exception exception)
   at Amazon.Runtime.Internal.ErrorHandler.InvokeAsync[T](IExecutionContext executionContext)
   at Amazon.Runtime.Internal.CallbackHandler.InvokeAsync[T](IExecutionContext executionContext)
   at Amazon.Runtime.Internal.Signer.InvokeAsync[T](IExecutionContext executionContext)
   at Amazon.S3.Internal.S3Express.S3ExpressPreSigner.InvokeAsync[T](IExecutionContext executionContext)
   at Amazon.Runtime.Internal.EndpointDiscoveryHandler.InvokeAsync[T](IExecutionContext executionContext)
   at Amazon.Runtime.Internal.EndpointDiscoveryHandler.InvokeAsync[T](IExecutionContext executionContext)
   at Amazon.Runtime.Internal.CredentialsRetriever.InvokeAsync[T](IExecutionContext executionContext)
   at Amazon.Runtime.Internal.RetryHandler.InvokeAsync[T](IExecutionContext executionContext)
   at Amazon.Runtime.Internal.RetryHandler.InvokeAsync[T](IExecutionContext executionContext)
   at Amazon.Runtime.Internal.CallbackHandler.InvokeAsync[T](IExecutionContext executionContext)
   at Amazon.Runtime.Internal.CallbackHandler.InvokeAsync[T](IExecutionContext executionContext)
   at Amazon.S3.Internal.AmazonS3ExceptionHandler.InvokeAsync[T](IExecutionContext executionContext)
   at Amazon.Runtime.Internal.ErrorCallbackHandler.InvokeAsync[T](IExecutionContext executionContext)
   at Amazon.Runtime.Internal.MetricsHandler.InvokeAsync[T](IExecutionContext executionContext)
======================================================================

2026-05-21 15:17:02.1205 [ERROR] [NHI_AI_MedReportViewerWebApi.Services.NhiPatientImageService] [TraceID: 00-61ce41789c8eed9c8ea9428f4d5e5451-6386c03690e47391-00]
  Event: 0
  Request: GET https://lcr-tp.nhi.gov.tw/api/NhiPatientImage/studies/1.2.840.1831491181932115913426236105211231112230198234/series/1.2.840.194662179851015213741321381722223612923/instances/1.2.840.1763117124319615212510318787121752082224170/jpg 
  Message: 取得 DICOM 影像串流時發生錯誤
  Properties: RequestId=40000118-0002-fa00-b63f-84710c7967bb; RequestPath=/api/NhiPatientImage/studies/1.2.840.1831491181932115913426236105211231112230198234/series/1.2.840.194662179851015213741321381722223612923/instances/1.2.840.1763117124319615212510318787121752082224170/jpg; ActionId=3e44bc7b-ce4c-4970-b451-77c645b4505d; ActionName=NHI_AI_MedReportViewerWebApi.Controllers.NhiPatientImageController.GetImageScreenshotAsync (NHI-AI-MedReportViewerWebApi); StudyInstanceUid=1.2.840.1831491181932115913426236105211231112230198234; SeriesInstanceUid=1.2.840.194662179851015213741321381722223612923; SopInstanceUid=1.2.840.1763117124319615212510318787121752082224170
  --- Exception ---
Amazon.S3.AmazonS3Exception: The specified key does not exist.
 ---> Amazon.Runtime.Internal.HttpErrorResponseException: Exception of type 'Amazon.Runtime.Internal.HttpErrorResponseException' was thrown.
   at Amazon.Runtime.HttpWebRequestMessage.ProcessHttpResponseMessage(HttpResponseMessage responseMessage)
   at Amazon.Runtime.HttpWebRequestMessage.GetResponseAsync(CancellationToken cancellationToken)
   at Amazon.Runtime.Internal.HttpHandler`1.InvokeAsync[T](IExecutionContext executionContext)
   at Amazon.Runtime.Internal.RedirectHandler.InvokeAsync[T](IExecutionContext executionContext)
   at Amazon.Runtime.Internal.Unmarshaller.InvokeAsync[T](IExecutionContext executionContext)
   at Amazon.S3.Internal.AmazonS3ResponseHandler.InvokeAsync[T](IExecutionContext executionContext)
   at Amazon.Runtime.Internal.ErrorHandler.InvokeAsync[T](IExecutionContext executionContext)
   --- End of inner exception stack trace ---
   at Amazon.Runtime.Internal.HttpErrorResponseExceptionHandler.HandleExceptionStream(IRequestContext requestContext, IWebResponseData httpErrorResponse, HttpErrorResponseException exception, Stream responseStream)
   at Amazon.Runtime.Internal.HttpErrorResponseExceptionHandler.HandleExceptionAsync(IExecutionContext executionContext, HttpErrorResponseException exception)
   at Amazon.Runtime.Internal.ExceptionHandler`1.HandleAsync(IExecutionContext executionContext, Exception exception)
   at Amazon.Runtime.Internal.ErrorHandler.ProcessExceptionAsync(IExecutionContext executionContext, Exception exception)
   at Amazon.Runtime.Internal.ErrorHandler.InvokeAsync[T](IExecutionContext executionContext)
   at Amazon.Runtime.Internal.CallbackHandler.InvokeAsync[T](IExecutionContext executionContext)
   at Amazon.Runtime.Internal.Signer.InvokeAsync[T](IExecutionContext executionContext)
   at Amazon.S3.Internal.S3Express.S3ExpressPreSigner.InvokeAsync[T](IExecutionContext executionContext)
   at Amazon.Runtime.Internal.EndpointDiscoveryHandler.InvokeAsync[T](IExecutionContext executionContext)
   at Amazon.Runtime.Internal.EndpointDiscoveryHandler.InvokeAsync[T](IExecutionContext executionContext)
   at Amazon.Runtime.Internal.CredentialsRetriever.InvokeAsync[T](IExecutionContext executionContext)
   at Amazon.Runtime.Internal.RetryHandler.InvokeAsync[T](IExecutionContext executionContext)
   at Amazon.Runtime.Internal.RetryHandler.InvokeAsync[T](IExecutionContext executionContext)
   at Amazon.Runtime.Internal.CallbackHandler.InvokeAsync[T](IExecutionContext executionContext)
   at Amazon.Runtime.Internal.CallbackHandler.InvokeAsync[T](IExecutionContext executionContext)
   at Amazon.S3.Internal.AmazonS3ExceptionHandler.InvokeAsync[T](IExecutionContext executionContext)
   at Amazon.Runtime.Internal.ErrorCallbackHandler.InvokeAsync[T](IExecutionContext executionContext)
   at Amazon.Runtime.Internal.MetricsHandler.InvokeAsync[T](IExecutionContext executionContext)
======================================================================

2026-05-21 15:17:02.1302 [ERROR] [NHI_AI_MedReportViewerWebApi.Services.NhiPatientImageService] [TraceID: 00-63eb6ea3bd8b61801f655de3c3778fbd-22e8196620888e52-00]
  Event: 0
  Request: GET https://lcr-tp.nhi.gov.tw/api/NhiPatientImage/studies/1.2.840.188572451371712516215324230991522013712160/series/1.2.840.15231983789204947410611712199214759128/instances/1.2.840.1651296425160252831339722628927020221736/jpg 
  Message: 取得 DICOM 影像串流時發生錯誤
  Properties: RequestId=40000002-0002-f800-b63f-84710c7967bb; RequestPath=/api/NhiPatientImage/studies/1.2.840.188572451371712516215324230991522013712160/series/1.2.840.15231983789204947410611712199214759128/instances/1.2.840.1651296425160252831339722628927020221736/jpg; ActionId=3e44bc7b-ce4c-4970-b451-77c645b4505d; ActionName=NHI_AI_MedReportViewerWebApi.Controllers.NhiPatientImageController.GetImageScreenshotAsync (NHI-AI-MedReportViewerWebApi); StudyInstanceUid=1.2.840.188572451371712516215324230991522013712160; SeriesInstanceUid=1.2.840.15231983789204947410611712199214759128; SopInstanceUid=1.2.840.1651296425160252831339722628927020221736
  --- Exception ---
Amazon.S3.AmazonS3Exception: The specified key does not exist.
 ---> Amazon.Runtime.Internal.HttpErrorResponseException: Exception of type 'Amazon.Runtime.Internal.HttpErrorResponseException' was thrown.
   at Amazon.Runtime.HttpWebRequestMessage.ProcessHttpResponseMessage(HttpResponseMessage responseMessage)
   at Amazon.Runtime.HttpWebRequestMessage.GetResponseAsync(CancellationToken cancellationToken)
   at Amazon.Runtime.Internal.HttpHandler`1.InvokeAsync[T](IExecutionContext executionContext)
   at Amazon.Runtime.Internal.RedirectHandler.InvokeAsync[T](IExecutionContext executionContext)
   at Amazon.Runtime.Internal.Unmarshaller.InvokeAsync[T](IExecutionContext executionContext)
   at Amazon.S3.Internal.AmazonS3ResponseHandler.InvokeAsync[T](IExecutionContext executionContext)
   at Amazon.Runtime.Internal.ErrorHandler.InvokeAsync[T](IExecutionContext executionContext)
   --- End of inner exception stack trace ---
   at Amazon.Runtime.Internal.HttpErrorResponseExceptionHandler.HandleExceptionStream(IRequestContext requestContext, IWebResponseData httpErrorResponse, HttpErrorResponseException exception, Stream responseStream)
   at Amazon.Runtime.Internal.HttpErrorResponseExceptionHandler.HandleExceptionAsync(IExecutionContext executionContext, HttpErrorResponseException exception)
   at Amazon.Runtime.Internal.ExceptionHandler`1.HandleAsync(IExecutionContext executionContext, Exception exception)
   at Amazon.Runtime.Internal.ErrorHandler.ProcessExceptionAsync(IExecutionContext executionContext, Exception exception)
   at Amazon.Runtime.Internal.ErrorHandler.InvokeAsync[T](IExecutionContext executionContext)
   at Amazon.Runtime.Internal.CallbackHandler.InvokeAsync[T](IExecutionContext executionContext)
   at Amazon.Runtime.Internal.Signer.InvokeAsync[T](IExecutionContext executionContext)
   at Amazon.S3.Internal.S3Express.S3ExpressPreSigner.InvokeAsync[T](IExecutionContext executionContext)
   at Amazon.Runtime.Internal.EndpointDiscoveryHandler.InvokeAsync[T](IExecutionContext executionContext)
   at Amazon.Runtime.Internal.EndpointDiscoveryHandler.InvokeAsync[T](IExecutionContext executionContext)
   at Amazon.Runtime.Internal.CredentialsRetriever.InvokeAsync[T](IExecutionContext executionContext)
   at Amazon.Runtime.Internal.RetryHandler.InvokeAsync[T](IExecutionContext executionContext)
   at Amazon.Runtime.Internal.RetryHandler.InvokeAsync[T](IExecutionContext executionContext)
   at Amazon.Runtime.Internal.CallbackHandler.InvokeAsync[T](IExecutionContext executionContext)
   at Amazon.Runtime.Internal.CallbackHandler.InvokeAsync[T](IExecutionContext executionContext)
   at Amazon.S3.Internal.AmazonS3ExceptionHandler.InvokeAsync[T](IExecutionContext executionContext)
   at Amazon.Runtime.Internal.ErrorCallbackHandler.InvokeAsync[T](IExecutionContext executionContext)
   at Amazon.Runtime.Internal.MetricsHandler.InvokeAsync[T](IExecutionContext executionContext)
======================================================================

2026-05-21 15:17:02.1527 [ERROR] [AIRS.Core.Common.LogForgingTools] [TraceID: 00-340f450c67980fb3ec48df282eacc685-84e0df48b614b760-00]
  Event: 0
  Request: GET https://lcr-tp.nhi.gov.tw/api/NhiPatientImage/studies/1.2.840.1831491181932115913426236105211231112230198234/series/1.2.840.194662179851015213741321381722223612923/instances/1.2.840.1556415613457171655548642410420286244166/jpg 
  Message: 1779347822159 GetImage() 失敗，耗時 109 ms.
  Properties: RequestId=40000002-0002-f900-b63f-84710c7967bb; RequestPath=/api/NhiPatientImage/studies/1.2.840.1831491181932115913426236105211231112230198234/series/1.2.840.194662179851015213741321381722223612923/instances/1.2.840.1556415613457171655548642410420286244166/jpg; ActionId=3e44bc7b-ce4c-4970-b451-77c645b4505d; ActionName=NHI_AI_MedReportViewerWebApi.Controllers.NhiPatientImageController.GetImageScreenshotAsync (NHI-AI-MedReportViewerWebApi); StudyInstanceUid=1.2.840.1831491181932115913426236105211231112230198234; SeriesInstanceUid=1.2.840.194662179851015213741321381722223612923; SopInstanceUid=1.2.840.1556415613457171655548642410420286244166
  --- Exception ---
Amazon.S3.AmazonS3Exception: The specified key does not exist.
 ---> Amazon.Runtime.Internal.HttpErrorResponseException: Exception of type 'Amazon.Runtime.Internal.HttpErrorResponseException' was thrown.
   at Amazon.Runtime.HttpWebRequestMessage.ProcessHttpResponseMessage(HttpResponseMessage responseMessage)
   at Amazon.Runtime.HttpWebRequestMessage.GetResponseAsync(CancellationToken cancellationToken)
   at Amazon.Runtime.Internal.HttpHandler`1.InvokeAsync[T](IExecutionContext executionContext)
   at Amazon.Runtime.Internal.RedirectHandler.InvokeAsync[T](IExecutionContext executionContext)
   at Amazon.Runtime.Internal.Unmarshaller.InvokeAsync[T](IExecutionContext executionContext)
   at Amazon.S3.Internal.AmazonS3ResponseHandler.InvokeAsync[T](IExecutionContext executionContext)
   at Amazon.Runtime.Internal.ErrorHandler.InvokeAsync[T](IExecutionContext executionContext)
   --- End of inner exception stack trace ---
   at Amazon.Runtime.Internal.HttpErrorResponseExceptionHandler.HandleExceptionStream(IRequestContext requestContext, IWebResponseData httpErrorResponse, HttpErrorResponseException exception, Stream responseStream)
   at Amazon.Runtime.Internal.HttpErrorResponseExceptionHandler.HandleExceptionAsync(IExecutionContext executionContext, HttpErrorResponseException exception)
   at Amazon.Runtime.Internal.ExceptionHandler`1.HandleAsync(IExecutionContext executionContext, Exception exception)
   at Amazon.Runtime.Internal.ErrorHandler.ProcessExceptionAsync(IExecutionContext executionContext, Exception exception)
   at Amazon.Runtime.Internal.ErrorHandler.InvokeAsync[T](IExecutionContext executionContext)
   at Amazon.Runtime.Internal.CallbackHandler.InvokeAsync[T](IExecutionContext executionContext)
   at Amazon.Runtime.Internal.Signer.InvokeAsync[T](IExecutionContext executionContext)
   at Amazon.S3.Internal.S3Express.S3ExpressPreSigner.InvokeAsync[T](IExecutionContext executionContext)
   at Amazon.Runtime.Internal.EndpointDiscoveryHandler.InvokeAsync[T](IExecutionContext executionContext)
   at Amazon.Runtime.Internal.EndpointDiscoveryHandler.InvokeAsync[T](IExecutionContext executionContext)
   at Amazon.Runtime.Internal.CredentialsRetriever.InvokeAsync[T](IExecutionContext executionContext)
   at Amazon.Runtime.Internal.RetryHandler.InvokeAsync[T](IExecutionContext executionContext)
   at Amazon.Runtime.Internal.RetryHandler.InvokeAsync[T](IExecutionContext executionContext)
   at Amazon.Runtime.Internal.CallbackHandler.InvokeAsync[T](IExecutionContext executionContext)
   at Amazon.Runtime.Internal.CallbackHandler.InvokeAsync[T](IExecutionContext executionContext)
   at Amazon.S3.Internal.AmazonS3ExceptionHandler.InvokeAsync[T](IExecutionContext executionContext)
   at Amazon.Runtime.Internal.ErrorCallbackHandler.InvokeAsync[T](IExecutionContext executionContext)
   at Amazon.Runtime.Internal.MetricsHandler.InvokeAsync[T](IExecutionContext executionContext)
======================================================================

2026-05-21 15:17:02.1966 [ERROR] [NHI_AI_MedReportViewerWebApi.Services.NhiPatientImageService] [TraceID: 00-340f450c67980fb3ec48df282eacc685-84e0df48b614b760-00]
  Event: 0
  Request: GET https://lcr-tp.nhi.gov.tw/api/NhiPatientImage/studies/1.2.840.1831491181932115913426236105211231112230198234/series/1.2.840.194662179851015213741321381722223612923/instances/1.2.840.1556415613457171655548642410420286244166/jpg 
  Message: 取得 DICOM 影像串流時發生錯誤
  Properties: RequestId=40000002-0002-f900-b63f-84710c7967bb; RequestPath=/api/NhiPatientImage/studies/1.2.840.1831491181932115913426236105211231112230198234/series/1.2.840.194662179851015213741321381722223612923/instances/1.2.840.1556415613457171655548642410420286244166/jpg; ActionId=3e44bc7b-ce4c-4970-b451-77c645b4505d; ActionName=NHI_AI_MedReportViewerWebApi.Controllers.NhiPatientImageController.GetImageScreenshotAsync (NHI-AI-MedReportViewerWebApi); StudyInstanceUid=1.2.840.1831491181932115913426236105211231112230198234; SeriesInstanceUid=1.2.840.194662179851015213741321381722223612923; SopInstanceUid=1.2.840.1556415613457171655548642410420286244166
  --- Exception ---
Amazon.S3.AmazonS3Exception: The specified key does not exist.
 ---> Amazon.Runtime.Internal.HttpErrorResponseException: Exception of type 'Amazon.Runtime.Internal.HttpErrorResponseException' was thrown.
   at Amazon.Runtime.HttpWebRequestMessage.ProcessHttpResponseMessage(HttpResponseMessage responseMessage)
   at Amazon.Runtime.HttpWebRequestMessage.GetResponseAsync(CancellationToken cancellationToken)
   at Amazon.Runtime.Internal.HttpHandler`1.InvokeAsync[T](IExecutionContext executionContext)
   at Amazon.Runtime.Internal.RedirectHandler.InvokeAsync[T](IExecutionContext executionContext)
   at Amazon.Runtime.Internal.Unmarshaller.InvokeAsync[T](IExecutionContext executionContext)
   at Amazon.S3.Internal.AmazonS3ResponseHandler.InvokeAsync[T](IExecutionContext executionContext)
   at Amazon.Runtime.Internal.ErrorHandler.InvokeAsync[T](IExecutionContext executionContext)
   --- End of inner exception stack trace ---
   at Amazon.Runtime.Internal.HttpErrorResponseExceptionHandler.HandleExceptionStream(IRequestContext requestContext, IWebResponseData httpErrorResponse, HttpErrorResponseException exception, Stream responseStream)
   at Amazon.Runtime.Internal.HttpErrorResponseExceptionHandler.HandleExceptionAsync(IExecutionContext executionContext, HttpErrorResponseException exception)
   at Amazon.Runtime.Internal.ExceptionHandler`1.HandleAsync(IExecutionContext executionContext, Exception exception)
   at Amazon.Runtime.Internal.ErrorHandler.ProcessExceptionAsync(IExecutionContext executionContext, Exception exception)
   at Amazon.Runtime.Internal.ErrorHandler.InvokeAsync[T](IExecutionContext executionContext)
   at Amazon.Runtime.Internal.CallbackHandler.InvokeAsync[T](IExecutionContext executionContext)
   at Amazon.Runtime.Internal.Signer.InvokeAsync[T](IExecutionContext executionContext)
   at Amazon.S3.Internal.S3Express.S3ExpressPreSigner.InvokeAsync[T](IExecutionContext executionContext)
   at Amazon.Runtime.Internal.EndpointDiscoveryHandler.InvokeAsync[T](IExecutionContext executionContext)
   at Amazon.Runtime.Internal.EndpointDiscoveryHandler.InvokeAsync[T](IExecutionContext executionContext)
   at Amazon.Runtime.Internal.CredentialsRetriever.InvokeAsync[T](IExecutionContext executionContext)
   at Amazon.Runtime.Internal.RetryHandler.InvokeAsync[T](IExecutionContext executionContext)
   at Amazon.Runtime.Internal.RetryHandler.InvokeAsync[T](IExecutionContext executionContext)
   at Amazon.Runtime.Internal.CallbackHandler.InvokeAsync[T](IExecutionContext executionContext)
   at Amazon.Runtime.Internal.CallbackHandler.InvokeAsync[T](IExecutionContext executionContext)
   at Amazon.S3.Internal.AmazonS3ExceptionHandler.InvokeAsync[T](IExecutionContext executionContext)
   at Amazon.Runtime.Internal.ErrorCallbackHandler.InvokeAsync[T](IExecutionContext executionContext)
   at Amazon.Runtime.Internal.MetricsHandler.InvokeAsync[T](IExecutionContext executionContext)
======================================================================

2026-05-21 15:28:20.8338 [ERROR] [AIRS.Core.Common.LogForgingTools] [TraceID: 00-472849c63f8da5d7f8a0875474c44d78-01764e91282580e3-00]
  Event: 0
  Request: GET https://lcr-tp.nhi.gov.tw/api/NhiPatientImage/studies/1.2.840.9910213721418325218772121021591791708761232/series/1.2.840.1718923156152311768923275322146219117393/instances/1.2.840.1666017802032451797210229178424333245136/jpg 
  Message: 1779348500833 GetImage() 失敗，耗時 581 ms.
  Properties: RequestId=40000004-0002-f800-b63f-84710c7967bb; RequestPath=/api/NhiPatientImage/studies/1.2.840.9910213721418325218772121021591791708761232/series/1.2.840.1718923156152311768923275322146219117393/instances/1.2.840.1666017802032451797210229178424333245136/jpg; ActionId=675a52b6-3887-4a29-80f8-4bd3992df51e; ActionName=NHI_AI_MedReportViewerWebApi.Controllers.NhiPatientImageController.GetImageScreenshotAsync (NHI-AI-MedReportViewerWebApi); StudyInstanceUid=1.2.840.9910213721418325218772121021591791708761232; SeriesInstanceUid=1.2.840.1718923156152311768923275322146219117393; SopInstanceUid=1.2.840.1666017802032451797210229178424333245136
  --- Exception ---
Amazon.S3.AmazonS3Exception: The specified key does not exist.
 ---> Amazon.Runtime.Internal.HttpErrorResponseException: Exception of type 'Amazon.Runtime.Internal.HttpErrorResponseException' was thrown.
   at Amazon.Runtime.HttpWebRequestMessage.ProcessHttpResponseMessage(HttpResponseMessage responseMessage)
   at Amazon.Runtime.HttpWebRequestMessage.GetResponseAsync(CancellationToken cancellationToken)
   at Amazon.Runtime.Internal.HttpHandler`1.InvokeAsync[T](IExecutionContext executionContext)
   at Amazon.Runtime.Internal.RedirectHandler.InvokeAsync[T](IExecutionContext executionContext)
   at Amazon.Runtime.Internal.Unmarshaller.InvokeAsync[T](IExecutionContext executionContext)
   at Amazon.S3.Internal.AmazonS3ResponseHandler.InvokeAsync[T](IExecutionContext executionContext)
   at Amazon.Runtime.Internal.ErrorHandler.InvokeAsync[T](IExecutionContext executionContext)
   --- End of inner exception stack trace ---
   at Amazon.Runtime.Internal.HttpErrorResponseExceptionHandler.HandleExceptionStream(IRequestContext requestContext, IWebResponseData httpErrorResponse, HttpErrorResponseException exception, Stream responseStream)
   at Amazon.Runtime.Internal.HttpErrorResponseExceptionHandler.HandleExceptionAsync(IExecutionContext executionContext, HttpErrorResponseException exception)
   at Amazon.Runtime.Internal.ExceptionHandler`1.HandleAsync(IExecutionContext executionContext, Exception exception)
   at Amazon.Runtime.Internal.ErrorHandler.ProcessExceptionAsync(IExecutionContext executionContext, Exception exception)
   at Amazon.Runtime.Internal.ErrorHandler.InvokeAsync[T](IExecutionContext executionContext)
   at Amazon.Runtime.Internal.CallbackHandler.InvokeAsync[T](IExecutionContext executionContext)
   at Amazon.Runtime.Internal.Signer.InvokeAsync[T](IExecutionContext executionContext)
   at Amazon.S3.Internal.S3Express.S3ExpressPreSigner.InvokeAsync[T](IExecutionContext executionContext)
   at Amazon.Runtime.Internal.EndpointDiscoveryHandler.InvokeAsync[T](IExecutionContext executionContext)
   at Amazon.Runtime.Internal.EndpointDiscoveryHandler.InvokeAsync[T](IExecutionContext executionContext)
   at Amazon.Runtime.Internal.CredentialsRetriever.InvokeAsync[T](IExecutionContext executionContext)
   at Amazon.Runtime.Internal.RetryHandler.InvokeAsync[T](IExecutionContext executionContext)
   at Amazon.Runtime.Internal.RetryHandler.InvokeAsync[T](IExecutionContext executionContext)
   at Amazon.Runtime.Internal.CallbackHandler.InvokeAsync[T](IExecutionContext executionContext)
   at Amazon.Runtime.Internal.CallbackHandler.InvokeAsync[T](IExecutionContext executionContext)
   at Amazon.S3.Internal.AmazonS3ExceptionHandler.InvokeAsync[T](IExecutionContext executionContext)
   at Amazon.Runtime.Internal.ErrorCallbackHandler.InvokeAsync[T](IExecutionContext executionContext)
   at Amazon.Runtime.Internal.MetricsHandler.InvokeAsync[T](IExecutionContext executionContext)
======================================================================

2026-05-21 15:28:20.8338 [ERROR] [AIRS.Core.Common.LogForgingTools] [TraceID: 00-2ff94078a6214a2816d90d31b3f81883-883c07a8ef39b0c5-00]
  Event: 0
  Request: GET https://lcr-tp.nhi.gov.tw/api/NhiPatientImage/studies/1.2.840.188572451371712516215324230991522013712160/series/1.2.840.15231983789204947410611712199214759128/instances/1.2.840.1651296425160252831339722628927020221736/jpg 
  Message: 1779348500834 GetImage() 失敗，耗時 175 ms.
  Properties: RequestId=40000002-0003-f700-b63f-84710c7967bb; RequestPath=/api/NhiPatientImage/studies/1.2.840.188572451371712516215324230991522013712160/series/1.2.840.15231983789204947410611712199214759128/instances/1.2.840.1651296425160252831339722628927020221736/jpg; ActionId=675a52b6-3887-4a29-80f8-4bd3992df51e; ActionName=NHI_AI_MedReportViewerWebApi.Controllers.NhiPatientImageController.GetImageScreenshotAsync (NHI-AI-MedReportViewerWebApi); StudyInstanceUid=1.2.840.188572451371712516215324230991522013712160; SeriesInstanceUid=1.2.840.15231983789204947410611712199214759128; SopInstanceUid=1.2.840.1651296425160252831339722628927020221736
  --- Exception ---
Amazon.S3.AmazonS3Exception: The specified key does not exist.
 ---> Amazon.Runtime.Internal.HttpErrorResponseException: Exception of type 'Amazon.Runtime.Internal.HttpErrorResponseException' was thrown.
   at Amazon.Runtime.HttpWebRequestMessage.ProcessHttpResponseMessage(HttpResponseMessage responseMessage)
   at Amazon.Runtime.HttpWebRequestMessage.GetResponseAsync(CancellationToken cancellationToken)
   at Amazon.Runtime.Internal.HttpHandler`1.InvokeAsync[T](IExecutionContext executionContext)
   at Amazon.Runtime.Internal.RedirectHandler.InvokeAsync[T](IExecutionContext executionContext)
   at Amazon.Runtime.Internal.Unmarshaller.InvokeAsync[T](IExecutionContext executionContext)
   at Amazon.S3.Internal.AmazonS3ResponseHandler.InvokeAsync[T](IExecutionContext executionContext)
   at Amazon.Runtime.Internal.ErrorHandler.InvokeAsync[T](IExecutionContext executionContext)
   --- End of inner exception stack trace ---
   at Amazon.Runtime.Internal.HttpErrorResponseExceptionHandler.HandleExceptionStream(IRequestContext requestContext, IWebResponseData httpErrorResponse, HttpErrorResponseException exception, Stream responseStream)
   at Amazon.Runtime.Internal.HttpErrorResponseExceptionHandler.HandleExceptionAsync(IExecutionContext executionContext, HttpErrorResponseException exception)
   at Amazon.Runtime.Internal.ExceptionHandler`1.HandleAsync(IExecutionContext executionContext, Exception exception)
   at Amazon.Runtime.Internal.ErrorHandler.ProcessExceptionAsync(IExecutionContext executionContext, Exception exception)
   at Amazon.Runtime.Internal.ErrorHandler.InvokeAsync[T](IExecutionContext executionContext)
   at Amazon.Runtime.Internal.CallbackHandler.InvokeAsync[T](IExecutionContext executionContext)
   at Amazon.Runtime.Internal.Signer.InvokeAsync[T](IExecutionContext executionContext)
   at Amazon.S3.Internal.S3Express.S3ExpressPreSigner.InvokeAsync[T](IExecutionContext executionContext)
   at Amazon.Runtime.Internal.EndpointDiscoveryHandler.InvokeAsync[T](IExecutionContext executionContext)
   at Amazon.Runtime.Internal.EndpointDiscoveryHandler.InvokeAsync[T](IExecutionContext executionContext)
   at Amazon.Runtime.Internal.CredentialsRetriever.InvokeAsync[T](IExecutionContext executionContext)
   at Amazon.Runtime.Internal.RetryHandler.InvokeAsync[T](IExecutionContext executionContext)
   at Amazon.Runtime.Internal.RetryHandler.InvokeAsync[T](IExecutionContext executionContext)
   at Amazon.Runtime.Internal.CallbackHandler.InvokeAsync[T](IExecutionContext executionContext)
   at Amazon.Runtime.Internal.CallbackHandler.InvokeAsync[T](IExecutionContext executionContext)
   at Amazon.S3.Internal.AmazonS3ExceptionHandler.InvokeAsync[T](IExecutionContext executionContext)
   at Amazon.Runtime.Internal.ErrorCallbackHandler.InvokeAsync[T](IExecutionContext executionContext)
   at Amazon.Runtime.Internal.MetricsHandler.InvokeAsync[T](IExecutionContext executionContext)
======================================================================

2026-05-21 15:28:20.8338 [ERROR] [AIRS.Core.Common.LogForgingTools] [TraceID: 00-e0a57ec79e3ab1989dbb857b6ae97f67-28b955613fe7814c-00]
  Event: 0
  Request: GET https://lcr-tp.nhi.gov.tw/api/NhiPatientImage/studies/1.2.840.95628289237023181203129147651793012853/series/1.2.840.15522917228832121867788198941815717572241/instances/1.2.840.2482919651028917222517392352521782145174/jpg 
  Message: 1779348500841 GetImage() 失敗，耗時 706 ms.
  Properties: RequestId=40000002-0003-fa00-b63f-84710c7967bb; RequestPath=/api/NhiPatientImage/studies/1.2.840.95628289237023181203129147651793012853/series/1.2.840.15522917228832121867788198941815717572241/instances/1.2.840.2482919651028917222517392352521782145174/jpg; ActionId=675a52b6-3887-4a29-80f8-4bd3992df51e; ActionName=NHI_AI_MedReportViewerWebApi.Controllers.NhiPatientImageController.GetImageScreenshotAsync (NHI-AI-MedReportViewerWebApi); StudyInstanceUid=1.2.840.95628289237023181203129147651793012853; SeriesInstanceUid=1.2.840.15522917228832121867788198941815717572241; SopInstanceUid=1.2.840.2482919651028917222517392352521782145174
  --- Exception ---
Amazon.S3.AmazonS3Exception: The specified key does not exist.
 ---> Amazon.Runtime.Internal.HttpErrorResponseException: Exception of type 'Amazon.Runtime.Internal.HttpErrorResponseException' was thrown.
   at Amazon.Runtime.HttpWebRequestMessage.ProcessHttpResponseMessage(HttpResponseMessage responseMessage)
   at Amazon.Runtime.HttpWebRequestMessage.GetResponseAsync(CancellationToken cancellationToken)
   at Amazon.Runtime.Internal.HttpHandler`1.InvokeAsync[T](IExecutionContext executionContext)
   at Amazon.Runtime.Internal.RedirectHandler.InvokeAsync[T](IExecutionContext executionContext)
   at Amazon.Runtime.Internal.Unmarshaller.InvokeAsync[T](IExecutionContext executionContext)
   at Amazon.S3.Internal.AmazonS3ResponseHandler.InvokeAsync[T](IExecutionContext executionContext)
   at Amazon.Runtime.Internal.ErrorHandler.InvokeAsync[T](IExecutionContext executionContext)
   --- End of inner exception stack trace ---
   at Amazon.Runtime.Internal.HttpErrorResponseExceptionHandler.HandleExceptionStream(IRequestContext requestContext, IWebResponseData httpErrorResponse, HttpErrorResponseException exception, Stream responseStream)
   at Amazon.Runtime.Internal.HttpErrorResponseExceptionHandler.HandleExceptionAsync(IExecutionContext executionContext, HttpErrorResponseException exception)
   at Amazon.Runtime.Internal.ExceptionHandler`1.HandleAsync(IExecutionContext executionContext, Exception exception)
   at Amazon.Runtime.Internal.ErrorHandler.ProcessExceptionAsync(IExecutionContext executionContext, Exception exception)
   at Amazon.Runtime.Internal.ErrorHandler.InvokeAsync[T](IExecutionContext executionContext)
   at Amazon.Runtime.Internal.CallbackHandler.InvokeAsync[T](IExecutionContext executionContext)
   at Amazon.Runtime.Internal.Signer.InvokeAsync[T](IExecutionContext executionContext)
   at Amazon.S3.Internal.S3Express.S3ExpressPreSigner.InvokeAsync[T](IExecutionContext executionContext)
   at Amazon.Runtime.Internal.EndpointDiscoveryHandler.InvokeAsync[T](IExecutionContext executionContext)
   at Amazon.Runtime.Internal.EndpointDiscoveryHandler.InvokeAsync[T](IExecutionContext executionContext)
   at Amazon.Runtime.Internal.CredentialsRetriever.InvokeAsync[T](IExecutionContext executionContext)
   at Amazon.Runtime.Internal.RetryHandler.InvokeAsync[T](IExecutionContext executionContext)
   at Amazon.Runtime.Internal.RetryHandler.InvokeAsync[T](IExecutionContext executionContext)
   at Amazon.Runtime.Internal.CallbackHandler.InvokeAsync[T](IExecutionContext executionContext)
   at Amazon.Runtime.Internal.CallbackHandler.InvokeAsync[T](IExecutionContext executionContext)
   at Amazon.S3.Internal.AmazonS3ExceptionHandler.InvokeAsync[T](IExecutionContext executionContext)
   at Amazon.Runtime.Internal.ErrorCallbackHandler.InvokeAsync[T](IExecutionContext executionContext)
   at Amazon.Runtime.Internal.MetricsHandler.InvokeAsync[T](IExecutionContext executionContext)
======================================================================

2026-05-21 15:28:20.8338 [ERROR] [AIRS.Core.Common.LogForgingTools] [TraceID: 00-dd25a97a53bab1c36d13f6cc7e5b0240-18051f557e877791-00]
  Event: 0
  Request: GET https://lcr-tp.nhi.gov.tw/api/NhiPatientImage/studies/1.2.840.25117608923523578101231161936851828085/series/1.2.840.211941681108460115160221138240919221321384/instances/1.2.840.203127233250801041609771223515116217522475/jpg 
  Message: 1779348500843 GetImage() 失敗，耗時 524 ms.
  Properties: RequestId=4000011a-0002-fa00-b63f-84710c7967bb; RequestPath=/api/NhiPatientImage/studies/1.2.840.25117608923523578101231161936851828085/series/1.2.840.211941681108460115160221138240919221321384/instances/1.2.840.203127233250801041609771223515116217522475/jpg; ActionId=675a52b6-3887-4a29-80f8-4bd3992df51e; ActionName=NHI_AI_MedReportViewerWebApi.Controllers.NhiPatientImageController.GetImageScreenshotAsync (NHI-AI-MedReportViewerWebApi); StudyInstanceUid=1.2.840.25117608923523578101231161936851828085; SeriesInstanceUid=1.2.840.211941681108460115160221138240919221321384; SopInstanceUid=1.2.840.203127233250801041609771223515116217522475
  --- Exception ---
Amazon.S3.AmazonS3Exception: The specified key does not exist.
 ---> Amazon.Runtime.Internal.HttpErrorResponseException: Exception of type 'Amazon.Runtime.Internal.HttpErrorResponseException' was thrown.
   at Amazon.Runtime.HttpWebRequestMessage.ProcessHttpResponseMessage(HttpResponseMessage responseMessage)
   at Amazon.Runtime.HttpWebRequestMessage.GetResponseAsync(CancellationToken cancellationToken)
   at Amazon.Runtime.Internal.HttpHandler`1.InvokeAsync[T](IExecutionContext executionContext)
   at Amazon.Runtime.Internal.RedirectHandler.InvokeAsync[T](IExecutionContext executionContext)
   at Amazon.Runtime.Internal.Unmarshaller.InvokeAsync[T](IExecutionContext executionContext)
   at Amazon.S3.Internal.AmazonS3ResponseHandler.InvokeAsync[T](IExecutionContext executionContext)
   at Amazon.Runtime.Internal.ErrorHandler.InvokeAsync[T](IExecutionContext executionContext)
   --- End of inner exception stack trace ---
   at Amazon.Runtime.Internal.HttpErrorResponseExceptionHandler.HandleExceptionStream(IRequestContext requestContext, IWebResponseData httpErrorResponse, HttpErrorResponseException exception, Stream responseStream)
   at Amazon.Runtime.Internal.HttpErrorResponseExceptionHandler.HandleExceptionAsync(IExecutionContext executionContext, HttpErrorResponseException exception)
   at Amazon.Runtime.Internal.ExceptionHandler`1.HandleAsync(IExecutionContext executionContext, Exception exception)
   at Amazon.Runtime.Internal.ErrorHandler.ProcessExceptionAsync(IExecutionContext executionContext, Exception exception)
   at Amazon.Runtime.Internal.ErrorHandler.InvokeAsync[T](IExecutionContext executionContext)
   at Amazon.Runtime.Internal.CallbackHandler.InvokeAsync[T](IExecutionContext executionContext)
   at Amazon.Runtime.Internal.Signer.InvokeAsync[T](IExecutionContext executionContext)
   at Amazon.S3.Internal.S3Express.S3ExpressPreSigner.InvokeAsync[T](IExecutionContext executionContext)
   at Amazon.Runtime.Internal.EndpointDiscoveryHandler.InvokeAsync[T](IExecutionContext executionContext)
   at Amazon.Runtime.Internal.EndpointDiscoveryHandler.InvokeAsync[T](IExecutionContext executionContext)
   at Amazon.Runtime.Internal.CredentialsRetriever.InvokeAsync[T](IExecutionContext executionContext)
   at Amazon.Runtime.Internal.RetryHandler.InvokeAsync[T](IExecutionContext executionContext)
   at Amazon.Runtime.Internal.RetryHandler.InvokeAsync[T](IExecutionContext executionContext)
   at Amazon.Runtime.Internal.CallbackHandler.InvokeAsync[T](IExecutionContext executionContext)
   at Amazon.Runtime.Internal.CallbackHandler.InvokeAsync[T](IExecutionContext executionContext)
   at Amazon.S3.Internal.AmazonS3ExceptionHandler.InvokeAsync[T](IExecutionContext executionContext)
   at Amazon.Runtime.Internal.ErrorCallbackHandler.InvokeAsync[T](IExecutionContext executionContext)
   at Amazon.Runtime.Internal.MetricsHandler.InvokeAsync[T](IExecutionContext executionContext)
======================================================================

2026-05-21 15:28:20.8338 [ERROR] [AIRS.Core.Common.LogForgingTools] [TraceID: 00-111183c36178f933f7639c1257bde5ae-1b28f6105e2e49b2-00]
  Event: 0
  Request: GET https://lcr-tp.nhi.gov.tw/api/NhiPatientImage/studies/1.2.840.25117608923523578101231161936851828085/series/1.2.840.211941681108460115160221138240919221321384/instances/1.2.840.2211921183322322214326160692421211971102178/jpg 
  Message: 1779348500846 GetImage() 失敗，耗時 461 ms.
  Properties: RequestId=400002c0-0002-fb00-b63f-84710c7967bb; RequestPath=/api/NhiPatientImage/studies/1.2.840.25117608923523578101231161936851828085/series/1.2.840.211941681108460115160221138240919221321384/instances/1.2.840.2211921183322322214326160692421211971102178/jpg; ActionId=675a52b6-3887-4a29-80f8-4bd3992df51e; ActionName=NHI_AI_MedReportViewerWebApi.Controllers.NhiPatientImageController.GetImageScreenshotAsync (NHI-AI-MedReportViewerWebApi); StudyInstanceUid=1.2.840.25117608923523578101231161936851828085; SeriesInstanceUid=1.2.840.211941681108460115160221138240919221321384; SopInstanceUid=1.2.840.2211921183322322214326160692421211971102178
  --- Exception ---
Amazon.S3.AmazonS3Exception: The specified key does not exist.
 ---> Amazon.Runtime.Internal.HttpErrorResponseException: Exception of type 'Amazon.Runtime.Internal.HttpErrorResponseException' was thrown.
   at Amazon.Runtime.HttpWebRequestMessage.ProcessHttpResponseMessage(HttpResponseMessage responseMessage)
   at Amazon.Runtime.HttpWebRequestMessage.GetResponseAsync(CancellationToken cancellationToken)
   at Amazon.Runtime.Internal.HttpHandler`1.InvokeAsync[T](IExecutionContext executionContext)
   at Amazon.Runtime.Internal.RedirectHandler.InvokeAsync[T](IExecutionContext executionContext)
   at Amazon.Runtime.Internal.Unmarshaller.InvokeAsync[T](IExecutionContext executionContext)
   at Amazon.S3.Internal.AmazonS3ResponseHandler.InvokeAsync[T](IExecutionContext executionContext)
   at Amazon.Runtime.Internal.ErrorHandler.InvokeAsync[T](IExecutionContext executionContext)
   --- End of inner exception stack trace ---
   at Amazon.Runtime.Internal.HttpErrorResponseExceptionHandler.HandleExceptionStream(IRequestContext requestContext, IWebResponseData httpErrorResponse, HttpErrorResponseException exception, Stream responseStream)
   at Amazon.Runtime.Internal.HttpErrorResponseExceptionHandler.HandleExceptionAsync(IExecutionContext executionContext, HttpErrorResponseException exception)
   at Amazon.Runtime.Internal.ExceptionHandler`1.HandleAsync(IExecutionContext executionContext, Exception exception)
   at Amazon.Runtime.Internal.ErrorHandler.ProcessExceptionAsync(IExecutionContext executionContext, Exception exception)
   at Amazon.Runtime.Internal.ErrorHandler.InvokeAsync[T](IExecutionContext executionContext)
   at Amazon.Runtime.Internal.CallbackHandler.InvokeAsync[T](IExecutionContext executionContext)
   at Amazon.Runtime.Internal.Signer.InvokeAsync[T](IExecutionContext executionContext)
   at Amazon.S3.Internal.S3Express.S3ExpressPreSigner.InvokeAsync[T](IExecutionContext executionContext)
   at Amazon.Runtime.Internal.EndpointDiscoveryHandler.InvokeAsync[T](IExecutionContext executionContext)
   at Amazon.Runtime.Internal.EndpointDiscoveryHandler.InvokeAsync[T](IExecutionContext executionContext)
   at Amazon.Runtime.Internal.CredentialsRetriever.InvokeAsync[T](IExecutionContext executionContext)
   at Amazon.Runtime.Internal.RetryHandler.InvokeAsync[T](IExecutionContext executionContext)
   at Amazon.Runtime.Internal.RetryHandler.InvokeAsync[T](IExecutionContext executionContext)
   at Amazon.Runtime.Internal.CallbackHandler.InvokeAsync[T](IExecutionContext executionContext)
   at Amazon.Runtime.Internal.CallbackHandler.InvokeAsync[T](IExecutionContext executionContext)
   at Amazon.S3.Internal.AmazonS3ExceptionHandler.InvokeAsync[T](IExecutionContext executionContext)
   at Amazon.Runtime.Internal.ErrorCallbackHandler.InvokeAsync[T](IExecutionContext executionContext)
   at Amazon.Runtime.Internal.MetricsHandler.InvokeAsync[T](IExecutionContext executionContext)
======================================================================

2026-05-21 15:28:20.8338 [ERROR] [AIRS.Core.Common.LogForgingTools] [TraceID: 00-0fcf9dbe83193395c49322413393cc6b-2fec711e0b38ccf5-00]
  Event: 0
  Request: GET https://lcr-tp.nhi.gov.tw/api/NhiPatientImage/studies/1.2.840.1831491181932115913426236105211231112230198234/series/1.2.840.194662179851015213741321381722223612923/instances/1.2.840.1763117124319615212510318787121752082224170/jpg 
  Message: 1779348500850 GetImage() 失敗，耗時 333 ms.
  Properties: RequestId=40000002-0003-f900-b63f-84710c7967bb; RequestPath=/api/NhiPatientImage/studies/1.2.840.1831491181932115913426236105211231112230198234/series/1.2.840.194662179851015213741321381722223612923/instances/1.2.840.1763117124319615212510318787121752082224170/jpg; ActionId=675a52b6-3887-4a29-80f8-4bd3992df51e; ActionName=NHI_AI_MedReportViewerWebApi.Controllers.NhiPatientImageController.GetImageScreenshotAsync (NHI-AI-MedReportViewerWebApi); StudyInstanceUid=1.2.840.1831491181932115913426236105211231112230198234; SeriesInstanceUid=1.2.840.194662179851015213741321381722223612923; SopInstanceUid=1.2.840.1763117124319615212510318787121752082224170
  --- Exception ---
Amazon.S3.AmazonS3Exception: The specified key does not exist.
 ---> Amazon.Runtime.Internal.HttpErrorResponseException: Exception of type 'Amazon.Runtime.Internal.HttpErrorResponseException' was thrown.
   at Amazon.Runtime.HttpWebRequestMessage.ProcessHttpResponseMessage(HttpResponseMessage responseMessage)
   at Amazon.Runtime.HttpWebRequestMessage.GetResponseAsync(CancellationToken cancellationToken)
   at Amazon.Runtime.Internal.HttpHandler`1.InvokeAsync[T](IExecutionContext executionContext)
   at Amazon.Runtime.Internal.RedirectHandler.InvokeAsync[T](IExecutionContext executionContext)
   at Amazon.Runtime.Internal.Unmarshaller.InvokeAsync[T](IExecutionContext executionContext)
   at Amazon.S3.Internal.AmazonS3ResponseHandler.InvokeAsync[T](IExecutionContext executionContext)
   at Amazon.Runtime.Internal.ErrorHandler.InvokeAsync[T](IExecutionContext executionContext)
   --- End of inner exception stack trace ---
   at Amazon.Runtime.Internal.HttpErrorResponseExceptionHandler.HandleExceptionStream(IRequestContext requestContext, IWebResponseData httpErrorResponse, HttpErrorResponseException exception, Stream responseStream)
   at Amazon.Runtime.Internal.HttpErrorResponseExceptionHandler.HandleExceptionAsync(IExecutionContext executionContext, HttpErrorResponseException exception)
   at Amazon.Runtime.Internal.ExceptionHandler`1.HandleAsync(IExecutionContext executionContext, Exception exception)
   at Amazon.Runtime.Internal.ErrorHandler.ProcessExceptionAsync(IExecutionContext executionContext, Exception exception)
   at Amazon.Runtime.Internal.ErrorHandler.InvokeAsync[T](IExecutionContext executionContext)
   at Amazon.Runtime.Internal.CallbackHandler.InvokeAsync[T](IExecutionContext executionContext)
   at Amazon.Runtime.Internal.Signer.InvokeAsync[T](IExecutionContext executionContext)
   at Amazon.S3.Internal.S3Express.S3ExpressPreSigner.InvokeAsync[T](IExecutionContext executionContext)
   at Amazon.Runtime.Internal.EndpointDiscoveryHandler.InvokeAsync[T](IExecutionContext executionContext)
   at Amazon.Runtime.Internal.EndpointDiscoveryHandler.InvokeAsync[T](IExecutionContext executionContext)
   at Amazon.Runtime.Internal.CredentialsRetriever.InvokeAsync[T](IExecutionContext executionContext)
   at Amazon.Runtime.Internal.RetryHandler.InvokeAsync[T](IExecutionContext executionContext)
   at Amazon.Runtime.Internal.RetryHandler.InvokeAsync[T](IExecutionContext executionContext)
   at Amazon.Runtime.Internal.CallbackHandler.InvokeAsync[T](IExecutionContext executionContext)
   at Amazon.Runtime.Internal.CallbackHandler.InvokeAsync[T](IExecutionContext executionContext)
   at Amazon.S3.Internal.AmazonS3ExceptionHandler.InvokeAsync[T](IExecutionContext executionContext)
   at Amazon.Runtime.Internal.ErrorCallbackHandler.InvokeAsync[T](IExecutionContext executionContext)
   at Amazon.Runtime.Internal.MetricsHandler.InvokeAsync[T](IExecutionContext executionContext)
======================================================================

2026-05-21 15:28:20.8338 [ERROR] [AIRS.Core.Common.LogForgingTools] [TraceID: 00-6c07d491f5400690343e4dc3737133b1-55d6a38677e8f599-00]
  Event: 0
  Request: GET https://lcr-tp.nhi.gov.tw/api/NhiPatientImage/studies/1.2.840.9910213721418325218772121021591791708761232/series/1.2.840.1718923156152311768923275322146219117393/instances/1.2.840.28205114487195201111819825012815415044161/jpg 
  Message: 1779348500855 GetImage() 失敗，耗時 653 ms.
  Properties: RequestId=40000002-0001-f800-b63f-84710c7967bb; RequestPath=/api/NhiPatientImage/studies/1.2.840.9910213721418325218772121021591791708761232/series/1.2.840.1718923156152311768923275322146219117393/instances/1.2.840.28205114487195201111819825012815415044161/jpg; ActionId=675a52b6-3887-4a29-80f8-4bd3992df51e; ActionName=NHI_AI_MedReportViewerWebApi.Controllers.NhiPatientImageController.GetImageScreenshotAsync (NHI-AI-MedReportViewerWebApi); StudyInstanceUid=1.2.840.9910213721418325218772121021591791708761232; SeriesInstanceUid=1.2.840.1718923156152311768923275322146219117393; SopInstanceUid=1.2.840.28205114487195201111819825012815415044161
  --- Exception ---
Amazon.S3.AmazonS3Exception: The specified key does not exist.
 ---> Amazon.Runtime.Internal.HttpErrorResponseException: Exception of type 'Amazon.Runtime.Internal.HttpErrorResponseException' was thrown.
   at Amazon.Runtime.HttpWebRequestMessage.ProcessHttpResponseMessage(HttpResponseMessage responseMessage)
   at Amazon.Runtime.HttpWebRequestMessage.GetResponseAsync(CancellationToken cancellationToken)
   at Amazon.Runtime.Internal.HttpHandler`1.InvokeAsync[T](IExecutionContext executionContext)
   at Amazon.Runtime.Internal.RedirectHandler.InvokeAsync[T](IExecutionContext executionContext)
   at Amazon.Runtime.Internal.Unmarshaller.InvokeAsync[T](IExecutionContext executionContext)
   at Amazon.S3.Internal.AmazonS3ResponseHandler.InvokeAsync[T](IExecutionContext executionContext)
   at Amazon.Runtime.Internal.ErrorHandler.InvokeAsync[T](IExecutionContext executionContext)
   --- End of inner exception stack trace ---
   at Amazon.Runtime.Internal.HttpErrorResponseExceptionHandler.HandleExceptionStream(IRequestContext requestContext, IWebResponseData httpErrorResponse, HttpErrorResponseException exception, Stream responseStream)
   at Amazon.Runtime.Internal.HttpErrorResponseExceptionHandler.HandleExceptionAsync(IExecutionContext executionContext, HttpErrorResponseException exception)
   at Amazon.Runtime.Internal.ExceptionHandler`1.HandleAsync(IExecutionContext executionContext, Exception exception)
   at Amazon.Runtime.Internal.ErrorHandler.ProcessExceptionAsync(IExecutionContext executionContext, Exception exception)
   at Amazon.Runtime.Internal.ErrorHandler.InvokeAsync[T](IExecutionContext executionContext)
   at Amazon.Runtime.Internal.CallbackHandler.InvokeAsync[T](IExecutionContext executionContext)
   at Amazon.Runtime.Internal.Signer.InvokeAsync[T](IExecutionContext executionContext)
   at Amazon.S3.Internal.S3Express.S3ExpressPreSigner.InvokeAsync[T](IExecutionContext executionContext)
   at Amazon.Runtime.Internal.EndpointDiscoveryHandler.InvokeAsync[T](IExecutionContext executionContext)
   at Amazon.Runtime.Internal.EndpointDiscoveryHandler.InvokeAsync[T](IExecutionContext executionContext)
   at Amazon.Runtime.Internal.CredentialsRetriever.InvokeAsync[T](IExecutionContext executionContext)
   at Amazon.Runtime.Internal.RetryHandler.InvokeAsync[T](IExecutionContext executionContext)
   at Amazon.Runtime.Internal.RetryHandler.InvokeAsync[T](IExecutionContext executionContext)
   at Amazon.Runtime.Internal.CallbackHandler.InvokeAsync[T](IExecutionContext executionContext)
   at Amazon.Runtime.Internal.CallbackHandler.InvokeAsync[T](IExecutionContext executionContext)
   at Amazon.S3.Internal.AmazonS3ExceptionHandler.InvokeAsync[T](IExecutionContext executionContext)
   at Amazon.Runtime.Internal.ErrorCallbackHandler.InvokeAsync[T](IExecutionContext executionContext)
   at Amazon.Runtime.Internal.MetricsHandler.InvokeAsync[T](IExecutionContext executionContext)
======================================================================

2026-05-21 15:28:20.8338 [ERROR] [AIRS.Core.Common.LogForgingTools] [TraceID: 00-40d715788228dc360a596b124038db6f-f704522c7d3fb3f3-00]
  Event: 0
  Request: GET https://lcr-tp.nhi.gov.tw/api/NhiPatientImage/studies/1.2.840.1831491181932115913426236105211231112230198234/series/1.2.840.194662179851015213741321381722223612923/instances/1.2.840.1556415613457171655548642410420286244166/jpg 
  Message: 1779348500857 GetImage() 失敗，耗時 223 ms.
  Properties: RequestId=40000002-0003-f800-b63f-84710c7967bb; RequestPath=/api/NhiPatientImage/studies/1.2.840.1831491181932115913426236105211231112230198234/series/1.2.840.194662179851015213741321381722223612923/instances/1.2.840.1556415613457171655548642410420286244166/jpg; ActionId=675a52b6-3887-4a29-80f8-4bd3992df51e; ActionName=NHI_AI_MedReportViewerWebApi.Controllers.NhiPatientImageController.GetImageScreenshotAsync (NHI-AI-MedReportViewerWebApi); StudyInstanceUid=1.2.840.1831491181932115913426236105211231112230198234; SeriesInstanceUid=1.2.840.194662179851015213741321381722223612923; SopInstanceUid=1.2.840.1556415613457171655548642410420286244166
  --- Exception ---
Amazon.S3.AmazonS3Exception: The specified key does not exist.
 ---> Amazon.Runtime.Internal.HttpErrorResponseException: Exception of type 'Amazon.Runtime.Internal.HttpErrorResponseException' was thrown.
   at Amazon.Runtime.HttpWebRequestMessage.ProcessHttpResponseMessage(HttpResponseMessage responseMessage)
   at Amazon.Runtime.HttpWebRequestMessage.GetResponseAsync(CancellationToken cancellationToken)
   at Amazon.Runtime.Internal.HttpHandler`1.InvokeAsync[T](IExecutionContext executionContext)
   at Amazon.Runtime.Internal.RedirectHandler.InvokeAsync[T](IExecutionContext executionContext)
   at Amazon.Runtime.Internal.Unmarshaller.InvokeAsync[T](IExecutionContext executionContext)
   at Amazon.S3.Internal.AmazonS3ResponseHandler.InvokeAsync[T](IExecutionContext executionContext)
   at Amazon.Runtime.Internal.ErrorHandler.InvokeAsync[T](IExecutionContext executionContext)
   --- End of inner exception stack trace ---
   at Amazon.Runtime.Internal.HttpErrorResponseExceptionHandler.HandleExceptionStream(IRequestContext requestContext, IWebResponseData httpErrorResponse, HttpErrorResponseException exception, Stream responseStream)
   at Amazon.Runtime.Internal.HttpErrorResponseExceptionHandler.HandleExceptionAsync(IExecutionContext executionContext, HttpErrorResponseException exception)
   at Amazon.Runtime.Internal.ExceptionHandler`1.HandleAsync(IExecutionContext executionContext, Exception exception)
   at Amazon.Runtime.Internal.ErrorHandler.ProcessExceptionAsync(IExecutionContext executionContext, Exception exception)
   at Amazon.Runtime.Internal.ErrorHandler.InvokeAsync[T](IExecutionContext executionContext)
   at Amazon.Runtime.Internal.CallbackHandler.InvokeAsync[T](IExecutionContext executionContext)
   at Amazon.Runtime.Internal.Signer.InvokeAsync[T](IExecutionContext executionContext)
   at Amazon.S3.Internal.S3Express.S3ExpressPreSigner.InvokeAsync[T](IExecutionContext executionContext)
   at Amazon.Runtime.Internal.EndpointDiscoveryHandler.InvokeAsync[T](IExecutionContext executionContext)
   at Amazon.Runtime.Internal.EndpointDiscoveryHandler.InvokeAsync[T](IExecutionContext executionContext)
   at Amazon.Runtime.Internal.CredentialsRetriever.InvokeAsync[T](IExecutionContext executionContext)
   at Amazon.Runtime.Internal.RetryHandler.InvokeAsync[T](IExecutionContext executionContext)
   at Amazon.Runtime.Internal.RetryHandler.InvokeAsync[T](IExecutionContext executionContext)
   at Amazon.Runtime.Internal.CallbackHandler.InvokeAsync[T](IExecutionContext executionContext)
   at Amazon.Runtime.Internal.CallbackHandler.InvokeAsync[T](IExecutionContext executionContext)
   at Amazon.S3.Internal.AmazonS3ExceptionHandler.InvokeAsync[T](IExecutionContext executionContext)
   at Amazon.Runtime.Internal.ErrorCallbackHandler.InvokeAsync[T](IExecutionContext executionContext)
   at Amazon.Runtime.Internal.MetricsHandler.InvokeAsync[T](IExecutionContext executionContext)
======================================================================

2026-05-21 15:28:20.9339 [ERROR] [NHI_AI_MedReportViewerWebApi.Services.NhiPatientImageService] [TraceID: 00-472849c63f8da5d7f8a0875474c44d78-01764e91282580e3-00]
  Event: 0
  Request: GET https://lcr-tp.nhi.gov.tw/api/NhiPatientImage/studies/1.2.840.9910213721418325218772121021591791708761232/series/1.2.840.1718923156152311768923275322146219117393/instances/1.2.840.1666017802032451797210229178424333245136/jpg 
  Message: 取得 DICOM 影像串流時發生錯誤
  Properties: RequestId=40000004-0002-f800-b63f-84710c7967bb; RequestPath=/api/NhiPatientImage/studies/1.2.840.9910213721418325218772121021591791708761232/series/1.2.840.1718923156152311768923275322146219117393/instances/1.2.840.1666017802032451797210229178424333245136/jpg; ActionId=675a52b6-3887-4a29-80f8-4bd3992df51e; ActionName=NHI_AI_MedReportViewerWebApi.Controllers.NhiPatientImageController.GetImageScreenshotAsync (NHI-AI-MedReportViewerWebApi); StudyInstanceUid=1.2.840.9910213721418325218772121021591791708761232; SeriesInstanceUid=1.2.840.1718923156152311768923275322146219117393; SopInstanceUid=1.2.840.1666017802032451797210229178424333245136
  --- Exception ---
Amazon.S3.AmazonS3Exception: The specified key does not exist.
 ---> Amazon.Runtime.Internal.HttpErrorResponseException: Exception of type 'Amazon.Runtime.Internal.HttpErrorResponseException' was thrown.
   at Amazon.Runtime.HttpWebRequestMessage.ProcessHttpResponseMessage(HttpResponseMessage responseMessage)
   at Amazon.Runtime.HttpWebRequestMessage.GetResponseAsync(CancellationToken cancellationToken)
   at Amazon.Runtime.Internal.HttpHandler`1.InvokeAsync[T](IExecutionContext executionContext)
   at Amazon.Runtime.Internal.RedirectHandler.InvokeAsync[T](IExecutionContext executionContext)
   at Amazon.Runtime.Internal.Unmarshaller.InvokeAsync[T](IExecutionContext executionContext)
   at Amazon.S3.Internal.AmazonS3ResponseHandler.InvokeAsync[T](IExecutionContext executionContext)
   at Amazon.Runtime.Internal.ErrorHandler.InvokeAsync[T](IExecutionContext executionContext)
   --- End of inner exception stack trace ---
   at Amazon.Runtime.Internal.HttpErrorResponseExceptionHandler.HandleExceptionStream(IRequestContext requestContext, IWebResponseData httpErrorResponse, HttpErrorResponseException exception, Stream responseStream)
   at Amazon.Runtime.Internal.HttpErrorResponseExceptionHandler.HandleExceptionAsync(IExecutionContext executionContext, HttpErrorResponseException exception)
   at Amazon.Runtime.Internal.ExceptionHandler`1.HandleAsync(IExecutionContext executionContext, Exception exception)
   at Amazon.Runtime.Internal.ErrorHandler.ProcessExceptionAsync(IExecutionContext executionContext, Exception exception)
   at Amazon.Runtime.Internal.ErrorHandler.InvokeAsync[T](IExecutionContext executionContext)
   at Amazon.Runtime.Internal.CallbackHandler.InvokeAsync[T](IExecutionContext executionContext)
   at Amazon.Runtime.Internal.Signer.InvokeAsync[T](IExecutionContext executionContext)
   at Amazon.S3.Internal.S3Express.S3ExpressPreSigner.InvokeAsync[T](IExecutionContext executionContext)
   at Amazon.Runtime.Internal.EndpointDiscoveryHandler.InvokeAsync[T](IExecutionContext executionContext)
   at Amazon.Runtime.Internal.EndpointDiscoveryHandler.InvokeAsync[T](IExecutionContext executionContext)
   at Amazon.Runtime.Internal.CredentialsRetriever.InvokeAsync[T](IExecutionContext executionContext)
   at Amazon.Runtime.Internal.RetryHandler.InvokeAsync[T](IExecutionContext executionContext)
   at Amazon.Runtime.Internal.RetryHandler.InvokeAsync[T](IExecutionContext executionContext)
   at Amazon.Runtime.Internal.CallbackHandler.InvokeAsync[T](IExecutionContext executionContext)
   at Amazon.Runtime.Internal.CallbackHandler.InvokeAsync[T](IExecutionContext executionContext)
   at Amazon.S3.Internal.AmazonS3ExceptionHandler.InvokeAsync[T](IExecutionContext executionContext)
   at Amazon.Runtime.Internal.ErrorCallbackHandler.InvokeAsync[T](IExecutionContext executionContext)
   at Amazon.Runtime.Internal.MetricsHandler.InvokeAsync[T](IExecutionContext executionContext)
======================================================================

2026-05-21 15:28:20.9400 [ERROR] [NHI_AI_MedReportViewerWebApi.Services.NhiPatientImageService] [TraceID: 00-2ff94078a6214a2816d90d31b3f81883-883c07a8ef39b0c5-00]
  Event: 0
  Request: GET https://lcr-tp.nhi.gov.tw/api/NhiPatientImage/studies/1.2.840.188572451371712516215324230991522013712160/series/1.2.840.15231983789204947410611712199214759128/instances/1.2.840.1651296425160252831339722628927020221736/jpg 
  Message: 取得 DICOM 影像串流時發生錯誤
  Properties: RequestId=40000002-0003-f700-b63f-84710c7967bb; RequestPath=/api/NhiPatientImage/studies/1.2.840.188572451371712516215324230991522013712160/series/1.2.840.15231983789204947410611712199214759128/instances/1.2.840.1651296425160252831339722628927020221736/jpg; ActionId=675a52b6-3887-4a29-80f8-4bd3992df51e; ActionName=NHI_AI_MedReportViewerWebApi.Controllers.NhiPatientImageController.GetImageScreenshotAsync (NHI-AI-MedReportViewerWebApi); StudyInstanceUid=1.2.840.188572451371712516215324230991522013712160; SeriesInstanceUid=1.2.840.15231983789204947410611712199214759128; SopInstanceUid=1.2.840.1651296425160252831339722628927020221736
  --- Exception ---
Amazon.S3.AmazonS3Exception: The specified key does not exist.
 ---> Amazon.Runtime.Internal.HttpErrorResponseException: Exception of type 'Amazon.Runtime.Internal.HttpErrorResponseException' was thrown.
   at Amazon.Runtime.HttpWebRequestMessage.ProcessHttpResponseMessage(HttpResponseMessage responseMessage)
   at Amazon.Runtime.HttpWebRequestMessage.GetResponseAsync(CancellationToken cancellationToken)
   at Amazon.Runtime.Internal.HttpHandler`1.InvokeAsync[T](IExecutionContext executionContext)
   at Amazon.Runtime.Internal.RedirectHandler.InvokeAsync[T](IExecutionContext executionContext)
   at Amazon.Runtime.Internal.Unmarshaller.InvokeAsync[T](IExecutionContext executionContext)
   at Amazon.S3.Internal.AmazonS3ResponseHandler.InvokeAsync[T](IExecutionContext executionContext)
   at Amazon.Runtime.Internal.ErrorHandler.InvokeAsync[T](IExecutionContext executionContext)
   --- End of inner exception stack trace ---
   at Amazon.Runtime.Internal.HttpErrorResponseExceptionHandler.HandleExceptionStream(IRequestContext requestContext, IWebResponseData httpErrorResponse, HttpErrorResponseException exception, Stream responseStream)
   at Amazon.Runtime.Internal.HttpErrorResponseExceptionHandler.HandleExceptionAsync(IExecutionContext executionContext, HttpErrorResponseException exception)
   at Amazon.Runtime.Internal.ExceptionHandler`1.HandleAsync(IExecutionContext executionContext, Exception exception)
   at Amazon.Runtime.Internal.ErrorHandler.ProcessExceptionAsync(IExecutionContext executionContext, Exception exception)
   at Amazon.Runtime.Internal.ErrorHandler.InvokeAsync[T](IExecutionContext executionContext)
   at Amazon.Runtime.Internal.CallbackHandler.InvokeAsync[T](IExecutionContext executionContext)
   at Amazon.Runtime.Internal.Signer.InvokeAsync[T](IExecutionContext executionContext)
   at Amazon.S3.Internal.S3Express.S3ExpressPreSigner.InvokeAsync[T](IExecutionContext executionContext)
   at Amazon.Runtime.Internal.EndpointDiscoveryHandler.InvokeAsync[T](IExecutionContext executionContext)
   at Amazon.Runtime.Internal.EndpointDiscoveryHandler.InvokeAsync[T](IExecutionContext executionContext)
   at Amazon.Runtime.Internal.CredentialsRetriever.InvokeAsync[T](IExecutionContext executionContext)
   at Amazon.Runtime.Internal.RetryHandler.InvokeAsync[T](IExecutionContext executionContext)
   at Amazon.Runtime.Internal.RetryHandler.InvokeAsync[T](IExecutionContext executionContext)
   at Amazon.Runtime.Internal.CallbackHandler.InvokeAsync[T](IExecutionContext executionContext)
   at Amazon.Runtime.Internal.CallbackHandler.InvokeAsync[T](IExecutionContext executionContext)
   at Amazon.S3.Internal.AmazonS3ExceptionHandler.InvokeAsync[T](IExecutionContext executionContext)
   at Amazon.Runtime.Internal.ErrorCallbackHandler.InvokeAsync[T](IExecutionContext executionContext)
   at Amazon.Runtime.Internal.MetricsHandler.InvokeAsync[T](IExecutionContext executionContext)
======================================================================

2026-05-21 15:28:20.9620 [ERROR] [NHI_AI_MedReportViewerWebApi.Services.NhiPatientImageService] [TraceID: 00-e0a57ec79e3ab1989dbb857b6ae97f67-28b955613fe7814c-00]
  Event: 0
  Request: GET https://lcr-tp.nhi.gov.tw/api/NhiPatientImage/studies/1.2.840.95628289237023181203129147651793012853/series/1.2.840.15522917228832121867788198941815717572241/instances/1.2.840.2482919651028917222517392352521782145174/jpg 
  Message: 取得 DICOM 影像串流時發生錯誤
  Properties: RequestId=40000002-0003-fa00-b63f-84710c7967bb; RequestPath=/api/NhiPatientImage/studies/1.2.840.95628289237023181203129147651793012853/series/1.2.840.15522917228832121867788198941815717572241/instances/1.2.840.2482919651028917222517392352521782145174/jpg; ActionId=675a52b6-3887-4a29-80f8-4bd3992df51e; ActionName=NHI_AI_MedReportViewerWebApi.Controllers.NhiPatientImageController.GetImageScreenshotAsync (NHI-AI-MedReportViewerWebApi); StudyInstanceUid=1.2.840.95628289237023181203129147651793012853; SeriesInstanceUid=1.2.840.15522917228832121867788198941815717572241; SopInstanceUid=1.2.840.2482919651028917222517392352521782145174
  --- Exception ---
Amazon.S3.AmazonS3Exception: The specified key does not exist.
 ---> Amazon.Runtime.Internal.HttpErrorResponseException: Exception of type 'Amazon.Runtime.Internal.HttpErrorResponseException' was thrown.
   at Amazon.Runtime.HttpWebRequestMessage.ProcessHttpResponseMessage(HttpResponseMessage responseMessage)
   at Amazon.Runtime.HttpWebRequestMessage.GetResponseAsync(CancellationToken cancellationToken)
   at Amazon.Runtime.Internal.HttpHandler`1.InvokeAsync[T](IExecutionContext executionContext)
   at Amazon.Runtime.Internal.RedirectHandler.InvokeAsync[T](IExecutionContext executionContext)
   at Amazon.Runtime.Internal.Unmarshaller.InvokeAsync[T](IExecutionContext executionContext)
   at Amazon.S3.Internal.AmazonS3ResponseHandler.InvokeAsync[T](IExecutionContext executionContext)
   at Amazon.Runtime.Internal.ErrorHandler.InvokeAsync[T](IExecutionContext executionContext)
   --- End of inner exception stack trace ---
   at Amazon.Runtime.Internal.HttpErrorResponseExceptionHandler.HandleExceptionStream(IRequestContext requestContext, IWebResponseData httpErrorResponse, HttpErrorResponseException exception, Stream responseStream)
   at Amazon.Runtime.Internal.HttpErrorResponseExceptionHandler.HandleExceptionAsync(IExecutionContext executionContext, HttpErrorResponseException exception)
   at Amazon.Runtime.Internal.ExceptionHandler`1.HandleAsync(IExecutionContext executionContext, Exception exception)
   at Amazon.Runtime.Internal.ErrorHandler.ProcessExceptionAsync(IExecutionContext executionContext, Exception exception)
   at Amazon.Runtime.Internal.ErrorHandler.InvokeAsync[T](IExecutionContext executionContext)
   at Amazon.Runtime.Internal.CallbackHandler.InvokeAsync[T](IExecutionContext executionContext)
   at Amazon.Runtime.Internal.Signer.InvokeAsync[T](IExecutionContext executionContext)
   at Amazon.S3.Internal.S3Express.S3ExpressPreSigner.InvokeAsync[T](IExecutionContext executionContext)
   at Amazon.Runtime.Internal.EndpointDiscoveryHandler.InvokeAsync[T](IExecutionContext executionContext)
   at Amazon.Runtime.Internal.EndpointDiscoveryHandler.InvokeAsync[T](IExecutionContext executionContext)
   at Amazon.Runtime.Internal.CredentialsRetriever.InvokeAsync[T](IExecutionContext executionContext)
   at Amazon.Runtime.Internal.RetryHandler.InvokeAsync[T](IExecutionContext executionContext)
   at Amazon.Runtime.Internal.RetryHandler.InvokeAsync[T](IExecutionContext executionContext)
   at Amazon.Runtime.Internal.CallbackHandler.InvokeAsync[T](IExecutionContext executionContext)
   at Amazon.Runtime.Internal.CallbackHandler.InvokeAsync[T](IExecutionContext executionContext)
   at Amazon.S3.Internal.AmazonS3ExceptionHandler.InvokeAsync[T](IExecutionContext executionContext)
   at Amazon.Runtime.Internal.ErrorCallbackHandler.InvokeAsync[T](IExecutionContext executionContext)
   at Amazon.Runtime.Internal.MetricsHandler.InvokeAsync[T](IExecutionContext executionContext)
======================================================================

2026-05-21 15:28:20.9720 [ERROR] [NHI_AI_MedReportViewerWebApi.Services.NhiPatientImageService] [TraceID: 00-dd25a97a53bab1c36d13f6cc7e5b0240-18051f557e877791-00]
  Event: 0
  Request: GET https://lcr-tp.nhi.gov.tw/api/NhiPatientImage/studies/1.2.840.25117608923523578101231161936851828085/series/1.2.840.211941681108460115160221138240919221321384/instances/1.2.840.203127233250801041609771223515116217522475/jpg 
  Message: 取得 DICOM 影像串流時發生錯誤
  Properties: RequestId=4000011a-0002-fa00-b63f-84710c7967bb; RequestPath=/api/NhiPatientImage/studies/1.2.840.25117608923523578101231161936851828085/series/1.2.840.211941681108460115160221138240919221321384/instances/1.2.840.203127233250801041609771223515116217522475/jpg; ActionId=675a52b6-3887-4a29-80f8-4bd3992df51e; ActionName=NHI_AI_MedReportViewerWebApi.Controllers.NhiPatientImageController.GetImageScreenshotAsync (NHI-AI-MedReportViewerWebApi); StudyInstanceUid=1.2.840.25117608923523578101231161936851828085; SeriesInstanceUid=1.2.840.211941681108460115160221138240919221321384; SopInstanceUid=1.2.840.203127233250801041609771223515116217522475
  --- Exception ---
Amazon.S3.AmazonS3Exception: The specified key does not exist.
 ---> Amazon.Runtime.Internal.HttpErrorResponseException: Exception of type 'Amazon.Runtime.Internal.HttpErrorResponseException' was thrown.
   at Amazon.Runtime.HttpWebRequestMessage.ProcessHttpResponseMessage(HttpResponseMessage responseMessage)
   at Amazon.Runtime.HttpWebRequestMessage.GetResponseAsync(CancellationToken cancellationToken)
   at Amazon.Runtime.Internal.HttpHandler`1.InvokeAsync[T](IExecutionContext executionContext)
   at Amazon.Runtime.Internal.RedirectHandler.InvokeAsync[T](IExecutionContext executionContext)
   at Amazon.Runtime.Internal.Unmarshaller.InvokeAsync[T](IExecutionContext executionContext)
   at Amazon.S3.Internal.AmazonS3ResponseHandler.InvokeAsync[T](IExecutionContext executionContext)
   at Amazon.Runtime.Internal.ErrorHandler.InvokeAsync[T](IExecutionContext executionContext)
   --- End of inner exception stack trace ---
   at Amazon.Runtime.Internal.HttpErrorResponseExceptionHandler.HandleExceptionStream(IRequestContext requestContext, IWebResponseData httpErrorResponse, HttpErrorResponseException exception, Stream responseStream)
   at Amazon.Runtime.Internal.HttpErrorResponseExceptionHandler.HandleExceptionAsync(IExecutionContext executionContext, HttpErrorResponseException exception)
   at Amazon.Runtime.Internal.ExceptionHandler`1.HandleAsync(IExecutionContext executionContext, Exception exception)
   at Amazon.Runtime.Internal.ErrorHandler.ProcessExceptionAsync(IExecutionContext executionContext, Exception exception)
   at Amazon.Runtime.Internal.ErrorHandler.InvokeAsync[T](IExecutionContext executionContext)
   at Amazon.Runtime.Internal.CallbackHandler.InvokeAsync[T](IExecutionContext executionContext)
   at Amazon.Runtime.Internal.Signer.InvokeAsync[T](IExecutionContext executionContext)
   at Amazon.S3.Internal.S3Express.S3ExpressPreSigner.InvokeAsync[T](IExecutionContext executionContext)
   at Amazon.Runtime.Internal.EndpointDiscoveryHandler.InvokeAsync[T](IExecutionContext executionContext)
   at Amazon.Runtime.Internal.EndpointDiscoveryHandler.InvokeAsync[T](IExecutionContext executionContext)
   at Amazon.Runtime.Internal.CredentialsRetriever.InvokeAsync[T](IExecutionContext executionContext)
   at Amazon.Runtime.Internal.RetryHandler.InvokeAsync[T](IExecutionContext executionContext)
   at Amazon.Runtime.Internal.RetryHandler.InvokeAsync[T](IExecutionContext executionContext)
   at Amazon.Runtime.Internal.CallbackHandler.InvokeAsync[T](IExecutionContext executionContext)
   at Amazon.Runtime.Internal.CallbackHandler.InvokeAsync[T](IExecutionContext executionContext)
   at Amazon.S3.Internal.AmazonS3ExceptionHandler.InvokeAsync[T](IExecutionContext executionContext)
   at Amazon.Runtime.Internal.ErrorCallbackHandler.InvokeAsync[T](IExecutionContext executionContext)
   at Amazon.Runtime.Internal.MetricsHandler.InvokeAsync[T](IExecutionContext executionContext)
======================================================================

2026-05-21 15:28:20.9720 [ERROR] [NHI_AI_MedReportViewerWebApi.Services.NhiPatientImageService] [TraceID: 00-111183c36178f933f7639c1257bde5ae-1b28f6105e2e49b2-00]
  Event: 0
  Request: GET https://lcr-tp.nhi.gov.tw/api/NhiPatientImage/studies/1.2.840.25117608923523578101231161936851828085/series/1.2.840.211941681108460115160221138240919221321384/instances/1.2.840.2211921183322322214326160692421211971102178/jpg 
  Message: 取得 DICOM 影像串流時發生錯誤
  Properties: RequestId=400002c0-0002-fb00-b63f-84710c7967bb; RequestPath=/api/NhiPatientImage/studies/1.2.840.25117608923523578101231161936851828085/series/1.2.840.211941681108460115160221138240919221321384/instances/1.2.840.2211921183322322214326160692421211971102178/jpg; ActionId=675a52b6-3887-4a29-80f8-4bd3992df51e; ActionName=NHI_AI_MedReportViewerWebApi.Controllers.NhiPatientImageController.GetImageScreenshotAsync (NHI-AI-MedReportViewerWebApi); StudyInstanceUid=1.2.840.25117608923523578101231161936851828085; SeriesInstanceUid=1.2.840.211941681108460115160221138240919221321384; SopInstanceUid=1.2.840.2211921183322322214326160692421211971102178
  --- Exception ---
Amazon.S3.AmazonS3Exception: The specified key does not exist.
 ---> Amazon.Runtime.Internal.HttpErrorResponseException: Exception of type 'Amazon.Runtime.Internal.HttpErrorResponseException' was thrown.
   at Amazon.Runtime.HttpWebRequestMessage.ProcessHttpResponseMessage(HttpResponseMessage responseMessage)
   at Amazon.Runtime.HttpWebRequestMessage.GetResponseAsync(CancellationToken cancellationToken)
   at Amazon.Runtime.Internal.HttpHandler`1.InvokeAsync[T](IExecutionContext executionContext)
   at Amazon.Runtime.Internal.RedirectHandler.InvokeAsync[T](IExecutionContext executionContext)
   at Amazon.Runtime.Internal.Unmarshaller.InvokeAsync[T](IExecutionContext executionContext)
   at Amazon.S3.Internal.AmazonS3ResponseHandler.InvokeAsync[T](IExecutionContext executionContext)
   at Amazon.Runtime.Internal.ErrorHandler.InvokeAsync[T](IExecutionContext executionContext)
   --- End of inner exception stack trace ---
   at Amazon.Runtime.Internal.HttpErrorResponseExceptionHandler.HandleExceptionStream(IRequestContext requestContext, IWebResponseData httpErrorResponse, HttpErrorResponseException exception, Stream responseStream)
   at Amazon.Runtime.Internal.HttpErrorResponseExceptionHandler.HandleExceptionAsync(IExecutionContext executionContext, HttpErrorResponseException exception)
   at Amazon.Runtime.Internal.ExceptionHandler`1.HandleAsync(IExecutionContext executionContext, Exception exception)
   at Amazon.Runtime.Internal.ErrorHandler.ProcessExceptionAsync(IExecutionContext executionContext, Exception exception)
   at Amazon.Runtime.Internal.ErrorHandler.InvokeAsync[T](IExecutionContext executionContext)
   at Amazon.Runtime.Internal.CallbackHandler.InvokeAsync[T](IExecutionContext executionContext)
   at Amazon.Runtime.Internal.Signer.InvokeAsync[T](IExecutionContext executionContext)
   at Amazon.S3.Internal.S3Express.S3ExpressPreSigner.InvokeAsync[T](IExecutionContext executionContext)
   at Amazon.Runtime.Internal.EndpointDiscoveryHandler.InvokeAsync[T](IExecutionContext executionContext)
   at Amazon.Runtime.Internal.EndpointDiscoveryHandler.InvokeAsync[T](IExecutionContext executionContext)
   at Amazon.Runtime.Internal.CredentialsRetriever.InvokeAsync[T](IExecutionContext executionContext)
   at Amazon.Runtime.Internal.RetryHandler.InvokeAsync[T](IExecutionContext executionContext)
   at Amazon.Runtime.Internal.RetryHandler.InvokeAsync[T](IExecutionContext executionContext)
   at Amazon.Runtime.Internal.CallbackHandler.InvokeAsync[T](IExecutionContext executionContext)
   at Amazon.Runtime.Internal.CallbackHandler.InvokeAsync[T](IExecutionContext executionContext)
   at Amazon.S3.Internal.AmazonS3ExceptionHandler.InvokeAsync[T](IExecutionContext executionContext)
   at Amazon.Runtime.Internal.ErrorCallbackHandler.InvokeAsync[T](IExecutionContext executionContext)
   at Amazon.Runtime.Internal.MetricsHandler.InvokeAsync[T](IExecutionContext executionContext)
======================================================================

2026-05-21 15:28:20.9959 [ERROR] [NHI_AI_MedReportViewerWebApi.Services.NhiPatientImageService] [TraceID: 00-0fcf9dbe83193395c49322413393cc6b-2fec711e0b38ccf5-00]
  Event: 0
  Request: GET https://lcr-tp.nhi.gov.tw/api/NhiPatientImage/studies/1.2.840.1831491181932115913426236105211231112230198234/series/1.2.840.194662179851015213741321381722223612923/instances/1.2.840.1763117124319615212510318787121752082224170/jpg 
  Message: 取得 DICOM 影像串流時發生錯誤
  Properties: RequestId=40000002-0003-f900-b63f-84710c7967bb; RequestPath=/api/NhiPatientImage/studies/1.2.840.1831491181932115913426236105211231112230198234/series/1.2.840.194662179851015213741321381722223612923/instances/1.2.840.1763117124319615212510318787121752082224170/jpg; ActionId=675a52b6-3887-4a29-80f8-4bd3992df51e; ActionName=NHI_AI_MedReportViewerWebApi.Controllers.NhiPatientImageController.GetImageScreenshotAsync (NHI-AI-MedReportViewerWebApi); StudyInstanceUid=1.2.840.1831491181932115913426236105211231112230198234; SeriesInstanceUid=1.2.840.194662179851015213741321381722223612923; SopInstanceUid=1.2.840.1763117124319615212510318787121752082224170
  --- Exception ---
Amazon.S3.AmazonS3Exception: The specified key does not exist.
 ---> Amazon.Runtime.Internal.HttpErrorResponseException: Exception of type 'Amazon.Runtime.Internal.HttpErrorResponseException' was thrown.
   at Amazon.Runtime.HttpWebRequestMessage.ProcessHttpResponseMessage(HttpResponseMessage responseMessage)
   at Amazon.Runtime.HttpWebRequestMessage.GetResponseAsync(CancellationToken cancellationToken)
   at Amazon.Runtime.Internal.HttpHandler`1.InvokeAsync[T](IExecutionContext executionContext)
   at Amazon.Runtime.Internal.RedirectHandler.InvokeAsync[T](IExecutionContext executionContext)
   at Amazon.Runtime.Internal.Unmarshaller.InvokeAsync[T](IExecutionContext executionContext)
   at Amazon.S3.Internal.AmazonS3ResponseHandler.InvokeAsync[T](IExecutionContext executionContext)
   at Amazon.Runtime.Internal.ErrorHandler.InvokeAsync[T](IExecutionContext executionContext)
   --- End of inner exception stack trace ---
   at Amazon.Runtime.Internal.HttpErrorResponseExceptionHandler.HandleExceptionStream(IRequestContext requestContext, IWebResponseData httpErrorResponse, HttpErrorResponseException exception, Stream responseStream)
   at Amazon.Runtime.Internal.HttpErrorResponseExceptionHandler.HandleExceptionAsync(IExecutionContext executionContext, HttpErrorResponseException exception)
   at Amazon.Runtime.Internal.ExceptionHandler`1.HandleAsync(IExecutionContext executionContext, Exception exception)
   at Amazon.Runtime.Internal.ErrorHandler.ProcessExceptionAsync(IExecutionContext executionContext, Exception exception)
   at Amazon.Runtime.Internal.ErrorHandler.InvokeAsync[T](IExecutionContext executionContext)
   at Amazon.Runtime.Internal.CallbackHandler.InvokeAsync[T](IExecutionContext executionContext)
   at Amazon.Runtime.Internal.Signer.InvokeAsync[T](IExecutionContext executionContext)
   at Amazon.S3.Internal.S3Express.S3ExpressPreSigner.InvokeAsync[T](IExecutionContext executionContext)
   at Amazon.Runtime.Internal.EndpointDiscoveryHandler.InvokeAsync[T](IExecutionContext executionContext)
   at Amazon.Runtime.Internal.EndpointDiscoveryHandler.InvokeAsync[T](IExecutionContext executionContext)
   at Amazon.Runtime.Internal.CredentialsRetriever.InvokeAsync[T](IExecutionContext executionContext)
   at Amazon.Runtime.Internal.RetryHandler.InvokeAsync[T](IExecutionContext executionContext)
   at Amazon.Runtime.Internal.RetryHandler.InvokeAsync[T](IExecutionContext executionContext)
   at Amazon.Runtime.Internal.CallbackHandler.InvokeAsync[T](IExecutionContext executionContext)
   at Amazon.Runtime.Internal.CallbackHandler.InvokeAsync[T](IExecutionContext executionContext)
   at Amazon.S3.Internal.AmazonS3ExceptionHandler.InvokeAsync[T](IExecutionContext executionContext)
   at Amazon.Runtime.Internal.ErrorCallbackHandler.InvokeAsync[T](IExecutionContext executionContext)
   at Amazon.Runtime.Internal.MetricsHandler.InvokeAsync[T](IExecutionContext executionContext)
======================================================================

2026-05-21 15:28:21.0058 [ERROR] [NHI_AI_MedReportViewerWebApi.Services.NhiPatientImageService] [TraceID: 00-6c07d491f5400690343e4dc3737133b1-55d6a38677e8f599-00]
  Event: 0
  Request: GET https://lcr-tp.nhi.gov.tw/api/NhiPatientImage/studies/1.2.840.9910213721418325218772121021591791708761232/series/1.2.840.1718923156152311768923275322146219117393/instances/1.2.840.28205114487195201111819825012815415044161/jpg 
  Message: 取得 DICOM 影像串流時發生錯誤
  Properties: RequestId=40000002-0001-f800-b63f-84710c7967bb; RequestPath=/api/NhiPatientImage/studies/1.2.840.9910213721418325218772121021591791708761232/series/1.2.840.1718923156152311768923275322146219117393/instances/1.2.840.28205114487195201111819825012815415044161/jpg; ActionId=675a52b6-3887-4a29-80f8-4bd3992df51e; ActionName=NHI_AI_MedReportViewerWebApi.Controllers.NhiPatientImageController.GetImageScreenshotAsync (NHI-AI-MedReportViewerWebApi); StudyInstanceUid=1.2.840.9910213721418325218772121021591791708761232; SeriesInstanceUid=1.2.840.1718923156152311768923275322146219117393; SopInstanceUid=1.2.840.28205114487195201111819825012815415044161
  --- Exception ---
Amazon.S3.AmazonS3Exception: The specified key does not exist.
 ---> Amazon.Runtime.Internal.HttpErrorResponseException: Exception of type 'Amazon.Runtime.Internal.HttpErrorResponseException' was thrown.
   at Amazon.Runtime.HttpWebRequestMessage.ProcessHttpResponseMessage(HttpResponseMessage responseMessage)
   at Amazon.Runtime.HttpWebRequestMessage.GetResponseAsync(CancellationToken cancellationToken)
   at Amazon.Runtime.Internal.HttpHandler`1.InvokeAsync[T](IExecutionContext executionContext)
   at Amazon.Runtime.Internal.RedirectHandler.InvokeAsync[T](IExecutionContext executionContext)
   at Amazon.Runtime.Internal.Unmarshaller.InvokeAsync[T](IExecutionContext executionContext)
   at Amazon.S3.Internal.AmazonS3ResponseHandler.InvokeAsync[T](IExecutionContext executionContext)
   at Amazon.Runtime.Internal.ErrorHandler.InvokeAsync[T](IExecutionContext executionContext)
   --- End of inner exception stack trace ---
   at Amazon.Runtime.Internal.HttpErrorResponseExceptionHandler.HandleExceptionStream(IRequestContext requestContext, IWebResponseData httpErrorResponse, HttpErrorResponseException exception, Stream responseStream)
   at Amazon.Runtime.Internal.HttpErrorResponseExceptionHandler.HandleExceptionAsync(IExecutionContext executionContext, HttpErrorResponseException exception)
   at Amazon.Runtime.Internal.ExceptionHandler`1.HandleAsync(IExecutionContext executionContext, Exception exception)
   at Amazon.Runtime.Internal.ErrorHandler.ProcessExceptionAsync(IExecutionContext executionContext, Exception exception)
   at Amazon.Runtime.Internal.ErrorHandler.InvokeAsync[T](IExecutionContext executionContext)
   at Amazon.Runtime.Internal.CallbackHandler.InvokeAsync[T](IExecutionContext executionContext)
   at Amazon.Runtime.Internal.Signer.InvokeAsync[T](IExecutionContext executionContext)
   at Amazon.S3.Internal.S3Express.S3ExpressPreSigner.InvokeAsync[T](IExecutionContext executionContext)
   at Amazon.Runtime.Internal.EndpointDiscoveryHandler.InvokeAsync[T](IExecutionContext executionContext)
   at Amazon.Runtime.Internal.EndpointDiscoveryHandler.InvokeAsync[T](IExecutionContext executionContext)
   at Amazon.Runtime.Internal.CredentialsRetriever.InvokeAsync[T](IExecutionContext executionContext)
   at Amazon.Runtime.Internal.RetryHandler.InvokeAsync[T](IExecutionContext executionContext)
   at Amazon.Runtime.Internal.RetryHandler.InvokeAsync[T](IExecutionContext executionContext)
   at Amazon.Runtime.Internal.CallbackHandler.InvokeAsync[T](IExecutionContext executionContext)
   at Amazon.Runtime.Internal.CallbackHandler.InvokeAsync[T](IExecutionContext executionContext)
   at Amazon.S3.Internal.AmazonS3ExceptionHandler.InvokeAsync[T](IExecutionContext executionContext)
   at Amazon.Runtime.Internal.ErrorCallbackHandler.InvokeAsync[T](IExecutionContext executionContext)
   at Amazon.Runtime.Internal.MetricsHandler.InvokeAsync[T](IExecutionContext executionContext)
======================================================================

2026-05-21 15:28:21.0058 [ERROR] [NHI_AI_MedReportViewerWebApi.Services.NhiPatientImageService] [TraceID: 00-40d715788228dc360a596b124038db6f-f704522c7d3fb3f3-00]
  Event: 0
  Request: GET https://lcr-tp.nhi.gov.tw/api/NhiPatientImage/studies/1.2.840.1831491181932115913426236105211231112230198234/series/1.2.840.194662179851015213741321381722223612923/instances/1.2.840.1556415613457171655548642410420286244166/jpg 
  Message: 取得 DICOM 影像串流時發生錯誤
  Properties: RequestId=40000002-0003-f800-b63f-84710c7967bb; RequestPath=/api/NhiPatientImage/studies/1.2.840.1831491181932115913426236105211231112230198234/series/1.2.840.194662179851015213741321381722223612923/instances/1.2.840.1556415613457171655548642410420286244166/jpg; ActionId=675a52b6-3887-4a29-80f8-4bd3992df51e; ActionName=NHI_AI_MedReportViewerWebApi.Controllers.NhiPatientImageController.GetImageScreenshotAsync (NHI-AI-MedReportViewerWebApi); StudyInstanceUid=1.2.840.1831491181932115913426236105211231112230198234; SeriesInstanceUid=1.2.840.194662179851015213741321381722223612923; SopInstanceUid=1.2.840.1556415613457171655548642410420286244166
  --- Exception ---
Amazon.S3.AmazonS3Exception: The specified key does not exist.
 ---> Amazon.Runtime.Internal.HttpErrorResponseException: Exception of type 'Amazon.Runtime.Internal.HttpErrorResponseException' was thrown.
   at Amazon.Runtime.HttpWebRequestMessage.ProcessHttpResponseMessage(HttpResponseMessage responseMessage)
   at Amazon.Runtime.HttpWebRequestMessage.GetResponseAsync(CancellationToken cancellationToken)
   at Amazon.Runtime.Internal.HttpHandler`1.InvokeAsync[T](IExecutionContext executionContext)
   at Amazon.Runtime.Internal.RedirectHandler.InvokeAsync[T](IExecutionContext executionContext)
   at Amazon.Runtime.Internal.Unmarshaller.InvokeAsync[T](IExecutionContext executionContext)
   at Amazon.S3.Internal.AmazonS3ResponseHandler.InvokeAsync[T](IExecutionContext executionContext)
   at Amazon.Runtime.Internal.ErrorHandler.InvokeAsync[T](IExecutionContext executionContext)
   --- End of inner exception stack trace ---
   at Amazon.Runtime.Internal.HttpErrorResponseExceptionHandler.HandleExceptionStream(IRequestContext requestContext, IWebResponseData httpErrorResponse, HttpErrorResponseException exception, Stream responseStream)
   at Amazon.Runtime.Internal.HttpErrorResponseExceptionHandler.HandleExceptionAsync(IExecutionContext executionContext, HttpErrorResponseException exception)
   at Amazon.Runtime.Internal.ExceptionHandler`1.HandleAsync(IExecutionContext executionContext, Exception exception)
   at Amazon.Runtime.Internal.ErrorHandler.ProcessExceptionAsync(IExecutionContext executionContext, Exception exception)
   at Amazon.Runtime.Internal.ErrorHandler.InvokeAsync[T](IExecutionContext executionContext)
   at Amazon.Runtime.Internal.CallbackHandler.InvokeAsync[T](IExecutionContext executionContext)
   at Amazon.Runtime.Internal.Signer.InvokeAsync[T](IExecutionContext executionContext)
   at Amazon.S3.Internal.S3Express.S3ExpressPreSigner.InvokeAsync[T](IExecutionContext executionContext)
   at Amazon.Runtime.Internal.EndpointDiscoveryHandler.InvokeAsync[T](IExecutionContext executionContext)
   at Amazon.Runtime.Internal.EndpointDiscoveryHandler.InvokeAsync[T](IExecutionContext executionContext)
   at Amazon.Runtime.Internal.CredentialsRetriever.InvokeAsync[T](IExecutionContext executionContext)
   at Amazon.Runtime.Internal.RetryHandler.InvokeAsync[T](IExecutionContext executionContext)
   at Amazon.Runtime.Internal.RetryHandler.InvokeAsync[T](IExecutionContext executionContext)
   at Amazon.Runtime.Internal.CallbackHandler.InvokeAsync[T](IExecutionContext executionContext)
   at Amazon.Runtime.Internal.CallbackHandler.InvokeAsync[T](IExecutionContext executionContext)
   at Amazon.S3.Internal.AmazonS3ExceptionHandler.InvokeAsync[T](IExecutionContext executionContext)
   at Amazon.Runtime.Internal.ErrorCallbackHandler.InvokeAsync[T](IExecutionContext executionContext)
   at Amazon.Runtime.Internal.MetricsHandler.InvokeAsync[T](IExecutionContext executionContext)
======================================================================

2026-05-21 15:28:21.8180 [ERROR] [AIRS.Core.Common.LogForgingTools] [TraceID: 00-b3c5839f9c022176cc516a6510e93ea0-946a4fa90d66edbe-00]
  Event: 0
  Request: GET https://lcr-tp.nhi.gov.tw/api/NhiPatientImage/studies/1.2.840.14311817595127161161159179701024822483140199/series/1.2.840.2081181585538253120903422631829791115221/instances/1.2.840.2441781871703324220021480632358916319724163/jpg 
  Message: 1779348501822 GetImage() 失敗，耗時 1376 ms.
  Properties: RequestId=40000002-0002-f700-b63f-84710c7967bb; RequestPath=/api/NhiPatientImage/studies/1.2.840.14311817595127161161159179701024822483140199/series/1.2.840.2081181585538253120903422631829791115221/instances/1.2.840.2441781871703324220021480632358916319724163/jpg; ActionId=675a52b6-3887-4a29-80f8-4bd3992df51e; ActionName=NHI_AI_MedReportViewerWebApi.Controllers.NhiPatientImageController.GetImageScreenshotAsync (NHI-AI-MedReportViewerWebApi); StudyInstanceUid=1.2.840.14311817595127161161159179701024822483140199; SeriesInstanceUid=1.2.840.2081181585538253120903422631829791115221; SopInstanceUid=1.2.840.2441781871703324220021480632358916319724163
  --- Exception ---
Amazon.S3.AmazonS3Exception: The specified key does not exist.
 ---> Amazon.Runtime.Internal.HttpErrorResponseException: Exception of type 'Amazon.Runtime.Internal.HttpErrorResponseException' was thrown.
   at Amazon.Runtime.HttpWebRequestMessage.ProcessHttpResponseMessage(HttpResponseMessage responseMessage)
   at Amazon.Runtime.HttpWebRequestMessage.GetResponseAsync(CancellationToken cancellationToken)
   at Amazon.Runtime.Internal.HttpHandler`1.InvokeAsync[T](IExecutionContext executionContext)
   at Amazon.Runtime.Internal.RedirectHandler.InvokeAsync[T](IExecutionContext executionContext)
   at Amazon.Runtime.Internal.Unmarshaller.InvokeAsync[T](IExecutionContext executionContext)
   at Amazon.S3.Internal.AmazonS3ResponseHandler.InvokeAsync[T](IExecutionContext executionContext)
   at Amazon.Runtime.Internal.ErrorHandler.InvokeAsync[T](IExecutionContext executionContext)
   --- End of inner exception stack trace ---
   at Amazon.Runtime.Internal.HttpErrorResponseExceptionHandler.HandleExceptionStream(IRequestContext requestContext, IWebResponseData httpErrorResponse, HttpErrorResponseException exception, Stream responseStream)
   at Amazon.Runtime.Internal.HttpErrorResponseExceptionHandler.HandleExceptionAsync(IExecutionContext executionContext, HttpErrorResponseException exception)
   at Amazon.Runtime.Internal.ExceptionHandler`1.HandleAsync(IExecutionContext executionContext, Exception exception)
   at Amazon.Runtime.Internal.ErrorHandler.ProcessExceptionAsync(IExecutionContext executionContext, Exception exception)
   at Amazon.Runtime.Internal.ErrorHandler.InvokeAsync[T](IExecutionContext executionContext)
   at Amazon.Runtime.Internal.CallbackHandler.InvokeAsync[T](IExecutionContext executionContext)
   at Amazon.Runtime.Internal.Signer.InvokeAsync[T](IExecutionContext executionContext)
   at Amazon.S3.Internal.S3Express.S3ExpressPreSigner.InvokeAsync[T](IExecutionContext executionContext)
   at Amazon.Runtime.Internal.EndpointDiscoveryHandler.InvokeAsync[T](IExecutionContext executionContext)
   at Amazon.Runtime.Internal.EndpointDiscoveryHandler.InvokeAsync[T](IExecutionContext executionContext)
   at Amazon.Runtime.Internal.CredentialsRetriever.InvokeAsync[T](IExecutionContext executionContext)
   at Amazon.Runtime.Internal.RetryHandler.InvokeAsync[T](IExecutionContext executionContext)
   at Amazon.Runtime.Internal.RetryHandler.InvokeAsync[T](IExecutionContext executionContext)
   at Amazon.Runtime.Internal.CallbackHandler.InvokeAsync[T](IExecutionContext executionContext)
   at Amazon.Runtime.Internal.CallbackHandler.InvokeAsync[T](IExecutionContext executionContext)
   at Amazon.S3.Internal.AmazonS3ExceptionHandler.InvokeAsync[T](IExecutionContext executionContext)
   at Amazon.Runtime.Internal.ErrorCallbackHandler.InvokeAsync[T](IExecutionContext executionContext)
   at Amazon.Runtime.Internal.MetricsHandler.InvokeAsync[T](IExecutionContext executionContext)
======================================================================

2026-05-21 15:28:21.8180 [ERROR] [AIRS.Core.Common.LogForgingTools] [TraceID: 00-8d026255a4f885261621652c6292cedf-22bf78ca9cf7c246-00]
  Event: 0
  Request: GET https://lcr-tp.nhi.gov.tw/api/NhiPatientImage/studies/1.2.840.95628289237023181203129147651793012853/series/1.2.840.15522917228832121867788198941815717572241/instances/1.2.840.401392747581166219213224620516719084121134/jpg 
  Message: 1779348501823 GetImage() 失敗，耗時 1752 ms.
  Properties: RequestId=40000002-0003-fb00-b63f-84710c7967bb; RequestPath=/api/NhiPatientImage/studies/1.2.840.95628289237023181203129147651793012853/series/1.2.840.15522917228832121867788198941815717572241/instances/1.2.840.401392747581166219213224620516719084121134/jpg; ActionId=675a52b6-3887-4a29-80f8-4bd3992df51e; ActionName=NHI_AI_MedReportViewerWebApi.Controllers.NhiPatientImageController.GetImageScreenshotAsync (NHI-AI-MedReportViewerWebApi); StudyInstanceUid=1.2.840.95628289237023181203129147651793012853; SeriesInstanceUid=1.2.840.15522917228832121867788198941815717572241; SopInstanceUid=1.2.840.401392747581166219213224620516719084121134
  --- Exception ---
Amazon.S3.AmazonS3Exception: The specified key does not exist.
 ---> Amazon.Runtime.Internal.HttpErrorResponseException: Exception of type 'Amazon.Runtime.Internal.HttpErrorResponseException' was thrown.
   at Amazon.Runtime.HttpWebRequestMessage.ProcessHttpResponseMessage(HttpResponseMessage responseMessage)
   at Amazon.Runtime.HttpWebRequestMessage.GetResponseAsync(CancellationToken cancellationToken)
   at Amazon.Runtime.Internal.HttpHandler`1.InvokeAsync[T](IExecutionContext executionContext)
   at Amazon.Runtime.Internal.RedirectHandler.InvokeAsync[T](IExecutionContext executionContext)
   at Amazon.Runtime.Internal.Unmarshaller.InvokeAsync[T](IExecutionContext executionContext)
   at Amazon.S3.Internal.AmazonS3ResponseHandler.InvokeAsync[T](IExecutionContext executionContext)
   at Amazon.Runtime.Internal.ErrorHandler.InvokeAsync[T](IExecutionContext executionContext)
   --- End of inner exception stack trace ---
   at Amazon.Runtime.Internal.HttpErrorResponseExceptionHandler.HandleExceptionStream(IRequestContext requestContext, IWebResponseData httpErrorResponse, HttpErrorResponseException exception, Stream responseStream)
   at Amazon.Runtime.Internal.HttpErrorResponseExceptionHandler.HandleExceptionAsync(IExecutionContext executionContext, HttpErrorResponseException exception)
   at Amazon.Runtime.Internal.ExceptionHandler`1.HandleAsync(IExecutionContext executionContext, Exception exception)
   at Amazon.Runtime.Internal.ErrorHandler.ProcessExceptionAsync(IExecutionContext executionContext, Exception exception)
   at Amazon.Runtime.Internal.ErrorHandler.InvokeAsync[T](IExecutionContext executionContext)
   at Amazon.Runtime.Internal.CallbackHandler.InvokeAsync[T](IExecutionContext executionContext)
   at Amazon.Runtime.Internal.Signer.InvokeAsync[T](IExecutionContext executionContext)
   at Amazon.S3.Internal.S3Express.S3ExpressPreSigner.InvokeAsync[T](IExecutionContext executionContext)
   at Amazon.Runtime.Internal.EndpointDiscoveryHandler.InvokeAsync[T](IExecutionContext executionContext)
   at Amazon.Runtime.Internal.EndpointDiscoveryHandler.InvokeAsync[T](IExecutionContext executionContext)
   at Amazon.Runtime.Internal.CredentialsRetriever.InvokeAsync[T](IExecutionContext executionContext)
   at Amazon.Runtime.Internal.RetryHandler.InvokeAsync[T](IExecutionContext executionContext)
   at Amazon.Runtime.Internal.RetryHandler.InvokeAsync[T](IExecutionContext executionContext)
   at Amazon.Runtime.Internal.CallbackHandler.InvokeAsync[T](IExecutionContext executionContext)
   at Amazon.Runtime.Internal.CallbackHandler.InvokeAsync[T](IExecutionContext executionContext)
   at Amazon.S3.Internal.AmazonS3ExceptionHandler.InvokeAsync[T](IExecutionContext executionContext)
   at Amazon.Runtime.Internal.ErrorCallbackHandler.InvokeAsync[T](IExecutionContext executionContext)
   at Amazon.Runtime.Internal.MetricsHandler.InvokeAsync[T](IExecutionContext executionContext)
======================================================================

2026-05-21 15:28:21.8711 [ERROR] [NHI_AI_MedReportViewerWebApi.Services.NhiPatientImageService] [TraceID: 00-b3c5839f9c022176cc516a6510e93ea0-946a4fa90d66edbe-00]
  Event: 0
  Request: GET https://lcr-tp.nhi.gov.tw/api/NhiPatientImage/studies/1.2.840.14311817595127161161159179701024822483140199/series/1.2.840.2081181585538253120903422631829791115221/instances/1.2.840.2441781871703324220021480632358916319724163/jpg 
  Message: 取得 DICOM 影像串流時發生錯誤
  Properties: RequestId=40000002-0002-f700-b63f-84710c7967bb; RequestPath=/api/NhiPatientImage/studies/1.2.840.14311817595127161161159179701024822483140199/series/1.2.840.2081181585538253120903422631829791115221/instances/1.2.840.2441781871703324220021480632358916319724163/jpg; ActionId=675a52b6-3887-4a29-80f8-4bd3992df51e; ActionName=NHI_AI_MedReportViewerWebApi.Controllers.NhiPatientImageController.GetImageScreenshotAsync (NHI-AI-MedReportViewerWebApi); StudyInstanceUid=1.2.840.14311817595127161161159179701024822483140199; SeriesInstanceUid=1.2.840.2081181585538253120903422631829791115221; SopInstanceUid=1.2.840.2441781871703324220021480632358916319724163
  --- Exception ---
Amazon.S3.AmazonS3Exception: The specified key does not exist.
 ---> Amazon.Runtime.Internal.HttpErrorResponseException: Exception of type 'Amazon.Runtime.Internal.HttpErrorResponseException' was thrown.
   at Amazon.Runtime.HttpWebRequestMessage.ProcessHttpResponseMessage(HttpResponseMessage responseMessage)
   at Amazon.Runtime.HttpWebRequestMessage.GetResponseAsync(CancellationToken cancellationToken)
   at Amazon.Runtime.Internal.HttpHandler`1.InvokeAsync[T](IExecutionContext executionContext)
   at Amazon.Runtime.Internal.RedirectHandler.InvokeAsync[T](IExecutionContext executionContext)
   at Amazon.Runtime.Internal.Unmarshaller.InvokeAsync[T](IExecutionContext executionContext)
   at Amazon.S3.Internal.AmazonS3ResponseHandler.InvokeAsync[T](IExecutionContext executionContext)
   at Amazon.Runtime.Internal.ErrorHandler.InvokeAsync[T](IExecutionContext executionContext)
   --- End of inner exception stack trace ---
   at Amazon.Runtime.Internal.HttpErrorResponseExceptionHandler.HandleExceptionStream(IRequestContext requestContext, IWebResponseData httpErrorResponse, HttpErrorResponseException exception, Stream responseStream)
   at Amazon.Runtime.Internal.HttpErrorResponseExceptionHandler.HandleExceptionAsync(IExecutionContext executionContext, HttpErrorResponseException exception)
   at Amazon.Runtime.Internal.ExceptionHandler`1.HandleAsync(IExecutionContext executionContext, Exception exception)
   at Amazon.Runtime.Internal.ErrorHandler.ProcessExceptionAsync(IExecutionContext executionContext, Exception exception)
   at Amazon.Runtime.Internal.ErrorHandler.InvokeAsync[T](IExecutionContext executionContext)
   at Amazon.Runtime.Internal.CallbackHandler.InvokeAsync[T](IExecutionContext executionContext)
   at Amazon.Runtime.Internal.Signer.InvokeAsync[T](IExecutionContext executionContext)
   at Amazon.S3.Internal.S3Express.S3ExpressPreSigner.InvokeAsync[T](IExecutionContext executionContext)
   at Amazon.Runtime.Internal.EndpointDiscoveryHandler.InvokeAsync[T](IExecutionContext executionContext)
   at Amazon.Runtime.Internal.EndpointDiscoveryHandler.InvokeAsync[T](IExecutionContext executionContext)
   at Amazon.Runtime.Internal.CredentialsRetriever.InvokeAsync[T](IExecutionContext executionContext)
   at Amazon.Runtime.Internal.RetryHandler.InvokeAsync[T](IExecutionContext executionContext)
   at Amazon.Runtime.Internal.RetryHandler.InvokeAsync[T](IExecutionContext executionContext)
   at Amazon.Runtime.Internal.CallbackHandler.InvokeAsync[T](IExecutionContext executionContext)
   at Amazon.Runtime.Internal.CallbackHandler.InvokeAsync[T](IExecutionContext executionContext)
   at Amazon.S3.Internal.AmazonS3ExceptionHandler.InvokeAsync[T](IExecutionContext executionContext)
   at Amazon.Runtime.Internal.ErrorCallbackHandler.InvokeAsync[T](IExecutionContext executionContext)
   at Amazon.Runtime.Internal.MetricsHandler.InvokeAsync[T](IExecutionContext executionContext)
======================================================================

2026-05-21 15:28:21.8810 [ERROR] [NHI_AI_MedReportViewerWebApi.Services.NhiPatientImageService] [TraceID: 00-8d026255a4f885261621652c6292cedf-22bf78ca9cf7c246-00]
  Event: 0
  Request: GET https://lcr-tp.nhi.gov.tw/api/NhiPatientImage/studies/1.2.840.95628289237023181203129147651793012853/series/1.2.840.15522917228832121867788198941815717572241/instances/1.2.840.401392747581166219213224620516719084121134/jpg 
  Message: 取得 DICOM 影像串流時發生錯誤
  Properties: RequestId=40000002-0003-fb00-b63f-84710c7967bb; RequestPath=/api/NhiPatientImage/studies/1.2.840.95628289237023181203129147651793012853/series/1.2.840.15522917228832121867788198941815717572241/instances/1.2.840.401392747581166219213224620516719084121134/jpg; ActionId=675a52b6-3887-4a29-80f8-4bd3992df51e; ActionName=NHI_AI_MedReportViewerWebApi.Controllers.NhiPatientImageController.GetImageScreenshotAsync (NHI-AI-MedReportViewerWebApi); StudyInstanceUid=1.2.840.95628289237023181203129147651793012853; SeriesInstanceUid=1.2.840.15522917228832121867788198941815717572241; SopInstanceUid=1.2.840.401392747581166219213224620516719084121134
  --- Exception ---
Amazon.S3.AmazonS3Exception: The specified key does not exist.
 ---> Amazon.Runtime.Internal.HttpErrorResponseException: Exception of type 'Amazon.Runtime.Internal.HttpErrorResponseException' was thrown.
   at Amazon.Runtime.HttpWebRequestMessage.ProcessHttpResponseMessage(HttpResponseMessage responseMessage)
   at Amazon.Runtime.HttpWebRequestMessage.GetResponseAsync(CancellationToken cancellationToken)
   at Amazon.Runtime.Internal.HttpHandler`1.InvokeAsync[T](IExecutionContext executionContext)
   at Amazon.Runtime.Internal.RedirectHandler.InvokeAsync[T](IExecutionContext executionContext)
   at Amazon.Runtime.Internal.Unmarshaller.InvokeAsync[T](IExecutionContext executionContext)
   at Amazon.S3.Internal.AmazonS3ResponseHandler.InvokeAsync[T](IExecutionContext executionContext)
   at Amazon.Runtime.Internal.ErrorHandler.InvokeAsync[T](IExecutionContext executionContext)
   --- End of inner exception stack trace ---
   at Amazon.Runtime.Internal.HttpErrorResponseExceptionHandler.HandleExceptionStream(IRequestContext requestContext, IWebResponseData httpErrorResponse, HttpErrorResponseException exception, Stream responseStream)
   at Amazon.Runtime.Internal.HttpErrorResponseExceptionHandler.HandleExceptionAsync(IExecutionContext executionContext, HttpErrorResponseException exception)
   at Amazon.Runtime.Internal.ExceptionHandler`1.HandleAsync(IExecutionContext executionContext, Exception exception)
   at Amazon.Runtime.Internal.ErrorHandler.ProcessExceptionAsync(IExecutionContext executionContext, Exception exception)
   at Amazon.Runtime.Internal.ErrorHandler.InvokeAsync[T](IExecutionContext executionContext)
   at Amazon.Runtime.Internal.CallbackHandler.InvokeAsync[T](IExecutionContext executionContext)
   at Amazon.Runtime.Internal.Signer.InvokeAsync[T](IExecutionContext executionContext)
   at Amazon.S3.Internal.S3Express.S3ExpressPreSigner.InvokeAsync[T](IExecutionContext executionContext)
   at Amazon.Runtime.Internal.EndpointDiscoveryHandler.InvokeAsync[T](IExecutionContext executionContext)
   at Amazon.Runtime.Internal.EndpointDiscoveryHandler.InvokeAsync[T](IExecutionContext executionContext)
   at Amazon.Runtime.Internal.CredentialsRetriever.InvokeAsync[T](IExecutionContext executionContext)
   at Amazon.Runtime.Internal.RetryHandler.InvokeAsync[T](IExecutionContext executionContext)
   at Amazon.Runtime.Internal.RetryHandler.InvokeAsync[T](IExecutionContext executionContext)
   at Amazon.Runtime.Internal.CallbackHandler.InvokeAsync[T](IExecutionContext executionContext)
   at Amazon.Runtime.Internal.CallbackHandler.InvokeAsync[T](IExecutionContext executionContext)
   at Amazon.S3.Internal.AmazonS3ExceptionHandler.InvokeAsync[T](IExecutionContext executionContext)
   at Amazon.Runtime.Internal.ErrorCallbackHandler.InvokeAsync[T](IExecutionContext executionContext)
   at Amazon.Runtime.Internal.MetricsHandler.InvokeAsync[T](IExecutionContext executionContext)
======================================================================

2026-05-21 15:34:31.7122 [ERROR] [AIRS.Core.Common.LogForgingTools] [TraceID: 00-c0da323177ac9a22cd3c6eda6f73ac88-9db750386c26e91e-00]
  Event: 0
  Request: GET https://lcr-tp.nhi.gov.tw/api/NhiPatientImage/studies/1.2.840.9910213721418325218772121021591791708761232/series/1.2.840.1718923156152311768923275322146219117393/instances/1.2.840.28205114487195201111819825012815415044161/jpg 
  Message: 1779348871726 GetImage() 失敗，耗時 34 ms.
  Properties: RequestId=40000004-0000-f700-b63f-84710c7967bb; RequestPath=/api/NhiPatientImage/studies/1.2.840.9910213721418325218772121021591791708761232/series/1.2.840.1718923156152311768923275322146219117393/instances/1.2.840.28205114487195201111819825012815415044161/jpg; ActionId=675a52b6-3887-4a29-80f8-4bd3992df51e; ActionName=NHI_AI_MedReportViewerWebApi.Controllers.NhiPatientImageController.GetImageScreenshotAsync (NHI-AI-MedReportViewerWebApi); StudyInstanceUid=1.2.840.9910213721418325218772121021591791708761232; SeriesInstanceUid=1.2.840.1718923156152311768923275322146219117393; SopInstanceUid=1.2.840.28205114487195201111819825012815415044161
  --- Exception ---
Amazon.S3.AmazonS3Exception: The specified key does not exist.
 ---> Amazon.Runtime.Internal.HttpErrorResponseException: Exception of type 'Amazon.Runtime.Internal.HttpErrorResponseException' was thrown.
   at Amazon.Runtime.HttpWebRequestMessage.ProcessHttpResponseMessage(HttpResponseMessage responseMessage)
   at Amazon.Runtime.HttpWebRequestMessage.GetResponseAsync(CancellationToken cancellationToken)
   at Amazon.Runtime.Internal.HttpHandler`1.InvokeAsync[T](IExecutionContext executionContext)
   at Amazon.Runtime.Internal.RedirectHandler.InvokeAsync[T](IExecutionContext executionContext)
   at Amazon.Runtime.Internal.Unmarshaller.InvokeAsync[T](IExecutionContext executionContext)
   at Amazon.S3.Internal.AmazonS3ResponseHandler.InvokeAsync[T](IExecutionContext executionContext)
   at Amazon.Runtime.Internal.ErrorHandler.InvokeAsync[T](IExecutionContext executionContext)
   --- End of inner exception stack trace ---
   at Amazon.Runtime.Internal.HttpErrorResponseExceptionHandler.HandleExceptionStream(IRequestContext requestContext, IWebResponseData httpErrorResponse, HttpErrorResponseException exception, Stream responseStream)
   at Amazon.Runtime.Internal.HttpErrorResponseExceptionHandler.HandleExceptionAsync(IExecutionContext executionContext, HttpErrorResponseException exception)
   at Amazon.Runtime.Internal.ExceptionHandler`1.HandleAsync(IExecutionContext executionContext, Exception exception)
   at Amazon.Runtime.Internal.ErrorHandler.ProcessExceptionAsync(IExecutionContext executionContext, Exception exception)
   at Amazon.Runtime.Internal.ErrorHandler.InvokeAsync[T](IExecutionContext executionContext)
   at Amazon.Runtime.Internal.CallbackHandler.InvokeAsync[T](IExecutionContext executionContext)
   at Amazon.Runtime.Internal.Signer.InvokeAsync[T](IExecutionContext executionContext)
   at Amazon.S3.Internal.S3Express.S3ExpressPreSigner.InvokeAsync[T](IExecutionContext executionContext)
   at Amazon.Runtime.Internal.EndpointDiscoveryHandler.InvokeAsync[T](IExecutionContext executionContext)
   at Amazon.Runtime.Internal.EndpointDiscoveryHandler.InvokeAsync[T](IExecutionContext executionContext)
   at Amazon.Runtime.Internal.CredentialsRetriever.InvokeAsync[T](IExecutionContext executionContext)
   at Amazon.Runtime.Internal.RetryHandler.InvokeAsync[T](IExecutionContext executionContext)
   at Amazon.Runtime.Internal.RetryHandler.InvokeAsync[T](IExecutionContext executionContext)
   at Amazon.Runtime.Internal.CallbackHandler.InvokeAsync[T](IExecutionContext executionContext)
   at Amazon.Runtime.Internal.CallbackHandler.InvokeAsync[T](IExecutionContext executionContext)
   at Amazon.S3.Internal.AmazonS3ExceptionHandler.InvokeAsync[T](IExecutionContext executionContext)
   at Amazon.Runtime.Internal.ErrorCallbackHandler.InvokeAsync[T](IExecutionContext executionContext)
   at Amazon.Runtime.Internal.MetricsHandler.InvokeAsync[T](IExecutionContext executionContext)
======================================================================

2026-05-21 15:34:31.7281 [ERROR] [AIRS.Core.Common.LogForgingTools] [TraceID: 00-d4b712b747baf9392a56101fac4a6b7f-3e6c91f846861114-00]
  Event: 0
  Request: GET https://lcr-tp.nhi.gov.tw/api/NhiPatientImage/studies/1.2.840.9910213721418325218772121021591791708761232/series/1.2.840.1718923156152311768923275322146219117393/instances/1.2.840.1666017802032451797210229178424333245136/jpg 
  Message: 1779348871741 GetImage() 失敗，耗時 30 ms.
  Properties: RequestId=40000004-0000-f900-b63f-84710c7967bb; RequestPath=/api/NhiPatientImage/studies/1.2.840.9910213721418325218772121021591791708761232/series/1.2.840.1718923156152311768923275322146219117393/instances/1.2.840.1666017802032451797210229178424333245136/jpg; ActionId=675a52b6-3887-4a29-80f8-4bd3992df51e; ActionName=NHI_AI_MedReportViewerWebApi.Controllers.NhiPatientImageController.GetImageScreenshotAsync (NHI-AI-MedReportViewerWebApi); StudyInstanceUid=1.2.840.9910213721418325218772121021591791708761232; SeriesInstanceUid=1.2.840.1718923156152311768923275322146219117393; SopInstanceUid=1.2.840.1666017802032451797210229178424333245136
  --- Exception ---
Amazon.S3.AmazonS3Exception: The specified key does not exist.
 ---> Amazon.Runtime.Internal.HttpErrorResponseException: Exception of type 'Amazon.Runtime.Internal.HttpErrorResponseException' was thrown.
   at Amazon.Runtime.HttpWebRequestMessage.ProcessHttpResponseMessage(HttpResponseMessage responseMessage)
   at Amazon.Runtime.HttpWebRequestMessage.GetResponseAsync(CancellationToken cancellationToken)
   at Amazon.Runtime.Internal.HttpHandler`1.InvokeAsync[T](IExecutionContext executionContext)
   at Amazon.Runtime.Internal.RedirectHandler.InvokeAsync[T](IExecutionContext executionContext)
   at Amazon.Runtime.Internal.Unmarshaller.InvokeAsync[T](IExecutionContext executionContext)
   at Amazon.S3.Internal.AmazonS3ResponseHandler.InvokeAsync[T](IExecutionContext executionContext)
   at Amazon.Runtime.Internal.ErrorHandler.InvokeAsync[T](IExecutionContext executionContext)
   --- End of inner exception stack trace ---
   at Amazon.Runtime.Internal.HttpErrorResponseExceptionHandler.HandleExceptionStream(IRequestContext requestContext, IWebResponseData httpErrorResponse, HttpErrorResponseException exception, Stream responseStream)
   at Amazon.Runtime.Internal.HttpErrorResponseExceptionHandler.HandleExceptionAsync(IExecutionContext executionContext, HttpErrorResponseException exception)
   at Amazon.Runtime.Internal.ExceptionHandler`1.HandleAsync(IExecutionContext executionContext, Exception exception)
   at Amazon.Runtime.Internal.ErrorHandler.ProcessExceptionAsync(IExecutionContext executionContext, Exception exception)
   at Amazon.Runtime.Internal.ErrorHandler.InvokeAsync[T](IExecutionContext executionContext)
   at Amazon.Runtime.Internal.CallbackHandler.InvokeAsync[T](IExecutionContext executionContext)
   at Amazon.Runtime.Internal.Signer.InvokeAsync[T](IExecutionContext executionContext)
   at Amazon.S3.Internal.S3Express.S3ExpressPreSigner.InvokeAsync[T](IExecutionContext executionContext)
   at Amazon.Runtime.Internal.EndpointDiscoveryHandler.InvokeAsync[T](IExecutionContext executionContext)
   at Amazon.Runtime.Internal.EndpointDiscoveryHandler.InvokeAsync[T](IExecutionContext executionContext)
   at Amazon.Runtime.Internal.CredentialsRetriever.InvokeAsync[T](IExecutionContext executionContext)
   at Amazon.Runtime.Internal.RetryHandler.InvokeAsync[T](IExecutionContext executionContext)
   at Amazon.Runtime.Internal.RetryHandler.InvokeAsync[T](IExecutionContext executionContext)
   at Amazon.Runtime.Internal.CallbackHandler.InvokeAsync[T](IExecutionContext executionContext)
   at Amazon.Runtime.Internal.CallbackHandler.InvokeAsync[T](IExecutionContext executionContext)
   at Amazon.S3.Internal.AmazonS3ExceptionHandler.InvokeAsync[T](IExecutionContext executionContext)
   at Amazon.Runtime.Internal.ErrorCallbackHandler.InvokeAsync[T](IExecutionContext executionContext)
   at Amazon.Runtime.Internal.MetricsHandler.InvokeAsync[T](IExecutionContext executionContext)
======================================================================

2026-05-21 15:34:31.7431 [ERROR] [AIRS.Core.Common.LogForgingTools] [TraceID: 00-06bfabc742273a2ad38255aaa3e0e4ba-2fa44ad6eac1cbe7-00]
  Event: 0
  Request: GET https://lcr-tp.nhi.gov.tw/api/NhiPatientImage/studies/1.2.840.25117608923523578101231161936851828085/series/1.2.840.211941681108460115160221138240919221321384/instances/1.2.840.2211921183322322214326160692421211971102178/jpg 
  Message: 1779348871743 GetImage() 失敗，耗時 25 ms.
  Properties: RequestId=4000000a-0002-f700-b63f-84710c7967bb; RequestPath=/api/NhiPatientImage/studies/1.2.840.25117608923523578101231161936851828085/series/1.2.840.211941681108460115160221138240919221321384/instances/1.2.840.2211921183322322214326160692421211971102178/jpg; ActionId=675a52b6-3887-4a29-80f8-4bd3992df51e; ActionName=NHI_AI_MedReportViewerWebApi.Controllers.NhiPatientImageController.GetImageScreenshotAsync (NHI-AI-MedReportViewerWebApi); StudyInstanceUid=1.2.840.25117608923523578101231161936851828085; SeriesInstanceUid=1.2.840.211941681108460115160221138240919221321384; SopInstanceUid=1.2.840.2211921183322322214326160692421211971102178
  --- Exception ---
Amazon.S3.AmazonS3Exception: The specified key does not exist.
 ---> Amazon.Runtime.Internal.HttpErrorResponseException: Exception of type 'Amazon.Runtime.Internal.HttpErrorResponseException' was thrown.
   at Amazon.Runtime.HttpWebRequestMessage.ProcessHttpResponseMessage(HttpResponseMessage responseMessage)
   at Amazon.Runtime.HttpWebRequestMessage.GetResponseAsync(CancellationToken cancellationToken)
   at Amazon.Runtime.Internal.HttpHandler`1.InvokeAsync[T](IExecutionContext executionContext)
   at Amazon.Runtime.Internal.RedirectHandler.InvokeAsync[T](IExecutionContext executionContext)
   at Amazon.Runtime.Internal.Unmarshaller.InvokeAsync[T](IExecutionContext executionContext)
   at Amazon.S3.Internal.AmazonS3ResponseHandler.InvokeAsync[T](IExecutionContext executionContext)
   at Amazon.Runtime.Internal.ErrorHandler.InvokeAsync[T](IExecutionContext executionContext)
   --- End of inner exception stack trace ---
   at Amazon.Runtime.Internal.HttpErrorResponseExceptionHandler.HandleExceptionStream(IRequestContext requestContext, IWebResponseData httpErrorResponse, HttpErrorResponseException exception, Stream responseStream)
   at Amazon.Runtime.Internal.HttpErrorResponseExceptionHandler.HandleExceptionAsync(IExecutionContext executionContext, HttpErrorResponseException exception)
   at Amazon.Runtime.Internal.ExceptionHandler`1.HandleAsync(IExecutionContext executionContext, Exception exception)
   at Amazon.Runtime.Internal.ErrorHandler.ProcessExceptionAsync(IExecutionContext executionContext, Exception exception)
   at Amazon.Runtime.Internal.ErrorHandler.InvokeAsync[T](IExecutionContext executionContext)
   at Amazon.Runtime.Internal.CallbackHandler.InvokeAsync[T](IExecutionContext executionContext)
   at Amazon.Runtime.Internal.Signer.InvokeAsync[T](IExecutionContext executionContext)
   at Amazon.S3.Internal.S3Express.S3ExpressPreSigner.InvokeAsync[T](IExecutionContext executionContext)
   at Amazon.Runtime.Internal.EndpointDiscoveryHandler.InvokeAsync[T](IExecutionContext executionContext)
   at Amazon.Runtime.Internal.EndpointDiscoveryHandler.InvokeAsync[T](IExecutionContext executionContext)
   at Amazon.Runtime.Internal.CredentialsRetriever.InvokeAsync[T](IExecutionContext executionContext)
   at Amazon.Runtime.Internal.RetryHandler.InvokeAsync[T](IExecutionContext executionContext)
   at Amazon.Runtime.Internal.RetryHandler.InvokeAsync[T](IExecutionContext executionContext)
   at Amazon.Runtime.Internal.CallbackHandler.InvokeAsync[T](IExecutionContext executionContext)
   at Amazon.Runtime.Internal.CallbackHandler.InvokeAsync[T](IExecutionContext executionContext)
   at Amazon.S3.Internal.AmazonS3ExceptionHandler.InvokeAsync[T](IExecutionContext executionContext)
   at Amazon.Runtime.Internal.ErrorCallbackHandler.InvokeAsync[T](IExecutionContext executionContext)
   at Amazon.Runtime.Internal.MetricsHandler.InvokeAsync[T](IExecutionContext executionContext)
======================================================================

2026-05-21 15:34:31.7431 [ERROR] [AIRS.Core.Common.LogForgingTools] [TraceID: 00-db0651849c8911edf21034b1bf246ef0-103119cfe785c6b9-00]
  Event: 0
  Request: GET https://lcr-tp.nhi.gov.tw/api/NhiPatientImage/studies/1.2.840.1831491181932115913426236105211231112230198234/series/1.2.840.194662179851015213741321381722223612923/instances/1.2.840.1763117124319615212510318787121752082224170/jpg 
  Message: 1779348871748 GetImage() 失敗，耗時 24 ms.
  Properties: RequestId=40000120-0002-fa00-b63f-84710c7967bb; RequestPath=/api/NhiPatientImage/studies/1.2.840.1831491181932115913426236105211231112230198234/series/1.2.840.194662179851015213741321381722223612923/instances/1.2.840.1763117124319615212510318787121752082224170/jpg; ActionId=675a52b6-3887-4a29-80f8-4bd3992df51e; ActionName=NHI_AI_MedReportViewerWebApi.Controllers.NhiPatientImageController.GetImageScreenshotAsync (NHI-AI-MedReportViewerWebApi); StudyInstanceUid=1.2.840.1831491181932115913426236105211231112230198234; SeriesInstanceUid=1.2.840.194662179851015213741321381722223612923; SopInstanceUid=1.2.840.1763117124319615212510318787121752082224170
  --- Exception ---
Amazon.S3.AmazonS3Exception: The specified key does not exist.
 ---> Amazon.Runtime.Internal.HttpErrorResponseException: Exception of type 'Amazon.Runtime.Internal.HttpErrorResponseException' was thrown.
   at Amazon.Runtime.HttpWebRequestMessage.ProcessHttpResponseMessage(HttpResponseMessage responseMessage)
   at Amazon.Runtime.HttpWebRequestMessage.GetResponseAsync(CancellationToken cancellationToken)
   at Amazon.Runtime.Internal.HttpHandler`1.InvokeAsync[T](IExecutionContext executionContext)
   at Amazon.Runtime.Internal.RedirectHandler.InvokeAsync[T](IExecutionContext executionContext)
   at Amazon.Runtime.Internal.Unmarshaller.InvokeAsync[T](IExecutionContext executionContext)
   at Amazon.S3.Internal.AmazonS3ResponseHandler.InvokeAsync[T](IExecutionContext executionContext)
   at Amazon.Runtime.Internal.ErrorHandler.InvokeAsync[T](IExecutionContext executionContext)
   --- End of inner exception stack trace ---
   at Amazon.Runtime.Internal.HttpErrorResponseExceptionHandler.HandleExceptionStream(IRequestContext requestContext, IWebResponseData httpErrorResponse, HttpErrorResponseException exception, Stream responseStream)
   at Amazon.Runtime.Internal.HttpErrorResponseExceptionHandler.HandleExceptionAsync(IExecutionContext executionContext, HttpErrorResponseException exception)
   at Amazon.Runtime.Internal.ExceptionHandler`1.HandleAsync(IExecutionContext executionContext, Exception exception)
   at Amazon.Runtime.Internal.ErrorHandler.ProcessExceptionAsync(IExecutionContext executionContext, Exception exception)
   at Amazon.Runtime.Internal.ErrorHandler.InvokeAsync[T](IExecutionContext executionContext)
   at Amazon.Runtime.Internal.CallbackHandler.InvokeAsync[T](IExecutionContext executionContext)
   at Amazon.Runtime.Internal.Signer.InvokeAsync[T](IExecutionContext executionContext)
   at Amazon.S3.Internal.S3Express.S3ExpressPreSigner.InvokeAsync[T](IExecutionContext executionContext)
   at Amazon.Runtime.Internal.EndpointDiscoveryHandler.InvokeAsync[T](IExecutionContext executionContext)
   at Amazon.Runtime.Internal.EndpointDiscoveryHandler.InvokeAsync[T](IExecutionContext executionContext)
   at Amazon.Runtime.Internal.CredentialsRetriever.InvokeAsync[T](IExecutionContext executionContext)
   at Amazon.Runtime.Internal.RetryHandler.InvokeAsync[T](IExecutionContext executionContext)
   at Amazon.Runtime.Internal.RetryHandler.InvokeAsync[T](IExecutionContext executionContext)
   at Amazon.Runtime.Internal.CallbackHandler.InvokeAsync[T](IExecutionContext executionContext)
   at Amazon.Runtime.Internal.CallbackHandler.InvokeAsync[T](IExecutionContext executionContext)
   at Amazon.S3.Internal.AmazonS3ExceptionHandler.InvokeAsync[T](IExecutionContext executionContext)
   at Amazon.Runtime.Internal.ErrorCallbackHandler.InvokeAsync[T](IExecutionContext executionContext)
   at Amazon.Runtime.Internal.MetricsHandler.InvokeAsync[T](IExecutionContext executionContext)
======================================================================

2026-05-21 15:34:31.7431 [ERROR] [NHI_AI_MedReportViewerWebApi.Services.NhiPatientImageService] [TraceID: 00-c0da323177ac9a22cd3c6eda6f73ac88-9db750386c26e91e-00]
  Event: 0
  Request: GET https://lcr-tp.nhi.gov.tw/api/NhiPatientImage/studies/1.2.840.9910213721418325218772121021591791708761232/series/1.2.840.1718923156152311768923275322146219117393/instances/1.2.840.28205114487195201111819825012815415044161/jpg 
  Message: 取得 DICOM 影像串流時發生錯誤
  Properties: RequestId=40000004-0000-f700-b63f-84710c7967bb; RequestPath=/api/NhiPatientImage/studies/1.2.840.9910213721418325218772121021591791708761232/series/1.2.840.1718923156152311768923275322146219117393/instances/1.2.840.28205114487195201111819825012815415044161/jpg; ActionId=675a52b6-3887-4a29-80f8-4bd3992df51e; ActionName=NHI_AI_MedReportViewerWebApi.Controllers.NhiPatientImageController.GetImageScreenshotAsync (NHI-AI-MedReportViewerWebApi); StudyInstanceUid=1.2.840.9910213721418325218772121021591791708761232; SeriesInstanceUid=1.2.840.1718923156152311768923275322146219117393; SopInstanceUid=1.2.840.28205114487195201111819825012815415044161
  --- Exception ---
Amazon.S3.AmazonS3Exception: The specified key does not exist.
 ---> Amazon.Runtime.Internal.HttpErrorResponseException: Exception of type 'Amazon.Runtime.Internal.HttpErrorResponseException' was thrown.
   at Amazon.Runtime.HttpWebRequestMessage.ProcessHttpResponseMessage(HttpResponseMessage responseMessage)
   at Amazon.Runtime.HttpWebRequestMessage.GetResponseAsync(CancellationToken cancellationToken)
   at Amazon.Runtime.Internal.HttpHandler`1.InvokeAsync[T](IExecutionContext executionContext)
   at Amazon.Runtime.Internal.RedirectHandler.InvokeAsync[T](IExecutionContext executionContext)
   at Amazon.Runtime.Internal.Unmarshaller.InvokeAsync[T](IExecutionContext executionContext)
   at Amazon.S3.Internal.AmazonS3ResponseHandler.InvokeAsync[T](IExecutionContext executionContext)
   at Amazon.Runtime.Internal.ErrorHandler.InvokeAsync[T](IExecutionContext executionContext)
   --- End of inner exception stack trace ---
   at Amazon.Runtime.Internal.HttpErrorResponseExceptionHandler.HandleExceptionStream(IRequestContext requestContext, IWebResponseData httpErrorResponse, HttpErrorResponseException exception, Stream responseStream)
   at Amazon.Runtime.Internal.HttpErrorResponseExceptionHandler.HandleExceptionAsync(IExecutionContext executionContext, HttpErrorResponseException exception)
   at Amazon.Runtime.Internal.ExceptionHandler`1.HandleAsync(IExecutionContext executionContext, Exception exception)
   at Amazon.Runtime.Internal.ErrorHandler.ProcessExceptionAsync(IExecutionContext executionContext, Exception exception)
   at Amazon.Runtime.Internal.ErrorHandler.InvokeAsync[T](IExecutionContext executionContext)
   at Amazon.Runtime.Internal.CallbackHandler.InvokeAsync[T](IExecutionContext executionContext)
   at Amazon.Runtime.Internal.Signer.InvokeAsync[T](IExecutionContext executionContext)
   at Amazon.S3.Internal.S3Express.S3ExpressPreSigner.InvokeAsync[T](IExecutionContext executionContext)
   at Amazon.Runtime.Internal.EndpointDiscoveryHandler.InvokeAsync[T](IExecutionContext executionContext)
   at Amazon.Runtime.Internal.EndpointDiscoveryHandler.InvokeAsync[T](IExecutionContext executionContext)
   at Amazon.Runtime.Internal.CredentialsRetriever.InvokeAsync[T](IExecutionContext executionContext)
   at Amazon.Runtime.Internal.RetryHandler.InvokeAsync[T](IExecutionContext executionContext)
   at Amazon.Runtime.Internal.RetryHandler.InvokeAsync[T](IExecutionContext executionContext)
   at Amazon.Runtime.Internal.CallbackHandler.InvokeAsync[T](IExecutionContext executionContext)
   at Amazon.Runtime.Internal.CallbackHandler.InvokeAsync[T](IExecutionContext executionContext)
   at Amazon.S3.Internal.AmazonS3ExceptionHandler.InvokeAsync[T](IExecutionContext executionContext)
   at Amazon.Runtime.Internal.ErrorCallbackHandler.InvokeAsync[T](IExecutionContext executionContext)
   at Amazon.Runtime.Internal.MetricsHandler.InvokeAsync[T](IExecutionContext executionContext)
======================================================================

2026-05-21 15:34:31.7658 [ERROR] [AIRS.Core.Common.LogForgingTools] [TraceID: 00-810c324b8fcd57d836565fbc8964500f-aac4a03f2bedbcb1-00]
  Event: 0
  Request: GET https://lcr-tp.nhi.gov.tw/api/NhiPatientImage/studies/1.2.840.14311817595127161161159179701024822483140199/series/1.2.840.2081181585538253120903422631829791115221/instances/1.2.840.2441781871703324220021480632358916319724163/jpg 
  Message: 1779348871765 GetImage() 失敗，耗時 45 ms.
  Properties: RequestId=4000000a-0002-f800-b63f-84710c7967bb; RequestPath=/api/NhiPatientImage/studies/1.2.840.14311817595127161161159179701024822483140199/series/1.2.840.2081181585538253120903422631829791115221/instances/1.2.840.2441781871703324220021480632358916319724163/jpg; ActionId=675a52b6-3887-4a29-80f8-4bd3992df51e; ActionName=NHI_AI_MedReportViewerWebApi.Controllers.NhiPatientImageController.GetImageScreenshotAsync (NHI-AI-MedReportViewerWebApi); StudyInstanceUid=1.2.840.14311817595127161161159179701024822483140199; SeriesInstanceUid=1.2.840.2081181585538253120903422631829791115221; SopInstanceUid=1.2.840.2441781871703324220021480632358916319724163
  --- Exception ---
Amazon.S3.AmazonS3Exception: The specified key does not exist.
 ---> Amazon.Runtime.Internal.HttpErrorResponseException: Exception of type 'Amazon.Runtime.Internal.HttpErrorResponseException' was thrown.
   at Amazon.Runtime.HttpWebRequestMessage.ProcessHttpResponseMessage(HttpResponseMessage responseMessage)
   at Amazon.Runtime.HttpWebRequestMessage.GetResponseAsync(CancellationToken cancellationToken)
   at Amazon.Runtime.Internal.HttpHandler`1.InvokeAsync[T](IExecutionContext executionContext)
   at Amazon.Runtime.Internal.RedirectHandler.InvokeAsync[T](IExecutionContext executionContext)
   at Amazon.Runtime.Internal.Unmarshaller.InvokeAsync[T](IExecutionContext executionContext)
   at Amazon.S3.Internal.AmazonS3ResponseHandler.InvokeAsync[T](IExecutionContext executionContext)
   at Amazon.Runtime.Internal.ErrorHandler.InvokeAsync[T](IExecutionContext executionContext)
   --- End of inner exception stack trace ---
   at Amazon.Runtime.Internal.HttpErrorResponseExceptionHandler.HandleExceptionStream(IRequestContext requestContext, IWebResponseData httpErrorResponse, HttpErrorResponseException exception, Stream responseStream)
   at Amazon.Runtime.Internal.HttpErrorResponseExceptionHandler.HandleExceptionAsync(IExecutionContext executionContext, HttpErrorResponseException exception)
   at Amazon.Runtime.Internal.ExceptionHandler`1.HandleAsync(IExecutionContext executionContext, Exception exception)
   at Amazon.Runtime.Internal.ErrorHandler.ProcessExceptionAsync(IExecutionContext executionContext, Exception exception)
   at Amazon.Runtime.Internal.ErrorHandler.InvokeAsync[T](IExecutionContext executionContext)
   at Amazon.Runtime.Internal.CallbackHandler.InvokeAsync[T](IExecutionContext executionContext)
   at Amazon.Runtime.Internal.Signer.InvokeAsync[T](IExecutionContext executionContext)
   at Amazon.S3.Internal.S3Express.S3ExpressPreSigner.InvokeAsync[T](IExecutionContext executionContext)
   at Amazon.Runtime.Internal.EndpointDiscoveryHandler.InvokeAsync[T](IExecutionContext executionContext)
   at Amazon.Runtime.Internal.EndpointDiscoveryHandler.InvokeAsync[T](IExecutionContext executionContext)
   at Amazon.Runtime.Internal.CredentialsRetriever.InvokeAsync[T](IExecutionContext executionContext)
   at Amazon.Runtime.Internal.RetryHandler.InvokeAsync[T](IExecutionContext executionContext)
   at Amazon.Runtime.Internal.RetryHandler.InvokeAsync[T](IExecutionContext executionContext)
   at Amazon.Runtime.Internal.CallbackHandler.InvokeAsync[T](IExecutionContext executionContext)
   at Amazon.Runtime.Internal.CallbackHandler.InvokeAsync[T](IExecutionContext executionContext)
   at Amazon.S3.Internal.AmazonS3ExceptionHandler.InvokeAsync[T](IExecutionContext executionContext)
   at Amazon.Runtime.Internal.ErrorCallbackHandler.InvokeAsync[T](IExecutionContext executionContext)
   at Amazon.Runtime.Internal.MetricsHandler.InvokeAsync[T](IExecutionContext executionContext)
======================================================================

2026-05-21 15:34:31.7658 [ERROR] [NHI_AI_MedReportViewerWebApi.Services.NhiPatientImageService] [TraceID: 00-d4b712b747baf9392a56101fac4a6b7f-3e6c91f846861114-00]
  Event: 0
  Request: GET https://lcr-tp.nhi.gov.tw/api/NhiPatientImage/studies/1.2.840.9910213721418325218772121021591791708761232/series/1.2.840.1718923156152311768923275322146219117393/instances/1.2.840.1666017802032451797210229178424333245136/jpg 
  Message: 取得 DICOM 影像串流時發生錯誤
  Properties: RequestId=40000004-0000-f900-b63f-84710c7967bb; RequestPath=/api/NhiPatientImage/studies/1.2.840.9910213721418325218772121021591791708761232/series/1.2.840.1718923156152311768923275322146219117393/instances/1.2.840.1666017802032451797210229178424333245136/jpg; ActionId=675a52b6-3887-4a29-80f8-4bd3992df51e; ActionName=NHI_AI_MedReportViewerWebApi.Controllers.NhiPatientImageController.GetImageScreenshotAsync (NHI-AI-MedReportViewerWebApi); StudyInstanceUid=1.2.840.9910213721418325218772121021591791708761232; SeriesInstanceUid=1.2.840.1718923156152311768923275322146219117393; SopInstanceUid=1.2.840.1666017802032451797210229178424333245136
  --- Exception ---
Amazon.S3.AmazonS3Exception: The specified key does not exist.
 ---> Amazon.Runtime.Internal.HttpErrorResponseException: Exception of type 'Amazon.Runtime.Internal.HttpErrorResponseException' was thrown.
   at Amazon.Runtime.HttpWebRequestMessage.ProcessHttpResponseMessage(HttpResponseMessage responseMessage)
   at Amazon.Runtime.HttpWebRequestMessage.GetResponseAsync(CancellationToken cancellationToken)
   at Amazon.Runtime.Internal.HttpHandler`1.InvokeAsync[T](IExecutionContext executionContext)
   at Amazon.Runtime.Internal.RedirectHandler.InvokeAsync[T](IExecutionContext executionContext)
   at Amazon.Runtime.Internal.Unmarshaller.InvokeAsync[T](IExecutionContext executionContext)
   at Amazon.S3.Internal.AmazonS3ResponseHandler.InvokeAsync[T](IExecutionContext executionContext)
   at Amazon.Runtime.Internal.ErrorHandler.InvokeAsync[T](IExecutionContext executionContext)
   --- End of inner exception stack trace ---
   at Amazon.Runtime.Internal.HttpErrorResponseExceptionHandler.HandleExceptionStream(IRequestContext requestContext, IWebResponseData httpErrorResponse, HttpErrorResponseException exception, Stream responseStream)
   at Amazon.Runtime.Internal.HttpErrorResponseExceptionHandler.HandleExceptionAsync(IExecutionContext executionContext, HttpErrorResponseException exception)
   at Amazon.Runtime.Internal.ExceptionHandler`1.HandleAsync(IExecutionContext executionContext, Exception exception)
   at Amazon.Runtime.Internal.ErrorHandler.ProcessExceptionAsync(IExecutionContext executionContext, Exception exception)
   at Amazon.Runtime.Internal.ErrorHandler.InvokeAsync[T](IExecutionContext executionContext)
   at Amazon.Runtime.Internal.CallbackHandler.InvokeAsync[T](IExecutionContext executionContext)
   at Amazon.Runtime.Internal.Signer.InvokeAsync[T](IExecutionContext executionContext)
   at Amazon.S3.Internal.S3Express.S3ExpressPreSigner.InvokeAsync[T](IExecutionContext executionContext)
   at Amazon.Runtime.Internal.EndpointDiscoveryHandler.InvokeAsync[T](IExecutionContext executionContext)
   at Amazon.Runtime.Internal.EndpointDiscoveryHandler.InvokeAsync[T](IExecutionContext executionContext)
   at Amazon.Runtime.Internal.CredentialsRetriever.InvokeAsync[T](IExecutionContext executionContext)
   at Amazon.Runtime.Internal.RetryHandler.InvokeAsync[T](IExecutionContext executionContext)
   at Amazon.Runtime.Internal.RetryHandler.InvokeAsync[T](IExecutionContext executionContext)
   at Amazon.Runtime.Internal.CallbackHandler.InvokeAsync[T](IExecutionContext executionContext)
   at Amazon.Runtime.Internal.CallbackHandler.InvokeAsync[T](IExecutionContext executionContext)
   at Amazon.S3.Internal.AmazonS3ExceptionHandler.InvokeAsync[T](IExecutionContext executionContext)
   at Amazon.Runtime.Internal.ErrorCallbackHandler.InvokeAsync[T](IExecutionContext executionContext)
   at Amazon.Runtime.Internal.MetricsHandler.InvokeAsync[T](IExecutionContext executionContext)
======================================================================

2026-05-21 15:34:31.7658 [ERROR] [AIRS.Core.Common.LogForgingTools] [TraceID: 00-89119f4a63fcad8f4864668aad4b40e9-3c9529efdcfdbbae-00]
  Event: 0
  Request: GET https://lcr-tp.nhi.gov.tw/api/NhiPatientImage/studies/1.2.840.95628289237023181203129147651793012853/series/1.2.840.15522917228832121867788198941815717572241/instances/1.2.840.2482919651028917222517392352521782145174/jpg 
  Message: 1779348871774 GetImage() 失敗，耗時 69 ms.
  Properties: RequestId=40000008-0000-f800-b63f-84710c7967bb; RequestPath=/api/NhiPatientImage/studies/1.2.840.95628289237023181203129147651793012853/series/1.2.840.15522917228832121867788198941815717572241/instances/1.2.840.2482919651028917222517392352521782145174/jpg; ActionId=675a52b6-3887-4a29-80f8-4bd3992df51e; ActionName=NHI_AI_MedReportViewerWebApi.Controllers.NhiPatientImageController.GetImageScreenshotAsync (NHI-AI-MedReportViewerWebApi); StudyInstanceUid=1.2.840.95628289237023181203129147651793012853; SeriesInstanceUid=1.2.840.15522917228832121867788198941815717572241; SopInstanceUid=1.2.840.2482919651028917222517392352521782145174
  --- Exception ---
Amazon.S3.AmazonS3Exception: The specified key does not exist.
 ---> Amazon.Runtime.Internal.HttpErrorResponseException: Exception of type 'Amazon.Runtime.Internal.HttpErrorResponseException' was thrown.
   at Amazon.Runtime.HttpWebRequestMessage.ProcessHttpResponseMessage(HttpResponseMessage responseMessage)
   at Amazon.Runtime.HttpWebRequestMessage.GetResponseAsync(CancellationToken cancellationToken)
   at Amazon.Runtime.Internal.HttpHandler`1.InvokeAsync[T](IExecutionContext executionContext)
   at Amazon.Runtime.Internal.RedirectHandler.InvokeAsync[T](IExecutionContext executionContext)
   at Amazon.Runtime.Internal.Unmarshaller.InvokeAsync[T](IExecutionContext executionContext)
   at Amazon.S3.Internal.AmazonS3ResponseHandler.InvokeAsync[T](IExecutionContext executionContext)
   at Amazon.Runtime.Internal.ErrorHandler.InvokeAsync[T](IExecutionContext executionContext)
   --- End of inner exception stack trace ---
   at Amazon.Runtime.Internal.HttpErrorResponseExceptionHandler.HandleExceptionStream(IRequestContext requestContext, IWebResponseData httpErrorResponse, HttpErrorResponseException exception, Stream responseStream)
   at Amazon.Runtime.Internal.HttpErrorResponseExceptionHandler.HandleExceptionAsync(IExecutionContext executionContext, HttpErrorResponseException exception)
   at Amazon.Runtime.Internal.ExceptionHandler`1.HandleAsync(IExecutionContext executionContext, Exception exception)
   at Amazon.Runtime.Internal.ErrorHandler.ProcessExceptionAsync(IExecutionContext executionContext, Exception exception)
   at Amazon.Runtime.Internal.ErrorHandler.InvokeAsync[T](IExecutionContext executionContext)
   at Amazon.Runtime.Internal.CallbackHandler.InvokeAsync[T](IExecutionContext executionContext)
   at Amazon.Runtime.Internal.Signer.InvokeAsync[T](IExecutionContext executionContext)
   at Amazon.S3.Internal.S3Express.S3ExpressPreSigner.InvokeAsync[T](IExecutionContext executionContext)
   at Amazon.Runtime.Internal.EndpointDiscoveryHandler.InvokeAsync[T](IExecutionContext executionContext)
   at Amazon.Runtime.Internal.EndpointDiscoveryHandler.InvokeAsync[T](IExecutionContext executionContext)
   at Amazon.Runtime.Internal.CredentialsRetriever.InvokeAsync[T](IExecutionContext executionContext)
   at Amazon.Runtime.Internal.RetryHandler.InvokeAsync[T](IExecutionContext executionContext)
   at Amazon.Runtime.Internal.RetryHandler.InvokeAsync[T](IExecutionContext executionContext)
   at Amazon.Runtime.Internal.CallbackHandler.InvokeAsync[T](IExecutionContext executionContext)
   at Amazon.Runtime.Internal.CallbackHandler.InvokeAsync[T](IExecutionContext executionContext)
   at Amazon.S3.Internal.AmazonS3ExceptionHandler.InvokeAsync[T](IExecutionContext executionContext)
   at Amazon.Runtime.Internal.ErrorCallbackHandler.InvokeAsync[T](IExecutionContext executionContext)
   at Amazon.Runtime.Internal.MetricsHandler.InvokeAsync[T](IExecutionContext executionContext)
======================================================================

2026-05-21 15:34:31.7786 [ERROR] [NHI_AI_MedReportViewerWebApi.Services.NhiPatientImageService] [TraceID: 00-06bfabc742273a2ad38255aaa3e0e4ba-2fa44ad6eac1cbe7-00]
  Event: 0
  Request: GET https://lcr-tp.nhi.gov.tw/api/NhiPatientImage/studies/1.2.840.25117608923523578101231161936851828085/series/1.2.840.211941681108460115160221138240919221321384/instances/1.2.840.2211921183322322214326160692421211971102178/jpg 
  Message: 取得 DICOM 影像串流時發生錯誤
  Properties: RequestId=4000000a-0002-f700-b63f-84710c7967bb; RequestPath=/api/NhiPatientImage/studies/1.2.840.25117608923523578101231161936851828085/series/1.2.840.211941681108460115160221138240919221321384/instances/1.2.840.2211921183322322214326160692421211971102178/jpg; ActionId=675a52b6-3887-4a29-80f8-4bd3992df51e; ActionName=NHI_AI_MedReportViewerWebApi.Controllers.NhiPatientImageController.GetImageScreenshotAsync (NHI-AI-MedReportViewerWebApi); StudyInstanceUid=1.2.840.25117608923523578101231161936851828085; SeriesInstanceUid=1.2.840.211941681108460115160221138240919221321384; SopInstanceUid=1.2.840.2211921183322322214326160692421211971102178
  --- Exception ---
Amazon.S3.AmazonS3Exception: The specified key does not exist.
 ---> Amazon.Runtime.Internal.HttpErrorResponseException: Exception of type 'Amazon.Runtime.Internal.HttpErrorResponseException' was thrown.
   at Amazon.Runtime.HttpWebRequestMessage.ProcessHttpResponseMessage(HttpResponseMessage responseMessage)
   at Amazon.Runtime.HttpWebRequestMessage.GetResponseAsync(CancellationToken cancellationToken)
   at Amazon.Runtime.Internal.HttpHandler`1.InvokeAsync[T](IExecutionContext executionContext)
   at Amazon.Runtime.Internal.RedirectHandler.InvokeAsync[T](IExecutionContext executionContext)
   at Amazon.Runtime.Internal.Unmarshaller.InvokeAsync[T](IExecutionContext executionContext)
   at Amazon.S3.Internal.AmazonS3ResponseHandler.InvokeAsync[T](IExecutionContext executionContext)
   at Amazon.Runtime.Internal.ErrorHandler.InvokeAsync[T](IExecutionContext executionContext)
   --- End of inner exception stack trace ---
   at Amazon.Runtime.Internal.HttpErrorResponseExceptionHandler.HandleExceptionStream(IRequestContext requestContext, IWebResponseData httpErrorResponse, HttpErrorResponseException exception, Stream responseStream)
   at Amazon.Runtime.Internal.HttpErrorResponseExceptionHandler.HandleExceptionAsync(IExecutionContext executionContext, HttpErrorResponseException exception)
   at Amazon.Runtime.Internal.ExceptionHandler`1.HandleAsync(IExecutionContext executionContext, Exception exception)
   at Amazon.Runtime.Internal.ErrorHandler.ProcessExceptionAsync(IExecutionContext executionContext, Exception exception)
   at Amazon.Runtime.Internal.ErrorHandler.InvokeAsync[T](IExecutionContext executionContext)
   at Amazon.Runtime.Internal.CallbackHandler.InvokeAsync[T](IExecutionContext executionContext)
   at Amazon.Runtime.Internal.Signer.InvokeAsync[T](IExecutionContext executionContext)
   at Amazon.S3.Internal.S3Express.S3ExpressPreSigner.InvokeAsync[T](IExecutionContext executionContext)
   at Amazon.Runtime.Internal.EndpointDiscoveryHandler.InvokeAsync[T](IExecutionContext executionContext)
   at Amazon.Runtime.Internal.EndpointDiscoveryHandler.InvokeAsync[T](IExecutionContext executionContext)
   at Amazon.Runtime.Internal.CredentialsRetriever.InvokeAsync[T](IExecutionContext executionContext)
   at Amazon.Runtime.Internal.RetryHandler.InvokeAsync[T](IExecutionContext executionContext)
   at Amazon.Runtime.Internal.RetryHandler.InvokeAsync[T](IExecutionContext executionContext)
   at Amazon.Runtime.Internal.CallbackHandler.InvokeAsync[T](IExecutionContext executionContext)
   at Amazon.Runtime.Internal.CallbackHandler.InvokeAsync[T](IExecutionContext executionContext)
   at Amazon.S3.Internal.AmazonS3ExceptionHandler.InvokeAsync[T](IExecutionContext executionContext)
   at Amazon.Runtime.Internal.ErrorCallbackHandler.InvokeAsync[T](IExecutionContext executionContext)
   at Amazon.Runtime.Internal.MetricsHandler.InvokeAsync[T](IExecutionContext executionContext)
======================================================================

2026-05-21 15:34:31.7786 [ERROR] [NHI_AI_MedReportViewerWebApi.Services.NhiPatientImageService] [TraceID: 00-db0651849c8911edf21034b1bf246ef0-103119cfe785c6b9-00]
  Event: 0
  Request: GET https://lcr-tp.nhi.gov.tw/api/NhiPatientImage/studies/1.2.840.1831491181932115913426236105211231112230198234/series/1.2.840.194662179851015213741321381722223612923/instances/1.2.840.1763117124319615212510318787121752082224170/jpg 
  Message: 取得 DICOM 影像串流時發生錯誤
  Properties: RequestId=40000120-0002-fa00-b63f-84710c7967bb; RequestPath=/api/NhiPatientImage/studies/1.2.840.1831491181932115913426236105211231112230198234/series/1.2.840.194662179851015213741321381722223612923/instances/1.2.840.1763117124319615212510318787121752082224170/jpg; ActionId=675a52b6-3887-4a29-80f8-4bd3992df51e; ActionName=NHI_AI_MedReportViewerWebApi.Controllers.NhiPatientImageController.GetImageScreenshotAsync (NHI-AI-MedReportViewerWebApi); StudyInstanceUid=1.2.840.1831491181932115913426236105211231112230198234; SeriesInstanceUid=1.2.840.194662179851015213741321381722223612923; SopInstanceUid=1.2.840.1763117124319615212510318787121752082224170
  --- Exception ---
Amazon.S3.AmazonS3Exception: The specified key does not exist.
 ---> Amazon.Runtime.Internal.HttpErrorResponseException: Exception of type 'Amazon.Runtime.Internal.HttpErrorResponseException' was thrown.
   at Amazon.Runtime.HttpWebRequestMessage.ProcessHttpResponseMessage(HttpResponseMessage responseMessage)
   at Amazon.Runtime.HttpWebRequestMessage.GetResponseAsync(CancellationToken cancellationToken)
   at Amazon.Runtime.Internal.HttpHandler`1.InvokeAsync[T](IExecutionContext executionContext)
   at Amazon.Runtime.Internal.RedirectHandler.InvokeAsync[T](IExecutionContext executionContext)
   at Amazon.Runtime.Internal.Unmarshaller.InvokeAsync[T](IExecutionContext executionContext)
   at Amazon.S3.Internal.AmazonS3ResponseHandler.InvokeAsync[T](IExecutionContext executionContext)
   at Amazon.Runtime.Internal.ErrorHandler.InvokeAsync[T](IExecutionContext executionContext)
   --- End of inner exception stack trace ---
   at Amazon.Runtime.Internal.HttpErrorResponseExceptionHandler.HandleExceptionStream(IRequestContext requestContext, IWebResponseData httpErrorResponse, HttpErrorResponseException exception, Stream responseStream)
   at Amazon.Runtime.Internal.HttpErrorResponseExceptionHandler.HandleExceptionAsync(IExecutionContext executionContext, HttpErrorResponseException exception)
   at Amazon.Runtime.Internal.ExceptionHandler`1.HandleAsync(IExecutionContext executionContext, Exception exception)
   at Amazon.Runtime.Internal.ErrorHandler.ProcessExceptionAsync(IExecutionContext executionContext, Exception exception)
   at Amazon.Runtime.Internal.ErrorHandler.InvokeAsync[T](IExecutionContext executionContext)
   at Amazon.Runtime.Internal.CallbackHandler.InvokeAsync[T](IExecutionContext executionContext)
   at Amazon.Runtime.Internal.Signer.InvokeAsync[T](IExecutionContext executionContext)
   at Amazon.S3.Internal.S3Express.S3ExpressPreSigner.InvokeAsync[T](IExecutionContext executionContext)
   at Amazon.Runtime.Internal.EndpointDiscoveryHandler.InvokeAsync[T](IExecutionContext executionContext)
   at Amazon.Runtime.Internal.EndpointDiscoveryHandler.InvokeAsync[T](IExecutionContext executionContext)
   at Amazon.Runtime.Internal.CredentialsRetriever.InvokeAsync[T](IExecutionContext executionContext)
   at Amazon.Runtime.Internal.RetryHandler.InvokeAsync[T](IExecutionContext executionContext)
   at Amazon.Runtime.Internal.RetryHandler.InvokeAsync[T](IExecutionContext executionContext)
   at Amazon.Runtime.Internal.CallbackHandler.InvokeAsync[T](IExecutionContext executionContext)
   at Amazon.Runtime.Internal.CallbackHandler.InvokeAsync[T](IExecutionContext executionContext)
   at Amazon.S3.Internal.AmazonS3ExceptionHandler.InvokeAsync[T](IExecutionContext executionContext)
   at Amazon.Runtime.Internal.ErrorCallbackHandler.InvokeAsync[T](IExecutionContext executionContext)
   at Amazon.Runtime.Internal.MetricsHandler.InvokeAsync[T](IExecutionContext executionContext)
======================================================================

2026-05-21 15:34:31.7901 [ERROR] [NHI_AI_MedReportViewerWebApi.Services.NhiPatientImageService] [TraceID: 00-810c324b8fcd57d836565fbc8964500f-aac4a03f2bedbcb1-00]
  Event: 0
  Request: GET https://lcr-tp.nhi.gov.tw/api/NhiPatientImage/studies/1.2.840.14311817595127161161159179701024822483140199/series/1.2.840.2081181585538253120903422631829791115221/instances/1.2.840.2441781871703324220021480632358916319724163/jpg 
  Message: 取得 DICOM 影像串流時發生錯誤
  Properties: RequestId=4000000a-0002-f800-b63f-84710c7967bb; RequestPath=/api/NhiPatientImage/studies/1.2.840.14311817595127161161159179701024822483140199/series/1.2.840.2081181585538253120903422631829791115221/instances/1.2.840.2441781871703324220021480632358916319724163/jpg; ActionId=675a52b6-3887-4a29-80f8-4bd3992df51e; ActionName=NHI_AI_MedReportViewerWebApi.Controllers.NhiPatientImageController.GetImageScreenshotAsync (NHI-AI-MedReportViewerWebApi); StudyInstanceUid=1.2.840.14311817595127161161159179701024822483140199; SeriesInstanceUid=1.2.840.2081181585538253120903422631829791115221; SopInstanceUid=1.2.840.2441781871703324220021480632358916319724163
  --- Exception ---
Amazon.S3.AmazonS3Exception: The specified key does not exist.
 ---> Amazon.Runtime.Internal.HttpErrorResponseException: Exception of type 'Amazon.Runtime.Internal.HttpErrorResponseException' was thrown.
   at Amazon.Runtime.HttpWebRequestMessage.ProcessHttpResponseMessage(HttpResponseMessage responseMessage)
   at Amazon.Runtime.HttpWebRequestMessage.GetResponseAsync(CancellationToken cancellationToken)
   at Amazon.Runtime.Internal.HttpHandler`1.InvokeAsync[T](IExecutionContext executionContext)
   at Amazon.Runtime.Internal.RedirectHandler.InvokeAsync[T](IExecutionContext executionContext)
   at Amazon.Runtime.Internal.Unmarshaller.InvokeAsync[T](IExecutionContext executionContext)
   at Amazon.S3.Internal.AmazonS3ResponseHandler.InvokeAsync[T](IExecutionContext executionContext)
   at Amazon.Runtime.Internal.ErrorHandler.InvokeAsync[T](IExecutionContext executionContext)
   --- End of inner exception stack trace ---
   at Amazon.Runtime.Internal.HttpErrorResponseExceptionHandler.HandleExceptionStream(IRequestContext requestContext, IWebResponseData httpErrorResponse, HttpErrorResponseException exception, Stream responseStream)
   at Amazon.Runtime.Internal.HttpErrorResponseExceptionHandler.HandleExceptionAsync(IExecutionContext executionContext, HttpErrorResponseException exception)
   at Amazon.Runtime.Internal.ExceptionHandler`1.HandleAsync(IExecutionContext executionContext, Exception exception)
   at Amazon.Runtime.Internal.ErrorHandler.ProcessExceptionAsync(IExecutionContext executionContext, Exception exception)
   at Amazon.Runtime.Internal.ErrorHandler.InvokeAsync[T](IExecutionContext executionContext)
   at Amazon.Runtime.Internal.CallbackHandler.InvokeAsync[T](IExecutionContext executionContext)
   at Amazon.Runtime.Internal.Signer.InvokeAsync[T](IExecutionContext executionContext)
   at Amazon.S3.Internal.S3Express.S3ExpressPreSigner.InvokeAsync[T](IExecutionContext executionContext)
   at Amazon.Runtime.Internal.EndpointDiscoveryHandler.InvokeAsync[T](IExecutionContext executionContext)
   at Amazon.Runtime.Internal.EndpointDiscoveryHandler.InvokeAsync[T](IExecutionContext executionContext)
   at Amazon.Runtime.Internal.CredentialsRetriever.InvokeAsync[T](IExecutionContext executionContext)
   at Amazon.Runtime.Internal.RetryHandler.InvokeAsync[T](IExecutionContext executionContext)
   at Amazon.Runtime.Internal.RetryHandler.InvokeAsync[T](IExecutionContext executionContext)
   at Amazon.Runtime.Internal.CallbackHandler.InvokeAsync[T](IExecutionContext executionContext)
   at Amazon.Runtime.Internal.CallbackHandler.InvokeAsync[T](IExecutionContext executionContext)
   at Amazon.S3.Internal.AmazonS3ExceptionHandler.InvokeAsync[T](IExecutionContext executionContext)
   at Amazon.Runtime.Internal.ErrorCallbackHandler.InvokeAsync[T](IExecutionContext executionContext)
   at Amazon.Runtime.Internal.MetricsHandler.InvokeAsync[T](IExecutionContext executionContext)
======================================================================

2026-05-21 15:34:31.8105 [ERROR] [NHI_AI_MedReportViewerWebApi.Services.NhiPatientImageService] [TraceID: 00-89119f4a63fcad8f4864668aad4b40e9-3c9529efdcfdbbae-00]
  Event: 0
  Request: GET https://lcr-tp.nhi.gov.tw/api/NhiPatientImage/studies/1.2.840.95628289237023181203129147651793012853/series/1.2.840.15522917228832121867788198941815717572241/instances/1.2.840.2482919651028917222517392352521782145174/jpg 
  Message: 取得 DICOM 影像串流時發生錯誤
  Properties: RequestId=40000008-0000-f800-b63f-84710c7967bb; RequestPath=/api/NhiPatientImage/studies/1.2.840.95628289237023181203129147651793012853/series/1.2.840.15522917228832121867788198941815717572241/instances/1.2.840.2482919651028917222517392352521782145174/jpg; ActionId=675a52b6-3887-4a29-80f8-4bd3992df51e; ActionName=NHI_AI_MedReportViewerWebApi.Controllers.NhiPatientImageController.GetImageScreenshotAsync (NHI-AI-MedReportViewerWebApi); StudyInstanceUid=1.2.840.95628289237023181203129147651793012853; SeriesInstanceUid=1.2.840.15522917228832121867788198941815717572241; SopInstanceUid=1.2.840.2482919651028917222517392352521782145174
  --- Exception ---
Amazon.S3.AmazonS3Exception: The specified key does not exist.
 ---> Amazon.Runtime.Internal.HttpErrorResponseException: Exception of type 'Amazon.Runtime.Internal.HttpErrorResponseException' was thrown.
   at Amazon.Runtime.HttpWebRequestMessage.ProcessHttpResponseMessage(HttpResponseMessage responseMessage)
   at Amazon.Runtime.HttpWebRequestMessage.GetResponseAsync(CancellationToken cancellationToken)
   at Amazon.Runtime.Internal.HttpHandler`1.InvokeAsync[T](IExecutionContext executionContext)
   at Amazon.Runtime.Internal.RedirectHandler.InvokeAsync[T](IExecutionContext executionContext)
   at Amazon.Runtime.Internal.Unmarshaller.InvokeAsync[T](IExecutionContext executionContext)
   at Amazon.S3.Internal.AmazonS3ResponseHandler.InvokeAsync[T](IExecutionContext executionContext)
   at Amazon.Runtime.Internal.ErrorHandler.InvokeAsync[T](IExecutionContext executionContext)
   --- End of inner exception stack trace ---
   at Amazon.Runtime.Internal.HttpErrorResponseExceptionHandler.HandleExceptionStream(IRequestContext requestContext, IWebResponseData httpErrorResponse, HttpErrorResponseException exception, Stream responseStream)
   at Amazon.Runtime.Internal.HttpErrorResponseExceptionHandler.HandleExceptionAsync(IExecutionContext executionContext, HttpErrorResponseException exception)
   at Amazon.Runtime.Internal.ExceptionHandler`1.HandleAsync(IExecutionContext executionContext, Exception exception)
   at Amazon.Runtime.Internal.ErrorHandler.ProcessExceptionAsync(IExecutionContext executionContext, Exception exception)
   at Amazon.Runtime.Internal.ErrorHandler.InvokeAsync[T](IExecutionContext executionContext)
   at Amazon.Runtime.Internal.CallbackHandler.InvokeAsync[T](IExecutionContext executionContext)
   at Amazon.Runtime.Internal.Signer.InvokeAsync[T](IExecutionContext executionContext)
   at Amazon.S3.Internal.S3Express.S3ExpressPreSigner.InvokeAsync[T](IExecutionContext executionContext)
   at Amazon.Runtime.Internal.EndpointDiscoveryHandler.InvokeAsync[T](IExecutionContext executionContext)
   at Amazon.Runtime.Internal.EndpointDiscoveryHandler.InvokeAsync[T](IExecutionContext executionContext)
   at Amazon.Runtime.Internal.CredentialsRetriever.InvokeAsync[T](IExecutionContext executionContext)
   at Amazon.Runtime.Internal.RetryHandler.InvokeAsync[T](IExecutionContext executionContext)
   at Amazon.Runtime.Internal.RetryHandler.InvokeAsync[T](IExecutionContext executionContext)
   at Amazon.Runtime.Internal.CallbackHandler.InvokeAsync[T](IExecutionContext executionContext)
   at Amazon.Runtime.Internal.CallbackHandler.InvokeAsync[T](IExecutionContext executionContext)
   at Amazon.S3.Internal.AmazonS3ExceptionHandler.InvokeAsync[T](IExecutionContext executionContext)
   at Amazon.Runtime.Internal.ErrorCallbackHandler.InvokeAsync[T](IExecutionContext executionContext)
   at Amazon.Runtime.Internal.MetricsHandler.InvokeAsync[T](IExecutionContext executionContext)
======================================================================

2026-05-21 15:34:31.8105 [ERROR] [AIRS.Core.Common.LogForgingTools] [TraceID: 00-7504b951921f362fcd6c21757145194c-dbc8ad90558c447a-00]
  Event: 0
  Request: GET https://lcr-tp.nhi.gov.tw/api/NhiPatientImage/studies/1.2.840.95628289237023181203129147651793012853/series/1.2.840.15522917228832121867788198941815717572241/instances/1.2.840.401392747581166219213224620516719084121134/jpg 
  Message: 1779348871813 GetImage() 失敗，耗時 103 ms.
  Properties: RequestId=40000075-0000-fe00-b63f-84710c7967bb; RequestPath=/api/NhiPatientImage/studies/1.2.840.95628289237023181203129147651793012853/series/1.2.840.15522917228832121867788198941815717572241/instances/1.2.840.401392747581166219213224620516719084121134/jpg; ActionId=675a52b6-3887-4a29-80f8-4bd3992df51e; ActionName=NHI_AI_MedReportViewerWebApi.Controllers.NhiPatientImageController.GetImageScreenshotAsync (NHI-AI-MedReportViewerWebApi); StudyInstanceUid=1.2.840.95628289237023181203129147651793012853; SeriesInstanceUid=1.2.840.15522917228832121867788198941815717572241; SopInstanceUid=1.2.840.401392747581166219213224620516719084121134
  --- Exception ---
Amazon.S3.AmazonS3Exception: The specified key does not exist.
 ---> Amazon.Runtime.Internal.HttpErrorResponseException: Exception of type 'Amazon.Runtime.Internal.HttpErrorResponseException' was thrown.
   at Amazon.Runtime.HttpWebRequestMessage.ProcessHttpResponseMessage(HttpResponseMessage responseMessage)
   at Amazon.Runtime.HttpWebRequestMessage.GetResponseAsync(CancellationToken cancellationToken)
   at Amazon.Runtime.Internal.HttpHandler`1.InvokeAsync[T](IExecutionContext executionContext)
   at Amazon.Runtime.Internal.RedirectHandler.InvokeAsync[T](IExecutionContext executionContext)
   at Amazon.Runtime.Internal.Unmarshaller.InvokeAsync[T](IExecutionContext executionContext)
   at Amazon.S3.Internal.AmazonS3ResponseHandler.InvokeAsync[T](IExecutionContext executionContext)
   at Amazon.Runtime.Internal.ErrorHandler.InvokeAsync[T](IExecutionContext executionContext)
   --- End of inner exception stack trace ---
   at Amazon.Runtime.Internal.HttpErrorResponseExceptionHandler.HandleExceptionStream(IRequestContext requestContext, IWebResponseData httpErrorResponse, HttpErrorResponseException exception, Stream responseStream)
   at Amazon.Runtime.Internal.HttpErrorResponseExceptionHandler.HandleExceptionAsync(IExecutionContext executionContext, HttpErrorResponseException exception)
   at Amazon.Runtime.Internal.ExceptionHandler`1.HandleAsync(IExecutionContext executionContext, Exception exception)
   at Amazon.Runtime.Internal.ErrorHandler.ProcessExceptionAsync(IExecutionContext executionContext, Exception exception)
   at Amazon.Runtime.Internal.ErrorHandler.InvokeAsync[T](IExecutionContext executionContext)
   at Amazon.Runtime.Internal.CallbackHandler.InvokeAsync[T](IExecutionContext executionContext)
   at Amazon.Runtime.Internal.Signer.InvokeAsync[T](IExecutionContext executionContext)
   at Amazon.S3.Internal.S3Express.S3ExpressPreSigner.InvokeAsync[T](IExecutionContext executionContext)
   at Amazon.Runtime.Internal.EndpointDiscoveryHandler.InvokeAsync[T](IExecutionContext executionContext)
   at Amazon.Runtime.Internal.EndpointDiscoveryHandler.InvokeAsync[T](IExecutionContext executionContext)
   at Amazon.Runtime.Internal.CredentialsRetriever.InvokeAsync[T](IExecutionContext executionContext)
   at Amazon.Runtime.Internal.RetryHandler.InvokeAsync[T](IExecutionContext executionContext)
   at Amazon.Runtime.Internal.RetryHandler.InvokeAsync[T](IExecutionContext executionContext)
   at Amazon.Runtime.Internal.CallbackHandler.InvokeAsync[T](IExecutionContext executionContext)
   at Amazon.Runtime.Internal.CallbackHandler.InvokeAsync[T](IExecutionContext executionContext)
   at Amazon.S3.Internal.AmazonS3ExceptionHandler.InvokeAsync[T](IExecutionContext executionContext)
   at Amazon.Runtime.Internal.ErrorCallbackHandler.InvokeAsync[T](IExecutionContext executionContext)
   at Amazon.Runtime.Internal.MetricsHandler.InvokeAsync[T](IExecutionContext executionContext)
======================================================================

2026-05-21 15:34:31.8105 [ERROR] [AIRS.Core.Common.LogForgingTools] [TraceID: 00-96c9018386e7d643b367467009dafb46-a7983d8a5246f59e-00]
  Event: 0
  Request: GET https://lcr-tp.nhi.gov.tw/api/NhiPatientImage/studies/1.2.840.25117608923523578101231161936851828085/series/1.2.840.211941681108460115160221138240919221321384/instances/1.2.840.203127233250801041609771223515116217522475/jpg 
  Message: 1779348871814 GetImage() 失敗，耗時 101 ms.
  Properties: RequestId=400000d6-0000-fd00-b63f-84710c7967bb; RequestPath=/api/NhiPatientImage/studies/1.2.840.25117608923523578101231161936851828085/series/1.2.840.211941681108460115160221138240919221321384/instances/1.2.840.203127233250801041609771223515116217522475/jpg; ActionId=675a52b6-3887-4a29-80f8-4bd3992df51e; ActionName=NHI_AI_MedReportViewerWebApi.Controllers.NhiPatientImageController.GetImageScreenshotAsync (NHI-AI-MedReportViewerWebApi); StudyInstanceUid=1.2.840.25117608923523578101231161936851828085; SeriesInstanceUid=1.2.840.211941681108460115160221138240919221321384; SopInstanceUid=1.2.840.203127233250801041609771223515116217522475
  --- Exception ---
Amazon.S3.AmazonS3Exception: The specified key does not exist.
 ---> Amazon.Runtime.Internal.HttpErrorResponseException: Exception of type 'Amazon.Runtime.Internal.HttpErrorResponseException' was thrown.
   at Amazon.Runtime.HttpWebRequestMessage.ProcessHttpResponseMessage(HttpResponseMessage responseMessage)
   at Amazon.Runtime.HttpWebRequestMessage.GetResponseAsync(CancellationToken cancellationToken)
   at Amazon.Runtime.Internal.HttpHandler`1.InvokeAsync[T](IExecutionContext executionContext)
   at Amazon.Runtime.Internal.RedirectHandler.InvokeAsync[T](IExecutionContext executionContext)
   at Amazon.Runtime.Internal.Unmarshaller.InvokeAsync[T](IExecutionContext executionContext)
   at Amazon.S3.Internal.AmazonS3ResponseHandler.InvokeAsync[T](IExecutionContext executionContext)
   at Amazon.Runtime.Internal.ErrorHandler.InvokeAsync[T](IExecutionContext executionContext)
   --- End of inner exception stack trace ---
   at Amazon.Runtime.Internal.HttpErrorResponseExceptionHandler.HandleExceptionStream(IRequestContext requestContext, IWebResponseData httpErrorResponse, HttpErrorResponseException exception, Stream responseStream)
   at Amazon.Runtime.Internal.HttpErrorResponseExceptionHandler.HandleExceptionAsync(IExecutionContext executionContext, HttpErrorResponseException exception)
   at Amazon.Runtime.Internal.ExceptionHandler`1.HandleAsync(IExecutionContext executionContext, Exception exception)
   at Amazon.Runtime.Internal.ErrorHandler.ProcessExceptionAsync(IExecutionContext executionContext, Exception exception)
   at Amazon.Runtime.Internal.ErrorHandler.InvokeAsync[T](IExecutionContext executionContext)
   at Amazon.Runtime.Internal.CallbackHandler.InvokeAsync[T](IExecutionContext executionContext)
   at Amazon.Runtime.Internal.Signer.InvokeAsync[T](IExecutionContext executionContext)
   at Amazon.S3.Internal.S3Express.S3ExpressPreSigner.InvokeAsync[T](IExecutionContext executionContext)
   at Amazon.Runtime.Internal.EndpointDiscoveryHandler.InvokeAsync[T](IExecutionContext executionContext)
   at Amazon.Runtime.Internal.EndpointDiscoveryHandler.InvokeAsync[T](IExecutionContext executionContext)
   at Amazon.Runtime.Internal.CredentialsRetriever.InvokeAsync[T](IExecutionContext executionContext)
   at Amazon.Runtime.Internal.RetryHandler.InvokeAsync[T](IExecutionContext executionContext)
   at Amazon.Runtime.Internal.RetryHandler.InvokeAsync[T](IExecutionContext executionContext)
   at Amazon.Runtime.Internal.CallbackHandler.InvokeAsync[T](IExecutionContext executionContext)
   at Amazon.Runtime.Internal.CallbackHandler.InvokeAsync[T](IExecutionContext executionContext)
   at Amazon.S3.Internal.AmazonS3ExceptionHandler.InvokeAsync[T](IExecutionContext executionContext)
   at Amazon.Runtime.Internal.ErrorCallbackHandler.InvokeAsync[T](IExecutionContext executionContext)
   at Amazon.Runtime.Internal.MetricsHandler.InvokeAsync[T](IExecutionContext executionContext)
======================================================================

2026-05-21 15:34:31.8383 [ERROR] [AIRS.Core.Common.LogForgingTools] [TraceID: 00-14576d6f230e73693a9d5f3b49b00817-206dc43ec5c35611-00]
  Event: 0
  Request: GET https://lcr-tp.nhi.gov.tw/api/NhiPatientImage/studies/1.2.840.188572451371712516215324230991522013712160/series/1.2.840.15231983789204947410611712199214759128/instances/1.2.840.1651296425160252831339722628927020221736/jpg 
  Message: 1779348871838 GetImage() 失敗，耗時 47 ms.
  Properties: RequestId=40000006-0002-f600-b63f-84710c7967bb; RequestPath=/api/NhiPatientImage/studies/1.2.840.188572451371712516215324230991522013712160/series/1.2.840.15231983789204947410611712199214759128/instances/1.2.840.1651296425160252831339722628927020221736/jpg; ActionId=675a52b6-3887-4a29-80f8-4bd3992df51e; ActionName=NHI_AI_MedReportViewerWebApi.Controllers.NhiPatientImageController.GetImageScreenshotAsync (NHI-AI-MedReportViewerWebApi); StudyInstanceUid=1.2.840.188572451371712516215324230991522013712160; SeriesInstanceUid=1.2.840.15231983789204947410611712199214759128; SopInstanceUid=1.2.840.1651296425160252831339722628927020221736
  --- Exception ---
Amazon.S3.AmazonS3Exception: The specified key does not exist.
 ---> Amazon.Runtime.Internal.HttpErrorResponseException: Exception of type 'Amazon.Runtime.Internal.HttpErrorResponseException' was thrown.
   at Amazon.Runtime.HttpWebRequestMessage.ProcessHttpResponseMessage(HttpResponseMessage responseMessage)
   at Amazon.Runtime.HttpWebRequestMessage.GetResponseAsync(CancellationToken cancellationToken)
   at Amazon.Runtime.Internal.HttpHandler`1.InvokeAsync[T](IExecutionContext executionContext)
   at Amazon.Runtime.Internal.RedirectHandler.InvokeAsync[T](IExecutionContext executionContext)
   at Amazon.Runtime.Internal.Unmarshaller.InvokeAsync[T](IExecutionContext executionContext)
   at Amazon.S3.Internal.AmazonS3ResponseHandler.InvokeAsync[T](IExecutionContext executionContext)
   at Amazon.Runtime.Internal.ErrorHandler.InvokeAsync[T](IExecutionContext executionContext)
   --- End of inner exception stack trace ---
   at Amazon.Runtime.Internal.HttpErrorResponseExceptionHandler.HandleExceptionStream(IRequestContext requestContext, IWebResponseData httpErrorResponse, HttpErrorResponseException exception, Stream responseStream)
   at Amazon.Runtime.Internal.HttpErrorResponseExceptionHandler.HandleExceptionAsync(IExecutionContext executionContext, HttpErrorResponseException exception)
   at Amazon.Runtime.Internal.ExceptionHandler`1.HandleAsync(IExecutionContext executionContext, Exception exception)
   at Amazon.Runtime.Internal.ErrorHandler.ProcessExceptionAsync(IExecutionContext executionContext, Exception exception)
   at Amazon.Runtime.Internal.ErrorHandler.InvokeAsync[T](IExecutionContext executionContext)
   at Amazon.Runtime.Internal.CallbackHandler.InvokeAsync[T](IExecutionContext executionContext)
   at Amazon.Runtime.Internal.Signer.InvokeAsync[T](IExecutionContext executionContext)
   at Amazon.S3.Internal.S3Express.S3ExpressPreSigner.InvokeAsync[T](IExecutionContext executionContext)
   at Amazon.Runtime.Internal.EndpointDiscoveryHandler.InvokeAsync[T](IExecutionContext executionContext)
   at Amazon.Runtime.Internal.EndpointDiscoveryHandler.InvokeAsync[T](IExecutionContext executionContext)
   at Amazon.Runtime.Internal.CredentialsRetriever.InvokeAsync[T](IExecutionContext executionContext)
   at Amazon.Runtime.Internal.RetryHandler.InvokeAsync[T](IExecutionContext executionContext)
   at Amazon.Runtime.Internal.RetryHandler.InvokeAsync[T](IExecutionContext executionContext)
   at Amazon.Runtime.Internal.CallbackHandler.InvokeAsync[T](IExecutionContext executionContext)
   at Amazon.Runtime.Internal.CallbackHandler.InvokeAsync[T](IExecutionContext executionContext)
   at Amazon.S3.Internal.AmazonS3ExceptionHandler.InvokeAsync[T](IExecutionContext executionContext)
   at Amazon.Runtime.Internal.ErrorCallbackHandler.InvokeAsync[T](IExecutionContext executionContext)
   at Amazon.Runtime.Internal.MetricsHandler.InvokeAsync[T](IExecutionContext executionContext)
======================================================================

2026-05-21 15:34:31.8383 [ERROR] [AIRS.Core.Common.LogForgingTools] [TraceID: 00-3d3b8a40504fa7e6994c1c2483bbb6a5-0d34fc4a28070d20-00]
  Event: 0
  Request: GET https://lcr-tp.nhi.gov.tw/api/NhiPatientImage/studies/1.2.840.1831491181932115913426236105211231112230198234/series/1.2.840.194662179851015213741321381722223612923/instances/1.2.840.1556415613457171655548642410420286244166/jpg 
  Message: 1779348871843 GetImage() 失敗，耗時 53 ms.
  Properties: RequestId=400002c2-0002-fb00-b63f-84710c7967bb; RequestPath=/api/NhiPatientImage/studies/1.2.840.1831491181932115913426236105211231112230198234/series/1.2.840.194662179851015213741321381722223612923/instances/1.2.840.1556415613457171655548642410420286244166/jpg; ActionId=675a52b6-3887-4a29-80f8-4bd3992df51e; ActionName=NHI_AI_MedReportViewerWebApi.Controllers.NhiPatientImageController.GetImageScreenshotAsync (NHI-AI-MedReportViewerWebApi); StudyInstanceUid=1.2.840.1831491181932115913426236105211231112230198234; SeriesInstanceUid=1.2.840.194662179851015213741321381722223612923; SopInstanceUid=1.2.840.1556415613457171655548642410420286244166
  --- Exception ---
Amazon.S3.AmazonS3Exception: The specified key does not exist.
 ---> Amazon.Runtime.Internal.HttpErrorResponseException: Exception of type 'Amazon.Runtime.Internal.HttpErrorResponseException' was thrown.
   at Amazon.Runtime.HttpWebRequestMessage.ProcessHttpResponseMessage(HttpResponseMessage responseMessage)
   at Amazon.Runtime.HttpWebRequestMessage.GetResponseAsync(CancellationToken cancellationToken)
   at Amazon.Runtime.Internal.HttpHandler`1.InvokeAsync[T](IExecutionContext executionContext)
   at Amazon.Runtime.Internal.RedirectHandler.InvokeAsync[T](IExecutionContext executionContext)
   at Amazon.Runtime.Internal.Unmarshaller.InvokeAsync[T](IExecutionContext executionContext)
   at Amazon.S3.Internal.AmazonS3ResponseHandler.InvokeAsync[T](IExecutionContext executionContext)
   at Amazon.Runtime.Internal.ErrorHandler.InvokeAsync[T](IExecutionContext executionContext)
   --- End of inner exception stack trace ---
   at Amazon.Runtime.Internal.HttpErrorResponseExceptionHandler.HandleExceptionStream(IRequestContext requestContext, IWebResponseData httpErrorResponse, HttpErrorResponseException exception, Stream responseStream)
   at Amazon.Runtime.Internal.HttpErrorResponseExceptionHandler.HandleExceptionAsync(IExecutionContext executionContext, HttpErrorResponseException exception)
   at Amazon.Runtime.Internal.ExceptionHandler`1.HandleAsync(IExecutionContext executionContext, Exception exception)
   at Amazon.Runtime.Internal.ErrorHandler.ProcessExceptionAsync(IExecutionContext executionContext, Exception exception)
   at Amazon.Runtime.Internal.ErrorHandler.InvokeAsync[T](IExecutionContext executionContext)
   at Amazon.Runtime.Internal.CallbackHandler.InvokeAsync[T](IExecutionContext executionContext)
   at Amazon.Runtime.Internal.Signer.InvokeAsync[T](IExecutionContext executionContext)
   at Amazon.S3.Internal.S3Express.S3ExpressPreSigner.InvokeAsync[T](IExecutionContext executionContext)
   at Amazon.Runtime.Internal.EndpointDiscoveryHandler.InvokeAsync[T](IExecutionContext executionContext)
   at Amazon.Runtime.Internal.EndpointDiscoveryHandler.InvokeAsync[T](IExecutionContext executionContext)
   at Amazon.Runtime.Internal.CredentialsRetriever.InvokeAsync[T](IExecutionContext executionContext)
   at Amazon.Runtime.Internal.RetryHandler.InvokeAsync[T](IExecutionContext executionContext)
   at Amazon.Runtime.Internal.RetryHandler.InvokeAsync[T](IExecutionContext executionContext)
   at Amazon.Runtime.Internal.CallbackHandler.InvokeAsync[T](IExecutionContext executionContext)
   at Amazon.Runtime.Internal.CallbackHandler.InvokeAsync[T](IExecutionContext executionContext)
   at Amazon.S3.Internal.AmazonS3ExceptionHandler.InvokeAsync[T](IExecutionContext executionContext)
   at Amazon.Runtime.Internal.ErrorCallbackHandler.InvokeAsync[T](IExecutionContext executionContext)
   at Amazon.Runtime.Internal.MetricsHandler.InvokeAsync[T](IExecutionContext executionContext)
======================================================================

2026-05-21 15:34:31.8383 [ERROR] [NHI_AI_MedReportViewerWebApi.Services.NhiPatientImageService] [TraceID: 00-7504b951921f362fcd6c21757145194c-dbc8ad90558c447a-00]
  Event: 0
  Request: GET https://lcr-tp.nhi.gov.tw/api/NhiPatientImage/studies/1.2.840.95628289237023181203129147651793012853/series/1.2.840.15522917228832121867788198941815717572241/instances/1.2.840.401392747581166219213224620516719084121134/jpg 
  Message: 取得 DICOM 影像串流時發生錯誤
  Properties: RequestId=40000075-0000-fe00-b63f-84710c7967bb; RequestPath=/api/NhiPatientImage/studies/1.2.840.95628289237023181203129147651793012853/series/1.2.840.15522917228832121867788198941815717572241/instances/1.2.840.401392747581166219213224620516719084121134/jpg; ActionId=675a52b6-3887-4a29-80f8-4bd3992df51e; ActionName=NHI_AI_MedReportViewerWebApi.Controllers.NhiPatientImageController.GetImageScreenshotAsync (NHI-AI-MedReportViewerWebApi); StudyInstanceUid=1.2.840.95628289237023181203129147651793012853; SeriesInstanceUid=1.2.840.15522917228832121867788198941815717572241; SopInstanceUid=1.2.840.401392747581166219213224620516719084121134
  --- Exception ---
Amazon.S3.AmazonS3Exception: The specified key does not exist.
 ---> Amazon.Runtime.Internal.HttpErrorResponseException: Exception of type 'Amazon.Runtime.Internal.HttpErrorResponseException' was thrown.
   at Amazon.Runtime.HttpWebRequestMessage.ProcessHttpResponseMessage(HttpResponseMessage responseMessage)
   at Amazon.Runtime.HttpWebRequestMessage.GetResponseAsync(CancellationToken cancellationToken)
   at Amazon.Runtime.Internal.HttpHandler`1.InvokeAsync[T](IExecutionContext executionContext)
   at Amazon.Runtime.Internal.RedirectHandler.InvokeAsync[T](IExecutionContext executionContext)
   at Amazon.Runtime.Internal.Unmarshaller.InvokeAsync[T](IExecutionContext executionContext)
   at Amazon.S3.Internal.AmazonS3ResponseHandler.InvokeAsync[T](IExecutionContext executionContext)
   at Amazon.Runtime.Internal.ErrorHandler.InvokeAsync[T](IExecutionContext executionContext)
   --- End of inner exception stack trace ---
   at Amazon.Runtime.Internal.HttpErrorResponseExceptionHandler.HandleExceptionStream(IRequestContext requestContext, IWebResponseData httpErrorResponse, HttpErrorResponseException exception, Stream responseStream)
   at Amazon.Runtime.Internal.HttpErrorResponseExceptionHandler.HandleExceptionAsync(IExecutionContext executionContext, HttpErrorResponseException exception)
   at Amazon.Runtime.Internal.ExceptionHandler`1.HandleAsync(IExecutionContext executionContext, Exception exception)
   at Amazon.Runtime.Internal.ErrorHandler.ProcessExceptionAsync(IExecutionContext executionContext, Exception exception)
   at Amazon.Runtime.Internal.ErrorHandler.InvokeAsync[T](IExecutionContext executionContext)
   at Amazon.Runtime.Internal.CallbackHandler.InvokeAsync[T](IExecutionContext executionContext)
   at Amazon.Runtime.Internal.Signer.InvokeAsync[T](IExecutionContext executionContext)
   at Amazon.S3.Internal.S3Express.S3ExpressPreSigner.InvokeAsync[T](IExecutionContext executionContext)
   at Amazon.Runtime.Internal.EndpointDiscoveryHandler.InvokeAsync[T](IExecutionContext executionContext)
   at Amazon.Runtime.Internal.EndpointDiscoveryHandler.InvokeAsync[T](IExecutionContext executionContext)
   at Amazon.Runtime.Internal.CredentialsRetriever.InvokeAsync[T](IExecutionContext executionContext)
   at Amazon.Runtime.Internal.RetryHandler.InvokeAsync[T](IExecutionContext executionContext)
   at Amazon.Runtime.Internal.RetryHandler.InvokeAsync[T](IExecutionContext executionContext)
   at Amazon.Runtime.Internal.CallbackHandler.InvokeAsync[T](IExecutionContext executionContext)
   at Amazon.Runtime.Internal.CallbackHandler.InvokeAsync[T](IExecutionContext executionContext)
   at Amazon.S3.Internal.AmazonS3ExceptionHandler.InvokeAsync[T](IExecutionContext executionContext)
   at Amazon.Runtime.Internal.ErrorCallbackHandler.InvokeAsync[T](IExecutionContext executionContext)
   at Amazon.Runtime.Internal.MetricsHandler.InvokeAsync[T](IExecutionContext executionContext)
======================================================================

2026-05-21 15:34:31.8613 [ERROR] [NHI_AI_MedReportViewerWebApi.Services.NhiPatientImageService] [TraceID: 00-96c9018386e7d643b367467009dafb46-a7983d8a5246f59e-00]
  Event: 0
  Request: GET https://lcr-tp.nhi.gov.tw/api/NhiPatientImage/studies/1.2.840.25117608923523578101231161936851828085/series/1.2.840.211941681108460115160221138240919221321384/instances/1.2.840.203127233250801041609771223515116217522475/jpg 
  Message: 取得 DICOM 影像串流時發生錯誤
  Properties: RequestId=400000d6-0000-fd00-b63f-84710c7967bb; RequestPath=/api/NhiPatientImage/studies/1.2.840.25117608923523578101231161936851828085/series/1.2.840.211941681108460115160221138240919221321384/instances/1.2.840.203127233250801041609771223515116217522475/jpg; ActionId=675a52b6-3887-4a29-80f8-4bd3992df51e; ActionName=NHI_AI_MedReportViewerWebApi.Controllers.NhiPatientImageController.GetImageScreenshotAsync (NHI-AI-MedReportViewerWebApi); StudyInstanceUid=1.2.840.25117608923523578101231161936851828085; SeriesInstanceUid=1.2.840.211941681108460115160221138240919221321384; SopInstanceUid=1.2.840.203127233250801041609771223515116217522475
  --- Exception ---
Amazon.S3.AmazonS3Exception: The specified key does not exist.
 ---> Amazon.Runtime.Internal.HttpErrorResponseException: Exception of type 'Amazon.Runtime.Internal.HttpErrorResponseException' was thrown.
   at Amazon.Runtime.HttpWebRequestMessage.ProcessHttpResponseMessage(HttpResponseMessage responseMessage)
   at Amazon.Runtime.HttpWebRequestMessage.GetResponseAsync(CancellationToken cancellationToken)
   at Amazon.Runtime.Internal.HttpHandler`1.InvokeAsync[T](IExecutionContext executionContext)
   at Amazon.Runtime.Internal.RedirectHandler.InvokeAsync[T](IExecutionContext executionContext)
   at Amazon.Runtime.Internal.Unmarshaller.InvokeAsync[T](IExecutionContext executionContext)
   at Amazon.S3.Internal.AmazonS3ResponseHandler.InvokeAsync[T](IExecutionContext executionContext)
   at Amazon.Runtime.Internal.ErrorHandler.InvokeAsync[T](IExecutionContext executionContext)
   --- End of inner exception stack trace ---
   at Amazon.Runtime.Internal.HttpErrorResponseExceptionHandler.HandleExceptionStream(IRequestContext requestContext, IWebResponseData httpErrorResponse, HttpErrorResponseException exception, Stream responseStream)
   at Amazon.Runtime.Internal.HttpErrorResponseExceptionHandler.HandleExceptionAsync(IExecutionContext executionContext, HttpErrorResponseException exception)
   at Amazon.Runtime.Internal.ExceptionHandler`1.HandleAsync(IExecutionContext executionContext, Exception exception)
   at Amazon.Runtime.Internal.ErrorHandler.ProcessExceptionAsync(IExecutionContext executionContext, Exception exception)
   at Amazon.Runtime.Internal.ErrorHandler.InvokeAsync[T](IExecutionContext executionContext)
   at Amazon.Runtime.Internal.CallbackHandler.InvokeAsync[T](IExecutionContext executionContext)
   at Amazon.Runtime.Internal.Signer.InvokeAsync[T](IExecutionContext executionContext)
   at Amazon.S3.Internal.S3Express.S3ExpressPreSigner.InvokeAsync[T](IExecutionContext executionContext)
   at Amazon.Runtime.Internal.EndpointDiscoveryHandler.InvokeAsync[T](IExecutionContext executionContext)
   at Amazon.Runtime.Internal.EndpointDiscoveryHandler.InvokeAsync[T](IExecutionContext executionContext)
   at Amazon.Runtime.Internal.CredentialsRetriever.InvokeAsync[T](IExecutionContext executionContext)
   at Amazon.Runtime.Internal.RetryHandler.InvokeAsync[T](IExecutionContext executionContext)
   at Amazon.Runtime.Internal.RetryHandler.InvokeAsync[T](IExecutionContext executionContext)
   at Amazon.Runtime.Internal.CallbackHandler.InvokeAsync[T](IExecutionContext executionContext)
   at Amazon.Runtime.Internal.CallbackHandler.InvokeAsync[T](IExecutionContext executionContext)
   at Amazon.S3.Internal.AmazonS3ExceptionHandler.InvokeAsync[T](IExecutionContext executionContext)
   at Amazon.Runtime.Internal.ErrorCallbackHandler.InvokeAsync[T](IExecutionContext executionContext)
   at Amazon.Runtime.Internal.MetricsHandler.InvokeAsync[T](IExecutionContext executionContext)
======================================================================

2026-05-21 15:34:31.8743 [ERROR] [NHI_AI_MedReportViewerWebApi.Services.NhiPatientImageService] [TraceID: 00-14576d6f230e73693a9d5f3b49b00817-206dc43ec5c35611-00]
  Event: 0
  Request: GET https://lcr-tp.nhi.gov.tw/api/NhiPatientImage/studies/1.2.840.188572451371712516215324230991522013712160/series/1.2.840.15231983789204947410611712199214759128/instances/1.2.840.1651296425160252831339722628927020221736/jpg 
  Message: 取得 DICOM 影像串流時發生錯誤
  Properties: RequestId=40000006-0002-f600-b63f-84710c7967bb; RequestPath=/api/NhiPatientImage/studies/1.2.840.188572451371712516215324230991522013712160/series/1.2.840.15231983789204947410611712199214759128/instances/1.2.840.1651296425160252831339722628927020221736/jpg; ActionId=675a52b6-3887-4a29-80f8-4bd3992df51e; ActionName=NHI_AI_MedReportViewerWebApi.Controllers.NhiPatientImageController.GetImageScreenshotAsync (NHI-AI-MedReportViewerWebApi); StudyInstanceUid=1.2.840.188572451371712516215324230991522013712160; SeriesInstanceUid=1.2.840.15231983789204947410611712199214759128; SopInstanceUid=1.2.840.1651296425160252831339722628927020221736
  --- Exception ---
Amazon.S3.AmazonS3Exception: The specified key does not exist.
 ---> Amazon.Runtime.Internal.HttpErrorResponseException: Exception of type 'Amazon.Runtime.Internal.HttpErrorResponseException' was thrown.
   at Amazon.Runtime.HttpWebRequestMessage.ProcessHttpResponseMessage(HttpResponseMessage responseMessage)
   at Amazon.Runtime.HttpWebRequestMessage.GetResponseAsync(CancellationToken cancellationToken)
   at Amazon.Runtime.Internal.HttpHandler`1.InvokeAsync[T](IExecutionContext executionContext)
   at Amazon.Runtime.Internal.RedirectHandler.InvokeAsync[T](IExecutionContext executionContext)
   at Amazon.Runtime.Internal.Unmarshaller.InvokeAsync[T](IExecutionContext executionContext)
   at Amazon.S3.Internal.AmazonS3ResponseHandler.InvokeAsync[T](IExecutionContext executionContext)
   at Amazon.Runtime.Internal.ErrorHandler.InvokeAsync[T](IExecutionContext executionContext)
   --- End of inner exception stack trace ---
   at Amazon.Runtime.Internal.HttpErrorResponseExceptionHandler.HandleExceptionStream(IRequestContext requestContext, IWebResponseData httpErrorResponse, HttpErrorResponseException exception, Stream responseStream)
   at Amazon.Runtime.Internal.HttpErrorResponseExceptionHandler.HandleExceptionAsync(IExecutionContext executionContext, HttpErrorResponseException exception)
   at Amazon.Runtime.Internal.ExceptionHandler`1.HandleAsync(IExecutionContext executionContext, Exception exception)
   at Amazon.Runtime.Internal.ErrorHandler.ProcessExceptionAsync(IExecutionContext executionContext, Exception exception)
   at Amazon.Runtime.Internal.ErrorHandler.InvokeAsync[T](IExecutionContext executionContext)
   at Amazon.Runtime.Internal.CallbackHandler.InvokeAsync[T](IExecutionContext executionContext)
   at Amazon.Runtime.Internal.Signer.InvokeAsync[T](IExecutionContext executionContext)
   at Amazon.S3.Internal.S3Express.S3ExpressPreSigner.InvokeAsync[T](IExecutionContext executionContext)
   at Amazon.Runtime.Internal.EndpointDiscoveryHandler.InvokeAsync[T](IExecutionContext executionContext)
   at Amazon.Runtime.Internal.EndpointDiscoveryHandler.InvokeAsync[T](IExecutionContext executionContext)
   at Amazon.Runtime.Internal.CredentialsRetriever.InvokeAsync[T](IExecutionContext executionContext)
   at Amazon.Runtime.Internal.RetryHandler.InvokeAsync[T](IExecutionContext executionContext)
   at Amazon.Runtime.Internal.RetryHandler.InvokeAsync[T](IExecutionContext executionContext)
   at Amazon.Runtime.Internal.CallbackHandler.InvokeAsync[T](IExecutionContext executionContext)
   at Amazon.Runtime.Internal.CallbackHandler.InvokeAsync[T](IExecutionContext executionContext)
   at Amazon.S3.Internal.AmazonS3ExceptionHandler.InvokeAsync[T](IExecutionContext executionContext)
   at Amazon.Runtime.Internal.ErrorCallbackHandler.InvokeAsync[T](IExecutionContext executionContext)
   at Amazon.Runtime.Internal.MetricsHandler.InvokeAsync[T](IExecutionContext executionContext)
======================================================================

2026-05-21 15:34:31.8743 [ERROR] [NHI_AI_MedReportViewerWebApi.Services.NhiPatientImageService] [TraceID: 00-3d3b8a40504fa7e6994c1c2483bbb6a5-0d34fc4a28070d20-00]
  Event: 0
  Request: GET https://lcr-tp.nhi.gov.tw/api/NhiPatientImage/studies/1.2.840.1831491181932115913426236105211231112230198234/series/1.2.840.194662179851015213741321381722223612923/instances/1.2.840.1556415613457171655548642410420286244166/jpg 
  Message: 取得 DICOM 影像串流時發生錯誤
  Properties: RequestId=400002c2-0002-fb00-b63f-84710c7967bb; RequestPath=/api/NhiPatientImage/studies/1.2.840.1831491181932115913426236105211231112230198234/series/1.2.840.194662179851015213741321381722223612923/instances/1.2.840.1556415613457171655548642410420286244166/jpg; ActionId=675a52b6-3887-4a29-80f8-4bd3992df51e; ActionName=NHI_AI_MedReportViewerWebApi.Controllers.NhiPatientImageController.GetImageScreenshotAsync (NHI-AI-MedReportViewerWebApi); StudyInstanceUid=1.2.840.1831491181932115913426236105211231112230198234; SeriesInstanceUid=1.2.840.194662179851015213741321381722223612923; SopInstanceUid=1.2.840.1556415613457171655548642410420286244166
  --- Exception ---
Amazon.S3.AmazonS3Exception: The specified key does not exist.
 ---> Amazon.Runtime.Internal.HttpErrorResponseException: Exception of type 'Amazon.Runtime.Internal.HttpErrorResponseException' was thrown.
   at Amazon.Runtime.HttpWebRequestMessage.ProcessHttpResponseMessage(HttpResponseMessage responseMessage)
   at Amazon.Runtime.HttpWebRequestMessage.GetResponseAsync(CancellationToken cancellationToken)
   at Amazon.Runtime.Internal.HttpHandler`1.InvokeAsync[T](IExecutionContext executionContext)
   at Amazon.Runtime.Internal.RedirectHandler.InvokeAsync[T](IExecutionContext executionContext)
   at Amazon.Runtime.Internal.Unmarshaller.InvokeAsync[T](IExecutionContext executionContext)
   at Amazon.S3.Internal.AmazonS3ResponseHandler.InvokeAsync[T](IExecutionContext executionContext)
   at Amazon.Runtime.Internal.ErrorHandler.InvokeAsync[T](IExecutionContext executionContext)
   --- End of inner exception stack trace ---
   at Amazon.Runtime.Internal.HttpErrorResponseExceptionHandler.HandleExceptionStream(IRequestContext requestContext, IWebResponseData httpErrorResponse, HttpErrorResponseException exception, Stream responseStream)
   at Amazon.Runtime.Internal.HttpErrorResponseExceptionHandler.HandleExceptionAsync(IExecutionContext executionContext, HttpErrorResponseException exception)
   at Amazon.Runtime.Internal.ExceptionHandler`1.HandleAsync(IExecutionContext executionContext, Exception exception)
   at Amazon.Runtime.Internal.ErrorHandler.ProcessExceptionAsync(IExecutionContext executionContext, Exception exception)
   at Amazon.Runtime.Internal.ErrorHandler.InvokeAsync[T](IExecutionContext executionContext)
   at Amazon.Runtime.Internal.CallbackHandler.InvokeAsync[T](IExecutionContext executionContext)
   at Amazon.Runtime.Internal.Signer.InvokeAsync[T](IExecutionContext executionContext)
   at Amazon.S3.Internal.S3Express.S3ExpressPreSigner.InvokeAsync[T](IExecutionContext executionContext)
   at Amazon.Runtime.Internal.EndpointDiscoveryHandler.InvokeAsync[T](IExecutionContext executionContext)
   at Amazon.Runtime.Internal.EndpointDiscoveryHandler.InvokeAsync[T](IExecutionContext executionContext)
   at Amazon.Runtime.Internal.CredentialsRetriever.InvokeAsync[T](IExecutionContext executionContext)
   at Amazon.Runtime.Internal.RetryHandler.InvokeAsync[T](IExecutionContext executionContext)
   at Amazon.Runtime.Internal.RetryHandler.InvokeAsync[T](IExecutionContext executionContext)
   at Amazon.Runtime.Internal.CallbackHandler.InvokeAsync[T](IExecutionContext executionContext)
   at Amazon.Runtime.Internal.CallbackHandler.InvokeAsync[T](IExecutionContext executionContext)
   at Amazon.S3.Internal.AmazonS3ExceptionHandler.InvokeAsync[T](IExecutionContext executionContext)
   at Amazon.Runtime.Internal.ErrorCallbackHandler.InvokeAsync[T](IExecutionContext executionContext)
   at Amazon.Runtime.Internal.MetricsHandler.InvokeAsync[T](IExecutionContext executionContext)
======================================================================

