2026-05-21 00:10:40.3549|eventId: 103|level: ERROR|traceId: 00-d77442d52dd34ec59251daa8cfe62247-cc9ac40b703fa6eb-00|logger: Microsoft.Extensions.Diagnostics.HealthChecks.DefaultHealthCheckService|message: Health check 正式_OracleDB with status Unhealthy completed after 18967.1068ms with message '(null)'--- Exception ---System.Threading.Tasks.TaskCanceledException: A task was canceled.
   at HealthChecks.Oracle.OracleHealthCheck.CheckHealthAsync(HealthCheckContext context, CancellationToken cancellationToken) in /_/src/HealthChecks.Oracle/OracleHealthCheck.cs:line 34
2026-05-21 00:33:32.0396|eventId: 103|level: ERROR|traceId: 00-134f506d071acbd554f5f7c2966e7ec2-730633e83909a645-00|logger: Microsoft.Extensions.Diagnostics.HealthChecks.DefaultHealthCheckService|message: Health check 正式_OracleDB with status Unhealthy completed after 18964.4758ms with message '(null)'--- Exception ---System.Threading.Tasks.TaskCanceledException: A task was canceled.
   at HealthChecks.Oracle.OracleHealthCheck.CheckHealthAsync(HealthCheckContext context, CancellationToken cancellationToken) in /_/src/HealthChecks.Oracle/OracleHealthCheck.cs:line 34
2026-05-21 02:01:56.2296|eventId: 0|level: INFO|traceId: N/A|logger: NHI_AI_MedReportViewerWebApi.Program|message: Allowed origin: http://localhost:5173
2026-05-21 02:01:56.5823|eventId: 0|level: INFO|traceId: N/A|logger: NHI_AI_MedReportViewerWebApi.Program|message: Authentication enabled with JWT Bearer tokens
2026-05-21 02:01:57.0717|eventId: 0|level: INFO|traceId: N/A|logger: NHI_AI_MedReportViewerWebApi.Program|message: Exceptionless 設定完成，ServerUrl: "https://h30lhclogsvr.intra.nhi.gov.tw:8443"
2026-05-21 04:28:16.8365|eventId: 103|level: ERROR|traceId: 00-4cc5cf32ebc679798557d75e050c1c6e-f616422746e0866e-00|logger: Microsoft.Extensions.Diagnostics.HealthChecks.DefaultHealthCheckService|message: Health check 正式_OracleDB with status Unhealthy completed after 18976.571ms with message '(null)'--- Exception ---System.Threading.Tasks.TaskCanceledException: A task was canceled.
   at HealthChecks.Oracle.OracleHealthCheck.CheckHealthAsync(HealthCheckContext context, CancellationToken cancellationToken) in /_/src/HealthChecks.Oracle/OracleHealthCheck.cs:line 34
2026-05-21 06:28:34.8850|eventId: 103|level: ERROR|traceId: 00-6a58284c4390066b91a9f5b0a2e29d84-20b4dd1720b29c0b-00|logger: Microsoft.Extensions.Diagnostics.HealthChecks.DefaultHealthCheckService|message: Health check 正式_OracleDB with status Unhealthy completed after 18961.3308ms with message '(null)'--- Exception ---System.Threading.Tasks.TaskCanceledException: A task was canceled.
   at HealthChecks.Oracle.OracleHealthCheck.CheckHealthAsync(HealthCheckContext context, CancellationToken cancellationToken) in /_/src/HealthChecks.Oracle/OracleHealthCheck.cs:line 34
2026-05-21 06:45:06.4405|eventId: 103|level: ERROR|traceId: 00-2e053edc2f2a82403a2c7c68553036f8-e6c17161e44f06db-00|logger: Microsoft.Extensions.Diagnostics.HealthChecks.DefaultHealthCheckService|message: Health check 正式_OracleDB with status Unhealthy completed after 18970.4673ms with message '(null)'--- Exception ---System.Threading.Tasks.TaskCanceledException: A task was canceled.
   at HealthChecks.Oracle.OracleHealthCheck.CheckHealthAsync(HealthCheckContext context, CancellationToken cancellationToken) in /_/src/HealthChecks.Oracle/OracleHealthCheck.cs:line 34
2026-05-21 08:45:17.4818|eventId: 103|level: ERROR|traceId: 00-a8fc45ead029124d52cc4d9d940dea64-7a9a589b0f85169b-00|logger: Microsoft.Extensions.Diagnostics.HealthChecks.DefaultHealthCheckService|message: Health check 正式_OracleDB with status Unhealthy completed after 18966.9718ms with message '(null)'--- Exception ---System.Threading.Tasks.TaskCanceledException: A task was canceled.
   at HealthChecks.Oracle.OracleHealthCheck.CheckHealthAsync(HealthCheckContext context, CancellationToken cancellationToken) in /_/src/HealthChecks.Oracle/OracleHealthCheck.cs:line 34
2026-05-21 09:01:44.6506|eventId: 103|level: ERROR|traceId: 00-46ee140f2caafd5a881aa821e94245db-92d549ae9fce04af-00|logger: Microsoft.Extensions.Diagnostics.HealthChecks.DefaultHealthCheckService|message: Health check 正式_OracleDB with status Unhealthy completed after 19001.871ms with message '(null)'--- Exception ---System.Threading.Tasks.TaskCanceledException: A task was canceled.
   at HealthChecks.Oracle.OracleHealthCheck.CheckHealthAsync(HealthCheckContext context, CancellationToken cancellationToken) in /_/src/HealthChecks.Oracle/OracleHealthCheck.cs:line 34
2026-05-21 11:29:56.2188|eventId: 103|level: ERROR|traceId: 00-98f80474412b3cbf65cf23decbb44a88-8ac38f9a28af30ff-00|logger: Microsoft.Extensions.Diagnostics.HealthChecks.DefaultHealthCheckService|message: Health check 正式_OracleDB with status Unhealthy completed after 18988.2337ms with message '(null)'--- Exception ---System.Threading.Tasks.TaskCanceledException: A task was canceled.
   at HealthChecks.Oracle.OracleHealthCheck.CheckHealthAsync(HealthCheckContext context, CancellationToken cancellationToken) in /_/src/HealthChecks.Oracle/OracleHealthCheck.cs:line 34
2026-05-21 11:44:35.3411|eventId: 103|level: ERROR|traceId: 00-9a47db79087a3e1a62f609f0e8d0c17f-396ce44133cf80d3-00|logger: Microsoft.Extensions.Diagnostics.HealthChecks.DefaultHealthCheckService|message: Health check 正式_OracleDB with status Unhealthy completed after 18982.0402ms with message '(null)'--- Exception ---System.Threading.Tasks.TaskCanceledException: A task was canceled.
   at HealthChecks.Oracle.OracleHealthCheck.CheckHealthAsync(HealthCheckContext context, CancellationToken cancellationToken) in /_/src/HealthChecks.Oracle/OracleHealthCheck.cs:line 34
2026-05-21 13:58:50.9905|eventId: 0|level: INFO|traceId: N/A|logger: NHI_AI_MedReportViewerWebApi.Program|message: Allowed origin: http://localhost:5173
2026-05-21 13:58:51.3498|eventId: 0|level: INFO|traceId: N/A|logger: NHI_AI_MedReportViewerWebApi.Program|message: Authentication enabled with JWT Bearer tokens
2026-05-21 13:58:51.8947|eventId: 0|level: INFO|traceId: N/A|logger: NHI_AI_MedReportViewerWebApi.Program|message: Exceptionless 設定完成，ServerUrl: "https://h30lhclogsvr.intra.nhi.gov.tw:8443"
2026-05-21 13:58:53.9327|eventId: 0|level: INFO|traceId: 00-dd3925ddf104c7bde5089ac2b39ccd90-11531023240d440b-00|logger: NHI_AI_MedReportViewerWebApi.Services.UrlTokenValidator|message: 正在載入 URL 驗證用 JWKS。Issuer=https://auth.cohesion.internal/url-issuer, Audience=viewer-app, Path=Config/url.jwks.json
2026-05-21 13:58:53.9603|eventId: 0|level: INFO|traceId: 00-dd3925ddf104c7bde5089ac2b39ccd90-11531023240d440b-00|logger: NHI_AI_MedReportViewerWebApi.Services.UrlTokenValidator|message: URL 驗證用 JWKS 載入完成，共 1 把金鑰。
2026-05-21 13:58:53.9822|eventId: 0|level: INFO|traceId: 00-dd3925ddf104c7bde5089ac2b39ccd90-11531023240d440b-00|logger: NHI_AI_MedReportViewerWebApi.Services.ViewerTokenIssuer|message: 正在載入 Viewer 簽章私鑰 PEM (初始化)。Issuer=https://auth.cohesion.internal/viewer-issuer, Audience=viewer-app, PemPath=Config/viewer-issuer-private.pem, Kid=VW-2025-03, TTL=14400s
2026-05-21 13:58:54.1304|eventId: 0|level: INFO|traceId: 00-dd3925ddf104c7bde5089ac2b39ccd90-11531023240d440b-00|logger: NHI_AI_MedReportViewerWebApi.Services.ViewerTokenIssuer|message: Viewer 簽章私鑰 PEM 載入完成，簽章設定 初始化成功。Kid=VW-2025-03, 存活秒數=14400
2026-05-21 13:58:54.2078|eventId: 0|level: INFO|traceId: 00-dd3925ddf104c7bde5089ac2b39ccd90-11531023240d440b-00|logger: NHI_AI_MedReportViewerWebApi.Controllers.ReportsController|message: 開始驗證 URL Token。
2026-05-21 13:58:54.4451|eventId: 0|level: INFO|traceId: 00-dd3925ddf104c7bde5089ac2b39ccd90-11531023240d440b-00|logger: NHI_AI_MedReportViewerWebApi.Services.UrlTokenValidator|message: URL Token 驗證通過。kid=UX-2025-02
2026-05-21 13:58:54.4621|eventId: 0|level: INFO|traceId: 00-dd3925ddf104c7bde5089ac2b39ccd90-11531023240d440b-00|logger: NHI_AI_MedReportViewerWebApi.Controllers.ReportsController|message: URL Token 驗證通過，準備簽發 Viewer Token。
2026-05-21 13:58:54.4800|eventId: 0|level: INFO|traceId: 00-dd3925ddf104c7bde5089ac2b39ccd90-11531023240d440b-00|logger: NHI_AI_MedReportViewerWebApi.Services.ViewerTokenIssuer|message: 正在簽發 Viewer Token。存活秒數=14400, 到期時間(UTC)=05/21/2026 09:58:54, kid=VW-2025-03, 最大會話壽命(amax)=05/21/2026 09:58:54
2026-05-21 13:58:54.6361|eventId: 0|level: INFO|traceId: 00-dd3925ddf104c7bde5089ac2b39ccd90-11531023240d440b-00|logger: NHI_AI_MedReportViewerWebApi.Controllers.ReportsController|message: 以 Redirect 模式回應，導向前端頁面。
2026-05-21 13:58:56.7389|eventId: 0|level: INFO|traceId: 00-6aa18f41840a5fd548b4bbac5d9e2a87-1179bdcc41fa19bf-00|logger: NHI_AI_MedReportViewerWebApi.Services.OutputGenerationService|message: 開始建立 extracted_data for Patient: 05224425-89a9-4432-97c0-2dbd9245e5d3
2026-05-21 13:58:57.1564|eventId: 0|level: INFO|traceId: 00-6aa18f41840a5fd548b4bbac5d9e2a87-1179bdcc41fa19bf-00|logger: NHI_AI_MedReportViewerWebApi.Services.OutputGenerationService|message: 完成建立 10 筆 extracted_data
2026-05-21 13:58:57.1796|eventId: 0|level: INFO|traceId: 00-6aa18f41840a5fd548b4bbac5d9e2a87-1179bdcc41fa19bf-00|logger: NHI_AI_MedReportViewerWebApi.Services.OutputGenerationService|message: 開始建立 summary for Patient: 05224425-89a9-4432-97c0-2dbd9245e5d3
2026-05-21 13:58:57.3780|eventId: 0|level: INFO|traceId: 00-6aa18f41840a5fd548b4bbac5d9e2a87-1179bdcc41fa19bf-00|logger: NHI_AI_MedReportViewerWebApi.Services.OutputGenerationService|message: 完成建立 4 筆 summary
2026-05-21 13:58:57.4163|eventId: 3|level: INFO|traceId: 00-6aa18f41840a5fd548b4bbac5d9e2a87-1179bdcc41fa19bf-00|logger: Polly|message: Execution attempt. Source: 'OracleResiliencePipeline/(null)/Retry', Operation Key: '', Result: 'NHI_AI_MedReportViewerWebApi.Models.OutputJsonDto', Handled: 'False', Attempt: '0', Execution Time: '1489.9546'
2026-05-21 13:58:58.5248|eventId: 3|level: INFO|traceId: 00-98fc7aa2c33895fbdc854c76ef9731c9-847f9306bb3aca5e-00|logger: Polly|message: Execution attempt. Source: 'OracleResiliencePipeline/(null)/Retry', Operation Key: '', Result: '彰濱秀傳', Handled: 'False', Attempt: '0', Execution Time: '805.4539'
2026-05-21 13:58:58.5248|eventId: 3|level: INFO|traceId: 00-e92e5b4e42a4950db90daa529d5ca5b0-8a1406e965e176a8-00|logger: Polly|message: Execution attempt. Source: 'OracleResiliencePipeline/(null)/Retry', Operation Key: '', Result: '彰濱秀傳', Handled: 'False', Attempt: '0', Execution Time: '809.1457'
2026-05-21 13:58:58.5248|eventId: 3|level: INFO|traceId: 00-8f4dfc0b94f3fc0ae08f00a0cc2bde68-48da6f021698e1ec-00|logger: Polly|message: Execution attempt. Source: 'OracleResiliencePipeline/(null)/Retry', Operation Key: '', Result: '彰濱秀傳', Handled: 'False', Attempt: '0', Execution Time: '802.548'
2026-05-21 13:58:58.5248|eventId: 3|level: INFO|traceId: 00-eb3c62b2177925c59a21d90b546650e8-0f2984bf7c9361e2-00|logger: Polly|message: Execution attempt. Source: 'OracleResiliencePipeline/(null)/Retry', Operation Key: '', Result: '彰濱秀傳', Handled: 'False', Attempt: '0', Execution Time: '793.2403'
2026-05-21 13:58:58.5248|eventId: 3|level: INFO|traceId: 00-3b85069ce64fcc738bff937d43d1bba7-1af3c5d316fc68da-00|logger: Polly|message: Execution attempt. Source: 'OracleResiliencePipeline/(null)/Retry', Operation Key: '', Result: '彰濱秀傳', Handled: 'False', Attempt: '0', Execution Time: '790.9428'
2026-05-21 13:58:58.5248|eventId: 3|level: INFO|traceId: 00-dfdd7064e6e6bfaefc873b77cc6f4fd3-c5b949df37107179-00|logger: Polly|message: Execution attempt. Source: 'OracleResiliencePipeline/(null)/Retry', Operation Key: '', Result: '彰濱秀傳', Handled: 'False', Attempt: '0', Execution Time: '799.9384'
2026-05-21 13:58:58.5248|eventId: 3|level: INFO|traceId: 00-879712d89102eed6d52d87b0677b9b87-e26c91817fc1dd86-00|logger: Polly|message: Execution attempt. Source: 'OracleResiliencePipeline/(null)/Retry', Operation Key: '', Result: '彰濱秀傳', Handled: 'False', Attempt: '0', Execution Time: '795.4408'
2026-05-21 13:58:58.5248|eventId: 3|level: INFO|traceId: 00-539ab9616c414690510c91ccceb6d71d-b87eabd88ddc658c-00|logger: Polly|message: Execution attempt. Source: 'OracleResiliencePipeline/(null)/Retry', Operation Key: '', Result: '彰濱秀傳', Handled: 'False', Attempt: '0', Execution Time: '797.7263'
2026-05-21 13:58:58.5248|eventId: 3|level: INFO|traceId: 00-e83ebdb74011c562b57794d1d66e592c-0e15074ea99430a2-00|logger: Polly|message: Execution attempt. Source: 'OracleResiliencePipeline/(null)/Retry', Operation Key: '', Result: '彰濱秀傳', Handled: 'False', Attempt: '0', Execution Time: '18.1635'
2026-05-21 13:58:58.5787|eventId: 0|level: INFO|traceId: 00-5c3b2bc89d15bb68d572fd16fdba7648-70fea39a7b4dae1b-00|logger: NHI_AI_MedReportViewerWebApi.Services.OutputGenerationService|message: 開始取得病患關鍵影像: IdAes=B67EDA342C22CD73F88571E0E54CFE81, Birthday=19700404
2026-05-21 13:58:58.5787|eventId: 3|level: INFO|traceId: 00-28f13909ff4d2efe8c56292cb8e7ac89-fae0120f199a85d7-00|logger: Polly|message: Execution attempt. Source: 'OracleResiliencePipeline/(null)/Retry', Operation Key: '', Result: '秀傳醫院', Handled: 'False', Attempt: '0', Execution Time: '15.792'
2026-05-21 13:58:58.5787|eventId: 0|level: INFO|traceId: 00-84490378cacf731c7419595f94f91c5e-7d0d6dfa379c2368-00|logger: NHI_AI_MedReportViewerWebApi.Services.NhiPatientImageService|message: 開始查詢 Series Instance UID: Study=1.2.410.200010.1151046.5267.2876090.3075984.14583.3075984, SeriesNumber=201
2026-05-21 13:58:58.6756|eventId: 3|level: INFO|traceId: 00-5c3b2bc89d15bb68d572fd16fdba7648-70fea39a7b4dae1b-00|logger: Polly|message: Execution attempt. Source: 'OracleResiliencePipeline/(null)/Retry', Operation Key: '', Result: 'System.Collections.Generic.List`1[NHI_AI_MedReportViewerWebApi.Models.KeyImageInfo]', Handled: 'False', Attempt: '0', Execution Time: '49.1291'
2026-05-21 13:58:58.7038|eventId: 0|level: INFO|traceId: 00-5c3b2bc89d15bb68d572fd16fdba7648-70fea39a7b4dae1b-00|logger: NHI_AI_MedReportViewerWebApi.Services.OutputGenerationService|message: 完成取得病患關鍵影像，共 0 筆
2026-05-21 13:58:58.7588|eventId: 3|level: INFO|traceId: 00-84490378cacf731c7419595f94f91c5e-7d0d6dfa379c2368-00|logger: Polly|message: Execution attempt. Source: 'OracleResiliencePipeline/(null)/Retry', Operation Key: '', Result: '1.3.46.670589.61.128.1.20260421152356482000200012341672312', Handled: 'False', Attempt: '0', Execution Time: '119.6549'
2026-05-21 13:58:58.7807|eventId: 0|level: INFO|traceId: 00-84490378cacf731c7419595f94f91c5e-7d0d6dfa379c2368-00|logger: NHI_AI_MedReportViewerWebApi.Services.NhiPatientImageService|message: 找到 Series Number 201 對應的 Series Instance UID: 1.3.46.670589.61.128.1.20260421152356482000200012341672312
2026-05-21 13:58:58.8310|eventId: 0|level: INFO|traceId: 00-012fd9a51b5fc944bb5d9a4c912821ae-baf9120977393729-00|logger: AIRS.Core.Helpers.ZfpOracleDbHelper|message: GetSortedImagesBySeries(studyInstanceUid: 1.2.410.200010.1151046.5267.2876090.3075984.14583.3075984, seriesInstanceUid: 1.3.46.670589.61.128.1.20260421152356482000200012341672312)
2026-05-21 13:58:58.9236|eventId: 3|level: INFO|traceId: 00-012fd9a51b5fc944bb5d9a4c912821ae-baf9120977393729-00|logger: Polly|message: Execution attempt. Source: 'OracleResiliencePipeline/(null)/Retry', Operation Key: '', Result: 'System.Collections.Generic.List`1[System.String]', Handled: 'False', Attempt: '0', Execution Time: '70.5897'
2026-05-21 13:58:58.9527|eventId: 0|level: INFO|traceId: 00-012fd9a51b5fc944bb5d9a4c912821ae-baf9120977393729-00|logger: NHI_AI_MedReportViewerWebApi.Services.NhiPatientImageService|message: Series 1.3.46.670589.61.128.1.20260421152356482000200012341672312 包含 82 個影像（已快取）
2026-05-21 13:58:59.0216|eventId: 0|level: INFO|traceId: 00-39575aec20a744c70b1c3c84a7dea619-f3b1cbccc6597ad0-00|logger: AIRS.Core.Helpers.ZfpOracleDbHelper|message: GetImageKey(studyInstanceUid: 1.2.410.200010.1151046.5267.2876090.3075984.14583.3075984, seriesInstanceUid: 1.3.46.670589.61.128.1.20260421152356482000200012341672312, sopInstanceUid: 1.3.46.670589.61.128.2.20260421152415891020100012296425683)
2026-05-21 13:58:59.0850|eventId: 3|level: INFO|traceId: 00-39575aec20a744c70b1c3c84a7dea619-f3b1cbccc6597ad0-00|logger: Polly|message: Execution attempt. Source: 'OracleResiliencePipeline/(null)/Retry', Operation Key: '', Result: 'NHI_ZFP_Viewer.ImageSources.ImageInfo', Handled: 'False', Attempt: '0', Execution Time: '38.4525'
2026-05-21 13:58:59.1100|eventId: 0|level: INFO|traceId: 00-39575aec20a744c70b1c3c84a7dea619-f3b1cbccc6597ad0-00|logger: AIRS.Core.Helpers.ZfpOracleDbHelper|message: GetImageKey = Archived/20260421/1.2.410.200010.1151046.5267.2876090.3075984.14583.3075984/1.3.46.670589.61.128.1.20260421152356482000200012341672312/1.3.46.670589.61.128.2.20260421152415891020100012296425683.dcm, 74 ms elapsed.
2026-05-21 13:58:59.4985|eventId: 0|level: INFO|traceId: 00-39575aec20a744c70b1c3c84a7dea619-f3b1cbccc6597ad0-00|logger: AIRS.Core.Common.LogForgingTools|message: 1779343139498 GetImage() 由 S3 取得 stream，耗時 363 ms.
2026-05-21 13:58:59.5194|eventId: 0|level: INFO|traceId: 00-39575aec20a744c70b1c3c84a7dea619-f3b1cbccc6597ad0-00|logger: NHI_AI_MedReportViewerWebApi.Services.NhiPatientImageService|message: 成功從 S3 取得影像: 1.3.46.670589.61.128.2.20260421152415891020100012296425683
2026-05-21 14:04:44.2951|eventId: 0|level: INFO|traceId: N/A|logger: NHI_AI_MedReportViewerWebApi.Program|message: Allowed origin: http://localhost:5173
2026-05-21 14:04:44.3597|eventId: 0|level: INFO|traceId: N/A|logger: NHI_AI_MedReportViewerWebApi.Program|message: Authentication enabled with JWT Bearer tokens
2026-05-21 14:04:44.4413|eventId: 0|level: INFO|traceId: N/A|logger: NHI_AI_MedReportViewerWebApi.Program|message: Exceptionless 設定完成，ServerUrl: "https://h30lhclogsvr.intra.nhi.gov.tw:8443"
2026-05-21 14:04:44.8434|eventId: 0|level: INFO|traceId: 00-f773316a5d9711ef383d160caca308f3-5a4f05026d7bc3a0-00|logger: NHI_AI_MedReportViewerWebApi.Services.UrlTokenValidator|message: 正在載入 URL 驗證用 JWKS。Issuer=https://auth.cohesion.internal/url-issuer, Audience=viewer-app, Path=Config/url.jwks.json
2026-05-21 14:04:44.8721|eventId: 0|level: INFO|traceId: 00-f773316a5d9711ef383d160caca308f3-5a4f05026d7bc3a0-00|logger: NHI_AI_MedReportViewerWebApi.Services.UrlTokenValidator|message: URL 驗證用 JWKS 載入完成，共 1 把金鑰。
2026-05-21 14:04:44.8953|eventId: 0|level: INFO|traceId: 00-f773316a5d9711ef383d160caca308f3-5a4f05026d7bc3a0-00|logger: NHI_AI_MedReportViewerWebApi.Services.ViewerTokenIssuer|message: 正在載入 Viewer 簽章私鑰 PEM (初始化)。Issuer=https://auth.cohesion.internal/viewer-issuer, Audience=viewer-app, PemPath=Config/viewer-issuer-private.pem, Kid=VW-2025-03, TTL=14400s
2026-05-21 14:04:44.9238|eventId: 0|level: INFO|traceId: 00-f773316a5d9711ef383d160caca308f3-5a4f05026d7bc3a0-00|logger: NHI_AI_MedReportViewerWebApi.Services.ViewerTokenIssuer|message: Viewer 簽章私鑰 PEM 載入完成，簽章設定 初始化成功。Kid=VW-2025-03, 存活秒數=14400
2026-05-21 14:04:44.9518|eventId: 0|level: INFO|traceId: 00-f773316a5d9711ef383d160caca308f3-5a4f05026d7bc3a0-00|logger: NHI_AI_MedReportViewerWebApi.Controllers.ReportsController|message: 開始驗證 URL Token。
2026-05-21 14:04:45.1528|eventId: 0|level: INFO|traceId: 00-f773316a5d9711ef383d160caca308f3-5a4f05026d7bc3a0-00|logger: NHI_AI_MedReportViewerWebApi.Services.UrlTokenValidator|message: URL Token 驗證通過。kid=UX-2025-02
2026-05-21 14:04:45.1757|eventId: 0|level: INFO|traceId: 00-f773316a5d9711ef383d160caca308f3-5a4f05026d7bc3a0-00|logger: NHI_AI_MedReportViewerWebApi.Controllers.ReportsController|message: URL Token 驗證通過，準備簽發 Viewer Token。
2026-05-21 14:04:45.1962|eventId: 0|level: INFO|traceId: 00-f773316a5d9711ef383d160caca308f3-5a4f05026d7bc3a0-00|logger: NHI_AI_MedReportViewerWebApi.Services.ViewerTokenIssuer|message: 正在簽發 Viewer Token。存活秒數=14400, 到期時間(UTC)=05/21/2026 10:04:45, kid=VW-2025-03, 最大會話壽命(amax)=05/21/2026 10:04:45
2026-05-21 14:04:45.2952|eventId: 0|level: INFO|traceId: 00-f773316a5d9711ef383d160caca308f3-5a4f05026d7bc3a0-00|logger: NHI_AI_MedReportViewerWebApi.Controllers.ReportsController|message: 以 Redirect 模式回應，導向前端頁面。
2026-05-21 14:04:46.2288|eventId: 0|level: INFO|traceId: 00-67fc8043a37cde808583f3d40050377d-88edafd8ce5be789-00|logger: NHI_AI_MedReportViewerWebApi.Services.OutputGenerationService|message: 開始建立 extracted_data for Patient: 05224425-89a9-4432-97c0-2dbd9245e5d3
2026-05-21 14:04:46.6355|eventId: 0|level: INFO|traceId: 00-67fc8043a37cde808583f3d40050377d-88edafd8ce5be789-00|logger: NHI_AI_MedReportViewerWebApi.Services.OutputGenerationService|message: 完成建立 10 筆 extracted_data
2026-05-21 14:04:46.6515|eventId: 0|level: INFO|traceId: 00-67fc8043a37cde808583f3d40050377d-88edafd8ce5be789-00|logger: NHI_AI_MedReportViewerWebApi.Services.OutputGenerationService|message: 開始建立 summary for Patient: 05224425-89a9-4432-97c0-2dbd9245e5d3
2026-05-21 14:04:46.8049|eventId: 0|level: INFO|traceId: 00-67fc8043a37cde808583f3d40050377d-88edafd8ce5be789-00|logger: NHI_AI_MedReportViewerWebApi.Services.OutputGenerationService|message: 完成建立 4 筆 summary
2026-05-21 14:04:46.8470|eventId: 3|level: INFO|traceId: 00-67fc8043a37cde808583f3d40050377d-88edafd8ce5be789-00|logger: Polly|message: Execution attempt. Source: 'OracleResiliencePipeline/(null)/Retry', Operation Key: '', Result: 'NHI_AI_MedReportViewerWebApi.Models.OutputJsonDto', Handled: 'False', Attempt: '0', Execution Time: '1113.7734'
2026-05-21 14:04:48.0680|eventId: 3|level: INFO|traceId: 00-35d6b19ee460b316e8b98aa95c0907a5-b2cf916a23050e5d-00|logger: Polly|message: Execution attempt. Source: 'OracleResiliencePipeline/(null)/Retry', Operation Key: '', Result: '彰濱秀傳', Handled: 'False', Attempt: '0', Execution Time: '857.7186'
2026-05-21 14:04:48.0680|eventId: 3|level: INFO|traceId: 00-0bfcac7f5e192b24db2a5c926d2347c0-790ebc29a5524b38-00|logger: Polly|message: Execution attempt. Source: 'OracleResiliencePipeline/(null)/Retry', Operation Key: '', Result: '彰濱秀傳', Handled: 'False', Attempt: '0', Execution Time: '832.3696'
2026-05-21 14:04:48.0680|eventId: 3|level: INFO|traceId: 00-cdfe0c51071c4587f43d05024da40580-b28c8395909498ac-00|logger: Polly|message: Execution attempt. Source: 'OracleResiliencePipeline/(null)/Retry', Operation Key: '', Result: '彰濱秀傳', Handled: 'False', Attempt: '0', Execution Time: '45.2859'
2026-05-21 14:04:48.0680|eventId: 3|level: INFO|traceId: 00-28374fb7f82d51a9b0acd6a80888b25f-82316d22b2c0fd50-00|logger: Polly|message: Execution attempt. Source: 'OracleResiliencePipeline/(null)/Retry', Operation Key: '', Result: '彰濱秀傳', Handled: 'False', Attempt: '0', Execution Time: '836.5961'
2026-05-21 14:04:48.0680|eventId: 3|level: INFO|traceId: 00-52abebd39d1b2b8d62adc46296996cf7-ec6b5ae24f7717c1-00|logger: Polly|message: Execution attempt. Source: 'OracleResiliencePipeline/(null)/Retry', Operation Key: '', Result: '彰濱秀傳', Handled: 'False', Attempt: '0', Execution Time: '840.2231'
2026-05-21 14:04:48.0680|eventId: 3|level: INFO|traceId: 00-88b1508847f1064cf4a9ea37cb7908bf-a5a92e5b00cfbe2b-00|logger: Polly|message: Execution attempt. Source: 'OracleResiliencePipeline/(null)/Retry', Operation Key: '', Result: '彰濱秀傳', Handled: 'False', Attempt: '0', Execution Time: '842.9893'
2026-05-21 14:04:48.0680|eventId: 3|level: INFO|traceId: 00-644701e5247769a47f97f0389fa5bd01-fc0dc6e98c68b952-00|logger: Polly|message: Execution attempt. Source: 'OracleResiliencePipeline/(null)/Retry', Operation Key: '', Result: '彰濱秀傳', Handled: 'False', Attempt: '0', Execution Time: '849.6447'
2026-05-21 14:04:48.0680|eventId: 3|level: INFO|traceId: 00-b2d1f09bb23a991a9377f5bb793951d3-2f816bd85781b746-00|logger: Polly|message: Execution attempt. Source: 'OracleResiliencePipeline/(null)/Retry', Operation Key: '', Result: '彰濱秀傳', Handled: 'False', Attempt: '0', Execution Time: '853.214'
2026-05-21 14:04:48.0680|eventId: 3|level: INFO|traceId: 00-08d96cd1f20f1c890f62555f22b70934-92c37b8cd0897d88-00|logger: Polly|message: Execution attempt. Source: 'OracleResiliencePipeline/(null)/Retry', Operation Key: '', Result: '彰濱秀傳', Handled: 'False', Attempt: '0', Execution Time: '846.7493'
2026-05-21 14:04:48.1270|eventId: 0|level: INFO|traceId: 00-0b2f5a7ec875e7ba3404b0dafc889a53-ed58ed56fd294eb3-00|logger: NHI_AI_MedReportViewerWebApi.Services.OutputGenerationService|message: 開始取得病患關鍵影像: IdAes=B67EDA342C22CD73F88571E0E54CFE81, Birthday=19700404
2026-05-21 14:04:48.1384|eventId: 3|level: INFO|traceId: 00-083375dae1b2e65779f2e0af0ae8c77a-712e2ce4c9524e41-00|logger: Polly|message: Execution attempt. Source: 'OracleResiliencePipeline/(null)/Retry', Operation Key: '', Result: '秀傳醫院', Handled: 'False', Attempt: '0', Execution Time: '17.5865'
2026-05-21 14:04:48.1384|eventId: 0|level: INFO|traceId: 00-2fb009f8018fb087543652fe229d7cd6-99d8fbadf4dd8f33-00|logger: NHI_AI_MedReportViewerWebApi.Services.NhiPatientImageService|message: 開始查詢 Series Instance UID: Study=1.2.410.200010.1151046.5267.2876090.3075984.14583.3075984, SeriesNumber=201
2026-05-21 14:04:48.2298|eventId: 3|level: INFO|traceId: 00-0b2f5a7ec875e7ba3404b0dafc889a53-ed58ed56fd294eb3-00|logger: Polly|message: Execution attempt. Source: 'OracleResiliencePipeline/(null)/Retry', Operation Key: '', Result: 'System.Collections.Generic.List`1[NHI_AI_MedReportViewerWebApi.Models.KeyImageInfo]', Handled: 'False', Attempt: '0', Execution Time: '29.138'
2026-05-21 14:04:48.2823|eventId: 0|level: INFO|traceId: 00-0b2f5a7ec875e7ba3404b0dafc889a53-ed58ed56fd294eb3-00|logger: NHI_AI_MedReportViewerWebApi.Services.OutputGenerationService|message: 完成取得病患關鍵影像，共 0 筆
2026-05-21 14:04:48.3532|eventId: 3|level: INFO|traceId: 00-2fb009f8018fb087543652fe229d7cd6-99d8fbadf4dd8f33-00|logger: Polly|message: Execution attempt. Source: 'OracleResiliencePipeline/(null)/Retry', Operation Key: '', Result: '1.3.46.670589.61.128.1.20260421152356482000200012341672312', Handled: 'False', Attempt: '0', Execution Time: '146.1708'
2026-05-21 14:04:48.3887|eventId: 0|level: INFO|traceId: 00-2fb009f8018fb087543652fe229d7cd6-99d8fbadf4dd8f33-00|logger: NHI_AI_MedReportViewerWebApi.Services.NhiPatientImageService|message: 找到 Series Number 201 對應的 Series Instance UID: 1.3.46.670589.61.128.1.20260421152356482000200012341672312
2026-05-21 14:04:48.4419|eventId: 0|level: INFO|traceId: 00-c8af4b062b9acb8eb8b4581ea87a6b95-69a8c12ff5551a4e-00|logger: AIRS.Core.Helpers.ZfpOracleDbHelper|message: GetSortedImagesBySeries(studyInstanceUid: 1.2.410.200010.1151046.5267.2876090.3075984.14583.3075984, seriesInstanceUid: 1.3.46.670589.61.128.1.20260421152356482000200012341672312)
2026-05-21 14:04:48.5323|eventId: 3|level: INFO|traceId: 00-c8af4b062b9acb8eb8b4581ea87a6b95-69a8c12ff5551a4e-00|logger: Polly|message: Execution attempt. Source: 'OracleResiliencePipeline/(null)/Retry', Operation Key: '', Result: 'System.Collections.Generic.List`1[System.String]', Handled: 'False', Attempt: '0', Execution Time: '60.0128'
2026-05-21 14:04:48.5644|eventId: 0|level: INFO|traceId: 00-c8af4b062b9acb8eb8b4581ea87a6b95-69a8c12ff5551a4e-00|logger: NHI_AI_MedReportViewerWebApi.Services.NhiPatientImageService|message: Series 1.3.46.670589.61.128.1.20260421152356482000200012341672312 包含 82 個影像（已快取）
2026-05-21 14:04:48.6470|eventId: 0|level: INFO|traceId: 00-449ea8b69e69dff0728a8b78daf0ae4c-e04937536333b40d-00|logger: AIRS.Core.Helpers.ZfpOracleDbHelper|message: GetImageKey(studyInstanceUid: 1.2.410.200010.1151046.5267.2876090.3075984.14583.3075984, seriesInstanceUid: 1.3.46.670589.61.128.1.20260421152356482000200012341672312, sopInstanceUid: 1.3.46.670589.61.128.2.20260421152415891020100012296425683)
2026-05-21 14:04:48.7206|eventId: 3|level: INFO|traceId: 00-449ea8b69e69dff0728a8b78daf0ae4c-e04937536333b40d-00|logger: Polly|message: Execution attempt. Source: 'OracleResiliencePipeline/(null)/Retry', Operation Key: '', Result: 'NHI_ZFP_Viewer.ImageSources.ImageInfo', Handled: 'False', Attempt: '0', Execution Time: '43.6909'
2026-05-21 14:04:48.7556|eventId: 0|level: INFO|traceId: 00-449ea8b69e69dff0728a8b78daf0ae4c-e04937536333b40d-00|logger: AIRS.Core.Helpers.ZfpOracleDbHelper|message: GetImageKey = Archived/20260421/1.2.410.200010.1151046.5267.2876090.3075984.14583.3075984/1.3.46.670589.61.128.1.20260421152356482000200012341672312/1.3.46.670589.61.128.2.20260421152415891020100012296425683.dcm, 84 ms elapsed.
2026-05-21 14:04:49.0994|eventId: 0|level: INFO|traceId: 00-449ea8b69e69dff0728a8b78daf0ae4c-e04937536333b40d-00|logger: AIRS.Core.Common.LogForgingTools|message: 1779343489099 GetImage() 由 S3 取得 stream，耗時 314 ms.
2026-05-21 14:04:49.1245|eventId: 0|level: INFO|traceId: 00-449ea8b69e69dff0728a8b78daf0ae4c-e04937536333b40d-00|logger: NHI_AI_MedReportViewerWebApi.Services.NhiPatientImageService|message: 成功從 S3 取得影像: 1.3.46.670589.61.128.2.20260421152415891020100012296425683
2026-05-21 14:08:21.7135|eventId: 0|level: INFO|traceId: 00-53be5521fd174372e8c1f38ada67c1d9-a4fdc849043f7514-00|logger: NHI_AI_MedReportViewerWebApi.Controllers.ReportsController|message: 開始驗證 URL Token。
2026-05-21 14:08:21.7442|eventId: 0|level: INFO|traceId: 00-53be5521fd174372e8c1f38ada67c1d9-a4fdc849043f7514-00|logger: NHI_AI_MedReportViewerWebApi.Services.UrlTokenValidator|message: URL Token 驗證通過。kid=UX-2025-02
2026-05-21 14:08:21.7635|eventId: 0|level: INFO|traceId: 00-53be5521fd174372e8c1f38ada67c1d9-a4fdc849043f7514-00|logger: NHI_AI_MedReportViewerWebApi.Controllers.ReportsController|message: URL Token 驗證通過，準備簽發 Viewer Token。
2026-05-21 14:08:21.7788|eventId: 0|level: INFO|traceId: 00-53be5521fd174372e8c1f38ada67c1d9-a4fdc849043f7514-00|logger: NHI_AI_MedReportViewerWebApi.Services.ViewerTokenIssuer|message: 正在簽發 Viewer Token。存活秒數=14400, 到期時間(UTC)=05/21/2026 10:08:21, kid=VW-2025-03, 最大會話壽命(amax)=05/21/2026 10:08:21
2026-05-21 14:08:21.8309|eventId: 0|level: INFO|traceId: 00-53be5521fd174372e8c1f38ada67c1d9-a4fdc849043f7514-00|logger: NHI_AI_MedReportViewerWebApi.Controllers.ReportsController|message: 以 Redirect 模式回應，導向前端頁面。
2026-05-21 14:08:22.0820|eventId: 0|level: INFO|traceId: 00-f7e4f2447c6bfc8865926c2c8e566d62-611f7df744ca26a1-00|logger: NHI_AI_MedReportViewerWebApi.Services.OutputGenerationService|message: 開始建立 extracted_data for Patient: Z299999830-20251102-1211-00000000001
2026-05-21 14:08:22.6573|eventId: 0|level: INFO|traceId: 00-f7e4f2447c6bfc8865926c2c8e566d62-611f7df744ca26a1-00|logger: NHI_AI_MedReportViewerWebApi.Services.OutputGenerationService|message: 完成建立 23 筆 extracted_data
2026-05-21 14:08:22.6831|eventId: 0|level: INFO|traceId: 00-f7e4f2447c6bfc8865926c2c8e566d62-611f7df744ca26a1-00|logger: NHI_AI_MedReportViewerWebApi.Services.OutputGenerationService|message: 開始建立 summary for Patient: Z299999830-20251102-1211-00000000001
2026-05-21 14:08:22.9168|eventId: 0|level: INFO|traceId: 00-f7e4f2447c6bfc8865926c2c8e566d62-611f7df744ca26a1-00|logger: NHI_AI_MedReportViewerWebApi.Services.OutputGenerationService|message: 完成建立 4 筆 summary
2026-05-21 14:08:22.9417|eventId: 3|level: INFO|traceId: 00-f7e4f2447c6bfc8865926c2c8e566d62-611f7df744ca26a1-00|logger: Polly|message: Execution attempt. Source: 'OracleResiliencePipeline/(null)/Retry', Operation Key: '', Result: 'NHI_AI_MedReportViewerWebApi.Models.OutputJsonDto', Handled: 'False', Attempt: '0', Execution Time: '875.4175'
2026-05-21 14:08:23.2294|eventId: 0|level: INFO|traceId: 00-8b704223a97a49e6ad8afd14600e32f1-707066478a93e5b5-00|logger: NHI_AI_MedReportViewerWebApi.Services.OutputGenerationService|message: 開始取得病患關鍵影像: IdAes=EBD71A864A0F7E6A355827754B89259E, Birthday=19410712
2026-05-21 14:08:23.2537|eventId: 3|level: INFO|traceId: 00-0709c4bca7f59317f6db095593acb75c-03ce5abdb66013bb-00|logger: Polly|message: Execution attempt. Source: 'OracleResiliencePipeline/(null)/Retry', Operation Key: '', Result: '台大醫院', Handled: 'False', Attempt: '0', Execution Time: '18.6005'
2026-05-21 14:08:23.2889|eventId: 0|level: INFO|traceId: 00-d31db691c7e53b98fa13b2e82cc9245c-8361481468884762-00|logger: NHI_AI_MedReportViewerWebApi.Services.NhiPatientImageService|message: 開始查詢 Series Instance UID: Study=1.2.840.133888132105150143162871541411731780159144, SeriesNumber=15
2026-05-21 14:08:23.3143|eventId: 3|level: INFO|traceId: 00-8b704223a97a49e6ad8afd14600e32f1-707066478a93e5b5-00|logger: Polly|message: Execution attempt. Source: 'OracleResiliencePipeline/(null)/Retry', Operation Key: '', Result: 'System.Collections.Generic.List`1[NHI_AI_MedReportViewerWebApi.Models.KeyImageInfo]', Handled: 'False', Attempt: '0', Execution Time: '58.0678'
2026-05-21 14:08:23.3382|eventId: 0|level: INFO|traceId: 00-8b704223a97a49e6ad8afd14600e32f1-707066478a93e5b5-00|logger: NHI_AI_MedReportViewerWebApi.Services.OutputGenerationService|message: 完成取得病患關鍵影像，共 4 筆
2026-05-21 14:08:23.3382|eventId: 3|level: INFO|traceId: 00-d31db691c7e53b98fa13b2e82cc9245c-8361481468884762-00|logger: Polly|message: Execution attempt. Source: 'OracleResiliencePipeline/(null)/Retry', Operation Key: '', Result: '1.2.840.19216622352892321110282110210111240391850', Handled: 'False', Attempt: '0', Execution Time: '19.7239'
2026-05-21 14:08:23.3684|eventId: 0|level: INFO|traceId: 00-d31db691c7e53b98fa13b2e82cc9245c-8361481468884762-00|logger: NHI_AI_MedReportViewerWebApi.Services.NhiPatientImageService|message: 找到 Series Number 15 對應的 Series Instance UID: 1.2.840.19216622352892321110282110210111240391850
2026-05-21 14:08:23.3952|eventId: 0|level: INFO|traceId: 00-527886f1ef4927fbb85274df506c7fe1-4f95f783f683bb78-00|logger: AIRS.Core.Helpers.ZfpOracleDbHelper|message: GetImageKey(studyInstanceUid: 1.2.840.6610321904118510815420318233761831142014, seriesInstanceUid: 1.2.840.185393732156165237212158241127106677643111, sopInstanceUid: 1.2.840.3417124205586658229153205402522644)
2026-05-21 14:08:23.3952|eventId: 0|level: INFO|traceId: 00-378d8015677c2ddf42e115350420d38e-722db7601f6777e4-00|logger: AIRS.Core.Helpers.ZfpOracleDbHelper|message: GetImageKey(studyInstanceUid: 1.2.840.1405011311801131732011012121012200126134, seriesInstanceUid: 1.2.840.51111141244381216847820799116149155151129, sopInstanceUid: 1.2.840.232761451702923525417733227971231052812514)
2026-05-21 14:08:23.3952|eventId: 0|level: INFO|traceId: 00-7bed72990cdea50a95bdf54715dd15cc-5fcc3775707e98f7-00|logger: AIRS.Core.Helpers.ZfpOracleDbHelper|message: GetImageKey(studyInstanceUid: 1.2.840.6610321904118510815420318233761831142014, seriesInstanceUid: 1.2.840.185393732156165237212158241127106677643111, sopInstanceUid: 1.2.840.1051457738253118922381479013141215320088)
2026-05-21 14:08:23.3973|eventId: 0|level: INFO|traceId: 00-1df0bc4ccc1586f50be474888aab7fd8-af1d8723e761fe0c-00|logger: AIRS.Core.Helpers.ZfpOracleDbHelper|message: GetImageKey(studyInstanceUid: 1.2.840.1405011311801131732011012121012200126134, seriesInstanceUid: 1.2.840.51111141244381216847820799116149155151129, sopInstanceUid: 1.2.840.3219370233171571652261152261706625011114738)
2026-05-21 14:08:23.4130|eventId: 0|level: INFO|traceId: 00-81de41b8d035d1690c809f43b071a74c-30f9cda46b213743-00|logger: AIRS.Core.Helpers.ZfpOracleDbHelper|message: GetSortedImagesBySeries(studyInstanceUid: 1.2.840.133888132105150143162871541411731780159144, seriesInstanceUid: 1.2.840.19216622352892321110282110210111240391850)
2026-05-21 14:08:23.4326|eventId: 3|level: INFO|traceId: 00-527886f1ef4927fbb85274df506c7fe1-4f95f783f683bb78-00|logger: Polly|message: Execution attempt. Source: 'OracleResiliencePipeline/(null)/Retry', Operation Key: '', Result: 'NHI_ZFP_Viewer.ImageSources.ImageInfo', Handled: 'False', Attempt: '0', Execution Time: '19.1646'
2026-05-21 14:08:23.4450|eventId: 3|level: INFO|traceId: 00-7bed72990cdea50a95bdf54715dd15cc-5fcc3775707e98f7-00|logger: Polly|message: Execution attempt. Source: 'OracleResiliencePipeline/(null)/Retry', Operation Key: '', Result: 'NHI_ZFP_Viewer.ImageSources.ImageInfo', Handled: 'False', Attempt: '0', Execution Time: '16.3482'
2026-05-21 14:08:23.4450|eventId: 3|level: INFO|traceId: 00-378d8015677c2ddf42e115350420d38e-722db7601f6777e4-00|logger: Polly|message: Execution attempt. Source: 'OracleResiliencePipeline/(null)/Retry', Operation Key: '', Result: 'NHI_ZFP_Viewer.ImageSources.ImageInfo', Handled: 'False', Attempt: '0', Execution Time: '23.3593'
2026-05-21 14:08:23.4450|eventId: 3|level: INFO|traceId: 00-1df0bc4ccc1586f50be474888aab7fd8-af1d8723e761fe0c-00|logger: Polly|message: Execution attempt. Source: 'OracleResiliencePipeline/(null)/Retry', Operation Key: '', Result: 'NHI_ZFP_Viewer.ImageSources.ImageInfo', Handled: 'False', Attempt: '0', Execution Time: '16.8342'
2026-05-21 14:08:23.4450|eventId: 0|level: INFO|traceId: 00-527886f1ef4927fbb85274df506c7fe1-4f95f783f683bb78-00|logger: AIRS.Core.Helpers.ZfpOracleDbHelper|message: GetImageKey = Archived/20230510/1.2.840.6610321904118510815420318233761831142014/1.2.840.185393732156165237212158241127106677643111/1.2.840.3417124205586658229153205402522644.dcm, 46 ms elapsed.
2026-05-21 14:08:23.4618|eventId: 3|level: INFO|traceId: 00-81de41b8d035d1690c809f43b071a74c-30f9cda46b213743-00|logger: Polly|message: Execution attempt. Source: 'OracleResiliencePipeline/(null)/Retry', Operation Key: '', Result: 'System.Collections.Generic.List`1[System.String]', Handled: 'False', Attempt: '0', Execution Time: '23.06'
2026-05-21 14:08:23.4765|eventId: 0|level: INFO|traceId: 00-7bed72990cdea50a95bdf54715dd15cc-5fcc3775707e98f7-00|logger: AIRS.Core.Helpers.ZfpOracleDbHelper|message: GetImageKey = Archived/20230510/1.2.840.6610321904118510815420318233761831142014/1.2.840.185393732156165237212158241127106677643111/1.2.840.1051457738253118922381479013141215320088.dcm, 54 ms elapsed.
2026-05-21 14:08:23.4765|eventId: 0|level: INFO|traceId: 00-378d8015677c2ddf42e115350420d38e-722db7601f6777e4-00|logger: AIRS.Core.Helpers.ZfpOracleDbHelper|message: GetImageKey = Archived/20230210/1.2.840.1405011311801131732011012121012200126134/1.2.840.51111141244381216847820799116149155151129/1.2.840.232761451702923525417733227971231052812514.dcm, 67 ms elapsed.
2026-05-21 14:08:23.4953|eventId: 0|level: INFO|traceId: 00-1df0bc4ccc1586f50be474888aab7fd8-af1d8723e761fe0c-00|logger: AIRS.Core.Helpers.ZfpOracleDbHelper|message: GetImageKey = Archived/20230210/1.2.840.1405011311801131732011012121012200126134/1.2.840.51111141244381216847820799116149155151129/1.2.840.3219370233171571652261152261706625011114738.dcm, 66 ms elapsed.
2026-05-21 14:08:23.5082|eventId: 0|level: INFO|traceId: 00-81de41b8d035d1690c809f43b071a74c-30f9cda46b213743-00|logger: NHI_AI_MedReportViewerWebApi.Services.NhiPatientImageService|message: Series 1.2.840.19216622352892321110282110210111240391850 包含 64 個影像（已快取）
2026-05-21 14:08:23.5539|eventId: 0|level: INFO|traceId: 00-1a99f08732dcf3e84b332cb961dba741-40ffda53dc098349-00|logger: AIRS.Core.Helpers.ZfpOracleDbHelper|message: GetImageKey(studyInstanceUid: 1.2.840.133888132105150143162871541411731780159144, seriesInstanceUid: 1.2.840.19216622352892321110282110210111240391850, sopInstanceUid: 1.2.840.15116225230158118975412622041871962468104)
2026-05-21 14:08:23.5774|eventId: 0|level: INFO|traceId: 00-527886f1ef4927fbb85274df506c7fe1-4f95f783f683bb78-00|logger: AIRS.Core.Common.LogForgingTools|message: 1779343703583 GetImage() 由 S3 取得 stream，耗時 92 ms.
2026-05-21 14:08:23.5878|eventId: 0|level: INFO|traceId: 00-378d8015677c2ddf42e115350420d38e-722db7601f6777e4-00|logger: AIRS.Core.Common.LogForgingTools|message: 1779343703587 GetImage() 由 S3 取得 stream，耗時 79 ms.
2026-05-21 14:08:23.5878|eventId: 3|level: INFO|traceId: 00-1a99f08732dcf3e84b332cb961dba741-40ffda53dc098349-00|logger: Polly|message: Execution attempt. Source: 'OracleResiliencePipeline/(null)/Retry', Operation Key: '', Result: 'NHI_ZFP_Viewer.ImageSources.ImageInfo', Handled: 'False', Attempt: '0', Execution Time: '24.7387'
2026-05-21 14:08:23.5878|eventId: 0|level: INFO|traceId: 00-1df0bc4ccc1586f50be474888aab7fd8-af1d8723e761fe0c-00|logger: AIRS.Core.Common.LogForgingTools|message: 1779343703597 GetImage() 由 S3 取得 stream，耗時 78 ms.
2026-05-21 14:08:23.5878|eventId: 0|level: INFO|traceId: 00-527886f1ef4927fbb85274df506c7fe1-4f95f783f683bb78-00|logger: NHI_AI_MedReportViewerWebApi.Services.NhiPatientImageService|message: 成功從 S3 取得影像: 1.2.840.3417124205586658229153205402522644
2026-05-21 14:08:23.6037|eventId: 0|level: INFO|traceId: 00-378d8015677c2ddf42e115350420d38e-722db7601f6777e4-00|logger: NHI_AI_MedReportViewerWebApi.Services.NhiPatientImageService|message: 成功從 S3 取得影像: 1.2.840.232761451702923525417733227971231052812514
2026-05-21 14:08:23.6037|eventId: 0|level: INFO|traceId: 00-7bed72990cdea50a95bdf54715dd15cc-5fcc3775707e98f7-00|logger: AIRS.Core.Common.LogForgingTools|message: 1779343703609 GetImage() 由 S3 取得 stream，耗時 107 ms.
2026-05-21 14:08:23.6037|eventId: 0|level: INFO|traceId: 00-1df0bc4ccc1586f50be474888aab7fd8-af1d8723e761fe0c-00|logger: NHI_AI_MedReportViewerWebApi.Services.NhiPatientImageService|message: 成功從 S3 取得影像: 1.2.840.3219370233171571652261152261706625011114738
2026-05-21 14:08:23.6182|eventId: 0|level: INFO|traceId: 00-1a99f08732dcf3e84b332cb961dba741-40ffda53dc098349-00|logger: AIRS.Core.Helpers.ZfpOracleDbHelper|message: GetImageKey = Archived/20250812/1.2.840.133888132105150143162871541411731780159144/1.2.840.19216622352892321110282110210111240391850/1.2.840.15116225230158118975412622041871962468104.dcm, 52 ms elapsed.
2026-05-21 14:08:23.6182|eventId: 0|level: INFO|traceId: 00-527886f1ef4927fbb85274df506c7fe1-4f95f783f683bb78-00|logger: NHI_AI_MedReportViewerWebApi.Services.NhiPatientImageService|message: 開始轉換 DICOM 為 JPG: SOP Instance UID=1.2.840.3417124205586658229153205402522644, ContentType=application/dicom
2026-05-21 14:08:23.6182|eventId: 0|level: INFO|traceId: 00-378d8015677c2ddf42e115350420d38e-722db7601f6777e4-00|logger: NHI_AI_MedReportViewerWebApi.Services.NhiPatientImageService|message: 開始轉換 DICOM 為 JPG: SOP Instance UID=1.2.840.232761451702923525417733227971231052812514, ContentType=application/dicom
2026-05-21 14:08:23.6182|eventId: 0|level: INFO|traceId: 00-7bed72990cdea50a95bdf54715dd15cc-5fcc3775707e98f7-00|logger: NHI_AI_MedReportViewerWebApi.Services.NhiPatientImageService|message: 成功從 S3 取得影像: 1.2.840.1051457738253118922381479013141215320088
2026-05-21 14:08:23.6342|eventId: 0|level: INFO|traceId: 00-1df0bc4ccc1586f50be474888aab7fd8-af1d8723e761fe0c-00|logger: NHI_AI_MedReportViewerWebApi.Services.NhiPatientImageService|message: 開始轉換 DICOM 為 JPG: SOP Instance UID=1.2.840.3219370233171571652261152261706625011114738, ContentType=application/dicom
2026-05-21 14:08:23.6509|eventId: 0|level: INFO|traceId: 00-7bed72990cdea50a95bdf54715dd15cc-5fcc3775707e98f7-00|logger: NHI_AI_MedReportViewerWebApi.Services.NhiPatientImageService|message: 開始轉換 DICOM 為 JPG: SOP Instance UID=1.2.840.1051457738253118922381479013141215320088, ContentType=application/dicom
2026-05-21 14:08:23.7178|eventId: 0|level: INFO|traceId: 00-1a99f08732dcf3e84b332cb961dba741-40ffda53dc098349-00|logger: AIRS.Core.Common.LogForgingTools|message: 1779343703717 GetImage() 由 S3 取得 stream，耗時 80 ms.
2026-05-21 14:08:23.7382|eventId: 0|level: INFO|traceId: 00-1a99f08732dcf3e84b332cb961dba741-40ffda53dc098349-00|logger: NHI_AI_MedReportViewerWebApi.Services.NhiPatientImageService|message: 成功從 S3 取得影像: 1.2.840.15116225230158118975412622041871962468104
2026-05-21 14:08:25.3998|eventId: 0|level: INFO|traceId: 00-378d8015677c2ddf42e115350420d38e-722db7601f6777e4-00|logger: NHI_AI_MedReportViewerWebApi.Services.NhiPatientImageService|message: 成功轉換 DICOM 為 JPG: SOP Instance UID=1.2.840.232761451702923525417733227971231052812514
2026-05-21 14:08:25.3998|eventId: 0|level: INFO|traceId: 00-7bed72990cdea50a95bdf54715dd15cc-5fcc3775707e98f7-00|logger: NHI_AI_MedReportViewerWebApi.Services.NhiPatientImageService|message: 成功轉換 DICOM 為 JPG: SOP Instance UID=1.2.840.1051457738253118922381479013141215320088
2026-05-21 14:08:25.3998|eventId: 0|level: INFO|traceId: 00-527886f1ef4927fbb85274df506c7fe1-4f95f783f683bb78-00|logger: NHI_AI_MedReportViewerWebApi.Services.NhiPatientImageService|message: 成功轉換 DICOM 為 JPG: SOP Instance UID=1.2.840.3417124205586658229153205402522644
2026-05-21 14:08:25.4141|eventId: 0|level: INFO|traceId: 00-1df0bc4ccc1586f50be474888aab7fd8-af1d8723e761fe0c-00|logger: NHI_AI_MedReportViewerWebApi.Services.NhiPatientImageService|message: 成功轉換 DICOM 為 JPG: SOP Instance UID=1.2.840.3219370233171571652261152261706625011114738
2026-05-21 14:08:37.0311|eventId: 0|level: INFO|traceId: 00-8b61bc6999ce0d8d6d911428a2e47c26-a5e81e9f9abb375d-00|logger: NHI_AI_MedReportViewerWebApi.Services.NhiPatientImageService|message: 開始查詢 Series Instance UID: Study=1.2.840.6610321904118510815420318233761831142014, SeriesNumber=4
2026-05-21 14:08:37.0756|eventId: 3|level: INFO|traceId: 00-8b61bc6999ce0d8d6d911428a2e47c26-a5e81e9f9abb375d-00|logger: Polly|message: Execution attempt. Source: 'OracleResiliencePipeline/(null)/Retry', Operation Key: '', Result: '1.2.840.185393732156165237212158241127106677643111', Handled: 'False', Attempt: '0', Execution Time: '15.4117'
2026-05-21 14:08:37.1013|eventId: 0|level: INFO|traceId: 00-8b61bc6999ce0d8d6d911428a2e47c26-a5e81e9f9abb375d-00|logger: NHI_AI_MedReportViewerWebApi.Services.NhiPatientImageService|message: 找到 Series Number 4 對應的 Series Instance UID: 1.2.840.185393732156165237212158241127106677643111
2026-05-21 14:08:37.1304|eventId: 0|level: INFO|traceId: 00-f38b6b37337a923b3870326201dbef21-aa99fd9ad3f21d07-00|logger: NHI_AI_MedReportViewerWebApi.Services.NhiPatientImageService|message: 開始查詢 Series Instance UID: Study=1.2.840.6610321904118510815420318233761831142014, SeriesNumber=4
2026-05-21 14:08:37.1304|eventId: 0|level: INFO|traceId: 00-a84dd10521b7682fa1ae94de9536271a-d2dc0a02a0ec84ea-00|logger: NHI_AI_MedReportViewerWebApi.Services.NhiPatientImageService|message: 開始查詢 Series Instance UID: Study=1.2.840.1405011311801131732011012121012200126134, SeriesNumber=4
2026-05-21 14:08:37.1679|eventId: 3|level: INFO|traceId: 00-f38b6b37337a923b3870326201dbef21-aa99fd9ad3f21d07-00|logger: Polly|message: Execution attempt. Source: 'OracleResiliencePipeline/(null)/Retry', Operation Key: '', Result: '1.2.840.185393732156165237212158241127106677643111', Handled: 'False', Attempt: '0', Execution Time: '12.999'
2026-05-21 14:08:37.1679|eventId: 3|level: INFO|traceId: 00-a84dd10521b7682fa1ae94de9536271a-d2dc0a02a0ec84ea-00|logger: Polly|message: Execution attempt. Source: 'OracleResiliencePipeline/(null)/Retry', Operation Key: '', Result: '1.2.840.51111141244381216847820799116149155151129', Handled: 'False', Attempt: '0', Execution Time: '16.285'
2026-05-21 14:08:37.1847|eventId: 0|level: INFO|traceId: 00-f38b6b37337a923b3870326201dbef21-aa99fd9ad3f21d07-00|logger: NHI_AI_MedReportViewerWebApi.Services.NhiPatientImageService|message: 找到 Series Number 4 對應的 Series Instance UID: 1.2.840.185393732156165237212158241127106677643111
2026-05-21 14:08:37.1973|eventId: 0|level: INFO|traceId: 00-a84dd10521b7682fa1ae94de9536271a-d2dc0a02a0ec84ea-00|logger: NHI_AI_MedReportViewerWebApi.Services.NhiPatientImageService|message: 找到 Series Number 4 對應的 Series Instance UID: 1.2.840.51111141244381216847820799116149155151129
2026-05-21 14:08:37.2171|eventId: 0|level: INFO|traceId: 00-7cb5eac71d3914287a09265c3a4a433f-bdd3a26915b0cbcc-00|logger: NHI_AI_MedReportViewerWebApi.Services.NhiPatientImageService|message: 開始查詢 Series Instance UID: Study=1.2.840.6610321904118510815420318233761831142014, SeriesNumber=4
2026-05-21 14:08:37.2288|eventId: 0|level: INFO|traceId: 00-fc091521ec63afe1b7b11642946672c4-b30c80b823e097fd-00|logger: NHI_AI_MedReportViewerWebApi.Services.NhiPatientImageService|message: 開始查詢 SOP Instance UID: Study=1.2.840.6610321904118510815420318233761831142014, Series=1.2.840.185393732156165237212158241127106677643111, InstanceNumber=29
2026-05-21 14:08:37.2288|eventId: 0|level: INFO|traceId: 00-098ee8491fc0836f83f909b76409ff5e-4b47d899203a5148-00|logger: NHI_AI_MedReportViewerWebApi.Services.NhiRegistrationService|message: 查詢目標 Instance Number。Patient: Z299999830-20251102-1211-00000000001, RefSeries: 1.2.840.185393732156165237212158241127106677643111, DstSeries: 1.2.840.51111141244381216847820799116149155151129
2026-05-21 14:08:37.2443|eventId: 3|level: INFO|traceId: 00-7cb5eac71d3914287a09265c3a4a433f-bdd3a26915b0cbcc-00|logger: Polly|message: Execution attempt. Source: 'OracleResiliencePipeline/(null)/Retry', Operation Key: '', Result: '1.2.840.185393732156165237212158241127106677643111', Handled: 'False', Attempt: '0', Execution Time: '14.7487'
2026-05-21 14:08:37.2680|eventId: 0|level: INFO|traceId: 00-7cb5eac71d3914287a09265c3a4a433f-bdd3a26915b0cbcc-00|logger: NHI_AI_MedReportViewerWebApi.Services.NhiPatientImageService|message: 找到 Series Number 4 對應的 Series Instance UID: 1.2.840.185393732156165237212158241127106677643111
2026-05-21 14:08:37.2799|eventId: 3|level: INFO|traceId: 00-fc091521ec63afe1b7b11642946672c4-b30c80b823e097fd-00|logger: Polly|message: Execution attempt. Source: 'OracleResiliencePipeline/(null)/Retry', Operation Key: '', Result: '1.2.840.3417124205586658229153205402522644', Handled: 'False', Attempt: '0', Execution Time: '33.6671'
2026-05-21 14:08:37.2935|eventId: 0|level: INFO|traceId: 00-fc091521ec63afe1b7b11642946672c4-b30c80b823e097fd-00|logger: NHI_AI_MedReportViewerWebApi.Services.NhiPatientImageService|message: 找到 Instance Number 29 對應的 SOP Instance UID: 1.2.840.3417124205586658229153205402522644
2026-05-21 14:08:37.3075|eventId: 0|level: INFO|traceId: 00-73a652d9933b7067ecdbf8ef6b3e0f6b-ebfb354d865ca3fe-00|logger: NHI_AI_MedReportViewerWebApi.Services.NhiPatientImageService|message: 開始查詢 Series Instance UID: Study=1.2.840.167221195121219905290418769251473628129, SeriesNumber=9
2026-05-21 14:08:37.3075|eventId: 3|level: INFO|traceId: 00-098ee8491fc0836f83f909b76409ff5e-4b47d899203a5148-00|logger: Polly|message: Execution attempt. Source: 'OracleResiliencePipeline/(null)/Retry', Operation Key: '', Result: '33', Handled: 'False', Attempt: '0', Execution Time: '49.6938'
2026-05-21 14:08:37.3228|eventId: 0|level: INFO|traceId: 00-5ef2a6961953eadb3302f672bc237958-9f8f2663696faec3-00|logger: AIRS.Core.Helpers.ZfpOracleDbHelper|message: GetSortedImagesBySeries(studyInstanceUid: 1.2.840.6610321904118510815420318233761831142014, seriesInstanceUid: 1.2.840.185393732156165237212158241127106677643111)
2026-05-21 14:08:37.3228|eventId: 0|level: INFO|traceId: 00-098ee8491fc0836f83f909b76409ff5e-4b47d899203a5148-00|logger: NHI_AI_MedReportViewerWebApi.Services.NhiRegistrationService|message: 找到對應的目標 Instance Number: 33
2026-05-21 14:08:37.3433|eventId: 3|level: INFO|traceId: 00-73a652d9933b7067ecdbf8ef6b3e0f6b-ebfb354d865ca3fe-00|logger: Polly|message: Execution attempt. Source: 'OracleResiliencePipeline/(null)/Retry', Operation Key: '', Result: '1.2.840.1721868228751932482087238247913291134107', Handled: 'False', Attempt: '0', Execution Time: '17.3445'
2026-05-21 14:08:37.3433|eventId: 0|level: INFO|traceId: 00-098ee8491fc0836f83f909b76409ff5e-4b47d899203a5148-00|logger: NHI_AI_MedReportViewerWebApi.Services.NhiPatientImageService|message: 開始查詢 SOP Instance UID: Study=1.2.840.1405011311801131732011012121012200126134, Series=1.2.840.51111141244381216847820799116149155151129, InstanceNumber=33
2026-05-21 14:08:37.3584|eventId: 0|level: INFO|traceId: 00-73a652d9933b7067ecdbf8ef6b3e0f6b-ebfb354d865ca3fe-00|logger: NHI_AI_MedReportViewerWebApi.Services.NhiPatientImageService|message: 找到 Series Number 9 對應的 Series Instance UID: 1.2.840.1721868228751932482087238247913291134107
2026-05-21 14:08:37.3688|eventId: 3|level: INFO|traceId: 00-5ef2a6961953eadb3302f672bc237958-9f8f2663696faec3-00|logger: Polly|message: Execution attempt. Source: 'OracleResiliencePipeline/(null)/Retry', Operation Key: '', Result: 'System.Collections.Generic.List`1[System.String]', Handled: 'False', Attempt: '0', Execution Time: '21.912'
2026-05-21 14:08:37.3868|eventId: 3|level: INFO|traceId: 00-098ee8491fc0836f83f909b76409ff5e-4b47d899203a5148-00|logger: Polly|message: Execution attempt. Source: 'OracleResiliencePipeline/(null)/Retry', Operation Key: '', Result: '1.2.840.24579199223184521533823815810478347056196', Handled: 'False', Attempt: '0', Execution Time: '20.5895'
2026-05-21 14:08:37.3868|eventId: 0|level: INFO|traceId: 00-5ef2a6961953eadb3302f672bc237958-9f8f2663696faec3-00|logger: NHI_AI_MedReportViewerWebApi.Services.NhiPatientImageService|message: Series 1.2.840.185393732156165237212158241127106677643111 包含 66 個影像（已快取）
2026-05-21 14:08:37.3868|eventId: 0|level: INFO|traceId: 00-0b513e540c4c8e343664d0ecaa713f75-cce44649ad40b128-00|logger: NHI_AI_MedReportViewerWebApi.Services.NhiRegistrationService|message: 查詢目標 Instance Number。Patient: Z299999830-20251102-1211-00000000001, RefSeries: 1.2.840.185393732156165237212158241127106677643111, DstSeries: 1.2.840.1721868228751932482087238247913291134107
2026-05-21 14:08:37.4069|eventId: 0|level: INFO|traceId: 00-098ee8491fc0836f83f909b76409ff5e-4b47d899203a5148-00|logger: NHI_AI_MedReportViewerWebApi.Services.NhiPatientImageService|message: 找到 Instance Number 33 對應的 SOP Instance UID: 1.2.840.24579199223184521533823815810478347056196
2026-05-21 14:08:37.4324|eventId: 0|level: INFO|traceId: 00-6c899bf0902559ec1d38aaf921e16767-7de15f53b611ab44-00|logger: AIRS.Core.Helpers.ZfpOracleDbHelper|message: GetImageKey(studyInstanceUid: 1.2.840.6610321904118510815420318233761831142014, seriesInstanceUid: 1.2.840.185393732156165237212158241127106677643111, sopInstanceUid: 1.2.840.3417124205586658229153205402522644)
2026-05-21 14:08:37.4324|eventId: 3|level: INFO|traceId: 00-0b513e540c4c8e343664d0ecaa713f75-cce44649ad40b128-00|logger: Polly|message: Execution attempt. Source: 'OracleResiliencePipeline/(null)/Retry', Operation Key: '', Result: '23', Handled: 'False', Attempt: '0', Execution Time: '12.3853'
2026-05-21 14:08:37.4499|eventId: 0|level: INFO|traceId: 00-0b513e540c4c8e343664d0ecaa713f75-cce44649ad40b128-00|logger: NHI_AI_MedReportViewerWebApi.Services.NhiRegistrationService|message: 找到對應的目標 Instance Number: 23
2026-05-21 14:08:37.4664|eventId: 3|level: INFO|traceId: 00-6c899bf0902559ec1d38aaf921e16767-7de15f53b611ab44-00|logger: Polly|message: Execution attempt. Source: 'OracleResiliencePipeline/(null)/Retry', Operation Key: '', Result: 'NHI_ZFP_Viewer.ImageSources.ImageInfo', Handled: 'False', Attempt: '0', Execution Time: '13.7764'
2026-05-21 14:08:37.4664|eventId: 0|level: INFO|traceId: 00-d7ab7071f20ae219a4c7070ec2b5d8b4-74ed699e35300697-00|logger: AIRS.Core.Helpers.ZfpOracleDbHelper|message: GetSortedImagesBySeries(studyInstanceUid: 1.2.840.1405011311801131732011012121012200126134, seriesInstanceUid: 1.2.840.51111141244381216847820799116149155151129)
2026-05-21 14:08:37.4797|eventId: 0|level: INFO|traceId: 00-0b513e540c4c8e343664d0ecaa713f75-cce44649ad40b128-00|logger: NHI_AI_MedReportViewerWebApi.Services.NhiPatientImageService|message: 開始查詢 SOP Instance UID: Study=1.2.840.167221195121219905290418769251473628129, Series=1.2.840.1721868228751932482087238247913291134107, InstanceNumber=23
2026-05-21 14:08:37.4977|eventId: 0|level: INFO|traceId: 00-6c899bf0902559ec1d38aaf921e16767-7de15f53b611ab44-00|logger: AIRS.Core.Helpers.ZfpOracleDbHelper|message: GetImageKey = Archived/20230510/1.2.840.6610321904118510815420318233761831142014/1.2.840.185393732156165237212158241127106677643111/1.2.840.3417124205586658229153205402522644.dcm, 47 ms elapsed.
2026-05-21 14:08:37.5125|eventId: 3|level: INFO|traceId: 00-0b513e540c4c8e343664d0ecaa713f75-cce44649ad40b128-00|logger: Polly|message: Execution attempt. Source: 'OracleResiliencePipeline/(null)/Retry', Operation Key: '', Result: '1.2.840.98120681611151912501302422382492421676315575', Handled: 'False', Attempt: '0', Execution Time: '17.7868'
2026-05-21 14:08:37.5125|eventId: 3|level: INFO|traceId: 00-d7ab7071f20ae219a4c7070ec2b5d8b4-74ed699e35300697-00|logger: Polly|message: Execution attempt. Source: 'OracleResiliencePipeline/(null)/Retry', Operation Key: '', Result: 'System.Collections.Generic.List`1[System.String]', Handled: 'False', Attempt: '0', Execution Time: '20.0972'
2026-05-21 14:08:37.5438|eventId: 0|level: INFO|traceId: 00-0b513e540c4c8e343664d0ecaa713f75-cce44649ad40b128-00|logger: NHI_AI_MedReportViewerWebApi.Services.NhiPatientImageService|message: 找到 Instance Number 23 對應的 SOP Instance UID: 1.2.840.98120681611151912501302422382492421676315575
2026-05-21 14:08:37.5580|eventId: 0|level: INFO|traceId: 00-d7ab7071f20ae219a4c7070ec2b5d8b4-74ed699e35300697-00|logger: NHI_AI_MedReportViewerWebApi.Services.NhiPatientImageService|message: Series 1.2.840.51111141244381216847820799116149155151129 包含 73 個影像（已快取）
2026-05-21 14:08:37.5852|eventId: 0|level: INFO|traceId: 00-6c899bf0902559ec1d38aaf921e16767-7de15f53b611ab44-00|logger: AIRS.Core.Common.LogForgingTools|message: 1779343717585 GetImage() 由 S3 取得 stream，耗時 72 ms.
2026-05-21 14:08:37.5852|eventId: 0|level: INFO|traceId: 00-2dbfa72915dd7ee7c2324756797f08d7-81d9e2bc93a71da0-00|logger: AIRS.Core.Helpers.ZfpOracleDbHelper|message: GetSortedImagesBySeries(studyInstanceUid: 1.2.840.167221195121219905290418769251473628129, seriesInstanceUid: 1.2.840.1721868228751932482087238247913291134107)
2026-05-21 14:08:37.5911|eventId: 0|level: INFO|traceId: 00-1e5e4a55e726ddbcc940400f78837e3d-96f1f7293f44eeb5-00|logger: AIRS.Core.Helpers.ZfpOracleDbHelper|message: GetImageKey(studyInstanceUid: 1.2.840.1405011311801131732011012121012200126134, seriesInstanceUid: 1.2.840.51111141244381216847820799116149155151129, sopInstanceUid: 1.2.840.24579199223184521533823815810478347056196)
2026-05-21 14:08:37.6037|eventId: 0|level: INFO|traceId: 00-6c899bf0902559ec1d38aaf921e16767-7de15f53b611ab44-00|logger: NHI_AI_MedReportViewerWebApi.Services.NhiPatientImageService|message: 成功從 S3 取得影像: 1.2.840.3417124205586658229153205402522644
2026-05-21 14:08:37.6276|eventId: 3|level: INFO|traceId: 00-1e5e4a55e726ddbcc940400f78837e3d-96f1f7293f44eeb5-00|logger: Polly|message: Execution attempt. Source: 'OracleResiliencePipeline/(null)/Retry', Operation Key: '', Result: 'NHI_ZFP_Viewer.ImageSources.ImageInfo', Handled: 'False', Attempt: '0', Execution Time: '13.1594'
2026-05-21 14:08:37.6363|eventId: 3|level: INFO|traceId: 00-2dbfa72915dd7ee7c2324756797f08d7-81d9e2bc93a71da0-00|logger: Polly|message: Execution attempt. Source: 'OracleResiliencePipeline/(null)/Retry', Operation Key: '', Result: 'System.Collections.Generic.List`1[System.String]', Handled: 'False', Attempt: '0', Execution Time: '27.5333'
2026-05-21 14:08:37.6510|eventId: 0|level: INFO|traceId: 00-1e5e4a55e726ddbcc940400f78837e3d-96f1f7293f44eeb5-00|logger: AIRS.Core.Helpers.ZfpOracleDbHelper|message: GetImageKey = Archived/20230210/1.2.840.1405011311801131732011012121012200126134/1.2.840.51111141244381216847820799116149155151129/1.2.840.24579199223184521533823815810478347056196.dcm, 38 ms elapsed.
2026-05-21 14:08:37.6510|eventId: 0|level: INFO|traceId: 00-2dbfa72915dd7ee7c2324756797f08d7-81d9e2bc93a71da0-00|logger: NHI_AI_MedReportViewerWebApi.Services.NhiPatientImageService|message: Series 1.2.840.1721868228751932482087238247913291134107 包含 57 個影像（已快取）
2026-05-21 14:08:37.7259|eventId: 0|level: INFO|traceId: 00-2c142ddc308558e474c0dd84dbde5adf-4da4a2e58e5cc1d8-00|logger: AIRS.Core.Helpers.ZfpOracleDbHelper|message: GetImageKey(studyInstanceUid: 1.2.840.167221195121219905290418769251473628129, seriesInstanceUid: 1.2.840.1721868228751932482087238247913291134107, sopInstanceUid: 1.2.840.98120681611151912501302422382492421676315575)
2026-05-21 14:08:37.7309|eventId: 0|level: INFO|traceId: 00-1e5e4a55e726ddbcc940400f78837e3d-96f1f7293f44eeb5-00|logger: AIRS.Core.Common.LogForgingTools|message: 1779343717730 GetImage() 由 S3 取得 stream，耗時 63 ms.
2026-05-21 14:08:37.7482|eventId: 0|level: INFO|traceId: 00-1e5e4a55e726ddbcc940400f78837e3d-96f1f7293f44eeb5-00|logger: NHI_AI_MedReportViewerWebApi.Services.NhiPatientImageService|message: 成功從 S3 取得影像: 1.2.840.24579199223184521533823815810478347056196
2026-05-21 14:08:37.7677|eventId: 3|level: INFO|traceId: 00-2c142ddc308558e474c0dd84dbde5adf-4da4a2e58e5cc1d8-00|logger: Polly|message: Execution attempt. Source: 'OracleResiliencePipeline/(null)/Retry', Operation Key: '', Result: 'NHI_ZFP_Viewer.ImageSources.ImageInfo', Handled: 'False', Attempt: '0', Execution Time: '13.5543'
2026-05-21 14:08:37.7852|eventId: 0|level: INFO|traceId: 00-2c142ddc308558e474c0dd84dbde5adf-4da4a2e58e5cc1d8-00|logger: AIRS.Core.Helpers.ZfpOracleDbHelper|message: GetImageKey = Archived/20230810/1.2.840.167221195121219905290418769251473628129/1.2.840.1721868228751932482087238247913291134107/1.2.840.98120681611151912501302422382492421676315575.dcm, 41 ms elapsed.
2026-05-21 14:08:37.8857|eventId: 0|level: INFO|traceId: 00-2c142ddc308558e474c0dd84dbde5adf-4da4a2e58e5cc1d8-00|logger: AIRS.Core.Common.LogForgingTools|message: 1779343717885 GetImage() 由 S3 取得 stream，耗時 77 ms.
2026-05-21 14:08:37.9078|eventId: 0|level: INFO|traceId: 00-2c142ddc308558e474c0dd84dbde5adf-4da4a2e58e5cc1d8-00|logger: NHI_AI_MedReportViewerWebApi.Services.NhiPatientImageService|message: 成功從 S3 取得影像: 1.2.840.98120681611151912501302422382492421676315575
2026-05-21 14:08:38.8157|eventId: 0|level: INFO|traceId: 00-e64fe63ce5620cb5e9717ef725b72b57-f7e3bd8b547ec051-00|logger: AIRS.Core.Helpers.ZfpOracleDbHelper|message: GetImageKey(studyInstanceUid: 1.2.840.6610321904118510815420318233761831142014, seriesInstanceUid: 1.2.840.185393732156165237212158241127106677643111, sopInstanceUid: 1.2.840.2511664518631962291533152232211442233237)
2026-05-21 14:08:38.8590|eventId: 3|level: INFO|traceId: 00-e64fe63ce5620cb5e9717ef725b72b57-f7e3bd8b547ec051-00|logger: Polly|message: Execution attempt. Source: 'OracleResiliencePipeline/(null)/Retry', Operation Key: '', Result: 'NHI_ZFP_Viewer.ImageSources.ImageInfo', Handled: 'False', Attempt: '0', Execution Time: '16.5141'
2026-05-21 14:08:38.8857|eventId: 0|level: INFO|traceId: 00-e64fe63ce5620cb5e9717ef725b72b57-f7e3bd8b547ec051-00|logger: AIRS.Core.Helpers.ZfpOracleDbHelper|message: GetImageKey = Archived/20230510/1.2.840.6610321904118510815420318233761831142014/1.2.840.185393732156165237212158241127106677643111/1.2.840.2511664518631962291533152232211442233237.dcm, 51 ms elapsed.
2026-05-21 14:08:38.9668|eventId: 0|level: INFO|traceId: 00-e64fe63ce5620cb5e9717ef725b72b57-f7e3bd8b547ec051-00|logger: AIRS.Core.Common.LogForgingTools|message: 1779343718966 GetImage() 由 S3 取得 stream，耗時 58 ms.
2026-05-21 14:08:38.9848|eventId: 0|level: INFO|traceId: 00-e64fe63ce5620cb5e9717ef725b72b57-f7e3bd8b547ec051-00|logger: NHI_AI_MedReportViewerWebApi.Services.NhiPatientImageService|message: 成功從 S3 取得影像: 1.2.840.2511664518631962291533152232211442233237
2026-05-21 14:08:39.3973|eventId: 0|level: INFO|traceId: 00-9ba6121c40eeee449e580df6cd27cc38-f042031b6bd59a41-00|logger: AIRS.Core.Helpers.ZfpOracleDbHelper|message: GetImageKey(studyInstanceUid: 1.2.840.6610321904118510815420318233761831142014, seriesInstanceUid: 1.2.840.185393732156165237212158241127106677643111, sopInstanceUid: 1.2.840.1012237654199921541313414811823124615223932)
2026-05-21 14:08:39.4392|eventId: 3|level: INFO|traceId: 00-9ba6121c40eeee449e580df6cd27cc38-f042031b6bd59a41-00|logger: Polly|message: Execution attempt. Source: 'OracleResiliencePipeline/(null)/Retry', Operation Key: '', Result: 'NHI_ZFP_Viewer.ImageSources.ImageInfo', Handled: 'False', Attempt: '0', Execution Time: '13.9554'
2026-05-21 14:08:39.4641|eventId: 0|level: INFO|traceId: 00-9ba6121c40eeee449e580df6cd27cc38-f042031b6bd59a41-00|logger: AIRS.Core.Helpers.ZfpOracleDbHelper|message: GetImageKey = Archived/20230510/1.2.840.6610321904118510815420318233761831142014/1.2.840.185393732156165237212158241127106677643111/1.2.840.1012237654199921541313414811823124615223932.dcm, 48 ms elapsed.
2026-05-21 14:08:39.5627|eventId: 0|level: INFO|traceId: 00-9ba6121c40eeee449e580df6cd27cc38-f042031b6bd59a41-00|logger: AIRS.Core.Common.LogForgingTools|message: 1779343719562 GetImage() 由 S3 取得 stream，耗時 75 ms.
2026-05-21 14:08:39.5859|eventId: 0|level: INFO|traceId: 00-9ba6121c40eeee449e580df6cd27cc38-f042031b6bd59a41-00|logger: NHI_AI_MedReportViewerWebApi.Services.NhiPatientImageService|message: 成功從 S3 取得影像: 1.2.840.1012237654199921541313414811823124615223932
2026-05-21 14:08:40.1965|eventId: 0|level: INFO|traceId: 00-03b155fb878546f3bb96dc073e504a3c-a00a05ddb3cd7b23-00|logger: AIRS.Core.Helpers.ZfpOracleDbHelper|message: GetImageKey(studyInstanceUid: 1.2.840.6610321904118510815420318233761831142014, seriesInstanceUid: 1.2.840.185393732156165237212158241127106677643111, sopInstanceUid: 1.2.840.235799138187147710188228149187179103216181)
2026-05-21 14:08:40.2355|eventId: 3|level: INFO|traceId: 00-03b155fb878546f3bb96dc073e504a3c-a00a05ddb3cd7b23-00|logger: Polly|message: Execution attempt. Source: 'OracleResiliencePipeline/(null)/Retry', Operation Key: '', Result: 'NHI_ZFP_Viewer.ImageSources.ImageInfo', Handled: 'False', Attempt: '0', Execution Time: '13.8053'
2026-05-21 14:08:40.2620|eventId: 0|level: INFO|traceId: 00-03b155fb878546f3bb96dc073e504a3c-a00a05ddb3cd7b23-00|logger: AIRS.Core.Helpers.ZfpOracleDbHelper|message: GetImageKey = Archived/20230510/1.2.840.6610321904118510815420318233761831142014/1.2.840.185393732156165237212158241127106677643111/1.2.840.235799138187147710188228149187179103216181.dcm, 48 ms elapsed.
2026-05-21 14:08:40.3590|eventId: 0|level: INFO|traceId: 00-03b155fb878546f3bb96dc073e504a3c-a00a05ddb3cd7b23-00|logger: AIRS.Core.Common.LogForgingTools|message: 1779343720359 GetImage() 由 S3 取得 stream，耗時 71 ms.
2026-05-21 14:08:40.3806|eventId: 0|level: INFO|traceId: 00-03b155fb878546f3bb96dc073e504a3c-a00a05ddb3cd7b23-00|logger: NHI_AI_MedReportViewerWebApi.Services.NhiPatientImageService|message: 成功從 S3 取得影像: 1.2.840.235799138187147710188228149187179103216181
2026-05-21 14:08:41.2089|eventId: 0|level: INFO|traceId: 00-41f313709b25ee37890a5a7b732e6a83-7cc63d944dd415c6-00|logger: AIRS.Core.Helpers.ZfpOracleDbHelper|message: GetImageKey(studyInstanceUid: 1.2.840.6610321904118510815420318233761831142014, seriesInstanceUid: 1.2.840.185393732156165237212158241127106677643111, sopInstanceUid: 1.2.840.2321282215112972713121414711949702522269)
2026-05-21 14:08:41.2511|eventId: 3|level: INFO|traceId: 00-41f313709b25ee37890a5a7b732e6a83-7cc63d944dd415c6-00|logger: Polly|message: Execution attempt. Source: 'OracleResiliencePipeline/(null)/Retry', Operation Key: '', Result: 'NHI_ZFP_Viewer.ImageSources.ImageInfo', Handled: 'False', Attempt: '0', Execution Time: '14.2523'
2026-05-21 14:08:41.2767|eventId: 0|level: INFO|traceId: 00-41f313709b25ee37890a5a7b732e6a83-7cc63d944dd415c6-00|logger: AIRS.Core.Helpers.ZfpOracleDbHelper|message: GetImageKey = Archived/20230510/1.2.840.6610321904118510815420318233761831142014/1.2.840.185393732156165237212158241127106677643111/1.2.840.2321282215112972713121414711949702522269.dcm, 49 ms elapsed.
2026-05-21 14:08:41.3749|eventId: 0|level: INFO|traceId: 00-41f313709b25ee37890a5a7b732e6a83-7cc63d944dd415c6-00|logger: AIRS.Core.Common.LogForgingTools|message: 1779343721374 GetImage() 由 S3 取得 stream，耗時 74 ms.
2026-05-21 14:08:41.3990|eventId: 0|level: INFO|traceId: 00-41f313709b25ee37890a5a7b732e6a83-7cc63d944dd415c6-00|logger: NHI_AI_MedReportViewerWebApi.Services.NhiPatientImageService|message: 成功從 S3 取得影像: 1.2.840.2321282215112972713121414711949702522269
2026-05-21 14:08:42.0180|eventId: 0|level: INFO|traceId: 00-4490fffbf666766f8b099b001d5275b2-b232180f406017c5-00|logger: AIRS.Core.Helpers.ZfpOracleDbHelper|message: GetImageKey(studyInstanceUid: 1.2.840.6610321904118510815420318233761831142014, seriesInstanceUid: 1.2.840.185393732156165237212158241127106677643111, sopInstanceUid: 1.2.840.8272391622716640177791681201001961819384)
2026-05-21 14:08:42.0592|eventId: 3|level: INFO|traceId: 00-4490fffbf666766f8b099b001d5275b2-b232180f406017c5-00|logger: Polly|message: Execution attempt. Source: 'OracleResiliencePipeline/(null)/Retry', Operation Key: '', Result: 'NHI_ZFP_Viewer.ImageSources.ImageInfo', Handled: 'False', Attempt: '0', Execution Time: '13.1271'
2026-05-21 14:08:42.0890|eventId: 0|level: INFO|traceId: 00-4490fffbf666766f8b099b001d5275b2-b232180f406017c5-00|logger: AIRS.Core.Helpers.ZfpOracleDbHelper|message: GetImageKey = Archived/20230510/1.2.840.6610321904118510815420318233761831142014/1.2.840.185393732156165237212158241127106677643111/1.2.840.8272391622716640177791681201001961819384.dcm, 47 ms elapsed.
2026-05-21 14:08:42.1053|eventId: 0|level: INFO|traceId: 00-02d0334d6bf490d2f8d4e6b4ea513721-df882efc1bea5e9b-00|logger: AIRS.Core.Helpers.ZfpOracleDbHelper|message: GetImageKey(studyInstanceUid: 1.2.840.6610321904118510815420318233761831142014, seriesInstanceUid: 1.2.840.185393732156165237212158241127106677643111, sopInstanceUid: 1.2.840.162627165206141194484216036163160720101)
2026-05-21 14:08:42.1434|eventId: 3|level: INFO|traceId: 00-02d0334d6bf490d2f8d4e6b4ea513721-df882efc1bea5e9b-00|logger: Polly|message: Execution attempt. Source: 'OracleResiliencePipeline/(null)/Retry', Operation Key: '', Result: 'NHI_ZFP_Viewer.ImageSources.ImageInfo', Handled: 'False', Attempt: '0', Execution Time: '16.4834'
2026-05-21 14:08:42.1704|eventId: 0|level: INFO|traceId: 00-02d0334d6bf490d2f8d4e6b4ea513721-df882efc1bea5e9b-00|logger: AIRS.Core.Helpers.ZfpOracleDbHelper|message: GetImageKey = Archived/20230510/1.2.840.6610321904118510815420318233761831142014/1.2.840.185393732156165237212158241127106677643111/1.2.840.162627165206141194484216036163160720101.dcm, 46 ms elapsed.
2026-05-21 14:08:42.1704|eventId: 0|level: INFO|traceId: 00-4490fffbf666766f8b099b001d5275b2-b232180f406017c5-00|logger: AIRS.Core.Common.LogForgingTools|message: 1779343722176 GetImage() 由 S3 取得 stream，耗時 68 ms.
2026-05-21 14:08:42.1973|eventId: 0|level: INFO|traceId: 00-4490fffbf666766f8b099b001d5275b2-b232180f406017c5-00|logger: NHI_AI_MedReportViewerWebApi.Services.NhiPatientImageService|message: 成功從 S3 取得影像: 1.2.840.8272391622716640177791681201001961819384
2026-05-21 14:08:42.2563|eventId: 0|level: INFO|traceId: 00-02d0334d6bf490d2f8d4e6b4ea513721-df882efc1bea5e9b-00|logger: AIRS.Core.Common.LogForgingTools|message: 1779343722256 GetImage() 由 S3 取得 stream，耗時 68 ms.
2026-05-21 14:08:42.2821|eventId: 0|level: INFO|traceId: 00-02d0334d6bf490d2f8d4e6b4ea513721-df882efc1bea5e9b-00|logger: NHI_AI_MedReportViewerWebApi.Services.NhiPatientImageService|message: 成功從 S3 取得影像: 1.2.840.162627165206141194484216036163160720101
2026-05-21 14:08:44.2208|eventId: 0|level: INFO|traceId: 00-1cbeabf77d1c1fefd999a9ff6544e3cd-1b3f1f5f31864919-00|logger: AIRS.Core.Helpers.ZfpOracleDbHelper|message: GetImageKey(studyInstanceUid: 1.2.840.6610321904118510815420318233761831142014, seriesInstanceUid: 1.2.840.185393732156165237212158241127106677643111, sopInstanceUid: 1.2.840.2341525274212127441751241052421352018064169)
2026-05-21 14:08:44.2639|eventId: 3|level: INFO|traceId: 00-1cbeabf77d1c1fefd999a9ff6544e3cd-1b3f1f5f31864919-00|logger: Polly|message: Execution attempt. Source: 'OracleResiliencePipeline/(null)/Retry', Operation Key: '', Result: 'NHI_ZFP_Viewer.ImageSources.ImageInfo', Handled: 'False', Attempt: '0', Execution Time: '15.4571'
2026-05-21 14:08:44.2984|eventId: 0|level: INFO|traceId: 00-1cbeabf77d1c1fefd999a9ff6544e3cd-1b3f1f5f31864919-00|logger: AIRS.Core.Helpers.ZfpOracleDbHelper|message: GetImageKey = Archived/20230510/1.2.840.6610321904118510815420318233761831142014/1.2.840.185393732156165237212158241127106677643111/1.2.840.2341525274212127441751241052421352018064169.dcm, 53 ms elapsed.
2026-05-21 14:08:44.2984|eventId: 0|level: INFO|traceId: 00-21db629698d686cb147777a9b0107d84-85c9bb38350095fa-00|logger: AIRS.Core.Helpers.ZfpOracleDbHelper|message: GetImageKey(studyInstanceUid: 1.2.840.6610321904118510815420318233761831142014, seriesInstanceUid: 1.2.840.185393732156165237212158241127106677643111, sopInstanceUid: 1.2.840.24278111321442892202464721723399188110230)
2026-05-21 14:08:44.3451|eventId: 0|level: INFO|traceId: 00-9dbf40ce83619b67ecff1fb9a40f0d40-0e1f33964c65c531-00|logger: AIRS.Core.Helpers.ZfpOracleDbHelper|message: GetImageKey(studyInstanceUid: 1.2.840.6610321904118510815420318233761831142014, seriesInstanceUid: 1.2.840.185393732156165237212158241127106677643111, sopInstanceUid: 1.2.840.96851491431191261578792176216200206225228224)
2026-05-21 14:08:44.3451|eventId: 3|level: INFO|traceId: 00-21db629698d686cb147777a9b0107d84-85c9bb38350095fa-00|logger: Polly|message: Execution attempt. Source: 'OracleResiliencePipeline/(null)/Retry', Operation Key: '', Result: 'NHI_ZFP_Viewer.ImageSources.ImageInfo', Handled: 'False', Attempt: '0', Execution Time: '19.9862'
2026-05-21 14:08:44.3809|eventId: 3|level: INFO|traceId: 00-9dbf40ce83619b67ecff1fb9a40f0d40-0e1f33964c65c531-00|logger: Polly|message: Execution attempt. Source: 'OracleResiliencePipeline/(null)/Retry', Operation Key: '', Result: 'NHI_ZFP_Viewer.ImageSources.ImageInfo', Handled: 'False', Attempt: '0', Execution Time: '13.5389'
2026-05-21 14:08:44.3809|eventId: 0|level: INFO|traceId: 00-21db629698d686cb147777a9b0107d84-85c9bb38350095fa-00|logger: AIRS.Core.Helpers.ZfpOracleDbHelper|message: GetImageKey = Archived/20230510/1.2.840.6610321904118510815420318233761831142014/1.2.840.185393732156165237212158241127106677643111/1.2.840.24278111321442892202464721723399188110230.dcm, 52 ms elapsed.
2026-05-21 14:08:44.3910|eventId: 0|level: INFO|traceId: 00-1cbeabf77d1c1fefd999a9ff6544e3cd-1b3f1f5f31864919-00|logger: AIRS.Core.Common.LogForgingTools|message: 1779343724391 GetImage() 由 S3 取得 stream，耗時 67 ms.
2026-05-21 14:08:44.4066|eventId: 0|level: INFO|traceId: 00-9dbf40ce83619b67ecff1fb9a40f0d40-0e1f33964c65c531-00|logger: AIRS.Core.Helpers.ZfpOracleDbHelper|message: GetImageKey = Archived/20230510/1.2.840.6610321904118510815420318233761831142014/1.2.840.185393732156165237212158241127106677643111/1.2.840.96851491431191261578792176216200206225228224.dcm, 42 ms elapsed.
2026-05-21 14:08:44.4066|eventId: 0|level: INFO|traceId: 00-1cbeabf77d1c1fefd999a9ff6544e3cd-1b3f1f5f31864919-00|logger: NHI_AI_MedReportViewerWebApi.Services.NhiPatientImageService|message: 成功從 S3 取得影像: 1.2.840.2341525274212127441751241052421352018064169
2026-05-21 14:08:44.4237|eventId: 0|level: INFO|traceId: 00-985a684c576a3e1d297817790ee060e0-13abeb5f21fe258d-00|logger: AIRS.Core.Helpers.ZfpOracleDbHelper|message: GetImageKey(studyInstanceUid: 1.2.840.6610321904118510815420318233761831142014, seriesInstanceUid: 1.2.840.185393732156165237212158241127106677643111, sopInstanceUid: 1.2.840.12320412119924923521518413117631972551411634)
2026-05-21 14:08:44.4515|eventId: 3|level: INFO|traceId: 00-985a684c576a3e1d297817790ee060e0-13abeb5f21fe258d-00|logger: Polly|message: Execution attempt. Source: 'OracleResiliencePipeline/(null)/Retry', Operation Key: '', Result: 'NHI_ZFP_Viewer.ImageSources.ImageInfo', Handled: 'False', Attempt: '0', Execution Time: '13.7577'
2026-05-21 14:08:44.4692|eventId: 0|level: INFO|traceId: 00-21db629698d686cb147777a9b0107d84-85c9bb38350095fa-00|logger: AIRS.Core.Common.LogForgingTools|message: 1779343724471 GetImage() 由 S3 取得 stream，耗時 62 ms.
2026-05-21 14:08:44.4692|eventId: 0|level: INFO|traceId: 00-985a684c576a3e1d297817790ee060e0-13abeb5f21fe258d-00|logger: AIRS.Core.Helpers.ZfpOracleDbHelper|message: GetImageKey = Archived/20230510/1.2.840.6610321904118510815420318233761831142014/1.2.840.185393732156165237212158241127106677643111/1.2.840.12320412119924923521518413117631972551411634.dcm, 38 ms elapsed.
2026-05-21 14:08:44.4692|eventId: 0|level: INFO|traceId: 00-9dbf40ce83619b67ecff1fb9a40f0d40-0e1f33964c65c531-00|logger: AIRS.Core.Common.LogForgingTools|message: 1779343724483 GetImage() 由 S3 取得 stream，耗時 59 ms.
2026-05-21 14:08:44.4923|eventId: 0|level: INFO|traceId: 00-21db629698d686cb147777a9b0107d84-85c9bb38350095fa-00|logger: NHI_AI_MedReportViewerWebApi.Services.NhiPatientImageService|message: 成功從 S3 取得影像: 1.2.840.24278111321442892202464721723399188110230
2026-05-21 14:08:44.5055|eventId: 0|level: INFO|traceId: 00-9dbf40ce83619b67ecff1fb9a40f0d40-0e1f33964c65c531-00|logger: NHI_AI_MedReportViewerWebApi.Services.NhiPatientImageService|message: 成功從 S3 取得影像: 1.2.840.96851491431191261578792176216200206225228224
2026-05-21 14:08:44.5762|eventId: 0|level: INFO|traceId: 00-985a684c576a3e1d297817790ee060e0-13abeb5f21fe258d-00|logger: AIRS.Core.Common.LogForgingTools|message: 1779343724576 GetImage() 由 S3 取得 stream，耗時 78 ms.
2026-05-21 14:08:44.6037|eventId: 0|level: INFO|traceId: 00-985a684c576a3e1d297817790ee060e0-13abeb5f21fe258d-00|logger: NHI_AI_MedReportViewerWebApi.Services.NhiPatientImageService|message: 成功從 S3 取得影像: 1.2.840.12320412119924923521518413117631972551411634
2026-05-21 14:08:44.8605|eventId: 0|level: INFO|traceId: 00-28b9ce125588d04a09e2b86f00f0f8d8-7b904affae4932de-00|logger: AIRS.Core.Helpers.ZfpOracleDbHelper|message: GetImageKey(studyInstanceUid: 1.2.840.6610321904118510815420318233761831142014, seriesInstanceUid: 1.2.840.185393732156165237212158241127106677643111, sopInstanceUid: 1.2.840.3571361221351368222140103211272069922136)
2026-05-21 14:08:44.9032|eventId: 3|level: INFO|traceId: 00-28b9ce125588d04a09e2b86f00f0f8d8-7b904affae4932de-00|logger: Polly|message: Execution attempt. Source: 'OracleResiliencePipeline/(null)/Retry', Operation Key: '', Result: 'NHI_ZFP_Viewer.ImageSources.ImageInfo', Handled: 'False', Attempt: '0', Execution Time: '14.719'
2026-05-21 14:08:44.9239|eventId: 0|level: INFO|traceId: 00-28b9ce125588d04a09e2b86f00f0f8d8-7b904affae4932de-00|logger: AIRS.Core.Helpers.ZfpOracleDbHelper|message: GetImageKey = Archived/20230510/1.2.840.6610321904118510815420318233761831142014/1.2.840.185393732156165237212158241127106677643111/1.2.840.3571361221351368222140103211272069922136.dcm, 42 ms elapsed.
2026-05-21 14:08:45.0196|eventId: 0|level: INFO|traceId: 00-28b9ce125588d04a09e2b86f00f0f8d8-7b904affae4932de-00|logger: AIRS.Core.Common.LogForgingTools|message: 1779343725019 GetImage() 由 S3 取得 stream，耗時 71 ms.
2026-05-21 14:08:45.0458|eventId: 0|level: INFO|traceId: 00-28b9ce125588d04a09e2b86f00f0f8d8-7b904affae4932de-00|logger: NHI_AI_MedReportViewerWebApi.Services.NhiPatientImageService|message: 成功從 S3 取得影像: 1.2.840.3571361221351368222140103211272069922136
2026-05-21 14:08:45.0997|eventId: 0|level: INFO|traceId: 00-ac0f42109467ad08e41e33c697f917f5-8eaa8310c59a4289-00|logger: AIRS.Core.Helpers.ZfpOracleDbHelper|message: GetImageKey(studyInstanceUid: 1.2.840.6610321904118510815420318233761831142014, seriesInstanceUid: 1.2.840.185393732156165237212158241127106677643111, sopInstanceUid: 1.2.840.47125872001291166316812018168248167209165158)
2026-05-21 14:08:45.1403|eventId: 3|level: INFO|traceId: 00-ac0f42109467ad08e41e33c697f917f5-8eaa8310c59a4289-00|logger: Polly|message: Execution attempt. Source: 'OracleResiliencePipeline/(null)/Retry', Operation Key: '', Result: 'NHI_ZFP_Viewer.ImageSources.ImageInfo', Handled: 'False', Attempt: '0', Execution Time: '13.7379'
2026-05-21 14:08:45.1636|eventId: 0|level: INFO|traceId: 00-ac0f42109467ad08e41e33c697f917f5-8eaa8310c59a4289-00|logger: AIRS.Core.Helpers.ZfpOracleDbHelper|message: GetImageKey = Archived/20230510/1.2.840.6610321904118510815420318233761831142014/1.2.840.185393732156165237212158241127106677643111/1.2.840.47125872001291166316812018168248167209165158.dcm, 44 ms elapsed.
2026-05-21 14:08:45.2616|eventId: 0|level: INFO|traceId: 00-ac0f42109467ad08e41e33c697f917f5-8eaa8310c59a4289-00|logger: AIRS.Core.Common.LogForgingTools|message: 1779343725261 GetImage() 由 S3 取得 stream，耗時 72 ms.
2026-05-21 14:08:45.2873|eventId: 0|level: INFO|traceId: 00-ac0f42109467ad08e41e33c697f917f5-8eaa8310c59a4289-00|logger: NHI_AI_MedReportViewerWebApi.Services.NhiPatientImageService|message: 成功從 S3 取得影像: 1.2.840.47125872001291166316812018168248167209165158
2026-05-21 14:08:45.9087|eventId: 0|level: INFO|traceId: 00-aa3d21bb6d2f55a3b71a2d7fe4df46a4-1e1d7c9f38853dc5-00|logger: AIRS.Core.Helpers.ZfpOracleDbHelper|message: GetImageKey(studyInstanceUid: 1.2.840.6610321904118510815420318233761831142014, seriesInstanceUid: 1.2.840.185393732156165237212158241127106677643111, sopInstanceUid: 1.2.840.134163985114017662298067944325423323819)
2026-05-21 14:08:45.9643|eventId: 3|level: INFO|traceId: 00-aa3d21bb6d2f55a3b71a2d7fe4df46a4-1e1d7c9f38853dc5-00|logger: Polly|message: Execution attempt. Source: 'OracleResiliencePipeline/(null)/Retry', Operation Key: '', Result: 'NHI_ZFP_Viewer.ImageSources.ImageInfo', Handled: 'False', Attempt: '0', Execution Time: '26.864'
2026-05-21 14:08:45.9933|eventId: 0|level: INFO|traceId: 00-aa3d21bb6d2f55a3b71a2d7fe4df46a4-1e1d7c9f38853dc5-00|logger: AIRS.Core.Helpers.ZfpOracleDbHelper|message: GetImageKey = Archived/20230510/1.2.840.6610321904118510815420318233761831142014/1.2.840.185393732156165237212158241127106677643111/1.2.840.134163985114017662298067944325423323819.dcm, 64 ms elapsed.
2026-05-21 14:08:46.0132|eventId: 0|level: INFO|traceId: 00-957fcc47ffb6921dfaf3321f2958b9cc-f0b9d0bf552bab70-00|logger: AIRS.Core.Helpers.ZfpOracleDbHelper|message: GetImageKey(studyInstanceUid: 1.2.840.6610321904118510815420318233761831142014, seriesInstanceUid: 1.2.840.185393732156165237212158241127106677643111, sopInstanceUid: 1.2.840.8619212522202191296414620244200137249129128)
2026-05-21 14:08:46.0496|eventId: 3|level: INFO|traceId: 00-957fcc47ffb6921dfaf3321f2958b9cc-f0b9d0bf552bab70-00|logger: Polly|message: Execution attempt. Source: 'OracleResiliencePipeline/(null)/Retry', Operation Key: '', Result: 'NHI_ZFP_Viewer.ImageSources.ImageInfo', Handled: 'False', Attempt: '0', Execution Time: '15.2362'
2026-05-21 14:08:46.0719|eventId: 0|level: INFO|traceId: 00-957fcc47ffb6921dfaf3321f2958b9cc-f0b9d0bf552bab70-00|logger: AIRS.Core.Helpers.ZfpOracleDbHelper|message: GetImageKey = Archived/20230510/1.2.840.6610321904118510815420318233761831142014/1.2.840.185393732156165237212158241127106677643111/1.2.840.8619212522202191296414620244200137249129128.dcm, 45 ms elapsed.
2026-05-21 14:08:46.0898|eventId: 0|level: INFO|traceId: 00-aa3d21bb6d2f55a3b71a2d7fe4df46a4-1e1d7c9f38853dc5-00|logger: AIRS.Core.Common.LogForgingTools|message: 1779343726089 GetImage() 由 S3 取得 stream，耗時 67 ms.
2026-05-21 14:08:46.1109|eventId: 0|level: INFO|traceId: 00-aa3d21bb6d2f55a3b71a2d7fe4df46a4-1e1d7c9f38853dc5-00|logger: NHI_AI_MedReportViewerWebApi.Services.NhiPatientImageService|message: 成功從 S3 取得影像: 1.2.840.134163985114017662298067944325423323819
2026-05-21 14:08:46.1683|eventId: 0|level: INFO|traceId: 00-957fcc47ffb6921dfaf3321f2958b9cc-f0b9d0bf552bab70-00|logger: AIRS.Core.Common.LogForgingTools|message: 1779343726168 GetImage() 由 S3 取得 stream，耗時 70 ms.
2026-05-21 14:08:46.1917|eventId: 0|level: INFO|traceId: 00-957fcc47ffb6921dfaf3321f2958b9cc-f0b9d0bf552bab70-00|logger: NHI_AI_MedReportViewerWebApi.Services.NhiPatientImageService|message: 成功從 S3 取得影像: 1.2.840.8619212522202191296414620244200137249129128
2026-05-21 14:08:46.5281|eventId: 0|level: INFO|traceId: 00-1fc97ae9a35c0f1fddd69b9f58b9acee-6edd5bc7d633d927-00|logger: AIRS.Core.Helpers.ZfpOracleDbHelper|message: GetImageKey(studyInstanceUid: 1.2.840.6610321904118510815420318233761831142014, seriesInstanceUid: 1.2.840.185393732156165237212158241127106677643111, sopInstanceUid: 1.2.840.17215012710320822013455119215223242532281928)
2026-05-21 14:08:46.5767|eventId: 3|level: INFO|traceId: 00-1fc97ae9a35c0f1fddd69b9f58b9acee-6edd5bc7d633d927-00|logger: Polly|message: Execution attempt. Source: 'OracleResiliencePipeline/(null)/Retry', Operation Key: '', Result: 'NHI_ZFP_Viewer.ImageSources.ImageInfo', Handled: 'False', Attempt: '0', Execution Time: '16.6863'
2026-05-21 14:08:46.6106|eventId: 0|level: INFO|traceId: 00-1fc97ae9a35c0f1fddd69b9f58b9acee-6edd5bc7d633d927-00|logger: AIRS.Core.Helpers.ZfpOracleDbHelper|message: GetImageKey = Archived/20230510/1.2.840.6610321904118510815420318233761831142014/1.2.840.185393732156165237212158241127106677643111/1.2.840.17215012710320822013455119215223242532281928.dcm, 55 ms elapsed.
2026-05-21 14:08:46.7057|eventId: 0|level: INFO|traceId: 00-1fc97ae9a35c0f1fddd69b9f58b9acee-6edd5bc7d633d927-00|logger: AIRS.Core.Common.LogForgingTools|message: 1779343726705 GetImage() 由 S3 取得 stream，耗時 74 ms.
2026-05-21 14:08:46.7291|eventId: 0|level: INFO|traceId: 00-1fc97ae9a35c0f1fddd69b9f58b9acee-6edd5bc7d633d927-00|logger: NHI_AI_MedReportViewerWebApi.Services.NhiPatientImageService|message: 成功從 S3 取得影像: 1.2.840.17215012710320822013455119215223242532281928
2026-05-21 14:08:49.5815|eventId: 0|level: INFO|traceId: 00-7eeae3026c4f78333f0caf8398060231-cb2362c05a63a723-00|logger: AIRS.Core.Helpers.ZfpOracleDbHelper|message: GetImageKey(studyInstanceUid: 1.2.840.6610321904118510815420318233761831142014, seriesInstanceUid: 1.2.840.185393732156165237212158241127106677643111, sopInstanceUid: 1.2.840.138311622352399924018832227925171672155)
2026-05-21 14:08:49.6396|eventId: 3|level: INFO|traceId: 00-7eeae3026c4f78333f0caf8398060231-cb2362c05a63a723-00|logger: Polly|message: Execution attempt. Source: 'OracleResiliencePipeline/(null)/Retry', Operation Key: '', Result: 'NHI_ZFP_Viewer.ImageSources.ImageInfo', Handled: 'False', Attempt: '0', Execution Time: '22.6579'
2026-05-21 14:08:49.6750|eventId: 0|level: INFO|traceId: 00-7eeae3026c4f78333f0caf8398060231-cb2362c05a63a723-00|logger: AIRS.Core.Helpers.ZfpOracleDbHelper|message: GetImageKey = Archived/20230510/1.2.840.6610321904118510815420318233761831142014/1.2.840.185393732156165237212158241127106677643111/1.2.840.138311622352399924018832227925171672155.dcm, 62 ms elapsed.
2026-05-21 14:08:49.7856|eventId: 0|level: INFO|traceId: 00-7eeae3026c4f78333f0caf8398060231-cb2362c05a63a723-00|logger: AIRS.Core.Common.LogForgingTools|message: 1779343729785 GetImage() 由 S3 取得 stream，耗時 88 ms.
2026-05-21 14:08:49.8132|eventId: 0|level: INFO|traceId: 00-7eeae3026c4f78333f0caf8398060231-cb2362c05a63a723-00|logger: NHI_AI_MedReportViewerWebApi.Services.NhiPatientImageService|message: 成功從 S3 取得影像: 1.2.840.138311622352399924018832227925171672155
2026-05-21 14:08:50.3212|eventId: 0|level: INFO|traceId: 00-f831eb692a90afd4f19978d5d841c495-ac397525b7e123b4-00|logger: AIRS.Core.Helpers.ZfpOracleDbHelper|message: GetImageKey(studyInstanceUid: 1.2.840.6610321904118510815420318233761831142014, seriesInstanceUid: 1.2.840.185393732156165237212158241127106677643111, sopInstanceUid: 1.2.840.17523612322514813713912018825414421121482100146)
2026-05-21 14:08:50.3685|eventId: 3|level: INFO|traceId: 00-f831eb692a90afd4f19978d5d841c495-ac397525b7e123b4-00|logger: Polly|message: Execution attempt. Source: 'OracleResiliencePipeline/(null)/Retry', Operation Key: '', Result: 'NHI_ZFP_Viewer.ImageSources.ImageInfo', Handled: 'False', Attempt: '0', Execution Time: '16.2405'
2026-05-21 14:08:50.3989|eventId: 0|level: INFO|traceId: 00-f831eb692a90afd4f19978d5d841c495-ac397525b7e123b4-00|logger: AIRS.Core.Helpers.ZfpOracleDbHelper|message: GetImageKey = Archived/20230510/1.2.840.6610321904118510815420318233761831142014/1.2.840.185393732156165237212158241127106677643111/1.2.840.17523612322514813713912018825414421121482100146.dcm, 56 ms elapsed.
2026-05-21 14:08:50.4866|eventId: 0|level: INFO|traceId: 00-f831eb692a90afd4f19978d5d841c495-ac397525b7e123b4-00|logger: AIRS.Core.Common.LogForgingTools|message: 1779343730486 GetImage() 由 S3 取得 stream，耗時 60 ms.
2026-05-21 14:08:50.5146|eventId: 0|level: INFO|traceId: 00-f831eb692a90afd4f19978d5d841c495-ac397525b7e123b4-00|logger: NHI_AI_MedReportViewerWebApi.Services.NhiPatientImageService|message: 成功從 S3 取得影像: 1.2.840.17523612322514813713912018825414421121482100146
2026-05-21 14:08:51.0357|eventId: 0|level: INFO|traceId: 00-deecc765f493e4451f0aa31babeaf83d-27b50239aab0d0fb-00|logger: AIRS.Core.Helpers.ZfpOracleDbHelper|message: GetImageKey(studyInstanceUid: 1.2.840.167221195121219905290418769251473628129, seriesInstanceUid: 1.2.840.1721868228751932482087238247913291134107, sopInstanceUid: 1.2.840.5117814018425325154371340252891642222157)
2026-05-21 14:08:51.0883|eventId: 3|level: INFO|traceId: 00-deecc765f493e4451f0aa31babeaf83d-27b50239aab0d0fb-00|logger: Polly|message: Execution attempt. Source: 'OracleResiliencePipeline/(null)/Retry', Operation Key: '', Result: 'NHI_ZFP_Viewer.ImageSources.ImageInfo', Handled: 'False', Attempt: '0', Execution Time: '20.3126'
2026-05-21 14:08:51.1179|eventId: 0|level: INFO|traceId: 00-deecc765f493e4451f0aa31babeaf83d-27b50239aab0d0fb-00|logger: AIRS.Core.Helpers.ZfpOracleDbHelper|message: GetImageKey = Archived/20230810/1.2.840.167221195121219905290418769251473628129/1.2.840.1721868228751932482087238247913291134107/1.2.840.5117814018425325154371340252891642222157.dcm, 59 ms elapsed.
2026-05-21 14:08:51.2111|eventId: 0|level: INFO|traceId: 00-deecc765f493e4451f0aa31babeaf83d-27b50239aab0d0fb-00|logger: AIRS.Core.Common.LogForgingTools|message: 1779343731211 GetImage() 由 S3 取得 stream，耗時 70 ms.
2026-05-21 14:08:51.2380|eventId: 0|level: INFO|traceId: 00-deecc765f493e4451f0aa31babeaf83d-27b50239aab0d0fb-00|logger: NHI_AI_MedReportViewerWebApi.Services.NhiPatientImageService|message: 成功從 S3 取得影像: 1.2.840.5117814018425325154371340252891642222157
2026-05-21 14:08:51.4664|eventId: 0|level: INFO|traceId: 00-76e7c08643d1d0f1c58e2673070a6d11-99957ac0b7cb9de9-00|logger: AIRS.Core.Helpers.ZfpOracleDbHelper|message: GetImageKey(studyInstanceUid: 1.2.840.167221195121219905290418769251473628129, seriesInstanceUid: 1.2.840.1721868228751932482087238247913291134107, sopInstanceUid: 1.2.840.5011512213017411123613221113311522711710122165)
2026-05-21 14:08:51.5124|eventId: 3|level: INFO|traceId: 00-76e7c08643d1d0f1c58e2673070a6d11-99957ac0b7cb9de9-00|logger: Polly|message: Execution attempt. Source: 'OracleResiliencePipeline/(null)/Retry', Operation Key: '', Result: 'NHI_ZFP_Viewer.ImageSources.ImageInfo', Handled: 'False', Attempt: '0', Execution Time: '13.8589'
2026-05-21 14:08:51.5475|eventId: 0|level: INFO|traceId: 00-76e7c08643d1d0f1c58e2673070a6d11-99957ac0b7cb9de9-00|logger: AIRS.Core.Helpers.ZfpOracleDbHelper|message: GetImageKey = Archived/20230810/1.2.840.167221195121219905290418769251473628129/1.2.840.1721868228751932482087238247913291134107/1.2.840.5011512213017411123613221113311522711710122165.dcm, 53 ms elapsed.
2026-05-21 14:08:51.6266|eventId: 0|level: INFO|traceId: 00-76e7c08643d1d0f1c58e2673070a6d11-99957ac0b7cb9de9-00|logger: AIRS.Core.Common.LogForgingTools|message: 1779343731626 GetImage() 由 S3 取得 stream，耗時 58 ms.
2026-05-21 14:08:51.6266|eventId: 0|level: INFO|traceId: 00-4448f4fd545a3a96b07523b95fca12a7-9337f61e5c127927-00|logger: AIRS.Core.Helpers.ZfpOracleDbHelper|message: GetImageKey(studyInstanceUid: 1.2.840.167221195121219905290418769251473628129, seriesInstanceUid: 1.2.840.1721868228751932482087238247913291134107, sopInstanceUid: 1.2.840.2491141807673217145301982923121211174145)
2026-05-21 14:08:51.6522|eventId: 0|level: INFO|traceId: 00-76e7c08643d1d0f1c58e2673070a6d11-99957ac0b7cb9de9-00|logger: NHI_AI_MedReportViewerWebApi.Services.NhiPatientImageService|message: 成功從 S3 取得影像: 1.2.840.5011512213017411123613221113311522711710122165
2026-05-21 14:08:51.6828|eventId: 3|level: INFO|traceId: 00-4448f4fd545a3a96b07523b95fca12a7-9337f61e5c127927-00|logger: Polly|message: Execution attempt. Source: 'OracleResiliencePipeline/(null)/Retry', Operation Key: '', Result: 'NHI_ZFP_Viewer.ImageSources.ImageInfo', Handled: 'False', Attempt: '0', Execution Time: '14.5628'
2026-05-21 14:08:51.7066|eventId: 0|level: INFO|traceId: 00-4448f4fd545a3a96b07523b95fca12a7-9337f61e5c127927-00|logger: AIRS.Core.Helpers.ZfpOracleDbHelper|message: GetImageKey = Archived/20230810/1.2.840.167221195121219905290418769251473628129/1.2.840.1721868228751932482087238247913291134107/1.2.840.2491141807673217145301982923121211174145.dcm, 46 ms elapsed.
2026-05-21 14:08:51.8150|eventId: 0|level: INFO|traceId: 00-4448f4fd545a3a96b07523b95fca12a7-9337f61e5c127927-00|logger: AIRS.Core.Common.LogForgingTools|message: 1779343731815 GetImage() 由 S3 取得 stream，耗時 78 ms.
2026-05-21 14:08:51.8413|eventId: 0|level: INFO|traceId: 00-4448f4fd545a3a96b07523b95fca12a7-9337f61e5c127927-00|logger: NHI_AI_MedReportViewerWebApi.Services.NhiPatientImageService|message: 成功從 S3 取得影像: 1.2.840.2491141807673217145301982923121211174145
2026-05-21 14:08:53.1617|eventId: 0|level: INFO|traceId: 00-dcb085a7d6d0a1721b5562601478db4c-a760b9f46ca84e02-00|logger: AIRS.Core.Helpers.ZfpOracleDbHelper|message: GetImageKey(studyInstanceUid: 1.2.840.167221195121219905290418769251473628129, seriesInstanceUid: 1.2.840.1721868228751932482087238247913291134107, sopInstanceUid: 1.2.840.1085765141192207912301051956510369186155159)
2026-05-21 14:08:53.2104|eventId: 3|level: INFO|traceId: 00-dcb085a7d6d0a1721b5562601478db4c-a760b9f46ca84e02-00|logger: Polly|message: Execution attempt. Source: 'OracleResiliencePipeline/(null)/Retry', Operation Key: '', Result: 'NHI_ZFP_Viewer.ImageSources.ImageInfo', Handled: 'False', Attempt: '0', Execution Time: '17.3643'
2026-05-21 14:08:53.2408|eventId: 0|level: INFO|traceId: 00-dcb085a7d6d0a1721b5562601478db4c-a760b9f46ca84e02-00|logger: AIRS.Core.Helpers.ZfpOracleDbHelper|message: GetImageKey = Archived/20230810/1.2.840.167221195121219905290418769251473628129/1.2.840.1721868228751932482087238247913291134107/1.2.840.1085765141192207912301051956510369186155159.dcm, 57 ms elapsed.
2026-05-21 14:08:53.3351|eventId: 0|level: INFO|traceId: 00-dcb085a7d6d0a1721b5562601478db4c-a760b9f46ca84e02-00|logger: AIRS.Core.Common.LogForgingTools|message: 1779343733335 GetImage() 由 S3 取得 stream，耗時 70 ms.
2026-05-21 14:08:53.3527|eventId: 0|level: INFO|traceId: 00-289e817e286b52f79a1f938821e16e90-13f6e22510f938c7-00|logger: AIRS.Core.Helpers.ZfpOracleDbHelper|message: GetImageKey(studyInstanceUid: 1.2.840.167221195121219905290418769251473628129, seriesInstanceUid: 1.2.840.1721868228751932482087238247913291134107, sopInstanceUid: 1.2.840.2161094723320996223402222191381235918886)
2026-05-21 14:08:53.3527|eventId: 0|level: INFO|traceId: 00-dcb085a7d6d0a1721b5562601478db4c-a760b9f46ca84e02-00|logger: NHI_AI_MedReportViewerWebApi.Services.NhiPatientImageService|message: 成功從 S3 取得影像: 1.2.840.1085765141192207912301051956510369186155159
2026-05-21 14:08:53.3892|eventId: 3|level: INFO|traceId: 00-289e817e286b52f79a1f938821e16e90-13f6e22510f938c7-00|logger: Polly|message: Execution attempt. Source: 'OracleResiliencePipeline/(null)/Retry', Operation Key: '', Result: 'NHI_ZFP_Viewer.ImageSources.ImageInfo', Handled: 'False', Attempt: '0', Execution Time: '13.0534'
2026-05-21 14:08:53.4094|eventId: 0|level: INFO|traceId: 00-289e817e286b52f79a1f938821e16e90-13f6e22510f938c7-00|logger: AIRS.Core.Helpers.ZfpOracleDbHelper|message: GetImageKey = Archived/20230810/1.2.840.167221195121219905290418769251473628129/1.2.840.1721868228751932482087238247913291134107/1.2.840.2161094723320996223402222191381235918886.dcm, 40 ms elapsed.
2026-05-21 14:08:53.4693|eventId: 0|level: INFO|traceId: 00-14b43e91ae1402cb0e99f750b0b84360-6ff6b2ae9ebe04c6-00|logger: AIRS.Core.Helpers.ZfpOracleDbHelper|message: GetImageKey(studyInstanceUid: 1.2.840.167221195121219905290418769251473628129, seriesInstanceUid: 1.2.840.1721868228751932482087238247913291134107, sopInstanceUid: 1.2.840.255236133223962162343189116401631862105333)
2026-05-21 14:08:53.5094|eventId: 0|level: INFO|traceId: 00-289e817e286b52f79a1f938821e16e90-13f6e22510f938c7-00|logger: AIRS.Core.Common.LogForgingTools|message: 1779343733509 GetImage() 由 S3 取得 stream，耗時 69 ms.
2026-05-21 14:08:53.5176|eventId: 3|level: INFO|traceId: 00-14b43e91ae1402cb0e99f750b0b84360-6ff6b2ae9ebe04c6-00|logger: Polly|message: Execution attempt. Source: 'OracleResiliencePipeline/(null)/Retry', Operation Key: '', Result: 'NHI_ZFP_Viewer.ImageSources.ImageInfo', Handled: 'False', Attempt: '0', Execution Time: '17.1218'
2026-05-21 14:08:53.5364|eventId: 0|level: INFO|traceId: 00-289e817e286b52f79a1f938821e16e90-13f6e22510f938c7-00|logger: NHI_AI_MedReportViewerWebApi.Services.NhiPatientImageService|message: 成功從 S3 取得影像: 1.2.840.2161094723320996223402222191381235918886
2026-05-21 14:08:53.5473|eventId: 0|level: INFO|traceId: 00-14b43e91ae1402cb0e99f750b0b84360-6ff6b2ae9ebe04c6-00|logger: AIRS.Core.Helpers.ZfpOracleDbHelper|message: GetImageKey = Archived/20230810/1.2.840.167221195121219905290418769251473628129/1.2.840.1721868228751932482087238247913291134107/1.2.840.255236133223962162343189116401631862105333.dcm, 55 ms elapsed.
2026-05-21 14:08:53.6385|eventId: 0|level: INFO|traceId: 00-14b43e91ae1402cb0e99f750b0b84360-6ff6b2ae9ebe04c6-00|logger: AIRS.Core.Common.LogForgingTools|message: 1779343733638 GetImage() 由 S3 取得 stream，耗時 69 ms.
2026-05-21 14:08:53.6609|eventId: 0|level: INFO|traceId: 00-14b43e91ae1402cb0e99f750b0b84360-6ff6b2ae9ebe04c6-00|logger: NHI_AI_MedReportViewerWebApi.Services.NhiPatientImageService|message: 成功從 S3 取得影像: 1.2.840.255236133223962162343189116401631862105333
2026-05-21 14:08:53.7829|eventId: 0|level: INFO|traceId: 00-5fdef2f773a966e7204e2fda93d2b86c-3763769ba384fddc-00|logger: AIRS.Core.Helpers.ZfpOracleDbHelper|message: GetImageKey(studyInstanceUid: 1.2.840.167221195121219905290418769251473628129, seriesInstanceUid: 1.2.840.1721868228751932482087238247913291134107, sopInstanceUid: 1.2.840.742022615329461481342288288725517244250)
2026-05-21 14:08:53.8322|eventId: 3|level: INFO|traceId: 00-5fdef2f773a966e7204e2fda93d2b86c-3763769ba384fddc-00|logger: Polly|message: Execution attempt. Source: 'OracleResiliencePipeline/(null)/Retry', Operation Key: '', Result: 'NHI_ZFP_Viewer.ImageSources.ImageInfo', Handled: 'False', Attempt: '0', Execution Time: '17.1328'
2026-05-21 14:08:53.8640|eventId: 0|level: INFO|traceId: 00-5fdef2f773a966e7204e2fda93d2b86c-3763769ba384fddc-00|logger: AIRS.Core.Helpers.ZfpOracleDbHelper|message: GetImageKey = Archived/20230810/1.2.840.167221195121219905290418769251473628129/1.2.840.1721868228751932482087238247913291134107/1.2.840.742022615329461481342288288725517244250.dcm, 58 ms elapsed.
2026-05-21 14:08:53.9619|eventId: 0|level: INFO|traceId: 00-5fdef2f773a966e7204e2fda93d2b86c-3763769ba384fddc-00|logger: AIRS.Core.Common.LogForgingTools|message: 1779343733961 GetImage() 由 S3 取得 stream，耗時 72 ms.
2026-05-21 14:08:53.9873|eventId: 0|level: INFO|traceId: 00-5fdef2f773a966e7204e2fda93d2b86c-3763769ba384fddc-00|logger: NHI_AI_MedReportViewerWebApi.Services.NhiPatientImageService|message: 成功從 S3 取得影像: 1.2.840.742022615329461481342288288725517244250
2026-05-21 14:08:54.0017|eventId: 0|level: INFO|traceId: 00-686f03911a2d3687ef0396dce7bf41c7-8072b86fd54cfc56-00|logger: AIRS.Core.Helpers.ZfpOracleDbHelper|message: GetImageKey(studyInstanceUid: 1.2.840.167221195121219905290418769251473628129, seriesInstanceUid: 1.2.840.1721868228751932482087238247913291134107, sopInstanceUid: 1.2.840.1151862161622455714017863210224421542006456)
2026-05-21 14:08:54.0429|eventId: 3|level: INFO|traceId: 00-686f03911a2d3687ef0396dce7bf41c7-8072b86fd54cfc56-00|logger: Polly|message: Execution attempt. Source: 'OracleResiliencePipeline/(null)/Retry', Operation Key: '', Result: 'NHI_ZFP_Viewer.ImageSources.ImageInfo', Handled: 'False', Attempt: '0', Execution Time: '13.6345'
2026-05-21 14:08:54.0717|eventId: 0|level: INFO|traceId: 00-686f03911a2d3687ef0396dce7bf41c7-8072b86fd54cfc56-00|logger: AIRS.Core.Helpers.ZfpOracleDbHelper|message: GetImageKey = Archived/20230810/1.2.840.167221195121219905290418769251473628129/1.2.840.1721868228751932482087238247913291134107/1.2.840.1151862161622455714017863210224421542006456.dcm, 51 ms elapsed.
2026-05-21 14:08:54.1862|eventId: 0|level: INFO|traceId: 00-686f03911a2d3687ef0396dce7bf41c7-8072b86fd54cfc56-00|logger: AIRS.Core.Common.LogForgingTools|message: 1779343734186 GetImage() 由 S3 取得 stream，耗時 83 ms.
2026-05-21 14:08:54.2125|eventId: 0|level: INFO|traceId: 00-686f03911a2d3687ef0396dce7bf41c7-8072b86fd54cfc56-00|logger: NHI_AI_MedReportViewerWebApi.Services.NhiPatientImageService|message: 成功從 S3 取得影像: 1.2.840.1151862161622455714017863210224421542006456
2026-05-21 14:08:54.5574|eventId: 0|level: INFO|traceId: 00-6aa7fd8920a29a7ed3de7c0016322072-57972d89d310b8d0-00|logger: AIRS.Core.Helpers.ZfpOracleDbHelper|message: GetImageKey(studyInstanceUid: 1.2.840.1405011311801131732011012121012200126134, seriesInstanceUid: 1.2.840.51111141244381216847820799116149155151129, sopInstanceUid: 1.2.840.121101162301451061431712490229533715686240)
2026-05-21 14:08:54.6015|eventId: 3|level: INFO|traceId: 00-6aa7fd8920a29a7ed3de7c0016322072-57972d89d310b8d0-00|logger: Polly|message: Execution attempt. Source: 'OracleResiliencePipeline/(null)/Retry', Operation Key: '', Result: 'NHI_ZFP_Viewer.ImageSources.ImageInfo', Handled: 'False', Attempt: '0', Execution Time: '12.6749'
2026-05-21 14:08:54.6295|eventId: 0|level: INFO|traceId: 00-6aa7fd8920a29a7ed3de7c0016322072-57972d89d310b8d0-00|logger: AIRS.Core.Helpers.ZfpOracleDbHelper|message: GetImageKey = Archived/20230210/1.2.840.1405011311801131732011012121012200126134/1.2.840.51111141244381216847820799116149155151129/1.2.840.121101162301451061431712490229533715686240.dcm, 50 ms elapsed.
2026-05-21 14:08:54.7510|eventId: 0|level: INFO|traceId: 00-6aa7fd8920a29a7ed3de7c0016322072-57972d89d310b8d0-00|logger: AIRS.Core.Common.LogForgingTools|message: 1779343734750 GetImage() 由 S3 取得 stream，耗時 93 ms.
2026-05-21 14:08:54.7749|eventId: 0|level: INFO|traceId: 00-6aa7fd8920a29a7ed3de7c0016322072-57972d89d310b8d0-00|logger: NHI_AI_MedReportViewerWebApi.Services.NhiPatientImageService|message: 成功從 S3 取得影像: 1.2.840.121101162301451061431712490229533715686240
2026-05-21 14:08:54.8011|eventId: 0|level: INFO|traceId: 00-b148f28ee0fc7895a89e7a7d650d1b9e-099cdc70eb9ecdba-00|logger: AIRS.Core.Helpers.ZfpOracleDbHelper|message: GetImageKey(studyInstanceUid: 1.2.840.1405011311801131732011012121012200126134, seriesInstanceUid: 1.2.840.51111141244381216847820799116149155151129, sopInstanceUid: 1.2.840.3219370233171571652261152261706625011114738)
2026-05-21 14:08:54.8431|eventId: 3|level: INFO|traceId: 00-b148f28ee0fc7895a89e7a7d650d1b9e-099cdc70eb9ecdba-00|logger: Polly|message: Execution attempt. Source: 'OracleResiliencePipeline/(null)/Retry', Operation Key: '', Result: 'NHI_ZFP_Viewer.ImageSources.ImageInfo', Handled: 'False', Attempt: '0', Execution Time: '13.3857'
2026-05-21 14:08:54.8691|eventId: 0|level: INFO|traceId: 00-b148f28ee0fc7895a89e7a7d650d1b9e-099cdc70eb9ecdba-00|logger: AIRS.Core.Helpers.ZfpOracleDbHelper|message: GetImageKey = Archived/20230210/1.2.840.1405011311801131732011012121012200126134/1.2.840.51111141244381216847820799116149155151129/1.2.840.3219370233171571652261152261706625011114738.dcm, 48 ms elapsed.
2026-05-21 14:08:54.9562|eventId: 0|level: INFO|traceId: 00-b148f28ee0fc7895a89e7a7d650d1b9e-099cdc70eb9ecdba-00|logger: AIRS.Core.Common.LogForgingTools|message: 1779343734956 GetImage() 由 S3 取得 stream，耗時 61 ms.
2026-05-21 14:08:54.9797|eventId: 0|level: INFO|traceId: 00-b148f28ee0fc7895a89e7a7d650d1b9e-099cdc70eb9ecdba-00|logger: NHI_AI_MedReportViewerWebApi.Services.NhiPatientImageService|message: 成功從 S3 取得影像: 1.2.840.3219370233171571652261152261706625011114738
2026-05-21 14:08:55.1123|eventId: 0|level: INFO|traceId: 00-d1ab67d5dc5783d2bd670810a8501d78-58e2cbd3ba65c336-00|logger: AIRS.Core.Helpers.ZfpOracleDbHelper|message: GetImageKey(studyInstanceUid: 1.2.840.1405011311801131732011012121012200126134, seriesInstanceUid: 1.2.840.51111141244381216847820799116149155151129, sopInstanceUid: 1.2.840.202193111243208481988771172312455314113886)
2026-05-21 14:08:55.1509|eventId: 3|level: INFO|traceId: 00-d1ab67d5dc5783d2bd670810a8501d78-58e2cbd3ba65c336-00|logger: Polly|message: Execution attempt. Source: 'OracleResiliencePipeline/(null)/Retry', Operation Key: '', Result: 'NHI_ZFP_Viewer.ImageSources.ImageInfo', Handled: 'False', Attempt: '0', Execution Time: '14.0068'
2026-05-21 14:08:55.1764|eventId: 0|level: INFO|traceId: 00-d1ab67d5dc5783d2bd670810a8501d78-58e2cbd3ba65c336-00|logger: AIRS.Core.Helpers.ZfpOracleDbHelper|message: GetImageKey = Archived/20230210/1.2.840.1405011311801131732011012121012200126134/1.2.840.51111141244381216847820799116149155151129/1.2.840.202193111243208481988771172312455314113886.dcm, 41 ms elapsed.
2026-05-21 14:08:55.2595|eventId: 0|level: INFO|traceId: 00-d1ab67d5dc5783d2bd670810a8501d78-58e2cbd3ba65c336-00|logger: AIRS.Core.Common.LogForgingTools|message: 1779343735259 GetImage() 由 S3 取得 stream，耗時 60 ms.
2026-05-21 14:08:55.2840|eventId: 0|level: INFO|traceId: 00-d1ab67d5dc5783d2bd670810a8501d78-58e2cbd3ba65c336-00|logger: NHI_AI_MedReportViewerWebApi.Services.NhiPatientImageService|message: 成功從 S3 取得影像: 1.2.840.202193111243208481988771172312455314113886
2026-05-21 14:08:55.4900|eventId: 0|level: INFO|traceId: 00-aea65c1d31d5a54a54e3a640bdf7adc4-b3d922ac60ed9762-00|logger: AIRS.Core.Helpers.ZfpOracleDbHelper|message: GetImageKey(studyInstanceUid: 1.2.840.1405011311801131732011012121012200126134, seriesInstanceUid: 1.2.840.51111141244381216847820799116149155151129, sopInstanceUid: 1.2.840.138372231751691761532314619817225195120845)
2026-05-21 14:08:55.5344|eventId: 3|level: INFO|traceId: 00-aea65c1d31d5a54a54e3a640bdf7adc4-b3d922ac60ed9762-00|logger: Polly|message: Execution attempt. Source: 'OracleResiliencePipeline/(null)/Retry', Operation Key: '', Result: 'NHI_ZFP_Viewer.ImageSources.ImageInfo', Handled: 'False', Attempt: '0', Execution Time: '13.5493'
2026-05-21 14:08:55.5674|eventId: 0|level: INFO|traceId: 00-aea65c1d31d5a54a54e3a640bdf7adc4-b3d922ac60ed9762-00|logger: AIRS.Core.Helpers.ZfpOracleDbHelper|message: GetImageKey = Archived/20230210/1.2.840.1405011311801131732011012121012200126134/1.2.840.51111141244381216847820799116149155151129/1.2.840.138372231751691761532314619817225195120845.dcm, 50 ms elapsed.
2026-05-21 14:08:55.6605|eventId: 0|level: INFO|traceId: 00-aea65c1d31d5a54a54e3a640bdf7adc4-b3d922ac60ed9762-00|logger: AIRS.Core.Common.LogForgingTools|message: 1779343735660 GetImage() 由 S3 取得 stream，耗時 69 ms.
2026-05-21 14:08:55.6858|eventId: 0|level: INFO|traceId: 00-aea65c1d31d5a54a54e3a640bdf7adc4-b3d922ac60ed9762-00|logger: NHI_AI_MedReportViewerWebApi.Services.NhiPatientImageService|message: 成功從 S3 取得影像: 1.2.840.138372231751691761532314619817225195120845
2026-05-21 14:08:56.1660|eventId: 0|level: INFO|traceId: 00-06d592c7a5eb411381cd6d1954a9929d-e8aa7f3d83379d04-00|logger: AIRS.Core.Helpers.ZfpOracleDbHelper|message: GetImageKey(studyInstanceUid: 1.2.840.1405011311801131732011012121012200126134, seriesInstanceUid: 1.2.840.51111141244381216847820799116149155151129, sopInstanceUid: 1.2.840.2434934109152101581536511610012316913848107)
2026-05-21 14:08:56.2115|eventId: 3|level: INFO|traceId: 00-06d592c7a5eb411381cd6d1954a9929d-e8aa7f3d83379d04-00|logger: Polly|message: Execution attempt. Source: 'OracleResiliencePipeline/(null)/Retry', Operation Key: '', Result: 'NHI_ZFP_Viewer.ImageSources.ImageInfo', Handled: 'False', Attempt: '0', Execution Time: '12.9413'
2026-05-21 14:08:56.2423|eventId: 0|level: INFO|traceId: 00-06d592c7a5eb411381cd6d1954a9929d-e8aa7f3d83379d04-00|logger: AIRS.Core.Helpers.ZfpOracleDbHelper|message: GetImageKey = Archived/20230210/1.2.840.1405011311801131732011012121012200126134/1.2.840.51111141244381216847820799116149155151129/1.2.840.2434934109152101581536511610012316913848107.dcm, 54 ms elapsed.
2026-05-21 14:08:56.3264|eventId: 0|level: INFO|traceId: 00-146075c93f1be61bdf1690e3e76fd179-ebcb3e8780687bc2-00|logger: AIRS.Core.Helpers.ZfpOracleDbHelper|message: GetImageKey(studyInstanceUid: 1.2.840.1405011311801131732011012121012200126134, seriesInstanceUid: 1.2.840.51111141244381216847820799116149155151129, sopInstanceUid: 1.2.840.232451451860230217203158127747320321513839)
2026-05-21 14:08:56.3431|eventId: 0|level: INFO|traceId: 00-06d592c7a5eb411381cd6d1954a9929d-e8aa7f3d83379d04-00|logger: AIRS.Core.Common.LogForgingTools|message: 1779343736343 GetImage() 由 S3 取得 stream，耗時 74 ms.
2026-05-21 14:08:56.3644|eventId: 0|level: INFO|traceId: 00-06d592c7a5eb411381cd6d1954a9929d-e8aa7f3d83379d04-00|logger: NHI_AI_MedReportViewerWebApi.Services.NhiPatientImageService|message: 成功從 S3 取得影像: 1.2.840.2434934109152101581536511610012316913848107
2026-05-21 14:08:56.3644|eventId: 3|level: INFO|traceId: 00-146075c93f1be61bdf1690e3e76fd179-ebcb3e8780687bc2-00|logger: Polly|message: Execution attempt. Source: 'OracleResiliencePipeline/(null)/Retry', Operation Key: '', Result: 'NHI_ZFP_Viewer.ImageSources.ImageInfo', Handled: 'False', Attempt: '0', Execution Time: '14.0412'
2026-05-21 14:08:56.4013|eventId: 0|level: INFO|traceId: 00-146075c93f1be61bdf1690e3e76fd179-ebcb3e8780687bc2-00|logger: AIRS.Core.Helpers.ZfpOracleDbHelper|message: GetImageKey = Archived/20230210/1.2.840.1405011311801131732011012121012200126134/1.2.840.51111141244381216847820799116149155151129/1.2.840.232451451860230217203158127747320321513839.dcm, 48 ms elapsed.
2026-05-21 14:08:56.4433|eventId: 0|level: INFO|traceId: 00-52d9054b2cf2ce5f75f59a7bda534601-4462de97dee55e85-00|logger: AIRS.Core.Helpers.ZfpOracleDbHelper|message: GetImageKey(studyInstanceUid: 1.2.840.1405011311801131732011012121012200126134, seriesInstanceUid: 1.2.840.51111141244381216847820799116149155151129, sopInstanceUid: 1.2.840.136198245209951011039682301972141761725516)
2026-05-21 14:08:56.4833|eventId: 3|level: INFO|traceId: 00-52d9054b2cf2ce5f75f59a7bda534601-4462de97dee55e85-00|logger: Polly|message: Execution attempt. Source: 'OracleResiliencePipeline/(null)/Retry', Operation Key: '', Result: 'NHI_ZFP_Viewer.ImageSources.ImageInfo', Handled: 'False', Attempt: '0', Execution Time: '16.5176'
2026-05-21 14:08:56.4939|eventId: 0|level: INFO|traceId: 00-146075c93f1be61bdf1690e3e76fd179-ebcb3e8780687bc2-00|logger: AIRS.Core.Common.LogForgingTools|message: 1779343736493 GetImage() 由 S3 取得 stream，耗時 68 ms.
2026-05-21 14:08:56.5182|eventId: 0|level: INFO|traceId: 00-52d9054b2cf2ce5f75f59a7bda534601-4462de97dee55e85-00|logger: AIRS.Core.Helpers.ZfpOracleDbHelper|message: GetImageKey = Archived/20230210/1.2.840.1405011311801131732011012121012200126134/1.2.840.51111141244381216847820799116149155151129/1.2.840.136198245209951011039682301972141761725516.dcm, 55 ms elapsed.
2026-05-21 14:08:56.5182|eventId: 0|level: INFO|traceId: 00-146075c93f1be61bdf1690e3e76fd179-ebcb3e8780687bc2-00|logger: NHI_AI_MedReportViewerWebApi.Services.NhiPatientImageService|message: 成功從 S3 取得影像: 1.2.840.232451451860230217203158127747320321513839
2026-05-21 14:08:56.6040|eventId: 0|level: INFO|traceId: 00-52d9054b2cf2ce5f75f59a7bda534601-4462de97dee55e85-00|logger: AIRS.Core.Common.LogForgingTools|message: 1779343736604 GetImage() 由 S3 取得 stream，耗時 66 ms.
2026-05-21 14:08:56.6312|eventId: 0|level: INFO|traceId: 00-52d9054b2cf2ce5f75f59a7bda534601-4462de97dee55e85-00|logger: NHI_AI_MedReportViewerWebApi.Services.NhiPatientImageService|message: 成功從 S3 取得影像: 1.2.840.136198245209951011039682301972141761725516
2026-05-21 14:08:56.7261|eventId: 0|level: INFO|traceId: 00-1b52516b6675c4dbf715b54142aa5bb1-c95ef3d8bc4395b3-00|logger: AIRS.Core.Helpers.ZfpOracleDbHelper|message: GetImageKey(studyInstanceUid: 1.2.840.1405011311801131732011012121012200126134, seriesInstanceUid: 1.2.840.51111141244381216847820799116149155151129, sopInstanceUid: 1.2.840.10902301695619217323116820145200745190105)
2026-05-21 14:08:56.7750|eventId: 3|level: INFO|traceId: 00-1b52516b6675c4dbf715b54142aa5bb1-c95ef3d8bc4395b3-00|logger: Polly|message: Execution attempt. Source: 'OracleResiliencePipeline/(null)/Retry', Operation Key: '', Result: 'NHI_ZFP_Viewer.ImageSources.ImageInfo', Handled: 'False', Attempt: '0', Execution Time: '17.0865'
2026-05-21 14:08:56.8069|eventId: 0|level: INFO|traceId: 00-1b52516b6675c4dbf715b54142aa5bb1-c95ef3d8bc4395b3-00|logger: AIRS.Core.Helpers.ZfpOracleDbHelper|message: GetImageKey = Archived/20230210/1.2.840.1405011311801131732011012121012200126134/1.2.840.51111141244381216847820799116149155151129/1.2.840.10902301695619217323116820145200745190105.dcm, 58 ms elapsed.
2026-05-21 14:08:56.9210|eventId: 0|level: INFO|traceId: 00-1b52516b6675c4dbf715b54142aa5bb1-c95ef3d8bc4395b3-00|logger: AIRS.Core.Common.LogForgingTools|message: 1779343736921 GetImage() 由 S3 取得 stream，耗時 87 ms.
2026-05-21 14:08:56.9501|eventId: 0|level: INFO|traceId: 00-1b52516b6675c4dbf715b54142aa5bb1-c95ef3d8bc4395b3-00|logger: NHI_AI_MedReportViewerWebApi.Services.NhiPatientImageService|message: 成功從 S3 取得影像: 1.2.840.10902301695619217323116820145200745190105
2026-05-21 14:08:56.9686|eventId: 0|level: INFO|traceId: 00-ac8691e45ceee4da4160c0bd5e719036-5a5e41000105b7fe-00|logger: AIRS.Core.Helpers.ZfpOracleDbHelper|message: GetImageKey(studyInstanceUid: 1.2.840.1405011311801131732011012121012200126134, seriesInstanceUid: 1.2.840.51111141244381216847820799116149155151129, sopInstanceUid: 1.2.840.902467845121291941056421200146896719275)
2026-05-21 14:08:57.0079|eventId: 3|level: INFO|traceId: 00-ac8691e45ceee4da4160c0bd5e719036-5a5e41000105b7fe-00|logger: Polly|message: Execution attempt. Source: 'OracleResiliencePipeline/(null)/Retry', Operation Key: '', Result: 'NHI_ZFP_Viewer.ImageSources.ImageInfo', Handled: 'False', Attempt: '0', Execution Time: '15.4374'
2026-05-21 14:08:57.0343|eventId: 0|level: INFO|traceId: 00-ac8691e45ceee4da4160c0bd5e719036-5a5e41000105b7fe-00|logger: AIRS.Core.Helpers.ZfpOracleDbHelper|message: GetImageKey = Archived/20230210/1.2.840.1405011311801131732011012121012200126134/1.2.840.51111141244381216847820799116149155151129/1.2.840.902467845121291941056421200146896719275.dcm, 49 ms elapsed.
2026-05-21 14:08:57.1285|eventId: 0|level: INFO|traceId: 00-ac8691e45ceee4da4160c0bd5e719036-5a5e41000105b7fe-00|logger: AIRS.Core.Common.LogForgingTools|message: 1779343737128 GetImage() 由 S3 取得 stream，耗時 71 ms.
2026-05-21 14:08:57.1533|eventId: 0|level: INFO|traceId: 00-ac8691e45ceee4da4160c0bd5e719036-5a5e41000105b7fe-00|logger: NHI_AI_MedReportViewerWebApi.Services.NhiPatientImageService|message: 成功從 S3 取得影像: 1.2.840.902467845121291941056421200146896719275
2026-05-21 14:08:57.6302|eventId: 0|level: INFO|traceId: 00-6376c8560b09031cae3f48c46e166a96-d82aec33bab4b9f2-00|logger: AIRS.Core.Helpers.ZfpOracleDbHelper|message: GetImageKey(studyInstanceUid: 1.2.840.1405011311801131732011012121012200126134, seriesInstanceUid: 1.2.840.51111141244381216847820799116149155151129, sopInstanceUid: 1.2.840.17230180122942297223510210933215591832308)
2026-05-21 14:08:57.6840|eventId: 3|level: INFO|traceId: 00-6376c8560b09031cae3f48c46e166a96-d82aec33bab4b9f2-00|logger: Polly|message: Execution attempt. Source: 'OracleResiliencePipeline/(null)/Retry', Operation Key: '', Result: 'NHI_ZFP_Viewer.ImageSources.ImageInfo', Handled: 'False', Attempt: '0', Execution Time: '22.9909'
2026-05-21 14:08:57.7122|eventId: 0|level: INFO|traceId: 00-6376c8560b09031cae3f48c46e166a96-d82aec33bab4b9f2-00|logger: AIRS.Core.Helpers.ZfpOracleDbHelper|message: GetImageKey = Archived/20230210/1.2.840.1405011311801131732011012121012200126134/1.2.840.51111141244381216847820799116149155151129/1.2.840.17230180122942297223510210933215591832308.dcm, 60 ms elapsed.
2026-05-21 14:08:57.7386|eventId: 0|level: INFO|traceId: 00-2eebf438aba6b9211d902b80b8b86169-687af9356cd3180e-00|logger: AIRS.Core.Helpers.ZfpOracleDbHelper|message: GetImageKey(studyInstanceUid: 1.2.840.1405011311801131732011012121012200126134, seriesInstanceUid: 1.2.840.51111141244381216847820799116149155151129, sopInstanceUid: 1.2.840.4823620746212509172106421102176233223107)
2026-05-21 14:08:57.7819|eventId: 3|level: INFO|traceId: 00-2eebf438aba6b9211d902b80b8b86169-687af9356cd3180e-00|logger: Polly|message: Execution attempt. Source: 'OracleResiliencePipeline/(null)/Retry', Operation Key: '', Result: 'NHI_ZFP_Viewer.ImageSources.ImageInfo', Handled: 'False', Attempt: '0', Execution Time: '12.3717'
2026-05-21 14:08:57.8027|eventId: 0|level: INFO|traceId: 00-2eebf438aba6b9211d902b80b8b86169-687af9356cd3180e-00|logger: AIRS.Core.Helpers.ZfpOracleDbHelper|message: GetImageKey = Archived/20230210/1.2.840.1405011311801131732011012121012200126134/1.2.840.51111141244381216847820799116149155151129/1.2.840.4823620746212509172106421102176233223107.dcm, 39 ms elapsed.
2026-05-21 14:08:57.8027|eventId: 0|level: INFO|traceId: 00-6376c8560b09031cae3f48c46e166a96-d82aec33bab4b9f2-00|logger: AIRS.Core.Common.LogForgingTools|message: 1779343737807 GetImage() 由 S3 取得 stream，耗時 68 ms.
2026-05-21 14:08:57.8334|eventId: 0|level: INFO|traceId: 00-6376c8560b09031cae3f48c46e166a96-d82aec33bab4b9f2-00|logger: NHI_AI_MedReportViewerWebApi.Services.NhiPatientImageService|message: 成功從 S3 取得影像: 1.2.840.17230180122942297223510210933215591832308
2026-05-21 14:08:57.9026|eventId: 0|level: INFO|traceId: 00-2eebf438aba6b9211d902b80b8b86169-687af9356cd3180e-00|logger: AIRS.Core.Common.LogForgingTools|message: 1779343737902 GetImage() 由 S3 取得 stream，耗時 69 ms.
2026-05-21 14:08:57.9264|eventId: 0|level: INFO|traceId: 00-2eebf438aba6b9211d902b80b8b86169-687af9356cd3180e-00|logger: NHI_AI_MedReportViewerWebApi.Services.NhiPatientImageService|message: 成功從 S3 取得影像: 1.2.840.4823620746212509172106421102176233223107
2026-05-21 14:08:57.9767|eventId: 0|level: INFO|traceId: 00-87a9310c2b494cbb0fbe182d3b287b49-87cd924496ccf46e-00|logger: AIRS.Core.Helpers.ZfpOracleDbHelper|message: GetImageKey(studyInstanceUid: 1.2.840.1405011311801131732011012121012200126134, seriesInstanceUid: 1.2.840.51111141244381216847820799116149155151129, sopInstanceUid: 1.2.840.7499111637790839129431708552728204)
2026-05-21 14:08:58.0167|eventId: 3|level: INFO|traceId: 00-87a9310c2b494cbb0fbe182d3b287b49-87cd924496ccf46e-00|logger: Polly|message: Execution attempt. Source: 'OracleResiliencePipeline/(null)/Retry', Operation Key: '', Result: 'NHI_ZFP_Viewer.ImageSources.ImageInfo', Handled: 'False', Attempt: '0', Execution Time: '16.3078'
2026-05-21 14:08:58.0502|eventId: 0|level: INFO|traceId: 00-87a9310c2b494cbb0fbe182d3b287b49-87cd924496ccf46e-00|logger: AIRS.Core.Helpers.ZfpOracleDbHelper|message: GetImageKey = Archived/20230210/1.2.840.1405011311801131732011012121012200126134/1.2.840.51111141244381216847820799116149155151129/1.2.840.7499111637790839129431708552728204.dcm, 53 ms elapsed.
2026-05-21 14:08:58.1461|eventId: 0|level: INFO|traceId: 00-87a9310c2b494cbb0fbe182d3b287b49-87cd924496ccf46e-00|logger: AIRS.Core.Common.LogForgingTools|message: 1779343738146 GetImage() 由 S3 取得 stream，耗時 73 ms.
2026-05-21 14:08:58.1741|eventId: 0|level: INFO|traceId: 00-87a9310c2b494cbb0fbe182d3b287b49-87cd924496ccf46e-00|logger: NHI_AI_MedReportViewerWebApi.Services.NhiPatientImageService|message: 成功從 S3 取得影像: 1.2.840.7499111637790839129431708552728204
2026-05-21 14:08:58.2724|eventId: 0|level: INFO|traceId: 00-41682c4833fa6b64087986ba1a78cd14-d3391a8239dba5e2-00|logger: AIRS.Core.Helpers.ZfpOracleDbHelper|message: GetImageKey(studyInstanceUid: 1.2.840.1405011311801131732011012121012200126134, seriesInstanceUid: 1.2.840.51111141244381216847820799116149155151129, sopInstanceUid: 1.2.840.152196199221672382241715263117220158388)
2026-05-21 14:08:58.3181|eventId: 3|level: INFO|traceId: 00-41682c4833fa6b64087986ba1a78cd14-d3391a8239dba5e2-00|logger: Polly|message: Execution attempt. Source: 'OracleResiliencePipeline/(null)/Retry', Operation Key: '', Result: 'NHI_ZFP_Viewer.ImageSources.ImageInfo', Handled: 'False', Attempt: '0', Execution Time: '15.359'
2026-05-21 14:08:58.3495|eventId: 0|level: INFO|traceId: 00-41682c4833fa6b64087986ba1a78cd14-d3391a8239dba5e2-00|logger: AIRS.Core.Helpers.ZfpOracleDbHelper|message: GetImageKey = Archived/20230210/1.2.840.1405011311801131732011012121012200126134/1.2.840.51111141244381216847820799116149155151129/1.2.840.152196199221672382241715263117220158388.dcm, 57 ms elapsed.
2026-05-21 14:08:58.4352|eventId: 0|level: INFO|traceId: 00-41682c4833fa6b64087986ba1a78cd14-d3391a8239dba5e2-00|logger: AIRS.Core.Common.LogForgingTools|message: 1779343738435 GetImage() 由 S3 取得 stream，耗時 59 ms.
2026-05-21 14:08:58.4610|eventId: 0|level: INFO|traceId: 00-41682c4833fa6b64087986ba1a78cd14-d3391a8239dba5e2-00|logger: NHI_AI_MedReportViewerWebApi.Services.NhiPatientImageService|message: 成功從 S3 取得影像: 1.2.840.152196199221672382241715263117220158388
2026-05-21 14:08:58.5545|eventId: 0|level: INFO|traceId: 00-e264b67f2c29082d5f6b5b8729f0bef5-aa945e5faf9a1da2-00|logger: AIRS.Core.Helpers.ZfpOracleDbHelper|message: GetImageKey(studyInstanceUid: 1.2.840.1405011311801131732011012121012200126134, seriesInstanceUid: 1.2.840.51111141244381216847820799116149155151129, sopInstanceUid: 1.2.840.204248191132167118174140124108220230208234184225)
2026-05-21 14:08:58.5988|eventId: 3|level: INFO|traceId: 00-e264b67f2c29082d5f6b5b8729f0bef5-aa945e5faf9a1da2-00|logger: Polly|message: Execution attempt. Source: 'OracleResiliencePipeline/(null)/Retry', Operation Key: '', Result: 'NHI_ZFP_Viewer.ImageSources.ImageInfo', Handled: 'False', Attempt: '0', Execution Time: '14.0341'
2026-05-21 14:08:58.6301|eventId: 0|level: INFO|traceId: 00-e264b67f2c29082d5f6b5b8729f0bef5-aa945e5faf9a1da2-00|logger: AIRS.Core.Helpers.ZfpOracleDbHelper|message: GetImageKey = Archived/20230210/1.2.840.1405011311801131732011012121012200126134/1.2.840.51111141244381216847820799116149155151129/1.2.840.204248191132167118174140124108220230208234184225.dcm, 50 ms elapsed.
2026-05-21 14:08:58.7312|eventId: 0|level: INFO|traceId: 00-e264b67f2c29082d5f6b5b8729f0bef5-aa945e5faf9a1da2-00|logger: AIRS.Core.Common.LogForgingTools|message: 1779343738731 GetImage() 由 S3 取得 stream，耗時 77 ms.
2026-05-21 14:08:58.7559|eventId: 0|level: INFO|traceId: 00-e264b67f2c29082d5f6b5b8729f0bef5-aa945e5faf9a1da2-00|logger: NHI_AI_MedReportViewerWebApi.Services.NhiPatientImageService|message: 成功從 S3 取得影像: 1.2.840.204248191132167118174140124108220230208234184225
2026-05-21 14:08:58.7713|eventId: 0|level: INFO|traceId: 00-4539db2ea2e30f9bda0035b8a982d969-fa28039632041146-00|logger: AIRS.Core.Helpers.ZfpOracleDbHelper|message: GetImageKey(studyInstanceUid: 1.2.840.1405011311801131732011012121012200126134, seriesInstanceUid: 1.2.840.51111141244381216847820799116149155151129, sopInstanceUid: 1.2.840.244712061814917399272254525152771539)
2026-05-21 14:08:58.8090|eventId: 3|level: INFO|traceId: 00-4539db2ea2e30f9bda0035b8a982d969-fa28039632041146-00|logger: Polly|message: Execution attempt. Source: 'OracleResiliencePipeline/(null)/Retry', Operation Key: '', Result: 'NHI_ZFP_Viewer.ImageSources.ImageInfo', Handled: 'False', Attempt: '0', Execution Time: '13.6159'
2026-05-21 14:08:58.8361|eventId: 0|level: INFO|traceId: 00-4539db2ea2e30f9bda0035b8a982d969-fa28039632041146-00|logger: AIRS.Core.Helpers.ZfpOracleDbHelper|message: GetImageKey = Archived/20230210/1.2.840.1405011311801131732011012121012200126134/1.2.840.51111141244381216847820799116149155151129/1.2.840.244712061814917399272254525152771539.dcm, 49 ms elapsed.
2026-05-21 14:08:58.9344|eventId: 0|level: INFO|traceId: 00-4539db2ea2e30f9bda0035b8a982d969-fa28039632041146-00|logger: AIRS.Core.Common.LogForgingTools|message: 1779343738934 GetImage() 由 S3 取得 stream，耗時 73 ms.
2026-05-21 14:08:58.9584|eventId: 0|level: INFO|traceId: 00-4539db2ea2e30f9bda0035b8a982d969-fa28039632041146-00|logger: NHI_AI_MedReportViewerWebApi.Services.NhiPatientImageService|message: 成功從 S3 取得影像: 1.2.840.244712061814917399272254525152771539
2026-05-21 14:08:59.0467|eventId: 0|level: INFO|traceId: 00-14ab5a0936b151536618cbe4e06c69ce-8093442ca3c1fa5a-00|logger: AIRS.Core.Helpers.ZfpOracleDbHelper|message: GetImageKey(studyInstanceUid: 1.2.840.1405011311801131732011012121012200126134, seriesInstanceUid: 1.2.840.51111141244381216847820799116149155151129, sopInstanceUid: 1.2.840.2495819220919723319215897253228238153019898)
2026-05-21 14:08:59.0906|eventId: 3|level: INFO|traceId: 00-14ab5a0936b151536618cbe4e06c69ce-8093442ca3c1fa5a-00|logger: Polly|message: Execution attempt. Source: 'OracleResiliencePipeline/(null)/Retry', Operation Key: '', Result: 'NHI_ZFP_Viewer.ImageSources.ImageInfo', Handled: 'False', Attempt: '0', Execution Time: '13.4196'
2026-05-21 14:08:59.1189|eventId: 0|level: INFO|traceId: 00-14ab5a0936b151536618cbe4e06c69ce-8093442ca3c1fa5a-00|logger: AIRS.Core.Helpers.ZfpOracleDbHelper|message: GetImageKey = Archived/20230210/1.2.840.1405011311801131732011012121012200126134/1.2.840.51111141244381216847820799116149155151129/1.2.840.2495819220919723319215897253228238153019898.dcm, 51 ms elapsed.
2026-05-21 14:08:59.2122|eventId: 0|level: INFO|traceId: 00-14ab5a0936b151536618cbe4e06c69ce-8093442ca3c1fa5a-00|logger: AIRS.Core.Common.LogForgingTools|message: 1779343739212 GetImage() 由 S3 取得 stream，耗時 65 ms.
2026-05-21 14:08:59.2376|eventId: 0|level: INFO|traceId: 00-14ab5a0936b151536618cbe4e06c69ce-8093442ca3c1fa5a-00|logger: NHI_AI_MedReportViewerWebApi.Services.NhiPatientImageService|message: 成功從 S3 取得影像: 1.2.840.2495819220919723319215897253228238153019898
2026-05-21 14:08:59.3846|eventId: 0|level: INFO|traceId: 00-e19814b8c913cb06d22ef1318dfa54e4-3541fe41703bddba-00|logger: AIRS.Core.Helpers.ZfpOracleDbHelper|message: GetImageKey(studyInstanceUid: 1.2.840.1405011311801131732011012121012200126134, seriesInstanceUid: 1.2.840.51111141244381216847820799116149155151129, sopInstanceUid: 1.2.840.911228174233112962715321252163237261011)
2026-05-21 14:08:59.4271|eventId: 3|level: INFO|traceId: 00-e19814b8c913cb06d22ef1318dfa54e4-3541fe41703bddba-00|logger: Polly|message: Execution attempt. Source: 'OracleResiliencePipeline/(null)/Retry', Operation Key: '', Result: 'NHI_ZFP_Viewer.ImageSources.ImageInfo', Handled: 'False', Attempt: '0', Execution Time: '14.1264'
2026-05-21 14:08:59.4568|eventId: 0|level: INFO|traceId: 00-e19814b8c913cb06d22ef1318dfa54e4-3541fe41703bddba-00|logger: AIRS.Core.Helpers.ZfpOracleDbHelper|message: GetImageKey = Archived/20230210/1.2.840.1405011311801131732011012121012200126134/1.2.840.51111141244381216847820799116149155151129/1.2.840.911228174233112962715321252163237261011.dcm, 53 ms elapsed.
2026-05-21 14:08:59.5483|eventId: 0|level: INFO|traceId: 00-e19814b8c913cb06d22ef1318dfa54e4-3541fe41703bddba-00|logger: AIRS.Core.Common.LogForgingTools|message: 1779343739548 GetImage() 由 S3 取得 stream，耗時 69 ms.
2026-05-21 14:08:59.5750|eventId: 0|level: INFO|traceId: 00-e0ad4b6fb0c9f2f708ba200c82fd43fd-88c95049f15bda38-00|logger: AIRS.Core.Helpers.ZfpOracleDbHelper|message: GetImageKey(studyInstanceUid: 1.2.840.1405011311801131732011012121012200126134, seriesInstanceUid: 1.2.840.51111141244381216847820799116149155151129, sopInstanceUid: 1.2.840.177871712112351721355421792314382197212226)
2026-05-21 14:08:59.5750|eventId: 0|level: INFO|traceId: 00-e19814b8c913cb06d22ef1318dfa54e4-3541fe41703bddba-00|logger: NHI_AI_MedReportViewerWebApi.Services.NhiPatientImageService|message: 成功從 S3 取得影像: 1.2.840.911228174233112962715321252163237261011
2026-05-21 14:08:59.6161|eventId: 3|level: INFO|traceId: 00-e0ad4b6fb0c9f2f708ba200c82fd43fd-88c95049f15bda38-00|logger: Polly|message: Execution attempt. Source: 'OracleResiliencePipeline/(null)/Retry', Operation Key: '', Result: 'NHI_ZFP_Viewer.ImageSources.ImageInfo', Handled: 'False', Attempt: '0', Execution Time: '13.3052'
2026-05-21 14:08:59.6436|eventId: 0|level: INFO|traceId: 00-e0ad4b6fb0c9f2f708ba200c82fd43fd-88c95049f15bda38-00|logger: AIRS.Core.Helpers.ZfpOracleDbHelper|message: GetImageKey = Archived/20230210/1.2.840.1405011311801131732011012121012200126134/1.2.840.51111141244381216847820799116149155151129/1.2.840.177871712112351721355421792314382197212226.dcm, 44 ms elapsed.
2026-05-21 14:08:59.7527|eventId: 0|level: INFO|traceId: 00-e0ad4b6fb0c9f2f708ba200c82fd43fd-88c95049f15bda38-00|logger: AIRS.Core.Common.LogForgingTools|message: 1779343739752 GetImage() 由 S3 取得 stream，耗時 86 ms.
2026-05-21 14:08:59.7794|eventId: 0|level: INFO|traceId: 00-e0ad4b6fb0c9f2f708ba200c82fd43fd-88c95049f15bda38-00|logger: NHI_AI_MedReportViewerWebApi.Services.NhiPatientImageService|message: 成功從 S3 取得影像: 1.2.840.177871712112351721355421792314382197212226
2026-05-21 14:09:01.2333|eventId: 0|level: INFO|traceId: 00-df1eaa125a602ef99658201e2df7890c-6d05c1df1020e964-00|logger: NHI_AI_MedReportViewerWebApi.Services.NhiPatientImageService|message: 開始查詢 Series Instance UID: Study=1.2.840.6610321904118510815420318233761831142014, SeriesNumber=4
2026-05-21 14:09:01.2782|eventId: 3|level: INFO|traceId: 00-df1eaa125a602ef99658201e2df7890c-6d05c1df1020e964-00|logger: Polly|message: Execution attempt. Source: 'OracleResiliencePipeline/(null)/Retry', Operation Key: '', Result: '1.2.840.185393732156165237212158241127106677643111', Handled: 'False', Attempt: '0', Execution Time: '12.8613'
2026-05-21 14:09:01.3040|eventId: 0|level: INFO|traceId: 00-df1eaa125a602ef99658201e2df7890c-6d05c1df1020e964-00|logger: NHI_AI_MedReportViewerWebApi.Services.NhiPatientImageService|message: 找到 Series Number 4 對應的 Series Instance UID: 1.2.840.185393732156165237212158241127106677643111
2026-05-21 14:09:01.3386|eventId: 0|level: INFO|traceId: 00-a490b67cc44d1085bef9871847536189-5c46d194b1065037-00|logger: NHI_AI_MedReportViewerWebApi.Services.NhiPatientImageService|message: 開始查詢 Series Instance UID: Study=1.2.840.6610321904118510815420318233761831142014, SeriesNumber=4
2026-05-21 14:09:01.3386|eventId: 0|level: INFO|traceId: 00-9911c685f88d39438a878276c072f98c-0ba2cd19036d0f5d-00|logger: NHI_AI_MedReportViewerWebApi.Services.NhiPatientImageService|message: 開始查詢 Series Instance UID: Study=1.2.840.2416352115109542171621419312417215215727117, SeriesNumber=3
2026-05-21 14:09:01.3772|eventId: 3|level: INFO|traceId: 00-a490b67cc44d1085bef9871847536189-5c46d194b1065037-00|logger: Polly|message: Execution attempt. Source: 'OracleResiliencePipeline/(null)/Retry', Operation Key: '', Result: '1.2.840.185393732156165237212158241127106677643111', Handled: 'False', Attempt: '0', Execution Time: '11.694'
2026-05-21 14:09:01.3772|eventId: 3|level: INFO|traceId: 00-9911c685f88d39438a878276c072f98c-0ba2cd19036d0f5d-00|logger: Polly|message: Execution attempt. Source: 'OracleResiliencePipeline/(null)/Retry', Operation Key: '', Result: '1.2.840.14124112241885092206622431362117817919260', Handled: 'False', Attempt: '0', Execution Time: '13.5647'
2026-05-21 14:09:01.4014|eventId: 0|level: INFO|traceId: 00-a490b67cc44d1085bef9871847536189-5c46d194b1065037-00|logger: NHI_AI_MedReportViewerWebApi.Services.NhiPatientImageService|message: 找到 Series Number 4 對應的 Series Instance UID: 1.2.840.185393732156165237212158241127106677643111
2026-05-21 14:09:01.4107|eventId: 0|level: INFO|traceId: 00-9911c685f88d39438a878276c072f98c-0ba2cd19036d0f5d-00|logger: NHI_AI_MedReportViewerWebApi.Services.NhiPatientImageService|message: 找到 Series Number 3 對應的 Series Instance UID: 1.2.840.14124112241885092206622431362117817919260
2026-05-21 14:09:01.4364|eventId: 0|level: INFO|traceId: 00-d4f914f48bb16c444461a3147c82ce6d-a48f8277a159986a-00|logger: NHI_AI_MedReportViewerWebApi.Services.NhiPatientImageService|message: 開始查詢 Series Instance UID: Study=1.2.840.6610321904118510815420318233761831142014, SeriesNumber=4
2026-05-21 14:09:01.4364|eventId: 0|level: INFO|traceId: 00-c19853eda985190a80d003e210aac3f0-c03514eae6dede7a-00|logger: NHI_AI_MedReportViewerWebApi.Services.NhiPatientImageService|message: 開始查詢 Series Instance UID: Study=1.2.840.192741192620116023140810067713017078213, SeriesNumber=5
2026-05-21 14:09:01.4495|eventId: 0|level: INFO|traceId: 00-41f1cd692ad5e6a22759b516ad836a3c-0ed59e751f6388e3-00|logger: NHI_AI_MedReportViewerWebApi.Services.NhiRegistrationService|message: 查詢目標 Instance Number。Patient: Z299999830-20251102-1211-00000000001, RefSeries: 1.2.840.185393732156165237212158241127106677643111, DstSeries: 1.2.840.14124112241885092206622431362117817919260
2026-05-21 14:09:01.4551|eventId: 3|level: INFO|traceId: 00-d4f914f48bb16c444461a3147c82ce6d-a48f8277a159986a-00|logger: Polly|message: Execution attempt. Source: 'OracleResiliencePipeline/(null)/Retry', Operation Key: '', Result: '1.2.840.185393732156165237212158241127106677643111', Handled: 'False', Attempt: '0', Execution Time: '12.0421'
2026-05-21 14:09:01.4732|eventId: 3|level: INFO|traceId: 00-c19853eda985190a80d003e210aac3f0-c03514eae6dede7a-00|logger: Polly|message: Execution attempt. Source: 'OracleResiliencePipeline/(null)/Retry', Operation Key: '', Result: '1.2.840.66120190272382141921581501684383220150117188', Handled: 'False', Attempt: '0', Execution Time: '14.4835'
2026-05-21 14:09:01.4863|eventId: 3|level: INFO|traceId: 00-41f1cd692ad5e6a22759b516ad836a3c-0ed59e751f6388e3-00|logger: Polly|message: Execution attempt. Source: 'OracleResiliencePipeline/(null)/Retry', Operation Key: '', Result: '26', Handled: 'False', Attempt: '0', Execution Time: '11.0382'
2026-05-21 14:09:01.4863|eventId: 0|level: INFO|traceId: 00-d4f914f48bb16c444461a3147c82ce6d-a48f8277a159986a-00|logger: NHI_AI_MedReportViewerWebApi.Services.NhiPatientImageService|message: 找到 Series Number 4 對應的 Series Instance UID: 1.2.840.185393732156165237212158241127106677643111
2026-05-21 14:09:01.5062|eventId: 0|level: INFO|traceId: 00-c19853eda985190a80d003e210aac3f0-c03514eae6dede7a-00|logger: NHI_AI_MedReportViewerWebApi.Services.NhiPatientImageService|message: 找到 Series Number 5 對應的 Series Instance UID: 1.2.840.66120190272382141921581501684383220150117188
2026-05-21 14:09:01.5198|eventId: 0|level: INFO|traceId: 00-41f1cd692ad5e6a22759b516ad836a3c-0ed59e751f6388e3-00|logger: NHI_AI_MedReportViewerWebApi.Services.NhiRegistrationService|message: 找到對應的目標 Instance Number: 26
2026-05-21 14:09:01.5450|eventId: 0|level: INFO|traceId: 00-41f1cd692ad5e6a22759b516ad836a3c-0ed59e751f6388e3-00|logger: NHI_AI_MedReportViewerWebApi.Services.NhiPatientImageService|message: 開始查詢 SOP Instance UID: Study=1.2.840.2416352115109542171621419312417215215727117, Series=1.2.840.14124112241885092206622431362117817919260, InstanceNumber=26
2026-05-21 14:09:01.5450|eventId: 0|level: INFO|traceId: 00-6ff42f50d63a99a93ee15a76a8364e83-cb5260791178b7fc-00|logger: NHI_AI_MedReportViewerWebApi.Services.NhiPatientImageService|message: 開始查詢 Series Instance UID: Study=1.2.840.1405011311801131732011012121012200126134, SeriesNumber=4
2026-05-21 14:09:01.5450|eventId: 0|level: INFO|traceId: 00-48115958562c4acc50edca70074380bd-4c9e397be94de1c5-00|logger: NHI_AI_MedReportViewerWebApi.Services.NhiRegistrationService|message: 查詢目標 Instance Number。Patient: Z299999830-20251102-1211-00000000001, RefSeries: 1.2.840.185393732156165237212158241127106677643111, DstSeries: 1.2.840.66120190272382141921581501684383220150117188
2026-05-21 14:09:01.5959|eventId: 3|level: INFO|traceId: 00-41f1cd692ad5e6a22759b516ad836a3c-0ed59e751f6388e3-00|logger: Polly|message: Execution attempt. Source: 'OracleResiliencePipeline/(null)/Retry', Operation Key: '', Result: '1.2.840.12616626108141226145612452551211257939140140', Handled: 'False', Attempt: '0', Execution Time: '23.1461'
2026-05-21 14:09:01.5959|eventId: 3|level: INFO|traceId: 00-6ff42f50d63a99a93ee15a76a8364e83-cb5260791178b7fc-00|logger: Polly|message: Execution attempt. Source: 'OracleResiliencePipeline/(null)/Retry', Operation Key: '', Result: '1.2.840.51111141244381216847820799116149155151129', Handled: 'False', Attempt: '0', Execution Time: '16.1974'
2026-05-21 14:09:01.5959|eventId: 3|level: INFO|traceId: 00-48115958562c4acc50edca70074380bd-4c9e397be94de1c5-00|logger: Polly|message: Execution attempt. Source: 'OracleResiliencePipeline/(null)/Retry', Operation Key: '', Result: '27', Handled: 'False', Attempt: '0', Execution Time: '12.0134'
2026-05-21 14:09:01.6294|eventId: 0|level: INFO|traceId: 00-41f1cd692ad5e6a22759b516ad836a3c-0ed59e751f6388e3-00|logger: NHI_AI_MedReportViewerWebApi.Services.NhiPatientImageService|message: 找到 Instance Number 26 對應的 SOP Instance UID: 1.2.840.12616626108141226145612452551211257939140140
2026-05-21 14:09:01.6428|eventId: 0|level: INFO|traceId: 00-48115958562c4acc50edca70074380bd-4c9e397be94de1c5-00|logger: NHI_AI_MedReportViewerWebApi.Services.NhiRegistrationService|message: 找到對應的目標 Instance Number: 27
2026-05-21 14:09:01.6428|eventId: 0|level: INFO|traceId: 00-6ff42f50d63a99a93ee15a76a8364e83-cb5260791178b7fc-00|logger: NHI_AI_MedReportViewerWebApi.Services.NhiPatientImageService|message: 找到 Series Number 4 對應的 Series Instance UID: 1.2.840.51111141244381216847820799116149155151129
2026-05-21 14:09:01.6604|eventId: 0|level: INFO|traceId: 00-ab052a02efa0a1f5c85f96b2186b1929-e8e36f2f2415b2f9-00|logger: AIRS.Core.Helpers.ZfpOracleDbHelper|message: GetSortedImagesBySeries(studyInstanceUid: 1.2.840.2416352115109542171621419312417215215727117, seriesInstanceUid: 1.2.840.14124112241885092206622431362117817919260)
2026-05-21 14:09:01.6604|eventId: 0|level: INFO|traceId: 00-48115958562c4acc50edca70074380bd-4c9e397be94de1c5-00|logger: NHI_AI_MedReportViewerWebApi.Services.NhiPatientImageService|message: 開始查詢 SOP Instance UID: Study=1.2.840.192741192620116023140810067713017078213, Series=1.2.840.66120190272382141921581501684383220150117188, InstanceNumber=27
2026-05-21 14:09:01.6857|eventId: 0|level: INFO|traceId: 00-9fe002e31078c215b551e3385edb2915-1be107ff561545a0-00|logger: NHI_AI_MedReportViewerWebApi.Services.NhiRegistrationService|message: 查詢目標 Instance Number。Patient: Z299999830-20251102-1211-00000000001, RefSeries: 1.2.840.185393732156165237212158241127106677643111, DstSeries: 1.2.840.51111141244381216847820799116149155151129
2026-05-21 14:09:01.7093|eventId: 3|level: INFO|traceId: 00-ab052a02efa0a1f5c85f96b2186b1929-e8e36f2f2415b2f9-00|logger: Polly|message: Execution attempt. Source: 'OracleResiliencePipeline/(null)/Retry', Operation Key: '', Result: 'System.Collections.Generic.List`1[System.String]', Handled: 'False', Attempt: '0', Execution Time: '20.0926'
2026-05-21 14:09:01.7273|eventId: 3|level: INFO|traceId: 00-9fe002e31078c215b551e3385edb2915-1be107ff561545a0-00|logger: Polly|message: Execution attempt. Source: 'OracleResiliencePipeline/(null)/Retry', Operation Key: '', Result: '33', Handled: 'False', Attempt: '0', Execution Time: '19.324'
2026-05-21 14:09:01.7273|eventId: 3|level: INFO|traceId: 00-48115958562c4acc50edca70074380bd-4c9e397be94de1c5-00|logger: Polly|message: Execution attempt. Source: 'OracleResiliencePipeline/(null)/Retry', Operation Key: '', Result: '1.2.840.1672527619417430102144758924621911017138209', Handled: 'False', Attempt: '0', Execution Time: '26.0341'
2026-05-21 14:09:01.7273|eventId: 0|level: INFO|traceId: 00-ab052a02efa0a1f5c85f96b2186b1929-e8e36f2f2415b2f9-00|logger: NHI_AI_MedReportViewerWebApi.Services.NhiPatientImageService|message: Series 1.2.840.14124112241885092206622431362117817919260 包含 68 個影像（已快取）
2026-05-21 14:09:01.7543|eventId: 0|level: INFO|traceId: 00-9fe002e31078c215b551e3385edb2915-1be107ff561545a0-00|logger: NHI_AI_MedReportViewerWebApi.Services.NhiRegistrationService|message: 找到對應的目標 Instance Number: 33
2026-05-21 14:09:01.7675|eventId: 0|level: INFO|traceId: 00-48115958562c4acc50edca70074380bd-4c9e397be94de1c5-00|logger: NHI_AI_MedReportViewerWebApi.Services.NhiPatientImageService|message: 找到 Instance Number 27 對應的 SOP Instance UID: 1.2.840.1672527619417430102144758924621911017138209
2026-05-21 14:09:01.7675|eventId: 0|level: INFO|traceId: 00-9fe002e31078c215b551e3385edb2915-1be107ff561545a0-00|logger: NHI_AI_MedReportViewerWebApi.Services.NhiPatientImageService|message: 開始查詢 SOP Instance UID: Study=1.2.840.1405011311801131732011012121012200126134, Series=1.2.840.51111141244381216847820799116149155151129, InstanceNumber=33
2026-05-21 14:09:01.7875|eventId: 0|level: INFO|traceId: 00-fb7a42f09736b305eecd5d52cf224cee-b25bf70bed827ad8-00|logger: AIRS.Core.Helpers.ZfpOracleDbHelper|message: GetImageKey(studyInstanceUid: 1.2.840.2416352115109542171621419312417215215727117, seriesInstanceUid: 1.2.840.14124112241885092206622431362117817919260, sopInstanceUid: 1.2.840.12616626108141226145612452551211257939140140)
2026-05-21 14:09:01.7992|eventId: 0|level: INFO|traceId: 00-f79d6d99ac6cff49db3a4575d6ec013f-6627322b2d2c9fd3-00|logger: AIRS.Core.Helpers.ZfpOracleDbHelper|message: GetSortedImagesBySeries(studyInstanceUid: 1.2.840.192741192620116023140810067713017078213, seriesInstanceUid: 1.2.840.66120190272382141921581501684383220150117188)
2026-05-21 14:09:01.7992|eventId: 3|level: INFO|traceId: 00-9fe002e31078c215b551e3385edb2915-1be107ff561545a0-00|logger: Polly|message: Execution attempt. Source: 'OracleResiliencePipeline/(null)/Retry', Operation Key: '', Result: '1.2.840.24579199223184521533823815810478347056196', Handled: 'False', Attempt: '0', Execution Time: '15.001'
2026-05-21 14:09:01.8165|eventId: 3|level: INFO|traceId: 00-fb7a42f09736b305eecd5d52cf224cee-b25bf70bed827ad8-00|logger: Polly|message: Execution attempt. Source: 'OracleResiliencePipeline/(null)/Retry', Operation Key: '', Result: 'NHI_ZFP_Viewer.ImageSources.ImageInfo', Handled: 'False', Attempt: '0', Execution Time: '11.85'
2026-05-21 14:09:01.8309|eventId: 0|level: INFO|traceId: 00-9fe002e31078c215b551e3385edb2915-1be107ff561545a0-00|logger: NHI_AI_MedReportViewerWebApi.Services.NhiPatientImageService|message: 找到 Instance Number 33 對應的 SOP Instance UID: 1.2.840.24579199223184521533823815810478347056196
2026-05-21 14:09:01.8309|eventId: 3|level: INFO|traceId: 00-f79d6d99ac6cff49db3a4575d6ec013f-6627322b2d2c9fd3-00|logger: Polly|message: Execution attempt. Source: 'OracleResiliencePipeline/(null)/Retry', Operation Key: '', Result: 'System.Collections.Generic.List`1[System.String]', Handled: 'False', Attempt: '0', Execution Time: '19.5292'
2026-05-21 14:09:01.8309|eventId: 0|level: INFO|traceId: 00-fb7a42f09736b305eecd5d52cf224cee-b25bf70bed827ad8-00|logger: AIRS.Core.Helpers.ZfpOracleDbHelper|message: GetImageKey = Archived/20220810/1.2.840.2416352115109542171621419312417215215727117/1.2.840.14124112241885092206622431362117817919260/1.2.840.12616626108141226145612452551211257939140140.dcm, 41 ms elapsed.
2026-05-21 14:09:01.8612|eventId: 0|level: INFO|traceId: 00-f79d6d99ac6cff49db3a4575d6ec013f-6627322b2d2c9fd3-00|logger: NHI_AI_MedReportViewerWebApi.Services.NhiPatientImageService|message: Series 1.2.840.66120190272382141921581501684383220150117188 包含 63 個影像（已快取）
2026-05-21 14:09:01.8979|eventId: 0|level: INFO|traceId: 00-acf670b1763fb7253f8a2d7f90755d21-e0ff806bb77c1795-00|logger: AIRS.Core.Helpers.ZfpOracleDbHelper|message: GetImageKey(studyInstanceUid: 1.2.840.192741192620116023140810067713017078213, seriesInstanceUid: 1.2.840.66120190272382141921581501684383220150117188, sopInstanceUid: 1.2.840.1672527619417430102144758924621911017138209)
2026-05-21 14:09:01.9361|eventId: 3|level: INFO|traceId: 00-acf670b1763fb7253f8a2d7f90755d21-e0ff806bb77c1795-00|logger: Polly|message: Execution attempt. Source: 'OracleResiliencePipeline/(null)/Retry', Operation Key: '', Result: 'NHI_ZFP_Viewer.ImageSources.ImageInfo', Handled: 'False', Attempt: '0', Execution Time: '12.13'
2026-05-21 14:09:01.9435|eventId: 0|level: INFO|traceId: 00-fb7a42f09736b305eecd5d52cf224cee-b25bf70bed827ad8-00|logger: AIRS.Core.Common.LogForgingTools|message: 1779343741943 GetImage() 由 S3 取得 stream，耗時 73 ms.
2026-05-21 14:09:01.9628|eventId: 0|level: INFO|traceId: 00-acf670b1763fb7253f8a2d7f90755d21-e0ff806bb77c1795-00|logger: AIRS.Core.Helpers.ZfpOracleDbHelper|message: GetImageKey = Archived/20221110/1.2.840.192741192620116023140810067713017078213/1.2.840.66120190272382141921581501684383220150117188/1.2.840.1672527619417430102144758924621911017138209.dcm, 45 ms elapsed.
2026-05-21 14:09:01.9760|eventId: 0|level: INFO|traceId: 00-fb7a42f09736b305eecd5d52cf224cee-b25bf70bed827ad8-00|logger: NHI_AI_MedReportViewerWebApi.Services.NhiPatientImageService|message: 成功從 S3 取得影像: 1.2.840.12616626108141226145612452551211257939140140
2026-05-21 14:09:02.0681|eventId: 0|level: INFO|traceId: 00-acf670b1763fb7253f8a2d7f90755d21-e0ff806bb77c1795-00|logger: AIRS.Core.Common.LogForgingTools|message: 1779343742068 GetImage() 由 S3 取得 stream，耗時 82 ms.
2026-05-21 14:09:02.0949|eventId: 0|level: INFO|traceId: 00-acf670b1763fb7253f8a2d7f90755d21-e0ff806bb77c1795-00|logger: NHI_AI_MedReportViewerWebApi.Services.NhiPatientImageService|message: 成功從 S3 取得影像: 1.2.840.1672527619417430102144758924621911017138209
2026-05-21 14:09:03.0397|eventId: 0|level: INFO|traceId: 00-4bab18df737fe90aa52b57ff30191bc0-9129e8192ae6996d-00|logger: AIRS.Core.Helpers.ZfpOracleDbHelper|message: GetImageKey(studyInstanceUid: 1.2.840.2416352115109542171621419312417215215727117, seriesInstanceUid: 1.2.840.14124112241885092206622431362117817919260, sopInstanceUid: 1.2.840.8511310744751203815017342103162371947152)
2026-05-21 14:09:03.0847|eventId: 3|level: INFO|traceId: 00-4bab18df737fe90aa52b57ff30191bc0-9129e8192ae6996d-00|logger: Polly|message: Execution attempt. Source: 'OracleResiliencePipeline/(null)/Retry', Operation Key: '', Result: 'NHI_ZFP_Viewer.ImageSources.ImageInfo', Handled: 'False', Attempt: '0', Execution Time: '12.4222'
2026-05-21 14:09:03.1123|eventId: 0|level: INFO|traceId: 00-4bab18df737fe90aa52b57ff30191bc0-9129e8192ae6996d-00|logger: AIRS.Core.Helpers.ZfpOracleDbHelper|message: GetImageKey = Archived/20220810/1.2.840.2416352115109542171621419312417215215727117/1.2.840.14124112241885092206622431362117817919260/1.2.840.8511310744751203815017342103162371947152.dcm, 49 ms elapsed.
2026-05-21 14:09:03.1688|eventId: 0|level: INFO|traceId: 00-05b0b5603c4e96e52e58b1e9250e3790-238fce69601b22ba-00|logger: AIRS.Core.Helpers.ZfpOracleDbHelper|message: GetImageKey(studyInstanceUid: 1.2.840.2416352115109542171621419312417215215727117, seriesInstanceUid: 1.2.840.14124112241885092206622431362117817919260, sopInstanceUid: 1.2.840.1909714424520076158250245237173196202285218)
2026-05-21 14:09:03.2112|eventId: 3|level: INFO|traceId: 00-05b0b5603c4e96e52e58b1e9250e3790-238fce69601b22ba-00|logger: Polly|message: Execution attempt. Source: 'OracleResiliencePipeline/(null)/Retry', Operation Key: '', Result: 'NHI_ZFP_Viewer.ImageSources.ImageInfo', Handled: 'False', Attempt: '0', Execution Time: '12.9935'
2026-05-21 14:09:03.2112|eventId: 0|level: INFO|traceId: 00-4bab18df737fe90aa52b57ff30191bc0-9129e8192ae6996d-00|logger: AIRS.Core.Common.LogForgingTools|message: 1779343743219 GetImage() 由 S3 取得 stream，耗時 79 ms.
2026-05-21 14:09:03.2391|eventId: 0|level: INFO|traceId: 00-05b0b5603c4e96e52e58b1e9250e3790-238fce69601b22ba-00|logger: AIRS.Core.Helpers.ZfpOracleDbHelper|message: GetImageKey = Archived/20220810/1.2.840.2416352115109542171621419312417215215727117/1.2.840.14124112241885092206622431362117817919260/1.2.840.1909714424520076158250245237173196202285218.dcm, 48 ms elapsed.
2026-05-21 14:09:03.2391|eventId: 0|level: INFO|traceId: 00-4bab18df737fe90aa52b57ff30191bc0-9129e8192ae6996d-00|logger: NHI_AI_MedReportViewerWebApi.Services.NhiPatientImageService|message: 成功從 S3 取得影像: 1.2.840.8511310744751203815017342103162371947152
2026-05-21 14:09:03.3373|eventId: 0|level: INFO|traceId: 00-05b0b5603c4e96e52e58b1e9250e3790-238fce69601b22ba-00|logger: AIRS.Core.Common.LogForgingTools|message: 1779343743337 GetImage() 由 S3 取得 stream，耗時 72 ms.
2026-05-21 14:09:03.3629|eventId: 0|level: INFO|traceId: 00-05b0b5603c4e96e52e58b1e9250e3790-238fce69601b22ba-00|logger: NHI_AI_MedReportViewerWebApi.Services.NhiPatientImageService|message: 成功從 S3 取得影像: 1.2.840.1909714424520076158250245237173196202285218
2026-05-21 14:09:03.3811|eventId: 0|level: INFO|traceId: 00-18e860ab20e4978b23a06279b1c0a967-238aadabdb0b59d1-00|logger: AIRS.Core.Helpers.ZfpOracleDbHelper|message: GetImageKey(studyInstanceUid: 1.2.840.2416352115109542171621419312417215215727117, seriesInstanceUid: 1.2.840.14124112241885092206622431362117817919260, sopInstanceUid: 1.2.840.51891719257221178150812163669107877943)
2026-05-21 14:09:03.4173|eventId: 3|level: INFO|traceId: 00-18e860ab20e4978b23a06279b1c0a967-238aadabdb0b59d1-00|logger: Polly|message: Execution attempt. Source: 'OracleResiliencePipeline/(null)/Retry', Operation Key: '', Result: 'NHI_ZFP_Viewer.ImageSources.ImageInfo', Handled: 'False', Attempt: '0', Execution Time: '13.9877'
2026-05-21 14:09:03.4464|eventId: 0|level: INFO|traceId: 00-18e860ab20e4978b23a06279b1c0a967-238aadabdb0b59d1-00|logger: AIRS.Core.Helpers.ZfpOracleDbHelper|message: GetImageKey = Archived/20220810/1.2.840.2416352115109542171621419312417215215727117/1.2.840.14124112241885092206622431362117817919260/1.2.840.51891719257221178150812163669107877943.dcm, 51 ms elapsed.
2026-05-21 14:09:03.5413|eventId: 0|level: INFO|traceId: 00-18e860ab20e4978b23a06279b1c0a967-238aadabdb0b59d1-00|logger: AIRS.Core.Common.LogForgingTools|message: 1779343743541 GetImage() 由 S3 取得 stream，耗時 71 ms.
2026-05-21 14:09:03.5699|eventId: 0|level: INFO|traceId: 00-18e860ab20e4978b23a06279b1c0a967-238aadabdb0b59d1-00|logger: NHI_AI_MedReportViewerWebApi.Services.NhiPatientImageService|message: 成功從 S3 取得影像: 1.2.840.51891719257221178150812163669107877943
2026-05-21 14:09:03.9328|eventId: 0|level: INFO|traceId: 00-aa71d6c3e424ef40b222a73d532eb998-12a165a84964f4ec-00|logger: AIRS.Core.Helpers.ZfpOracleDbHelper|message: GetImageKey(studyInstanceUid: 1.2.840.2416352115109542171621419312417215215727117, seriesInstanceUid: 1.2.840.14124112241885092206622431362117817919260, sopInstanceUid: 1.2.840.122372491722121617771102192081436923422812)
2026-05-21 14:09:03.9775|eventId: 3|level: INFO|traceId: 00-aa71d6c3e424ef40b222a73d532eb998-12a165a84964f4ec-00|logger: Polly|message: Execution attempt. Source: 'OracleResiliencePipeline/(null)/Retry', Operation Key: '', Result: 'NHI_ZFP_Viewer.ImageSources.ImageInfo', Handled: 'False', Attempt: '0', Execution Time: '11.9932'
2026-05-21 14:09:04.0111|eventId: 0|level: INFO|traceId: 00-aa71d6c3e424ef40b222a73d532eb998-12a165a84964f4ec-00|logger: AIRS.Core.Helpers.ZfpOracleDbHelper|message: GetImageKey = Archived/20220810/1.2.840.2416352115109542171621419312417215215727117/1.2.840.14124112241885092206622431362117817919260/1.2.840.122372491722121617771102192081436923422812.dcm, 49 ms elapsed.
2026-05-21 14:09:04.0111|eventId: 0|level: INFO|traceId: 00-71ba446b87db9aaeab23586801a45ffa-2266beedf09c3253-00|logger: AIRS.Core.Helpers.ZfpOracleDbHelper|message: GetImageKey(studyInstanceUid: 1.2.840.2416352115109542171621419312417215215727117, seriesInstanceUid: 1.2.840.14124112241885092206622431362117817919260, sopInstanceUid: 1.2.840.2261216262254161911541031413423660157121141)
2026-05-21 14:09:04.0651|eventId: 3|level: INFO|traceId: 00-71ba446b87db9aaeab23586801a45ffa-2266beedf09c3253-00|logger: Polly|message: Execution attempt. Source: 'OracleResiliencePipeline/(null)/Retry', Operation Key: '', Result: 'NHI_ZFP_Viewer.ImageSources.ImageInfo', Handled: 'False', Attempt: '0', Execution Time: '14.7938'
2026-05-21 14:09:04.0897|eventId: 0|level: INFO|traceId: 00-71ba446b87db9aaeab23586801a45ffa-2266beedf09c3253-00|logger: AIRS.Core.Helpers.ZfpOracleDbHelper|message: GetImageKey = Archived/20220810/1.2.840.2416352115109542171621419312417215215727117/1.2.840.14124112241885092206622431362117817919260/1.2.840.2261216262254161911541031413423660157121141.dcm, 46 ms elapsed.
2026-05-21 14:09:04.1102|eventId: 0|level: INFO|traceId: 00-aa71d6c3e424ef40b222a73d532eb998-12a165a84964f4ec-00|logger: AIRS.Core.Common.LogForgingTools|message: 1779343744110 GetImage() 由 S3 取得 stream，耗時 74 ms.
2026-05-21 14:09:04.1329|eventId: 0|level: INFO|traceId: 00-aa71d6c3e424ef40b222a73d532eb998-12a165a84964f4ec-00|logger: NHI_AI_MedReportViewerWebApi.Services.NhiPatientImageService|message: 成功從 S3 取得影像: 1.2.840.122372491722121617771102192081436923422812
2026-05-21 14:09:04.1939|eventId: 0|level: INFO|traceId: 00-71ba446b87db9aaeab23586801a45ffa-2266beedf09c3253-00|logger: AIRS.Core.Common.LogForgingTools|message: 1779343744193 GetImage() 由 S3 取得 stream，耗時 81 ms.
2026-05-21 14:09:04.2187|eventId: 0|level: INFO|traceId: 00-71ba446b87db9aaeab23586801a45ffa-2266beedf09c3253-00|logger: NHI_AI_MedReportViewerWebApi.Services.NhiPatientImageService|message: 成功從 S3 取得影像: 1.2.840.2261216262254161911541031413423660157121141
2026-05-21 14:09:04.2778|eventId: 0|level: INFO|traceId: 00-2749d65dc69344108ab5e27e0132965e-a113f63b1d4e8ba3-00|logger: AIRS.Core.Helpers.ZfpOracleDbHelper|message: GetImageKey(studyInstanceUid: 1.2.840.2416352115109542171621419312417215215727117, seriesInstanceUid: 1.2.840.14124112241885092206622431362117817919260, sopInstanceUid: 1.2.840.19516516248251219226116155206194384222492165)
2026-05-21 14:09:04.3181|eventId: 3|level: INFO|traceId: 00-2749d65dc69344108ab5e27e0132965e-a113f63b1d4e8ba3-00|logger: Polly|message: Execution attempt. Source: 'OracleResiliencePipeline/(null)/Retry', Operation Key: '', Result: 'NHI_ZFP_Viewer.ImageSources.ImageInfo', Handled: 'False', Attempt: '0', Execution Time: '12.7534'
2026-05-21 14:09:04.3535|eventId: 0|level: INFO|traceId: 00-2749d65dc69344108ab5e27e0132965e-a113f63b1d4e8ba3-00|logger: AIRS.Core.Helpers.ZfpOracleDbHelper|message: GetImageKey = Archived/20220810/1.2.840.2416352115109542171621419312417215215727117/1.2.840.14124112241885092206622431362117817919260/1.2.840.19516516248251219226116155206194384222492165.dcm, 51 ms elapsed.
2026-05-21 14:09:04.4525|eventId: 0|level: INFO|traceId: 00-2749d65dc69344108ab5e27e0132965e-a113f63b1d4e8ba3-00|logger: AIRS.Core.Common.LogForgingTools|message: 1779343744452 GetImage() 由 S3 取得 stream，耗時 72 ms.
2026-05-21 14:09:04.4766|eventId: 0|level: INFO|traceId: 00-2749d65dc69344108ab5e27e0132965e-a113f63b1d4e8ba3-00|logger: NHI_AI_MedReportViewerWebApi.Services.NhiPatientImageService|message: 成功從 S3 取得影像: 1.2.840.19516516248251219226116155206194384222492165
2026-05-21 14:09:04.5796|eventId: 0|level: INFO|traceId: 00-adc2b733be52c956125e461537e6ffd2-47813db651fcc523-00|logger: AIRS.Core.Helpers.ZfpOracleDbHelper|message: GetImageKey(studyInstanceUid: 1.2.840.2416352115109542171621419312417215215727117, seriesInstanceUid: 1.2.840.14124112241885092206622431362117817919260, sopInstanceUid: 1.2.840.22013333912078712617558768511018100138222)
2026-05-21 14:09:04.6267|eventId: 3|level: INFO|traceId: 00-adc2b733be52c956125e461537e6ffd2-47813db651fcc523-00|logger: Polly|message: Execution attempt. Source: 'OracleResiliencePipeline/(null)/Retry', Operation Key: '', Result: 'NHI_ZFP_Viewer.ImageSources.ImageInfo', Handled: 'False', Attempt: '0', Execution Time: '16.3554'
2026-05-21 14:09:04.6559|eventId: 0|level: INFO|traceId: 00-adc2b733be52c956125e461537e6ffd2-47813db651fcc523-00|logger: AIRS.Core.Helpers.ZfpOracleDbHelper|message: GetImageKey = Archived/20220810/1.2.840.2416352115109542171621419312417215215727117/1.2.840.14124112241885092206622431362117817919260/1.2.840.22013333912078712617558768511018100138222.dcm, 55 ms elapsed.
2026-05-21 14:09:04.7603|eventId: 0|level: INFO|traceId: 00-adc2b733be52c956125e461537e6ffd2-47813db651fcc523-00|logger: AIRS.Core.Common.LogForgingTools|message: 1779343744760 GetImage() 由 S3 取得 stream，耗時 75 ms.
2026-05-21 14:09:04.7843|eventId: 0|level: INFO|traceId: 00-adc2b733be52c956125e461537e6ffd2-47813db651fcc523-00|logger: NHI_AI_MedReportViewerWebApi.Services.NhiPatientImageService|message: 成功從 S3 取得影像: 1.2.840.22013333912078712617558768511018100138222
2026-05-21 14:09:04.9249|eventId: 0|level: INFO|traceId: 00-6c0e730682bd4387f4537aedc8fd6559-77de6deef3a4badc-00|logger: AIRS.Core.Helpers.ZfpOracleDbHelper|message: GetImageKey(studyInstanceUid: 1.2.840.2416352115109542171621419312417215215727117, seriesInstanceUid: 1.2.840.14124112241885092206622431362117817919260, sopInstanceUid: 1.2.840.182101301491541852311304701112394418214353)
2026-05-21 14:09:04.9678|eventId: 3|level: INFO|traceId: 00-6c0e730682bd4387f4537aedc8fd6559-77de6deef3a4badc-00|logger: Polly|message: Execution attempt. Source: 'OracleResiliencePipeline/(null)/Retry', Operation Key: '', Result: 'NHI_ZFP_Viewer.ImageSources.ImageInfo', Handled: 'False', Attempt: '0', Execution Time: '12.9551'
2026-05-21 14:09:04.9962|eventId: 0|level: INFO|traceId: 00-6c0e730682bd4387f4537aedc8fd6559-77de6deef3a4badc-00|logger: AIRS.Core.Helpers.ZfpOracleDbHelper|message: GetImageKey = Archived/20220810/1.2.840.2416352115109542171621419312417215215727117/1.2.840.14124112241885092206622431362117817919260/1.2.840.182101301491541852311304701112394418214353.dcm, 49 ms elapsed.
2026-05-21 14:09:05.0964|eventId: 0|level: INFO|traceId: 00-6c0e730682bd4387f4537aedc8fd6559-77de6deef3a4badc-00|logger: AIRS.Core.Common.LogForgingTools|message: 1779343745096 GetImage() 由 S3 取得 stream，耗時 72 ms.
2026-05-21 14:09:05.1241|eventId: 0|level: INFO|traceId: 00-6c0e730682bd4387f4537aedc8fd6559-77de6deef3a4badc-00|logger: NHI_AI_MedReportViewerWebApi.Services.NhiPatientImageService|message: 成功從 S3 取得影像: 1.2.840.182101301491541852311304701112394418214353
2026-05-21 14:09:05.2983|eventId: 0|level: INFO|traceId: 00-6ef7d5a8aa54edabd3918f1b4e0cc428-ee01aa338d4ac83c-00|logger: AIRS.Core.Helpers.ZfpOracleDbHelper|message: GetImageKey(studyInstanceUid: 1.2.840.192741192620116023140810067713017078213, seriesInstanceUid: 1.2.840.66120190272382141921581501684383220150117188, sopInstanceUid: 1.2.840.91572051001271747905924487166100353696)
2026-05-21 14:09:05.3427|eventId: 3|level: INFO|traceId: 00-6ef7d5a8aa54edabd3918f1b4e0cc428-ee01aa338d4ac83c-00|logger: Polly|message: Execution attempt. Source: 'OracleResiliencePipeline/(null)/Retry', Operation Key: '', Result: 'NHI_ZFP_Viewer.ImageSources.ImageInfo', Handled: 'False', Attempt: '0', Execution Time: '12.2888'
2026-05-21 14:09:05.3719|eventId: 0|level: INFO|traceId: 00-6ef7d5a8aa54edabd3918f1b4e0cc428-ee01aa338d4ac83c-00|logger: AIRS.Core.Helpers.ZfpOracleDbHelper|message: GetImageKey = Archived/20221110/1.2.840.192741192620116023140810067713017078213/1.2.840.66120190272382141921581501684383220150117188/1.2.840.91572051001271747905924487166100353696.dcm, 51 ms elapsed.
2026-05-21 14:09:05.4912|eventId: 0|level: INFO|traceId: 00-6ef7d5a8aa54edabd3918f1b4e0cc428-ee01aa338d4ac83c-00|logger: AIRS.Core.Common.LogForgingTools|message: 1779343745491 GetImage() 由 S3 取得 stream，耗時 89 ms.
2026-05-21 14:09:05.5157|eventId: 0|level: INFO|traceId: 00-6ef7d5a8aa54edabd3918f1b4e0cc428-ee01aa338d4ac83c-00|logger: NHI_AI_MedReportViewerWebApi.Services.NhiPatientImageService|message: 成功從 S3 取得影像: 1.2.840.91572051001271747905924487166100353696
2026-05-21 14:09:05.5398|eventId: 0|level: INFO|traceId: 00-3f067d3037e92d72f24db9f99a76e4f6-9d558756d56db471-00|logger: AIRS.Core.Helpers.ZfpOracleDbHelper|message: GetImageKey(studyInstanceUid: 1.2.840.192741192620116023140810067713017078213, seriesInstanceUid: 1.2.840.66120190272382141921581501684383220150117188, sopInstanceUid: 1.2.840.7316117829180241273622221515655354153195)
2026-05-21 14:09:05.5814|eventId: 3|level: INFO|traceId: 00-3f067d3037e92d72f24db9f99a76e4f6-9d558756d56db471-00|logger: Polly|message: Execution attempt. Source: 'OracleResiliencePipeline/(null)/Retry', Operation Key: '', Result: 'NHI_ZFP_Viewer.ImageSources.ImageInfo', Handled: 'False', Attempt: '0', Execution Time: '14.8443'
2026-05-21 14:09:05.6104|eventId: 0|level: INFO|traceId: 00-3f067d3037e92d72f24db9f99a76e4f6-9d558756d56db471-00|logger: AIRS.Core.Helpers.ZfpOracleDbHelper|message: GetImageKey = Archived/20221110/1.2.840.192741192620116023140810067713017078213/1.2.840.66120190272382141921581501684383220150117188/1.2.840.7316117829180241273622221515655354153195.dcm, 52 ms elapsed.
2026-05-21 14:09:05.6981|eventId: 0|level: INFO|traceId: 00-3f067d3037e92d72f24db9f99a76e4f6-9d558756d56db471-00|logger: AIRS.Core.Common.LogForgingTools|message: 1779343745698 GetImage() 由 S3 取得 stream，耗時 61 ms.
2026-05-21 14:09:05.7231|eventId: 0|level: INFO|traceId: 00-3f067d3037e92d72f24db9f99a76e4f6-9d558756d56db471-00|logger: NHI_AI_MedReportViewerWebApi.Services.NhiPatientImageService|message: 成功從 S3 取得影像: 1.2.840.7316117829180241273622221515655354153195
2026-05-21 14:09:05.7523|eventId: 0|level: INFO|traceId: 00-3bbf3cbeef5a0344703196beb95215d1-a087bc26401ba40b-00|logger: AIRS.Core.Helpers.ZfpOracleDbHelper|message: GetImageKey(studyInstanceUid: 1.2.840.192741192620116023140810067713017078213, seriesInstanceUid: 1.2.840.66120190272382141921581501684383220150117188, sopInstanceUid: 1.2.840.11520924225385592520244190196212135136968)
2026-05-21 14:09:05.7919|eventId: 3|level: INFO|traceId: 00-3bbf3cbeef5a0344703196beb95215d1-a087bc26401ba40b-00|logger: Polly|message: Execution attempt. Source: 'OracleResiliencePipeline/(null)/Retry', Operation Key: '', Result: 'NHI_ZFP_Viewer.ImageSources.ImageInfo', Handled: 'False', Attempt: '0', Execution Time: '13.6545'
2026-05-21 14:09:05.8221|eventId: 0|level: INFO|traceId: 00-1514733a574638fb404aea2c348c240c-852ee1e0b33519b8-00|logger: AIRS.Core.Helpers.ZfpOracleDbHelper|message: GetImageKey(studyInstanceUid: 1.2.840.192741192620116023140810067713017078213, seriesInstanceUid: 1.2.840.66120190272382141921581501684383220150117188, sopInstanceUid: 1.2.840.1251103724489193762417915610916076679)
2026-05-21 14:09:05.8221|eventId: 0|level: INFO|traceId: 00-3bbf3cbeef5a0344703196beb95215d1-a087bc26401ba40b-00|logger: AIRS.Core.Helpers.ZfpOracleDbHelper|message: GetImageKey = Archived/20221110/1.2.840.192741192620116023140810067713017078213/1.2.840.66120190272382141921581501684383220150117188/1.2.840.11520924225385592520244190196212135136968.dcm, 55 ms elapsed.
2026-05-21 14:09:05.8669|eventId: 3|level: INFO|traceId: 00-1514733a574638fb404aea2c348c240c-852ee1e0b33519b8-00|logger: Polly|message: Execution attempt. Source: 'OracleResiliencePipeline/(null)/Retry', Operation Key: '', Result: 'NHI_ZFP_Viewer.ImageSources.ImageInfo', Handled: 'False', Attempt: '0', Execution Time: '16.9852'
2026-05-21 14:09:05.8979|eventId: 0|level: INFO|traceId: 00-1514733a574638fb404aea2c348c240c-852ee1e0b33519b8-00|logger: AIRS.Core.Helpers.ZfpOracleDbHelper|message: GetImageKey = Archived/20221110/1.2.840.192741192620116023140810067713017078213/1.2.840.66120190272382141921581501684383220150117188/1.2.840.1251103724489193762417915610916076679.dcm, 51 ms elapsed.
2026-05-21 14:09:05.9174|eventId: 0|level: INFO|traceId: 00-3bbf3cbeef5a0344703196beb95215d1-a087bc26401ba40b-00|logger: AIRS.Core.Common.LogForgingTools|message: 1779343745928 GetImage() 由 S3 取得 stream，耗時 69 ms.
2026-05-21 14:09:05.9473|eventId: 0|level: INFO|traceId: 00-3bbf3cbeef5a0344703196beb95215d1-a087bc26401ba40b-00|logger: NHI_AI_MedReportViewerWebApi.Services.NhiPatientImageService|message: 成功從 S3 取得影像: 1.2.840.11520924225385592520244190196212135136968
2026-05-21 14:09:05.9766|eventId: 0|level: INFO|traceId: 00-1514733a574638fb404aea2c348c240c-852ee1e0b33519b8-00|logger: AIRS.Core.Common.LogForgingTools|message: 1779343745976 GetImage() 由 S3 取得 stream，耗時 59 ms.
2026-05-21 14:09:05.9766|eventId: 0|level: INFO|traceId: 00-c5ffc56f373e0dc97471c3a0b20133cc-d05cf0b43949c71e-00|logger: AIRS.Core.Helpers.ZfpOracleDbHelper|message: GetImageKey(studyInstanceUid: 1.2.840.192741192620116023140810067713017078213, seriesInstanceUid: 1.2.840.66120190272382141921581501684383220150117188, sopInstanceUid: 1.2.840.20823920121712525410612514917212134197241156)
2026-05-21 14:09:06.0016|eventId: 0|level: INFO|traceId: 00-1514733a574638fb404aea2c348c240c-852ee1e0b33519b8-00|logger: NHI_AI_MedReportViewerWebApi.Services.NhiPatientImageService|message: 成功從 S3 取得影像: 1.2.840.1251103724489193762417915610916076679
2026-05-21 14:09:06.0318|eventId: 3|level: INFO|traceId: 00-c5ffc56f373e0dc97471c3a0b20133cc-d05cf0b43949c71e-00|logger: Polly|message: Execution attempt. Source: 'OracleResiliencePipeline/(null)/Retry', Operation Key: '', Result: 'NHI_ZFP_Viewer.ImageSources.ImageInfo', Handled: 'False', Attempt: '0', Execution Time: '15.8452'
2026-05-21 14:09:06.0584|eventId: 0|level: INFO|traceId: 00-c5ffc56f373e0dc97471c3a0b20133cc-d05cf0b43949c71e-00|logger: AIRS.Core.Helpers.ZfpOracleDbHelper|message: GetImageKey = Archived/20221110/1.2.840.192741192620116023140810067713017078213/1.2.840.66120190272382141921581501684383220150117188/1.2.840.20823920121712525410612514917212134197241156.dcm, 50 ms elapsed.
2026-05-21 14:09:06.1573|eventId: 0|level: INFO|traceId: 00-c5ffc56f373e0dc97471c3a0b20133cc-d05cf0b43949c71e-00|logger: AIRS.Core.Common.LogForgingTools|message: 1779343746157 GetImage() 由 S3 取得 stream，耗時 74 ms.
2026-05-21 14:09:06.1848|eventId: 0|level: INFO|traceId: 00-c5ffc56f373e0dc97471c3a0b20133cc-d05cf0b43949c71e-00|logger: NHI_AI_MedReportViewerWebApi.Services.NhiPatientImageService|message: 成功從 S3 取得影像: 1.2.840.20823920121712525410612514917212134197241156
2026-05-21 14:09:10.2321|eventId: 0|level: INFO|traceId: 00-4dcf339ab5ca90b0fa40fdd44344261b-a065903845167ffd-00|logger: AIRS.Core.Helpers.ZfpOracleDbHelper|message: GetImageKey(studyInstanceUid: 1.2.840.192741192620116023140810067713017078213, seriesInstanceUid: 1.2.840.66120190272382141921581501684383220150117188, sopInstanceUid: 1.2.840.24324321581151559615724330642044177181162)
2026-05-21 14:09:10.2796|eventId: 3|level: INFO|traceId: 00-4dcf339ab5ca90b0fa40fdd44344261b-a065903845167ffd-00|logger: Polly|message: Execution attempt. Source: 'OracleResiliencePipeline/(null)/Retry', Operation Key: '', Result: 'NHI_ZFP_Viewer.ImageSources.ImageInfo', Handled: 'False', Attempt: '0', Execution Time: '13.1911'
2026-05-21 14:09:10.3105|eventId: 0|level: INFO|traceId: 00-4dcf339ab5ca90b0fa40fdd44344261b-a065903845167ffd-00|logger: AIRS.Core.Helpers.ZfpOracleDbHelper|message: GetImageKey = Archived/20221110/1.2.840.192741192620116023140810067713017078213/1.2.840.66120190272382141921581501684383220150117188/1.2.840.24324321581151559615724330642044177181162.dcm, 53 ms elapsed.
2026-05-21 14:09:10.4023|eventId: 0|level: INFO|traceId: 00-4dcf339ab5ca90b0fa40fdd44344261b-a065903845167ffd-00|logger: AIRS.Core.Common.LogForgingTools|message: 1779343750402 GetImage() 由 S3 取得 stream，耗時 63 ms.
2026-05-21 14:09:10.4298|eventId: 0|level: INFO|traceId: 00-4dcf339ab5ca90b0fa40fdd44344261b-a065903845167ffd-00|logger: NHI_AI_MedReportViewerWebApi.Services.NhiPatientImageService|message: 成功從 S3 取得影像: 1.2.840.24324321581151559615724330642044177181162
2026-05-21 14:09:10.5471|eventId: 0|level: INFO|traceId: 00-782389ef23568eb44614e66da1274c46-3a76fe67cba11601-00|logger: AIRS.Core.Helpers.ZfpOracleDbHelper|message: GetImageKey(studyInstanceUid: 1.2.840.192741192620116023140810067713017078213, seriesInstanceUid: 1.2.840.66120190272382141921581501684383220150117188, sopInstanceUid: 1.2.840.29135104178781312167418220111210498253237106)
2026-05-21 14:09:10.5937|eventId: 3|level: INFO|traceId: 00-782389ef23568eb44614e66da1274c46-3a76fe67cba11601-00|logger: Polly|message: Execution attempt. Source: 'OracleResiliencePipeline/(null)/Retry', Operation Key: '', Result: 'NHI_ZFP_Viewer.ImageSources.ImageInfo', Handled: 'False', Attempt: '0', Execution Time: '12.9713'
2026-05-21 14:09:10.6325|eventId: 0|level: INFO|traceId: 00-782389ef23568eb44614e66da1274c46-3a76fe67cba11601-00|logger: AIRS.Core.Helpers.ZfpOracleDbHelper|message: GetImageKey = Archived/20221110/1.2.840.192741192620116023140810067713017078213/1.2.840.66120190272382141921581501684383220150117188/1.2.840.29135104178781312167418220111210498253237106.dcm, 56 ms elapsed.
2026-05-21 14:09:10.7209|eventId: 0|level: INFO|traceId: 00-b2c1e8dd729377c6148e5183bd43471f-a2c9439b0c580ef6-00|logger: AIRS.Core.Helpers.ZfpOracleDbHelper|message: GetImageKey(studyInstanceUid: 1.2.840.192741192620116023140810067713017078213, seriesInstanceUid: 1.2.840.66120190272382141921581501684383220150117188, sopInstanceUid: 1.2.840.2371597364157561222102244100227571836061)
2026-05-21 14:09:10.7298|eventId: 0|level: INFO|traceId: 00-782389ef23568eb44614e66da1274c46-3a76fe67cba11601-00|logger: AIRS.Core.Common.LogForgingTools|message: 1779343750729 GetImage() 由 S3 取得 stream，耗時 73 ms.
2026-05-21 14:09:10.7588|eventId: 0|level: INFO|traceId: 00-782389ef23568eb44614e66da1274c46-3a76fe67cba11601-00|logger: NHI_AI_MedReportViewerWebApi.Services.NhiPatientImageService|message: 成功從 S3 取得影像: 1.2.840.29135104178781312167418220111210498253237106
2026-05-21 14:09:10.7588|eventId: 3|level: INFO|traceId: 00-b2c1e8dd729377c6148e5183bd43471f-a2c9439b0c580ef6-00|logger: Polly|message: Execution attempt. Source: 'OracleResiliencePipeline/(null)/Retry', Operation Key: '', Result: 'NHI_ZFP_Viewer.ImageSources.ImageInfo', Handled: 'False', Attempt: '0', Execution Time: '12.6747'
2026-05-21 14:09:10.7970|eventId: 0|level: INFO|traceId: 00-b2c1e8dd729377c6148e5183bd43471f-a2c9439b0c580ef6-00|logger: AIRS.Core.Helpers.ZfpOracleDbHelper|message: GetImageKey = Archived/20221110/1.2.840.192741192620116023140810067713017078213/1.2.840.66120190272382141921581501684383220150117188/1.2.840.2371597364157561222102244100227571836061.dcm, 53 ms elapsed.
2026-05-21 14:09:10.9066|eventId: 0|level: INFO|traceId: 00-b2c1e8dd729377c6148e5183bd43471f-a2c9439b0c580ef6-00|logger: AIRS.Core.Common.LogForgingTools|message: 1779343750906 GetImage() 由 S3 取得 stream，耗時 82 ms.
2026-05-21 14:09:10.9326|eventId: 0|level: INFO|traceId: 00-b2c1e8dd729377c6148e5183bd43471f-a2c9439b0c580ef6-00|logger: NHI_AI_MedReportViewerWebApi.Services.NhiPatientImageService|message: 成功從 S3 取得影像: 1.2.840.2371597364157561222102244100227571836061
2026-05-21 14:09:11.0182|eventId: 0|level: INFO|traceId: 00-b35ab07781565c3c9eee400e40a2c7f9-03c6ffdc9faecfa2-00|logger: AIRS.Core.Helpers.ZfpOracleDbHelper|message: GetImageKey(studyInstanceUid: 1.2.840.192741192620116023140810067713017078213, seriesInstanceUid: 1.2.840.66120190272382141921581501684383220150117188, sopInstanceUid: 1.2.840.176441061251702361926013412716812310216259239)
2026-05-21 14:09:11.0662|eventId: 3|level: INFO|traceId: 00-b35ab07781565c3c9eee400e40a2c7f9-03c6ffdc9faecfa2-00|logger: Polly|message: Execution attempt. Source: 'OracleResiliencePipeline/(null)/Retry', Operation Key: '', Result: 'NHI_ZFP_Viewer.ImageSources.ImageInfo', Handled: 'False', Attempt: '0', Execution Time: '18.6502'
2026-05-21 14:09:11.1033|eventId: 0|level: INFO|traceId: 00-b35ab07781565c3c9eee400e40a2c7f9-03c6ffdc9faecfa2-00|logger: AIRS.Core.Helpers.ZfpOracleDbHelper|message: GetImageKey = Archived/20221110/1.2.840.192741192620116023140810067713017078213/1.2.840.66120190272382141921581501684383220150117188/1.2.840.176441061251702361926013412716812310216259239.dcm, 59 ms elapsed.
2026-05-21 14:09:11.2090|eventId: 0|level: INFO|traceId: 00-b35ab07781565c3c9eee400e40a2c7f9-03c6ffdc9faecfa2-00|logger: AIRS.Core.Common.LogForgingTools|message: 1779343751209 GetImage() 由 S3 取得 stream，耗時 83 ms.
2026-05-21 14:09:11.2378|eventId: 0|level: INFO|traceId: 00-b35ab07781565c3c9eee400e40a2c7f9-03c6ffdc9faecfa2-00|logger: NHI_AI_MedReportViewerWebApi.Services.NhiPatientImageService|message: 成功從 S3 取得影像: 1.2.840.176441061251702361926013412716812310216259239
2026-05-21 14:09:11.3557|eventId: 0|level: INFO|traceId: 00-57bc472bc82f18465b7795baf4ff41ad-07ef550c9b972dd1-00|logger: AIRS.Core.Helpers.ZfpOracleDbHelper|message: GetImageKey(studyInstanceUid: 1.2.840.192741192620116023140810067713017078213, seriesInstanceUid: 1.2.840.66120190272382141921581501684383220150117188, sopInstanceUid: 1.2.840.1611072277015198749157818220355179177138)
2026-05-21 14:09:11.4040|eventId: 3|level: INFO|traceId: 00-57bc472bc82f18465b7795baf4ff41ad-07ef550c9b972dd1-00|logger: Polly|message: Execution attempt. Source: 'OracleResiliencePipeline/(null)/Retry', Operation Key: '', Result: 'NHI_ZFP_Viewer.ImageSources.ImageInfo', Handled: 'False', Attempt: '0', Execution Time: '16.7494'
2026-05-21 14:09:11.4368|eventId: 0|level: INFO|traceId: 00-57bc472bc82f18465b7795baf4ff41ad-07ef550c9b972dd1-00|logger: AIRS.Core.Helpers.ZfpOracleDbHelper|message: GetImageKey = Archived/20221110/1.2.840.192741192620116023140810067713017078213/1.2.840.66120190272382141921581501684383220150117188/1.2.840.1611072277015198749157818220355179177138.dcm, 59 ms elapsed.
2026-05-21 14:09:11.5336|eventId: 0|level: INFO|traceId: 00-57bc472bc82f18465b7795baf4ff41ad-07ef550c9b972dd1-00|logger: AIRS.Core.Common.LogForgingTools|message: 1779343751533 GetImage() 由 S3 取得 stream，耗時 67 ms.
2026-05-21 14:09:11.5594|eventId: 0|level: INFO|traceId: 00-57bc472bc82f18465b7795baf4ff41ad-07ef550c9b972dd1-00|logger: NHI_AI_MedReportViewerWebApi.Services.NhiPatientImageService|message: 成功從 S3 取得影像: 1.2.840.1611072277015198749157818220355179177138
2026-05-21 14:09:11.6231|eventId: 0|level: INFO|traceId: 00-c16e8827149683db3e5b5f3473e62244-1da4a0393c91281f-00|logger: AIRS.Core.Helpers.ZfpOracleDbHelper|message: GetImageKey(studyInstanceUid: 1.2.840.192741192620116023140810067713017078213, seriesInstanceUid: 1.2.840.66120190272382141921581501684383220150117188, sopInstanceUid: 1.2.840.18346240478714116479235692221728899174100)
2026-05-21 14:09:11.6665|eventId: 3|level: INFO|traceId: 00-c16e8827149683db3e5b5f3473e62244-1da4a0393c91281f-00|logger: Polly|message: Execution attempt. Source: 'OracleResiliencePipeline/(null)/Retry', Operation Key: '', Result: 'NHI_ZFP_Viewer.ImageSources.ImageInfo', Handled: 'False', Attempt: '0', Execution Time: '13.9492'
2026-05-21 14:09:11.6920|eventId: 0|level: INFO|traceId: 00-c16e8827149683db3e5b5f3473e62244-1da4a0393c91281f-00|logger: AIRS.Core.Helpers.ZfpOracleDbHelper|message: GetImageKey = Archived/20221110/1.2.840.192741192620116023140810067713017078213/1.2.840.66120190272382141921581501684383220150117188/1.2.840.18346240478714116479235692221728899174100.dcm, 47 ms elapsed.
2026-05-21 14:09:11.7160|eventId: 0|level: INFO|traceId: 00-584c4e09d751841b8a5ccdc1a27fffa4-14c76022c55c4d9e-00|logger: AIRS.Core.Helpers.ZfpOracleDbHelper|message: GetImageKey(studyInstanceUid: 1.2.840.192741192620116023140810067713017078213, seriesInstanceUid: 1.2.840.66120190272382141921581501684383220150117188, sopInstanceUid: 1.2.840.7211222315410062519929842352016721177199)
2026-05-21 14:09:11.7547|eventId: 3|level: INFO|traceId: 00-584c4e09d751841b8a5ccdc1a27fffa4-14c76022c55c4d9e-00|logger: Polly|message: Execution attempt. Source: 'OracleResiliencePipeline/(null)/Retry', Operation Key: '', Result: 'NHI_ZFP_Viewer.ImageSources.ImageInfo', Handled: 'False', Attempt: '0', Execution Time: '18.8398'
2026-05-21 14:09:11.7837|eventId: 0|level: INFO|traceId: 00-c16e8827149683db3e5b5f3473e62244-1da4a0393c91281f-00|logger: AIRS.Core.Common.LogForgingTools|message: 1779343751786 GetImage() 由 S3 取得 stream，耗時 68 ms.
2026-05-21 14:09:11.7837|eventId: 0|level: INFO|traceId: 00-584c4e09d751841b8a5ccdc1a27fffa4-14c76022c55c4d9e-00|logger: AIRS.Core.Helpers.ZfpOracleDbHelper|message: GetImageKey = Archived/20221110/1.2.840.192741192620116023140810067713017078213/1.2.840.66120190272382141921581501684383220150117188/1.2.840.7211222315410062519929842352016721177199.dcm, 56 ms elapsed.
2026-05-21 14:09:11.8106|eventId: 0|level: INFO|traceId: 00-c16e8827149683db3e5b5f3473e62244-1da4a0393c91281f-00|logger: NHI_AI_MedReportViewerWebApi.Services.NhiPatientImageService|message: 成功從 S3 取得影像: 1.2.840.18346240478714116479235692221728899174100
2026-05-21 14:09:11.8106|eventId: 0|level: INFO|traceId: 00-43415ac52b5f541630061405cec3d174-30034fc9f5deccac-00|logger: AIRS.Core.Helpers.ZfpOracleDbHelper|message: GetImageKey(studyInstanceUid: 1.2.840.192741192620116023140810067713017078213, seriesInstanceUid: 1.2.840.66120190272382141921581501684383220150117188, sopInstanceUid: 1.2.840.13512922323294117149250101471561371729557)
2026-05-21 14:09:11.8573|eventId: 3|level: INFO|traceId: 00-43415ac52b5f541630061405cec3d174-30034fc9f5deccac-00|logger: Polly|message: Execution attempt. Source: 'OracleResiliencePipeline/(null)/Retry', Operation Key: '', Result: 'NHI_ZFP_Viewer.ImageSources.ImageInfo', Handled: 'False', Attempt: '0', Execution Time: '12.4828'
2026-05-21 14:09:11.8864|eventId: 0|level: INFO|traceId: 00-43415ac52b5f541630061405cec3d174-30034fc9f5deccac-00|logger: AIRS.Core.Helpers.ZfpOracleDbHelper|message: GetImageKey = Archived/20221110/1.2.840.192741192620116023140810067713017078213/1.2.840.66120190272382141921581501684383220150117188/1.2.840.13512922323294117149250101471561371729557.dcm, 43 ms elapsed.
2026-05-21 14:09:11.8864|eventId: 0|level: INFO|traceId: 00-584c4e09d751841b8a5ccdc1a27fffa4-14c76022c55c4d9e-00|logger: AIRS.Core.Common.LogForgingTools|message: 1779343751891 GetImage() 由 S3 取得 stream，耗時 67 ms.
2026-05-21 14:09:11.9211|eventId: 0|level: INFO|traceId: 00-584c4e09d751841b8a5ccdc1a27fffa4-14c76022c55c4d9e-00|logger: NHI_AI_MedReportViewerWebApi.Services.NhiPatientImageService|message: 成功從 S3 取得影像: 1.2.840.7211222315410062519929842352016721177199
2026-05-21 14:09:11.9734|eventId: 0|level: INFO|traceId: 00-43415ac52b5f541630061405cec3d174-30034fc9f5deccac-00|logger: AIRS.Core.Common.LogForgingTools|message: 1779343751973 GetImage() 由 S3 取得 stream，耗時 64 ms.
2026-05-21 14:09:12.0008|eventId: 0|level: INFO|traceId: 00-43415ac52b5f541630061405cec3d174-30034fc9f5deccac-00|logger: NHI_AI_MedReportViewerWebApi.Services.NhiPatientImageService|message: 成功從 S3 取得影像: 1.2.840.13512922323294117149250101471561371729557
2026-05-21 14:09:12.4495|eventId: 0|level: INFO|traceId: 00-9c73fbdbe3b3d80f4e247ea778102b5d-5421c56a9c75c0a4-00|logger: AIRS.Core.Helpers.ZfpOracleDbHelper|message: GetImageKey(studyInstanceUid: 1.2.840.192741192620116023140810067713017078213, seriesInstanceUid: 1.2.840.66120190272382141921581501684383220150117188, sopInstanceUid: 1.2.840.208461427238119923222817714417117420021926)
2026-05-21 14:09:12.4962|eventId: 3|level: INFO|traceId: 00-9c73fbdbe3b3d80f4e247ea778102b5d-5421c56a9c75c0a4-00|logger: Polly|message: Execution attempt. Source: 'OracleResiliencePipeline/(null)/Retry', Operation Key: '', Result: 'NHI_ZFP_Viewer.ImageSources.ImageInfo', Handled: 'False', Attempt: '0', Execution Time: '13.7026'
2026-05-21 14:09:12.4962|eventId: 0|level: INFO|traceId: 00-0a987f59234f9609bf918831c146a832-2d8d2c8273cf8767-00|logger: AIRS.Core.Helpers.ZfpOracleDbHelper|message: GetImageKey(studyInstanceUid: 1.2.840.192741192620116023140810067713017078213, seriesInstanceUid: 1.2.840.66120190272382141921581501684383220150117188, sopInstanceUid: 1.2.840.24332606245288192212114307910641109195)
2026-05-21 14:09:12.5256|eventId: 0|level: INFO|traceId: 00-9c73fbdbe3b3d80f4e247ea778102b5d-5421c56a9c75c0a4-00|logger: AIRS.Core.Helpers.ZfpOracleDbHelper|message: GetImageKey = Archived/20221110/1.2.840.192741192620116023140810067713017078213/1.2.840.66120190272382141921581501684383220150117188/1.2.840.208461427238119923222817714417117420021926.dcm, 51 ms elapsed.
2026-05-21 14:09:12.5471|eventId: 3|level: INFO|traceId: 00-0a987f59234f9609bf918831c146a832-2d8d2c8273cf8767-00|logger: Polly|message: Execution attempt. Source: 'OracleResiliencePipeline/(null)/Retry', Operation Key: '', Result: 'NHI_ZFP_Viewer.ImageSources.ImageInfo', Handled: 'False', Attempt: '0', Execution Time: '11.8207'
2026-05-21 14:09:12.5755|eventId: 0|level: INFO|traceId: 00-0a987f59234f9609bf918831c146a832-2d8d2c8273cf8767-00|logger: AIRS.Core.Helpers.ZfpOracleDbHelper|message: GetImageKey = Archived/20221110/1.2.840.192741192620116023140810067713017078213/1.2.840.66120190272382141921581501684383220150117188/1.2.840.24332606245288192212114307910641109195.dcm, 42 ms elapsed.
2026-05-21 14:09:12.6054|eventId: 0|level: INFO|traceId: 00-9c73fbdbe3b3d80f4e247ea778102b5d-5421c56a9c75c0a4-00|logger: AIRS.Core.Common.LogForgingTools|message: 1779343752605 GetImage() 由 S3 取得 stream，耗時 54 ms.
2026-05-21 14:09:12.6241|eventId: 0|level: INFO|traceId: 00-9c73fbdbe3b3d80f4e247ea778102b5d-5421c56a9c75c0a4-00|logger: NHI_AI_MedReportViewerWebApi.Services.NhiPatientImageService|message: 成功從 S3 取得影像: 1.2.840.208461427238119923222817714417117420021926
2026-05-21 14:09:12.6751|eventId: 0|level: INFO|traceId: 00-0a987f59234f9609bf918831c146a832-2d8d2c8273cf8767-00|logger: AIRS.Core.Common.LogForgingTools|message: 1779343752675 GetImage() 由 S3 取得 stream，耗時 79 ms.
2026-05-21 14:09:12.7020|eventId: 0|level: INFO|traceId: 00-0a987f59234f9609bf918831c146a832-2d8d2c8273cf8767-00|logger: NHI_AI_MedReportViewerWebApi.Services.NhiPatientImageService|message: 成功從 S3 取得影像: 1.2.840.24332606245288192212114307910641109195
2026-05-21 14:09:12.7463|eventId: 0|level: INFO|traceId: 00-e0fe6f4178ffcab322db049eef78bfc0-3a6df7fabf62cc1a-00|logger: AIRS.Core.Helpers.ZfpOracleDbHelper|message: GetImageKey(studyInstanceUid: 1.2.840.192741192620116023140810067713017078213, seriesInstanceUid: 1.2.840.66120190272382141921581501684383220150117188, sopInstanceUid: 1.2.840.157720169245419962021966899674498104)
2026-05-21 14:09:12.7880|eventId: 3|level: INFO|traceId: 00-e0fe6f4178ffcab322db049eef78bfc0-3a6df7fabf62cc1a-00|logger: Polly|message: Execution attempt. Source: 'OracleResiliencePipeline/(null)/Retry', Operation Key: '', Result: 'NHI_ZFP_Viewer.ImageSources.ImageInfo', Handled: 'False', Attempt: '0', Execution Time: '12.2516'
2026-05-21 14:09:12.8217|eventId: 0|level: INFO|traceId: 00-e0fe6f4178ffcab322db049eef78bfc0-3a6df7fabf62cc1a-00|logger: AIRS.Core.Helpers.ZfpOracleDbHelper|message: GetImageKey = Archived/20221110/1.2.840.192741192620116023140810067713017078213/1.2.840.66120190272382141921581501684383220150117188/1.2.840.157720169245419962021966899674498104.dcm, 49 ms elapsed.
2026-05-21 14:09:12.8838|eventId: 0|level: INFO|traceId: 00-c4a8cb9f38b3c636b3249d8c4f142e09-fbc07fa7aefef6c4-00|logger: AIRS.Core.Helpers.ZfpOracleDbHelper|message: GetImageKey(studyInstanceUid: 1.2.840.192741192620116023140810067713017078213, seriesInstanceUid: 1.2.840.66120190272382141921581501684383220150117188, sopInstanceUid: 1.2.840.492032341751205220225021524723910211413639112)
2026-05-21 14:09:12.9235|eventId: 0|level: INFO|traceId: 00-e0fe6f4178ffcab322db049eef78bfc0-3a6df7fabf62cc1a-00|logger: AIRS.Core.Common.LogForgingTools|message: 1779343752923 GetImage() 由 S3 取得 stream，耗時 78 ms.
2026-05-21 14:09:12.9235|eventId: 3|level: INFO|traceId: 00-c4a8cb9f38b3c636b3249d8c4f142e09-fbc07fa7aefef6c4-00|logger: Polly|message: Execution attempt. Source: 'OracleResiliencePipeline/(null)/Retry', Operation Key: '', Result: 'NHI_ZFP_Viewer.ImageSources.ImageInfo', Handled: 'False', Attempt: '0', Execution Time: '13.0941'
2026-05-21 14:09:12.9473|eventId: 0|level: INFO|traceId: 00-e0fe6f4178ffcab322db049eef78bfc0-3a6df7fabf62cc1a-00|logger: NHI_AI_MedReportViewerWebApi.Services.NhiPatientImageService|message: 成功從 S3 取得影像: 1.2.840.157720169245419962021966899674498104
2026-05-21 14:09:12.9624|eventId: 0|level: INFO|traceId: 00-c95b620d907a74616bfd36fb8dc68df9-7d2fa46d01837f4f-00|logger: AIRS.Core.Helpers.ZfpOracleDbHelper|message: GetImageKey(studyInstanceUid: 1.2.840.192741192620116023140810067713017078213, seriesInstanceUid: 1.2.840.66120190272382141921581501684383220150117188, sopInstanceUid: 1.2.840.21242169236342118829222136152111111112167197)
2026-05-21 14:09:12.9624|eventId: 0|level: INFO|traceId: 00-c4a8cb9f38b3c636b3249d8c4f142e09-fbc07fa7aefef6c4-00|logger: AIRS.Core.Helpers.ZfpOracleDbHelper|message: GetImageKey = Archived/20221110/1.2.840.192741192620116023140810067713017078213/1.2.840.66120190272382141921581501684383220150117188/1.2.840.492032341751205220225021524723910211413639112.dcm, 58 ms elapsed.
2026-05-21 14:09:12.9973|eventId: 3|level: INFO|traceId: 00-c95b620d907a74616bfd36fb8dc68df9-7d2fa46d01837f4f-00|logger: Polly|message: Execution attempt. Source: 'OracleResiliencePipeline/(null)/Retry', Operation Key: '', Result: 'NHI_ZFP_Viewer.ImageSources.ImageInfo', Handled: 'False', Attempt: '0', Execution Time: '12.4061'
2026-05-21 14:09:13.0265|eventId: 0|level: INFO|traceId: 00-c95b620d907a74616bfd36fb8dc68df9-7d2fa46d01837f4f-00|logger: AIRS.Core.Helpers.ZfpOracleDbHelper|message: GetImageKey = Archived/20221110/1.2.840.192741192620116023140810067713017078213/1.2.840.66120190272382141921581501684383220150117188/1.2.840.21242169236342118829222136152111111112167197.dcm, 43 ms elapsed.
2026-05-21 14:09:13.0637|eventId: 0|level: INFO|traceId: 00-c4a8cb9f38b3c636b3249d8c4f142e09-fbc07fa7aefef6c4-00|logger: AIRS.Core.Common.LogForgingTools|message: 1779343753063 GetImage() 由 S3 取得 stream，耗時 73 ms.
2026-05-21 14:09:13.0735|eventId: 0|level: INFO|traceId: 00-48fe7bd913a13626b59e1b741fa27e9d-7ce90b540f635f2b-00|logger: AIRS.Core.Helpers.ZfpOracleDbHelper|message: GetImageKey(studyInstanceUid: 1.2.840.192741192620116023140810067713017078213, seriesInstanceUid: 1.2.840.66120190272382141921581501684383220150117188, sopInstanceUid: 1.2.840.2201492269421122174169195401343210819310784)
2026-05-21 14:09:13.0735|eventId: 0|level: INFO|traceId: 00-c4a8cb9f38b3c636b3249d8c4f142e09-fbc07fa7aefef6c4-00|logger: NHI_AI_MedReportViewerWebApi.Services.NhiPatientImageService|message: 成功從 S3 取得影像: 1.2.840.492032341751205220225021524723910211413639112
2026-05-21 14:09:13.1069|eventId: 3|level: INFO|traceId: 00-48fe7bd913a13626b59e1b741fa27e9d-7ce90b540f635f2b-00|logger: Polly|message: Execution attempt. Source: 'OracleResiliencePipeline/(null)/Retry', Operation Key: '', Result: 'NHI_ZFP_Viewer.ImageSources.ImageInfo', Handled: 'False', Attempt: '0', Execution Time: '12.3225'
2026-05-21 14:09:13.1193|eventId: 0|level: INFO|traceId: 00-c95b620d907a74616bfd36fb8dc68df9-7d2fa46d01837f4f-00|logger: AIRS.Core.Common.LogForgingTools|message: 1779343753119 GetImage() 由 S3 取得 stream，耗時 71 ms.
2026-05-21 14:09:13.1370|eventId: 0|level: INFO|traceId: 00-48fe7bd913a13626b59e1b741fa27e9d-7ce90b540f635f2b-00|logger: AIRS.Core.Helpers.ZfpOracleDbHelper|message: GetImageKey = Archived/20221110/1.2.840.192741192620116023140810067713017078213/1.2.840.66120190272382141921581501684383220150117188/1.2.840.2201492269421122174169195401343210819310784.dcm, 44 ms elapsed.
2026-05-21 14:09:13.1370|eventId: 0|level: INFO|traceId: 00-c95b620d907a74616bfd36fb8dc68df9-7d2fa46d01837f4f-00|logger: NHI_AI_MedReportViewerWebApi.Services.NhiPatientImageService|message: 成功從 S3 取得影像: 1.2.840.21242169236342118829222136152111111112167197
2026-05-21 14:09:13.2224|eventId: 0|level: INFO|traceId: 00-48fe7bd913a13626b59e1b741fa27e9d-7ce90b540f635f2b-00|logger: AIRS.Core.Common.LogForgingTools|message: 1779343753222 GetImage() 由 S3 取得 stream，耗時 68 ms.
2026-05-21 14:09:13.2494|eventId: 0|level: INFO|traceId: 00-48fe7bd913a13626b59e1b741fa27e9d-7ce90b540f635f2b-00|logger: NHI_AI_MedReportViewerWebApi.Services.NhiPatientImageService|message: 成功從 S3 取得影像: 1.2.840.2201492269421122174169195401343210819310784
2026-05-21 14:09:16.0970|eventId: 0|level: INFO|traceId: 00-b19df76aa334dded3654e91768767712-6841168740efad9e-00|logger: AIRS.Core.Helpers.ZfpOracleDbHelper|message: GetImageKey(studyInstanceUid: 1.2.840.1405011311801131732011012121012200126134, seriesInstanceUid: 1.2.840.51111141244381216847820799116149155151129, sopInstanceUid: 1.2.840.17620941479171284898262227124811117329)
2026-05-21 14:09:16.1472|eventId: 3|level: INFO|traceId: 00-b19df76aa334dded3654e91768767712-6841168740efad9e-00|logger: Polly|message: Execution attempt. Source: 'OracleResiliencePipeline/(null)/Retry', Operation Key: '', Result: 'NHI_ZFP_Viewer.ImageSources.ImageInfo', Handled: 'False', Attempt: '0', Execution Time: '20.1627'
2026-05-21 14:09:16.1757|eventId: 0|level: INFO|traceId: 00-b19df76aa334dded3654e91768767712-6841168740efad9e-00|logger: AIRS.Core.Helpers.ZfpOracleDbHelper|message: GetImageKey = Archived/20230210/1.2.840.1405011311801131732011012121012200126134/1.2.840.51111141244381216847820799116149155151129/1.2.840.17620941479171284898262227124811117329.dcm, 57 ms elapsed.
2026-05-21 14:09:16.2702|eventId: 0|level: INFO|traceId: 00-b19df76aa334dded3654e91768767712-6841168740efad9e-00|logger: AIRS.Core.Common.LogForgingTools|message: 1779343756270 GetImage() 由 S3 取得 stream，耗時 69 ms.
2026-05-21 14:09:16.2911|eventId: 0|level: INFO|traceId: 00-b19df76aa334dded3654e91768767712-6841168740efad9e-00|logger: NHI_AI_MedReportViewerWebApi.Services.NhiPatientImageService|message: 成功從 S3 取得影像: 1.2.840.17620941479171284898262227124811117329
2026-05-21 14:09:16.5749|eventId: 0|level: INFO|traceId: 00-0d212ad1701837f0e52d31262ad8244b-08df26c00a5bd456-00|logger: AIRS.Core.Helpers.ZfpOracleDbHelper|message: GetImageKey(studyInstanceUid: 1.2.840.1405011311801131732011012121012200126134, seriesInstanceUid: 1.2.840.51111141244381216847820799116149155151129, sopInstanceUid: 1.2.840.13115091142231331436320116010018198622197)
2026-05-21 14:09:16.6162|eventId: 3|level: INFO|traceId: 00-0d212ad1701837f0e52d31262ad8244b-08df26c00a5bd456-00|logger: Polly|message: Execution attempt. Source: 'OracleResiliencePipeline/(null)/Retry', Operation Key: '', Result: 'NHI_ZFP_Viewer.ImageSources.ImageInfo', Handled: 'False', Attempt: '0', Execution Time: '13.7795'
2026-05-21 14:09:16.6389|eventId: 0|level: INFO|traceId: 00-0d212ad1701837f0e52d31262ad8244b-08df26c00a5bd456-00|logger: AIRS.Core.Helpers.ZfpOracleDbHelper|message: GetImageKey = Archived/20230210/1.2.840.1405011311801131732011012121012200126134/1.2.840.51111141244381216847820799116149155151129/1.2.840.13115091142231331436320116010018198622197.dcm, 44 ms elapsed.
2026-05-21 14:09:16.7319|eventId: 0|level: INFO|traceId: 00-0d212ad1701837f0e52d31262ad8244b-08df26c00a5bd456-00|logger: AIRS.Core.Common.LogForgingTools|message: 1779343756731 GetImage() 由 S3 取得 stream，耗時 64 ms.
2026-05-21 14:09:16.7582|eventId: 0|level: INFO|traceId: 00-0d212ad1701837f0e52d31262ad8244b-08df26c00a5bd456-00|logger: NHI_AI_MedReportViewerWebApi.Services.NhiPatientImageService|message: 成功從 S3 取得影像: 1.2.840.13115091142231331436320116010018198622197
2026-05-21 14:09:23.4398|eventId: 0|level: INFO|traceId: 00-602e85e8e4b7f72c1204bc95e12d322d-0fd80f2e77680c38-00|logger: AIRS.Core.Helpers.ZfpOracleDbHelper|message: GetImageKey(studyInstanceUid: 1.2.840.192741192620116023140810067713017078213, seriesInstanceUid: 1.2.840.66120190272382141921581501684383220150117188, sopInstanceUid: 1.2.840.24621754170137591422534038301669716380230)
2026-05-21 14:09:23.4852|eventId: 3|level: INFO|traceId: 00-602e85e8e4b7f72c1204bc95e12d322d-0fd80f2e77680c38-00|logger: Polly|message: Execution attempt. Source: 'OracleResiliencePipeline/(null)/Retry', Operation Key: '', Result: 'NHI_ZFP_Viewer.ImageSources.ImageInfo', Handled: 'False', Attempt: '0', Execution Time: '13.2307'
2026-05-21 14:09:23.5149|eventId: 0|level: INFO|traceId: 00-602e85e8e4b7f72c1204bc95e12d322d-0fd80f2e77680c38-00|logger: AIRS.Core.Helpers.ZfpOracleDbHelper|message: GetImageKey = Archived/20221110/1.2.840.192741192620116023140810067713017078213/1.2.840.66120190272382141921581501684383220150117188/1.2.840.24621754170137591422534038301669716380230.dcm, 52 ms elapsed.
2026-05-21 14:09:23.6186|eventId: 0|level: INFO|traceId: 00-602e85e8e4b7f72c1204bc95e12d322d-0fd80f2e77680c38-00|logger: AIRS.Core.Common.LogForgingTools|message: 1779343763618 GetImage() 由 S3 取得 stream，耗時 74 ms.
2026-05-21 14:09:23.6452|eventId: 0|level: INFO|traceId: 00-602e85e8e4b7f72c1204bc95e12d322d-0fd80f2e77680c38-00|logger: NHI_AI_MedReportViewerWebApi.Services.NhiPatientImageService|message: 成功從 S3 取得影像: 1.2.840.24621754170137591422534038301669716380230
2026-05-21 14:09:24.9731|eventId: 0|level: INFO|traceId: 00-ff848d836f82b9bdf27173c36b53cc20-b1cde0479e370fca-00|logger: NHI_AI_MedReportViewerWebApi.Services.NhiPatientImageService|message: 開始查詢 Series Instance UID: Study=1.2.840.133888132105150143162871541411731780159144, SeriesNumber=15
2026-05-21 14:09:25.0143|eventId: 3|level: INFO|traceId: 00-ff848d836f82b9bdf27173c36b53cc20-b1cde0479e370fca-00|logger: Polly|message: Execution attempt. Source: 'OracleResiliencePipeline/(null)/Retry', Operation Key: '', Result: '1.2.840.19216622352892321110282110210111240391850', Handled: 'False', Attempt: '0', Execution Time: '13.5889'
2026-05-21 14:09:25.0405|eventId: 0|level: INFO|traceId: 00-ff848d836f82b9bdf27173c36b53cc20-b1cde0479e370fca-00|logger: NHI_AI_MedReportViewerWebApi.Services.NhiPatientImageService|message: 找到 Series Number 15 對應的 Series Instance UID: 1.2.840.19216622352892321110282110210111240391850
2026-05-21 14:16:25.3607|eventId: 0|level: INFO|traceId: 00-6ad2f6235314ccf042cc46324ad49426-767df621d58a2c40-00|logger: NHI_AI_MedReportViewerWebApi.Services.NhiPatientImageService|message: 開始查詢 Series Instance UID: Study=1.2.840.6610321904118510815420318233761831142014, SeriesNumber=4
2026-05-21 14:16:25.3607|eventId: 0|level: INFO|traceId: 00-c51b7eeb02df9c499b50c65943911df6-9db78f54a111748f-00|logger: NHI_AI_MedReportViewerWebApi.Services.NhiPatientImageService|message: 開始查詢 Series Instance UID: Study=1.2.840.6610321904118510815420318233761831142014, SeriesNumber=4
2026-05-21 14:16:25.3607|eventId: 0|level: INFO|traceId: 00-291bcfbaf440e30b56d14eb965c2341e-e29226d8091891ec-00|logger: NHI_AI_MedReportViewerWebApi.Services.NhiPatientImageService|message: 開始查詢 Series Instance UID: Study=1.2.840.6610321904118510815420318233761831142014, SeriesNumber=4
2026-05-21 14:16:25.4070|eventId: 3|level: INFO|traceId: 00-6ad2f6235314ccf042cc46324ad49426-767df621d58a2c40-00|logger: Polly|message: Execution attempt. Source: 'OracleResiliencePipeline/(null)/Retry', Operation Key: '', Result: '1.2.840.185393732156165237212158241127106677643111', Handled: 'False', Attempt: '0', Execution Time: '21.8713'
2026-05-21 14:16:25.4249|eventId: 3|level: INFO|traceId: 00-c51b7eeb02df9c499b50c65943911df6-9db78f54a111748f-00|logger: Polly|message: Execution attempt. Source: 'OracleResiliencePipeline/(null)/Retry', Operation Key: '', Result: '1.2.840.185393732156165237212158241127106677643111', Handled: 'False', Attempt: '0', Execution Time: '19.9982'
2026-05-21 14:16:25.4249|eventId: 3|level: INFO|traceId: 00-291bcfbaf440e30b56d14eb965c2341e-e29226d8091891ec-00|logger: Polly|message: Execution attempt. Source: 'OracleResiliencePipeline/(null)/Retry', Operation Key: '', Result: '1.2.840.185393732156165237212158241127106677643111', Handled: 'False', Attempt: '0', Execution Time: '19.0128'
2026-05-21 14:16:25.4429|eventId: 0|level: INFO|traceId: 00-6ad2f6235314ccf042cc46324ad49426-767df621d58a2c40-00|logger: NHI_AI_MedReportViewerWebApi.Services.NhiPatientImageService|message: 找到 Series Number 4 對應的 Series Instance UID: 1.2.840.185393732156165237212158241127106677643111
2026-05-21 14:16:25.4547|eventId: 0|level: INFO|traceId: 00-c51b7eeb02df9c499b50c65943911df6-9db78f54a111748f-00|logger: NHI_AI_MedReportViewerWebApi.Services.NhiPatientImageService|message: 找到 Series Number 4 對應的 Series Instance UID: 1.2.840.185393732156165237212158241127106677643111
2026-05-21 14:16:25.4667|eventId: 0|level: INFO|traceId: 00-291bcfbaf440e30b56d14eb965c2341e-e29226d8091891ec-00|logger: NHI_AI_MedReportViewerWebApi.Services.NhiPatientImageService|message: 找到 Series Number 4 對應的 Series Instance UID: 1.2.840.185393732156165237212158241127106677643111
2026-05-21 14:16:25.4882|eventId: 0|level: INFO|traceId: 00-6db515100a2235ad65570173fb7cbd3e-9880ab8ef01b192e-00|logger: NHI_AI_MedReportViewerWebApi.Services.NhiPatientImageService|message: 開始查詢 Series Instance UID: Study=1.2.840.1405011311801131732011012121012200126134, SeriesNumber=4
2026-05-21 14:16:25.5015|eventId: 0|level: INFO|traceId: 00-0efa42862f3c1fe4fec27d6e8c1d7614-c01160d91540284f-00|logger: NHI_AI_MedReportViewerWebApi.Services.NhiPatientImageService|message: 開始查詢 SOP Instance UID: Study=1.2.840.6610321904118510815420318233761831142014, Series=1.2.840.185393732156165237212158241127106677643111, InstanceNumber=29
2026-05-21 14:16:25.5129|eventId: 0|level: INFO|traceId: 00-8fa97c7b28740e5d5089988f20032803-cbad2e4f0cfb26ff-00|logger: NHI_AI_MedReportViewerWebApi.Services.NhiPatientImageService|message: 開始查詢 Series Instance UID: Study=1.2.840.167221195121219905290418769251473628129, SeriesNumber=9
2026-05-21 14:16:25.5285|eventId: 3|level: INFO|traceId: 00-6db515100a2235ad65570173fb7cbd3e-9880ab8ef01b192e-00|logger: Polly|message: Execution attempt. Source: 'OracleResiliencePipeline/(null)/Retry', Operation Key: '', Result: '1.2.840.51111141244381216847820799116149155151129', Handled: 'False', Attempt: '0', Execution Time: '19.4355'
2026-05-21 14:16:25.5285|eventId: 3|level: INFO|traceId: 00-0efa42862f3c1fe4fec27d6e8c1d7614-c01160d91540284f-00|logger: Polly|message: Execution attempt. Source: 'OracleResiliencePipeline/(null)/Retry', Operation Key: '', Result: '1.2.840.3417124205586658229153205402522644', Handled: 'False', Attempt: '0', Execution Time: '21.0304'
2026-05-21 14:16:25.5453|eventId: 3|level: INFO|traceId: 00-8fa97c7b28740e5d5089988f20032803-cbad2e4f0cfb26ff-00|logger: Polly|message: Execution attempt. Source: 'OracleResiliencePipeline/(null)/Retry', Operation Key: '', Result: '1.2.840.1721868228751932482087238247913291134107', Handled: 'False', Attempt: '0', Execution Time: '18.1465'
2026-05-21 14:16:25.5453|eventId: 0|level: INFO|traceId: 00-6db515100a2235ad65570173fb7cbd3e-9880ab8ef01b192e-00|logger: NHI_AI_MedReportViewerWebApi.Services.NhiPatientImageService|message: 找到 Series Number 4 對應的 Series Instance UID: 1.2.840.51111141244381216847820799116149155151129
2026-05-21 14:16:25.5630|eventId: 0|level: INFO|traceId: 00-0efa42862f3c1fe4fec27d6e8c1d7614-c01160d91540284f-00|logger: NHI_AI_MedReportViewerWebApi.Services.NhiPatientImageService|message: 找到 Instance Number 29 對應的 SOP Instance UID: 1.2.840.3417124205586658229153205402522644
2026-05-21 14:16:25.5779|eventId: 0|level: INFO|traceId: 00-8fa97c7b28740e5d5089988f20032803-cbad2e4f0cfb26ff-00|logger: NHI_AI_MedReportViewerWebApi.Services.NhiPatientImageService|message: 找到 Series Number 9 對應的 Series Instance UID: 1.2.840.1721868228751932482087238247913291134107
2026-05-21 14:16:25.5779|eventId: 0|level: INFO|traceId: 00-a727b28514043f0c3a290b4d8d0f3487-6c9a69a88744568d-00|logger: NHI_AI_MedReportViewerWebApi.Services.NhiRegistrationService|message: 查詢目標 Instance Number。Patient: Z299999830-20251102-1211-00000000001, RefSeries: 1.2.840.185393732156165237212158241127106677643111, DstSeries: 1.2.840.51111141244381216847820799116149155151129
2026-05-21 14:16:25.6219|eventId: 0|level: INFO|traceId: 00-d53f835f9242d7037fa16c437065a502-706b4b210ae2ff58-00|logger: NHI_AI_MedReportViewerWebApi.Services.NhiRegistrationService|message: 查詢目標 Instance Number。Patient: Z299999830-20251102-1211-00000000001, RefSeries: 1.2.840.185393732156165237212158241127106677643111, DstSeries: 1.2.840.1721868228751932482087238247913291134107
2026-05-21 14:16:25.6219|eventId: 3|level: INFO|traceId: 00-a727b28514043f0c3a290b4d8d0f3487-6c9a69a88744568d-00|logger: Polly|message: Execution attempt. Source: 'OracleResiliencePipeline/(null)/Retry', Operation Key: '', Result: '33', Handled: 'False', Attempt: '0', Execution Time: '20.6524'
2026-05-21 14:16:25.6578|eventId: 0|level: INFO|traceId: 00-a727b28514043f0c3a290b4d8d0f3487-6c9a69a88744568d-00|logger: NHI_AI_MedReportViewerWebApi.Services.NhiRegistrationService|message: 找到對應的目標 Instance Number: 33
2026-05-21 14:16:25.6578|eventId: 3|level: INFO|traceId: 00-d53f835f9242d7037fa16c437065a502-706b4b210ae2ff58-00|logger: Polly|message: Execution attempt. Source: 'OracleResiliencePipeline/(null)/Retry', Operation Key: '', Result: '23', Handled: 'False', Attempt: '0', Execution Time: '19.1591'
2026-05-21 14:16:25.6765|eventId: 0|level: INFO|traceId: 00-a727b28514043f0c3a290b4d8d0f3487-6c9a69a88744568d-00|logger: NHI_AI_MedReportViewerWebApi.Services.NhiPatientImageService|message: 開始查詢 SOP Instance UID: Study=1.2.840.1405011311801131732011012121012200126134, Series=1.2.840.51111141244381216847820799116149155151129, InstanceNumber=33
2026-05-21 14:16:25.6899|eventId: 0|level: INFO|traceId: 00-d53f835f9242d7037fa16c437065a502-706b4b210ae2ff58-00|logger: NHI_AI_MedReportViewerWebApi.Services.NhiRegistrationService|message: 找到對應的目標 Instance Number: 23
2026-05-21 14:16:25.7008|eventId: 0|level: INFO|traceId: 00-d53f835f9242d7037fa16c437065a502-706b4b210ae2ff58-00|logger: NHI_AI_MedReportViewerWebApi.Services.NhiPatientImageService|message: 開始查詢 SOP Instance UID: Study=1.2.840.167221195121219905290418769251473628129, Series=1.2.840.1721868228751932482087238247913291134107, InstanceNumber=23
2026-05-21 14:16:25.7248|eventId: 3|level: INFO|traceId: 00-a727b28514043f0c3a290b4d8d0f3487-6c9a69a88744568d-00|logger: Polly|message: Execution attempt. Source: 'OracleResiliencePipeline/(null)/Retry', Operation Key: '', Result: '1.2.840.24579199223184521533823815810478347056196', Handled: 'False', Attempt: '0', Execution Time: '22.1039'
2026-05-21 14:16:25.7492|eventId: 3|level: INFO|traceId: 00-d53f835f9242d7037fa16c437065a502-706b4b210ae2ff58-00|logger: Polly|message: Execution attempt. Source: 'OracleResiliencePipeline/(null)/Retry', Operation Key: '', Result: '1.2.840.98120681611151912501302422382492421676315575', Handled: 'False', Attempt: '0', Execution Time: '19.8532'
2026-05-21 14:16:25.7492|eventId: 0|level: INFO|traceId: 00-a727b28514043f0c3a290b4d8d0f3487-6c9a69a88744568d-00|logger: NHI_AI_MedReportViewerWebApi.Services.NhiPatientImageService|message: 找到 Instance Number 33 對應的 SOP Instance UID: 1.2.840.24579199223184521533823815810478347056196
2026-05-21 14:16:25.7684|eventId: 0|level: INFO|traceId: 00-d53f835f9242d7037fa16c437065a502-706b4b210ae2ff58-00|logger: NHI_AI_MedReportViewerWebApi.Services.NhiPatientImageService|message: 找到 Instance Number 23 對應的 SOP Instance UID: 1.2.840.98120681611151912501302422382492421676315575
2026-05-21 14:16:59.0518|eventId: 0|level: INFO|traceId: 00-faed9f2119523ed2fdafad39b3dbd0ed-eeb8e291a3c0da56-00|logger: AIRS.Core.Helpers.ZfpOracleDbHelper|message: GetImageKey(studyInstanceUid: 1.2.840.6610321904118510815420318233761831142014, seriesInstanceUid: 1.2.840.185393732156165237212158241127106677643111, sopInstanceUid: 1.2.840.3017021841391013223120134124379822867)
2026-05-21 14:16:59.1060|eventId: 3|level: INFO|traceId: 00-faed9f2119523ed2fdafad39b3dbd0ed-eeb8e291a3c0da56-00|logger: Polly|message: Execution attempt. Source: 'OracleResiliencePipeline/(null)/Retry', Operation Key: '', Result: 'NHI_ZFP_Viewer.ImageSources.ImageInfo', Handled: 'False', Attempt: '0', Execution Time: '23.9003'
2026-05-21 14:16:59.1381|eventId: 0|level: INFO|traceId: 00-faed9f2119523ed2fdafad39b3dbd0ed-eeb8e291a3c0da56-00|logger: AIRS.Core.Helpers.ZfpOracleDbHelper|message: GetImageKey = Archived/20230510/1.2.840.6610321904118510815420318233761831142014/1.2.840.185393732156165237212158241127106677643111/1.2.840.3017021841391013223120134124379822867.dcm, 65 ms elapsed.
2026-05-21 14:16:59.1951|eventId: 0|level: INFO|traceId: 00-06800e2966b9288cff1e0a24709618b0-083cb78da392b387-00|logger: AIRS.Core.Helpers.ZfpOracleDbHelper|message: GetImageKey(studyInstanceUid: 1.2.840.6610321904118510815420318233761831142014, seriesInstanceUid: 1.2.840.185393732156165237212158241127106677643111, sopInstanceUid: 1.2.840.8912419623213524836117572263881132146369)
2026-05-21 14:16:59.2557|eventId: 0|level: INFO|traceId: 00-faed9f2119523ed2fdafad39b3dbd0ed-eeb8e291a3c0da56-00|logger: AIRS.Core.Common.LogForgingTools|message: 1779344219255 GetImage() 由 S3 取得 stream，耗時 89 ms.
2026-05-21 14:16:59.2557|eventId: 3|level: INFO|traceId: 00-06800e2966b9288cff1e0a24709618b0-083cb78da392b387-00|logger: Polly|message: Execution attempt. Source: 'OracleResiliencePipeline/(null)/Retry', Operation Key: '', Result: 'NHI_ZFP_Viewer.ImageSources.ImageInfo', Handled: 'False', Attempt: '0', Execution Time: '48.1893'
2026-05-21 14:16:59.2829|eventId: 0|level: INFO|traceId: 00-faed9f2119523ed2fdafad39b3dbd0ed-eeb8e291a3c0da56-00|logger: NHI_AI_MedReportViewerWebApi.Services.NhiPatientImageService|message: 成功從 S3 取得影像: 1.2.840.3017021841391013223120134124379822867
2026-05-21 14:16:59.2966|eventId: 0|level: INFO|traceId: 00-06800e2966b9288cff1e0a24709618b0-083cb78da392b387-00|logger: AIRS.Core.Helpers.ZfpOracleDbHelper|message: GetImageKey = Archived/20230510/1.2.840.6610321904118510815420318233761831142014/1.2.840.185393732156165237212158241127106677643111/1.2.840.8912419623213524836117572263881132146369.dcm, 85 ms elapsed.
2026-05-21 14:16:59.3519|eventId: 0|level: INFO|traceId: 00-6348e09e7200f20ab09f80d2ed697bee-b1e22d997a1e0cf9-00|logger: AIRS.Core.Helpers.ZfpOracleDbHelper|message: GetImageKey(studyInstanceUid: 1.2.840.6610321904118510815420318233761831142014, seriesInstanceUid: 1.2.840.185393732156165237212158241127106677643111, sopInstanceUid: 1.2.840.2473250841411613447189941919111216667)
2026-05-21 14:16:59.3984|eventId: 0|level: INFO|traceId: 00-06800e2966b9288cff1e0a24709618b0-083cb78da392b387-00|logger: AIRS.Core.Common.LogForgingTools|message: 1779344219398 GetImage() 由 S3 取得 stream，耗時 82 ms.
2026-05-21 14:16:59.3984|eventId: 3|level: INFO|traceId: 00-6348e09e7200f20ab09f80d2ed697bee-b1e22d997a1e0cf9-00|logger: Polly|message: Execution attempt. Source: 'OracleResiliencePipeline/(null)/Retry', Operation Key: '', Result: 'NHI_ZFP_Viewer.ImageSources.ImageInfo', Handled: 'False', Attempt: '0', Execution Time: '19.4946'
2026-05-21 14:16:59.4224|eventId: 0|level: INFO|traceId: 00-06800e2966b9288cff1e0a24709618b0-083cb78da392b387-00|logger: NHI_AI_MedReportViewerWebApi.Services.NhiPatientImageService|message: 成功從 S3 取得影像: 1.2.840.8912419623213524836117572263881132146369
2026-05-21 14:16:59.4303|eventId: 0|level: INFO|traceId: 00-6348e09e7200f20ab09f80d2ed697bee-b1e22d997a1e0cf9-00|logger: AIRS.Core.Helpers.ZfpOracleDbHelper|message: GetImageKey = Archived/20230510/1.2.840.6610321904118510815420318233761831142014/1.2.840.185393732156165237212158241127106677643111/1.2.840.2473250841411613447189941919111216667.dcm, 56 ms elapsed.
2026-05-21 14:16:59.5240|eventId: 0|level: INFO|traceId: 00-6348e09e7200f20ab09f80d2ed697bee-b1e22d997a1e0cf9-00|logger: AIRS.Core.Common.LogForgingTools|message: 1779344219524 GetImage() 由 S3 取得 stream，耗時 71 ms.
2026-05-21 14:16:59.5506|eventId: 0|level: INFO|traceId: 00-6348e09e7200f20ab09f80d2ed697bee-b1e22d997a1e0cf9-00|logger: NHI_AI_MedReportViewerWebApi.Services.NhiPatientImageService|message: 成功從 S3 取得影像: 1.2.840.2473250841411613447189941919111216667
2026-05-21 14:17:06.3599|eventId: 0|level: INFO|traceId: 00-2fe549fa44fdb75fcaeefc16d78d5e75-f8c1f5a26ba5d10d-00|logger: AIRS.Core.Helpers.ZfpOracleDbHelper|message: GetImageKey(studyInstanceUid: 1.2.840.167221195121219905290418769251473628129, seriesInstanceUid: 1.2.840.1721868228751932482087238247913291134107, sopInstanceUid: 1.2.840.207117841121711912031514973110715116417719)
2026-05-21 14:17:06.4157|eventId: 3|level: INFO|traceId: 00-2fe549fa44fdb75fcaeefc16d78d5e75-f8c1f5a26ba5d10d-00|logger: Polly|message: Execution attempt. Source: 'OracleResiliencePipeline/(null)/Retry', Operation Key: '', Result: 'NHI_ZFP_Viewer.ImageSources.ImageInfo', Handled: 'False', Attempt: '0', Execution Time: '23.2326'
2026-05-21 14:17:06.4442|eventId: 0|level: INFO|traceId: 00-2fe549fa44fdb75fcaeefc16d78d5e75-f8c1f5a26ba5d10d-00|logger: AIRS.Core.Helpers.ZfpOracleDbHelper|message: GetImageKey = Archived/20230810/1.2.840.167221195121219905290418769251473628129/1.2.840.1721868228751932482087238247913291134107/1.2.840.207117841121711912031514973110715116417719.dcm, 60 ms elapsed.
2026-05-21 14:17:06.5382|eventId: 0|level: INFO|traceId: 00-2fe549fa44fdb75fcaeefc16d78d5e75-f8c1f5a26ba5d10d-00|logger: AIRS.Core.Common.LogForgingTools|message: 1779344226538 GetImage() 由 S3 取得 stream，耗時 61 ms.
2026-05-21 14:17:06.5629|eventId: 0|level: INFO|traceId: 00-2fe549fa44fdb75fcaeefc16d78d5e75-f8c1f5a26ba5d10d-00|logger: NHI_AI_MedReportViewerWebApi.Services.NhiPatientImageService|message: 成功從 S3 取得影像: 1.2.840.207117841121711912031514973110715116417719
2026-05-21 14:17:06.9002|eventId: 0|level: INFO|traceId: 00-27061a665e97c6e6ca1a9e6502ef2636-9e31872b29c6cb3f-00|logger: AIRS.Core.Helpers.ZfpOracleDbHelper|message: GetImageKey(studyInstanceUid: 1.2.840.167221195121219905290418769251473628129, seriesInstanceUid: 1.2.840.1721868228751932482087238247913291134107, sopInstanceUid: 1.2.840.20179777210523341301091992685166125220198)
2026-05-21 14:17:06.9525|eventId: 3|level: INFO|traceId: 00-27061a665e97c6e6ca1a9e6502ef2636-9e31872b29c6cb3f-00|logger: Polly|message: Execution attempt. Source: 'OracleResiliencePipeline/(null)/Retry', Operation Key: '', Result: 'NHI_ZFP_Viewer.ImageSources.ImageInfo', Handled: 'False', Attempt: '0', Execution Time: '22.0517'
2026-05-21 14:17:06.9812|eventId: 0|level: INFO|traceId: 00-27061a665e97c6e6ca1a9e6502ef2636-9e31872b29c6cb3f-00|logger: AIRS.Core.Helpers.ZfpOracleDbHelper|message: GetImageKey = Archived/20230810/1.2.840.167221195121219905290418769251473628129/1.2.840.1721868228751932482087238247913291134107/1.2.840.20179777210523341301091992685166125220198.dcm, 59 ms elapsed.
2026-05-21 14:17:07.0812|eventId: 0|level: INFO|traceId: 00-abe2dc895be14d2daa9a83257fa51fe4-3703829b382ba7d8-00|logger: AIRS.Core.Helpers.ZfpOracleDbHelper|message: GetImageKey(studyInstanceUid: 1.2.840.167221195121219905290418769251473628129, seriesInstanceUid: 1.2.840.1721868228751932482087238247913291134107, sopInstanceUid: 1.2.840.91249242519717517133202134477983562539)
2026-05-21 14:17:07.0875|eventId: 0|level: INFO|traceId: 00-27061a665e97c6e6ca1a9e6502ef2636-9e31872b29c6cb3f-00|logger: AIRS.Core.Common.LogForgingTools|message: 1779344227087 GetImage() 由 S3 取得 stream，耗時 80 ms.
2026-05-21 14:17:07.1193|eventId: 0|level: INFO|traceId: 00-27061a665e97c6e6ca1a9e6502ef2636-9e31872b29c6cb3f-00|logger: NHI_AI_MedReportViewerWebApi.Services.NhiPatientImageService|message: 成功從 S3 取得影像: 1.2.840.20179777210523341301091992685166125220198
2026-05-21 14:17:07.1344|eventId: 3|level: INFO|traceId: 00-abe2dc895be14d2daa9a83257fa51fe4-3703829b382ba7d8-00|logger: Polly|message: Execution attempt. Source: 'OracleResiliencePipeline/(null)/Retry', Operation Key: '', Result: 'NHI_ZFP_Viewer.ImageSources.ImageInfo', Handled: 'False', Attempt: '0', Execution Time: '20.1045'
2026-05-21 14:17:07.1646|eventId: 0|level: INFO|traceId: 00-abe2dc895be14d2daa9a83257fa51fe4-3703829b382ba7d8-00|logger: AIRS.Core.Helpers.ZfpOracleDbHelper|message: GetImageKey = Archived/20230810/1.2.840.167221195121219905290418769251473628129/1.2.840.1721868228751932482087238247913291134107/1.2.840.91249242519717517133202134477983562539.dcm, 55 ms elapsed.
2026-05-21 14:17:07.2048|eventId: 0|level: INFO|traceId: 00-8236c94e512db6021df12809128930f1-fccd473a468f1b53-00|logger: AIRS.Core.Helpers.ZfpOracleDbHelper|message: GetImageKey(studyInstanceUid: 1.2.840.167221195121219905290418769251473628129, seriesInstanceUid: 1.2.840.1721868228751932482087238247913291134107, sopInstanceUid: 1.2.840.1266868107155176143136221255451781532275020)
2026-05-21 14:17:07.2517|eventId: 3|level: INFO|traceId: 00-8236c94e512db6021df12809128930f1-fccd473a468f1b53-00|logger: Polly|message: Execution attempt. Source: 'OracleResiliencePipeline/(null)/Retry', Operation Key: '', Result: 'NHI_ZFP_Viewer.ImageSources.ImageInfo', Handled: 'False', Attempt: '0', Execution Time: '21.5676'
2026-05-21 14:17:07.2632|eventId: 0|level: INFO|traceId: 00-abe2dc895be14d2daa9a83257fa51fe4-3703829b382ba7d8-00|logger: AIRS.Core.Common.LogForgingTools|message: 1779344227263 GetImage() 由 S3 取得 stream，耗時 77 ms.
2026-05-21 14:17:07.2790|eventId: 0|level: INFO|traceId: 00-8236c94e512db6021df12809128930f1-fccd473a468f1b53-00|logger: AIRS.Core.Helpers.ZfpOracleDbHelper|message: GetImageKey = Archived/20230810/1.2.840.167221195121219905290418769251473628129/1.2.840.1721868228751932482087238247913291134107/1.2.840.1266868107155176143136221255451781532275020.dcm, 56 ms elapsed.
2026-05-21 14:17:07.2863|eventId: 0|level: INFO|traceId: 00-abe2dc895be14d2daa9a83257fa51fe4-3703829b382ba7d8-00|logger: NHI_AI_MedReportViewerWebApi.Services.NhiPatientImageService|message: 成功從 S3 取得影像: 1.2.840.91249242519717517133202134477983562539
2026-05-21 14:17:07.3645|eventId: 0|level: INFO|traceId: 00-4de74990defd635e355ec59adddb05fa-29a6f2795c1d3e95-00|logger: AIRS.Core.Helpers.ZfpOracleDbHelper|message: GetImageKey(studyInstanceUid: 1.2.840.167221195121219905290418769251473628129, seriesInstanceUid: 1.2.840.1721868228751932482087238247913291134107, sopInstanceUid: 1.2.840.6316621515812195239117223243248119240239174127)
2026-05-21 14:17:07.3645|eventId: 0|level: INFO|traceId: 00-8236c94e512db6021df12809128930f1-fccd473a468f1b53-00|logger: AIRS.Core.Common.LogForgingTools|message: 1779344227377 GetImage() 由 S3 取得 stream，耗時 78 ms.
2026-05-21 14:17:07.3991|eventId: 0|level: INFO|traceId: 00-8236c94e512db6021df12809128930f1-fccd473a468f1b53-00|logger: NHI_AI_MedReportViewerWebApi.Services.NhiPatientImageService|message: 成功從 S3 取得影像: 1.2.840.1266868107155176143136221255451781532275020
2026-05-21 14:17:07.3991|eventId: 3|level: INFO|traceId: 00-4de74990defd635e355ec59adddb05fa-29a6f2795c1d3e95-00|logger: Polly|message: Execution attempt. Source: 'OracleResiliencePipeline/(null)/Retry', Operation Key: '', Result: 'NHI_ZFP_Viewer.ImageSources.ImageInfo', Handled: 'False', Attempt: '0', Execution Time: '18.2882'
2026-05-21 14:17:07.4276|eventId: 0|level: INFO|traceId: 00-4de74990defd635e355ec59adddb05fa-29a6f2795c1d3e95-00|logger: AIRS.Core.Helpers.ZfpOracleDbHelper|message: GetImageKey = Archived/20230810/1.2.840.167221195121219905290418769251473628129/1.2.840.1721868228751932482087238247913291134107/1.2.840.6316621515812195239117223243248119240239174127.dcm, 46 ms elapsed.
2026-05-21 14:17:07.5245|eventId: 0|level: INFO|traceId: 00-4de74990defd635e355ec59adddb05fa-29a6f2795c1d3e95-00|logger: AIRS.Core.Common.LogForgingTools|message: 1779344227524 GetImage() 由 S3 取得 stream，耗時 69 ms.
2026-05-21 14:17:07.5516|eventId: 0|level: INFO|traceId: 00-4de74990defd635e355ec59adddb05fa-29a6f2795c1d3e95-00|logger: NHI_AI_MedReportViewerWebApi.Services.NhiPatientImageService|message: 成功從 S3 取得影像: 1.2.840.6316621515812195239117223243248119240239174127
2026-05-21 14:22:15.2643|eventId: 0|level: INFO|traceId: 00-e31d99a704b81aeb7e41b2e2a8f3cb4d-9144e3797ae03ad7-00|logger: NHI_AI_MedReportViewerWebApi.Services.NhiPatientImageService|message: 開始查詢 Series Instance UID: Study=1.2.840.133888132105150143162871541411731780159144, SeriesNumber=15
2026-05-21 14:22:15.3069|eventId: 0|level: INFO|traceId: 00-e345597a5a1b50c974dbcf4758c7a9f9-e511b20be82ff916-00|logger: AIRS.Core.Helpers.ZfpOracleDbHelper|message: GetImageKey(studyInstanceUid: 1.2.840.6610321904118510815420318233761831142014, seriesInstanceUid: 1.2.840.185393732156165237212158241127106677643111, sopInstanceUid: 1.2.840.3417124205586658229153205402522644)
2026-05-21 14:22:15.3088|eventId: 0|level: INFO|traceId: 00-c068ed68dd9e4fdf50876a582bb73a2d-00c8eb5f37758437-00|logger: AIRS.Core.Helpers.ZfpOracleDbHelper|message: GetImageKey(studyInstanceUid: 1.2.840.6610321904118510815420318233761831142014, seriesInstanceUid: 1.2.840.185393732156165237212158241127106677643111, sopInstanceUid: 1.2.840.1051457738253118922381479013141215320088)
2026-05-21 14:22:15.3088|eventId: 0|level: INFO|traceId: 00-f13c3c715a04d1648c6d38ed82aedad3-2f4f9a7dcc6154b0-00|logger: AIRS.Core.Helpers.ZfpOracleDbHelper|message: GetImageKey(studyInstanceUid: 1.2.840.1405011311801131732011012121012200126134, seriesInstanceUid: 1.2.840.51111141244381216847820799116149155151129, sopInstanceUid: 1.2.840.232761451702923525417733227971231052812514)
2026-05-21 14:22:15.3088|eventId: 0|level: INFO|traceId: 00-47adef673c58b83ee8c59280caf37463-ef0a6c31774040bf-00|logger: AIRS.Core.Helpers.ZfpOracleDbHelper|message: GetImageKey(studyInstanceUid: 1.2.840.1405011311801131732011012121012200126134, seriesInstanceUid: 1.2.840.51111141244381216847820799116149155151129, sopInstanceUid: 1.2.840.3219370233171571652261152261706625011114738)
2026-05-21 14:22:15.3088|eventId: 3|level: INFO|traceId: 00-e31d99a704b81aeb7e41b2e2a8f3cb4d-9144e3797ae03ad7-00|logger: Polly|message: Execution attempt. Source: 'OracleResiliencePipeline/(null)/Retry', Operation Key: '', Result: '1.2.840.19216622352892321110282110210111240391850', Handled: 'False', Attempt: '0', Execution Time: '22.8115'
2026-05-21 14:22:15.3439|eventId: 3|level: INFO|traceId: 00-e345597a5a1b50c974dbcf4758c7a9f9-e511b20be82ff916-00|logger: Polly|message: Execution attempt. Source: 'OracleResiliencePipeline/(null)/Retry', Operation Key: '', Result: 'NHI_ZFP_Viewer.ImageSources.ImageInfo', Handled: 'False', Attempt: '0', Execution Time: '20.2345'
2026-05-21 14:22:15.3593|eventId: 3|level: INFO|traceId: 00-c068ed68dd9e4fdf50876a582bb73a2d-00c8eb5f37758437-00|logger: Polly|message: Execution attempt. Source: 'OracleResiliencePipeline/(null)/Retry', Operation Key: '', Result: 'NHI_ZFP_Viewer.ImageSources.ImageInfo', Handled: 'False', Attempt: '0', Execution Time: '23.7844'
2026-05-21 14:22:15.3706|eventId: 0|level: INFO|traceId: 00-e31d99a704b81aeb7e41b2e2a8f3cb4d-9144e3797ae03ad7-00|logger: NHI_AI_MedReportViewerWebApi.Services.NhiPatientImageService|message: 找到 Series Number 15 對應的 Series Instance UID: 1.2.840.19216622352892321110282110210111240391850
2026-05-21 14:22:15.3706|eventId: 3|level: INFO|traceId: 00-f13c3c715a04d1648c6d38ed82aedad3-2f4f9a7dcc6154b0-00|logger: Polly|message: Execution attempt. Source: 'OracleResiliencePipeline/(null)/Retry', Operation Key: '', Result: 'NHI_ZFP_Viewer.ImageSources.ImageInfo', Handled: 'False', Attempt: '0', Execution Time: '22.8656'
2026-05-21 14:22:15.3706|eventId: 3|level: INFO|traceId: 00-47adef673c58b83ee8c59280caf37463-ef0a6c31774040bf-00|logger: Polly|message: Execution attempt. Source: 'OracleResiliencePipeline/(null)/Retry', Operation Key: '', Result: 'NHI_ZFP_Viewer.ImageSources.ImageInfo', Handled: 'False', Attempt: '0', Execution Time: '19.3004'
2026-05-21 14:22:15.3884|eventId: 0|level: INFO|traceId: 00-e345597a5a1b50c974dbcf4758c7a9f9-e511b20be82ff916-00|logger: AIRS.Core.Helpers.ZfpOracleDbHelper|message: GetImageKey = Archived/20230510/1.2.840.6610321904118510815420318233761831142014/1.2.840.185393732156165237212158241127106677643111/1.2.840.3417124205586658229153205402522644.dcm, 60 ms elapsed.
2026-05-21 14:22:15.3884|eventId: 0|level: INFO|traceId: 00-c068ed68dd9e4fdf50876a582bb73a2d-00c8eb5f37758437-00|logger: AIRS.Core.Helpers.ZfpOracleDbHelper|message: GetImageKey = Archived/20230510/1.2.840.6610321904118510815420318233761831142014/1.2.840.185393732156165237212158241127106677643111/1.2.840.1051457738253118922381479013141215320088.dcm, 51 ms elapsed.
2026-05-21 14:22:15.4013|eventId: 0|level: INFO|traceId: 00-f13c3c715a04d1648c6d38ed82aedad3-2f4f9a7dcc6154b0-00|logger: AIRS.Core.Helpers.ZfpOracleDbHelper|message: GetImageKey = Archived/20230210/1.2.840.1405011311801131732011012121012200126134/1.2.840.51111141244381216847820799116149155151129/1.2.840.232761451702923525417733227971231052812514.dcm, 56 ms elapsed.
2026-05-21 14:22:15.4013|eventId: 0|level: INFO|traceId: 00-47adef673c58b83ee8c59280caf37463-ef0a6c31774040bf-00|logger: AIRS.Core.Helpers.ZfpOracleDbHelper|message: GetImageKey = Archived/20230210/1.2.840.1405011311801131732011012121012200126134/1.2.840.51111141244381216847820799116149155151129/1.2.840.3219370233171571652261152261706625011114738.dcm, 55 ms elapsed.
2026-05-21 14:22:15.4708|eventId: 0|level: INFO|traceId: 00-f13c3c715a04d1648c6d38ed82aedad3-2f4f9a7dcc6154b0-00|logger: AIRS.Core.Common.LogForgingTools|message: 1779344535470 GetImage() 由 S3 取得 stream，耗時 49 ms.
2026-05-21 14:22:15.4819|eventId: 0|level: INFO|traceId: 00-47adef673c58b83ee8c59280caf37463-ef0a6c31774040bf-00|logger: AIRS.Core.Common.LogForgingTools|message: 1779344535481 GetImage() 由 S3 取得 stream，耗時 55 ms.
2026-05-21 14:22:15.4819|eventId: 0|level: INFO|traceId: 00-c068ed68dd9e4fdf50876a582bb73a2d-00c8eb5f37758437-00|logger: AIRS.Core.Common.LogForgingTools|message: 1779344535485 GetImage() 由 S3 取得 stream，耗時 67 ms.
2026-05-21 14:22:15.4819|eventId: 0|level: INFO|traceId: 00-e345597a5a1b50c974dbcf4758c7a9f9-e511b20be82ff916-00|logger: AIRS.Core.Common.LogForgingTools|message: 1779344535494 GetImage() 由 S3 取得 stream，耗時 83 ms.
2026-05-21 14:22:15.4819|eventId: 0|level: INFO|traceId: 00-f13c3c715a04d1648c6d38ed82aedad3-2f4f9a7dcc6154b0-00|logger: NHI_AI_MedReportViewerWebApi.Services.NhiPatientImageService|message: 成功從 S3 取得影像: 1.2.840.232761451702923525417733227971231052812514
2026-05-21 14:22:15.4979|eventId: 0|level: INFO|traceId: 00-47adef673c58b83ee8c59280caf37463-ef0a6c31774040bf-00|logger: NHI_AI_MedReportViewerWebApi.Services.NhiPatientImageService|message: 成功從 S3 取得影像: 1.2.840.3219370233171571652261152261706625011114738
2026-05-21 14:22:15.4979|eventId: 0|level: INFO|traceId: 00-c068ed68dd9e4fdf50876a582bb73a2d-00c8eb5f37758437-00|logger: NHI_AI_MedReportViewerWebApi.Services.NhiPatientImageService|message: 成功從 S3 取得影像: 1.2.840.1051457738253118922381479013141215320088
2026-05-21 14:22:15.5126|eventId: 0|level: INFO|traceId: 00-e345597a5a1b50c974dbcf4758c7a9f9-e511b20be82ff916-00|logger: NHI_AI_MedReportViewerWebApi.Services.NhiPatientImageService|message: 成功從 S3 取得影像: 1.2.840.3417124205586658229153205402522644
2026-05-21 14:22:15.5126|eventId: 0|level: INFO|traceId: 00-f13c3c715a04d1648c6d38ed82aedad3-2f4f9a7dcc6154b0-00|logger: NHI_AI_MedReportViewerWebApi.Services.NhiPatientImageService|message: 開始轉換 DICOM 為 JPG: SOP Instance UID=1.2.840.232761451702923525417733227971231052812514, ContentType=application/dicom
2026-05-21 14:22:15.5285|eventId: 0|level: INFO|traceId: 00-47adef673c58b83ee8c59280caf37463-ef0a6c31774040bf-00|logger: NHI_AI_MedReportViewerWebApi.Services.NhiPatientImageService|message: 開始轉換 DICOM 為 JPG: SOP Instance UID=1.2.840.3219370233171571652261152261706625011114738, ContentType=application/dicom
2026-05-21 14:22:15.5285|eventId: 0|level: INFO|traceId: 00-c068ed68dd9e4fdf50876a582bb73a2d-00c8eb5f37758437-00|logger: NHI_AI_MedReportViewerWebApi.Services.NhiPatientImageService|message: 開始轉換 DICOM 為 JPG: SOP Instance UID=1.2.840.1051457738253118922381479013141215320088, ContentType=application/dicom
2026-05-21 14:22:15.5451|eventId: 0|level: INFO|traceId: 00-e345597a5a1b50c974dbcf4758c7a9f9-e511b20be82ff916-00|logger: NHI_AI_MedReportViewerWebApi.Services.NhiPatientImageService|message: 開始轉換 DICOM 為 JPG: SOP Instance UID=1.2.840.3417124205586658229153205402522644, ContentType=application/dicom
2026-05-21 14:22:15.6801|eventId: 0|level: INFO|traceId: 00-f13c3c715a04d1648c6d38ed82aedad3-2f4f9a7dcc6154b0-00|logger: NHI_AI_MedReportViewerWebApi.Services.NhiPatientImageService|message: 成功轉換 DICOM 為 JPG: SOP Instance UID=1.2.840.232761451702923525417733227971231052812514
2026-05-21 14:22:15.6870|eventId: 0|level: INFO|traceId: 00-47adef673c58b83ee8c59280caf37463-ef0a6c31774040bf-00|logger: NHI_AI_MedReportViewerWebApi.Services.NhiPatientImageService|message: 成功轉換 DICOM 為 JPG: SOP Instance UID=1.2.840.3219370233171571652261152261706625011114738
2026-05-21 14:22:15.6981|eventId: 0|level: INFO|traceId: 00-e345597a5a1b50c974dbcf4758c7a9f9-e511b20be82ff916-00|logger: NHI_AI_MedReportViewerWebApi.Services.NhiPatientImageService|message: 成功轉換 DICOM 為 JPG: SOP Instance UID=1.2.840.3417124205586658229153205402522644
2026-05-21 14:22:15.6981|eventId: 0|level: INFO|traceId: 00-c068ed68dd9e4fdf50876a582bb73a2d-00c8eb5f37758437-00|logger: NHI_AI_MedReportViewerWebApi.Services.NhiPatientImageService|message: 成功轉換 DICOM 為 JPG: SOP Instance UID=1.2.840.1051457738253118922381479013141215320088
2026-05-21 14:56:47.6265|eventId: 0|level: INFO|traceId: N/A|logger: NHI_AI_MedReportViewerWebApi.Program|message: Allowed origin: http://localhost:5173
2026-05-21 14:56:47.6865|eventId: 0|level: INFO|traceId: N/A|logger: NHI_AI_MedReportViewerWebApi.Program|message: Authentication enabled with JWT Bearer tokens
2026-05-21 14:56:47.7688|eventId: 0|level: INFO|traceId: N/A|logger: NHI_AI_MedReportViewerWebApi.Program|message: Exceptionless 設定完成，ServerUrl: "https://h30lhclogsvr.intra.nhi.gov.tw:8443"
2026-05-21 14:56:48.1886|eventId: 0|level: INFO|traceId: 00-9dfe9b23dc4f2b38a8c5ded55187856e-323b481e36958d2f-00|logger: NHI_AI_MedReportViewerWebApi.Services.UrlTokenValidator|message: 正在載入 URL 驗證用 JWKS。Issuer=https://auth.cohesion.internal/url-issuer, Audience=viewer-app, Path=Config/url.jwks.json
2026-05-21 14:56:48.2175|eventId: 0|level: INFO|traceId: 00-9dfe9b23dc4f2b38a8c5ded55187856e-323b481e36958d2f-00|logger: NHI_AI_MedReportViewerWebApi.Services.UrlTokenValidator|message: URL 驗證用 JWKS 載入完成，共 1 把金鑰。
2026-05-21 14:56:48.2517|eventId: 0|level: INFO|traceId: 00-9dfe9b23dc4f2b38a8c5ded55187856e-323b481e36958d2f-00|logger: NHI_AI_MedReportViewerWebApi.Services.ViewerTokenIssuer|message: 正在載入 Viewer 簽章私鑰 PEM (初始化)。Issuer=https://auth.cohesion.internal/viewer-issuer, Audience=viewer-app, PemPath=Config/viewer-issuer-private.pem, Kid=VW-2025-03, TTL=14400s
2026-05-21 14:56:48.2859|eventId: 0|level: INFO|traceId: 00-9dfe9b23dc4f2b38a8c5ded55187856e-323b481e36958d2f-00|logger: NHI_AI_MedReportViewerWebApi.Services.ViewerTokenIssuer|message: Viewer 簽章私鑰 PEM 載入完成，簽章設定 初始化成功。Kid=VW-2025-03, 存活秒數=14400
2026-05-21 14:56:48.3360|eventId: 0|level: INFO|traceId: 00-9dfe9b23dc4f2b38a8c5ded55187856e-323b481e36958d2f-00|logger: NHI_AI_MedReportViewerWebApi.Controllers.ReportsController|message: 開始驗證 URL Token。
2026-05-21 14:56:48.5709|eventId: 0|level: INFO|traceId: 00-9dfe9b23dc4f2b38a8c5ded55187856e-323b481e36958d2f-00|logger: NHI_AI_MedReportViewerWebApi.Services.UrlTokenValidator|message: URL Token 驗證通過。kid=UX-2025-02
2026-05-21 14:56:48.5973|eventId: 0|level: INFO|traceId: 00-9dfe9b23dc4f2b38a8c5ded55187856e-323b481e36958d2f-00|logger: NHI_AI_MedReportViewerWebApi.Controllers.ReportsController|message: URL Token 驗證通過，準備簽發 Viewer Token。
2026-05-21 14:56:48.6236|eventId: 0|level: INFO|traceId: 00-9dfe9b23dc4f2b38a8c5ded55187856e-323b481e36958d2f-00|logger: NHI_AI_MedReportViewerWebApi.Services.ViewerTokenIssuer|message: 正在簽發 Viewer Token。存活秒數=14400, 到期時間(UTC)=05/21/2026 10:56:48, kid=VW-2025-03, 最大會話壽命(amax)=05/21/2026 10:56:48
2026-05-21 14:56:48.7355|eventId: 0|level: INFO|traceId: 00-9dfe9b23dc4f2b38a8c5ded55187856e-323b481e36958d2f-00|logger: NHI_AI_MedReportViewerWebApi.Controllers.ReportsController|message: 以 Redirect 模式回應，導向前端頁面。
2026-05-21 14:56:49.6550|eventId: 0|level: INFO|traceId: 00-e8c05b5b290d67595aae541dce7ac0a1-3d0bb50a97d302a5-00|logger: NHI_AI_MedReportViewerWebApi.Services.OutputGenerationService|message: 開始建立 extracted_data for Patient: Z299999830-20251102-1211-00000000001
2026-05-21 14:56:50.4968|eventId: 0|level: INFO|traceId: 00-e8c05b5b290d67595aae541dce7ac0a1-3d0bb50a97d302a5-00|logger: NHI_AI_MedReportViewerWebApi.Services.OutputGenerationService|message: 完成建立 23 筆 extracted_data
2026-05-21 14:56:50.5266|eventId: 0|level: INFO|traceId: 00-e8c05b5b290d67595aae541dce7ac0a1-3d0bb50a97d302a5-00|logger: NHI_AI_MedReportViewerWebApi.Services.OutputGenerationService|message: 開始建立 summary for Patient: Z299999830-20251102-1211-00000000001
2026-05-21 14:56:50.8321|eventId: 0|level: INFO|traceId: 00-e8c05b5b290d67595aae541dce7ac0a1-3d0bb50a97d302a5-00|logger: NHI_AI_MedReportViewerWebApi.Services.OutputGenerationService|message: 完成建立 4 筆 summary
2026-05-21 14:56:50.8667|eventId: 3|level: INFO|traceId: 00-e8c05b5b290d67595aae541dce7ac0a1-3d0bb50a97d302a5-00|logger: Polly|message: Execution attempt. Source: 'OracleResiliencePipeline/(null)/Retry', Operation Key: '', Result: 'NHI_AI_MedReportViewerWebApi.Models.OutputJsonDto', Handled: 'False', Attempt: '0', Execution Time: '1680.6756'
2026-05-21 14:56:51.8998|eventId: 3|level: INFO|traceId: 00-f8835f17c8fab19604f6be1f4d903377-f3d193c4155c2887-00|logger: Polly|message: Execution attempt. Source: 'OracleResiliencePipeline/(null)/Retry', Operation Key: '', Result: '台大醫院', Handled: 'False', Attempt: '0', Execution Time: '683.6751'
2026-05-21 14:56:51.8998|eventId: 3|level: INFO|traceId: 00-fa8d031ec822b49c6a8879f63ee3af03-7a83fb56c1e31b9e-00|logger: Polly|message: Execution attempt. Source: 'OracleResiliencePipeline/(null)/Retry', Operation Key: '', Result: '台大醫院', Handled: 'False', Attempt: '0', Execution Time: '694.533'
2026-05-21 14:56:51.8998|eventId: 3|level: INFO|traceId: 00-f74af1fe6e73437aa744357905f19eb9-6c3c56b8db59fc1f-00|logger: Polly|message: Execution attempt. Source: 'OracleResiliencePipeline/(null)/Retry', Operation Key: '', Result: '台大醫院', Handled: 'False', Attempt: '0', Execution Time: '692.0886'
2026-05-21 14:56:51.8998|eventId: 3|level: INFO|traceId: 00-5721ddb3e34d2ccd5d69eb1a23d3134b-4d4ee484f6757ac0-00|logger: Polly|message: Execution attempt. Source: 'OracleResiliencePipeline/(null)/Retry', Operation Key: '', Result: '台大醫院', Handled: 'False', Attempt: '0', Execution Time: '699.9621'
2026-05-21 14:56:51.8998|eventId: 3|level: INFO|traceId: 00-efab76d47aa54e6aeb1e9a29d36af690-663a7975e3080b34-00|logger: Polly|message: Execution attempt. Source: 'OracleResiliencePipeline/(null)/Retry', Operation Key: '', Result: '台大醫院', Handled: 'False', Attempt: '0', Execution Time: '686.053'
2026-05-21 14:56:51.8998|eventId: 3|level: INFO|traceId: 00-9e672f996f258b2c2a17c45c7a6be557-2137d8b7d141c113-00|logger: Polly|message: Execution attempt. Source: 'OracleResiliencePipeline/(null)/Retry', Operation Key: '', Result: '台大醫院', Handled: 'False', Attempt: '0', Execution Time: '696.6828'
2026-05-21 14:56:51.8998|eventId: 3|level: INFO|traceId: 00-9c1a23c326769e5797b972c147cfcab6-72385889e908c3e4-00|logger: Polly|message: Execution attempt. Source: 'OracleResiliencePipeline/(null)/Retry', Operation Key: '', Result: '台大醫院', Handled: 'False', Attempt: '0', Execution Time: '689.7321'
2026-05-21 14:56:51.8998|eventId: 3|level: INFO|traceId: 00-2c511fb5c5424948c0043b1bf0df3079-3b5603dea156ae59-00|logger: Polly|message: Execution attempt. Source: 'OracleResiliencePipeline/(null)/Retry', Operation Key: '', Result: '台大醫院', Handled: 'False', Attempt: '0', Execution Time: '688.0597'
2026-05-21 14:56:52.0138|eventId: 0|level: INFO|traceId: 00-c05d764da87d5099e24343ff62e2061f-c67c8116d2671aad-00|logger: NHI_AI_MedReportViewerWebApi.Services.OutputGenerationService|message: 開始取得病患關鍵影像: IdAes=EBD71A864A0F7E6A355827754B89259E, Birthday=19410712
2026-05-21 14:56:52.0138|eventId: 0|level: INFO|traceId: 00-70e4364b7a0c79caad33c8be9494c98f-67bbcf8161d368c5-00|logger: NHI_AI_MedReportViewerWebApi.Services.NhiPatientImageService|message: 開始查詢 Series Instance UID: Study=1.2.840.133888132105150143162871541411731780159144, SeriesNumber=15
2026-05-21 14:56:52.0969|eventId: 3|level: INFO|traceId: 00-c05d764da87d5099e24343ff62e2061f-c67c8116d2671aad-00|logger: Polly|message: Execution attempt. Source: 'OracleResiliencePipeline/(null)/Retry', Operation Key: '', Result: 'System.Collections.Generic.List`1[NHI_AI_MedReportViewerWebApi.Models.KeyImageInfo]', Handled: 'False', Attempt: '0', Execution Time: '56.4064'
2026-05-21 14:56:52.1382|eventId: 0|level: INFO|traceId: 00-c05d764da87d5099e24343ff62e2061f-c67c8116d2671aad-00|logger: NHI_AI_MedReportViewerWebApi.Services.OutputGenerationService|message: 完成取得病患關鍵影像，共 4 筆
2026-05-21 14:56:52.1766|eventId: 3|level: INFO|traceId: 00-70e4364b7a0c79caad33c8be9494c98f-67bbcf8161d368c5-00|logger: Polly|message: Execution attempt. Source: 'OracleResiliencePipeline/(null)/Retry', Operation Key: '', Result: '1.2.840.19216622352892321110282110210111240391850', Handled: 'False', Attempt: '0', Execution Time: '121.7984'
2026-05-21 14:56:52.2008|eventId: 0|level: INFO|traceId: 00-70e4364b7a0c79caad33c8be9494c98f-67bbcf8161d368c5-00|logger: NHI_AI_MedReportViewerWebApi.Services.NhiPatientImageService|message: 找到 Series Number 15 對應的 Series Instance UID: 1.2.840.19216622352892321110282110210111240391850
2026-05-21 14:56:52.2225|eventId: 0|level: INFO|traceId: 00-81a8603fcce6ab6e8c8f1f75e119fa4d-293dfb9ef100faa9-00|logger: AIRS.Core.Helpers.ZfpOracleDbHelper|message: GetImageKey(studyInstanceUid: 1.2.840.1405011311801131732011012121012200126134, seriesInstanceUid: 1.2.840.51111141244381216847820799116149155151129, sopInstanceUid: 1.2.840.3219370233171571652261152261706625011114738)
2026-05-21 14:56:52.2225|eventId: 0|level: INFO|traceId: 00-fe4279301284e97e2791d56d74f85032-9431bfce30c1697a-00|logger: AIRS.Core.Helpers.ZfpOracleDbHelper|message: GetImageKey(studyInstanceUid: 1.2.840.6610321904118510815420318233761831142014, seriesInstanceUid: 1.2.840.185393732156165237212158241127106677643111, sopInstanceUid: 1.2.840.3417124205586658229153205402522644)
2026-05-21 14:56:52.2225|eventId: 0|level: INFO|traceId: 00-d7cfd4129955a477e2407789b3a3f802-5feeae8fd561ea5b-00|logger: AIRS.Core.Helpers.ZfpOracleDbHelper|message: GetImageKey(studyInstanceUid: 1.2.840.6610321904118510815420318233761831142014, seriesInstanceUid: 1.2.840.185393732156165237212158241127106677643111, sopInstanceUid: 1.2.840.1051457738253118922381479013141215320088)
2026-05-21 14:56:52.2225|eventId: 0|level: INFO|traceId: 00-8eae63854b3893c43e562601277d1f79-b40721069cabc97f-00|logger: AIRS.Core.Helpers.ZfpOracleDbHelper|message: GetImageKey(studyInstanceUid: 1.2.840.1405011311801131732011012121012200126134, seriesInstanceUid: 1.2.840.51111141244381216847820799116149155151129, sopInstanceUid: 1.2.840.232761451702923525417733227971231052812514)
2026-05-21 14:56:52.2518|eventId: 0|level: INFO|traceId: 00-d3d55d6a01178cf063fea49456488e0b-ef2ac8b83e4a334d-00|logger: AIRS.Core.Helpers.ZfpOracleDbHelper|message: GetSortedImagesBySeries(studyInstanceUid: 1.2.840.133888132105150143162871541411731780159144, seriesInstanceUid: 1.2.840.19216622352892321110282110210111240391850)
2026-05-21 14:56:52.2942|eventId: 3|level: INFO|traceId: 00-81a8603fcce6ab6e8c8f1f75e119fa4d-293dfb9ef100faa9-00|logger: Polly|message: Execution attempt. Source: 'OracleResiliencePipeline/(null)/Retry', Operation Key: '', Result: 'NHI_ZFP_Viewer.ImageSources.ImageInfo', Handled: 'False', Attempt: '0', Execution Time: '46.7923'
2026-05-21 14:56:52.2942|eventId: 3|level: INFO|traceId: 00-fe4279301284e97e2791d56d74f85032-9431bfce30c1697a-00|logger: Polly|message: Execution attempt. Source: 'OracleResiliencePipeline/(null)/Retry', Operation Key: '', Result: 'NHI_ZFP_Viewer.ImageSources.ImageInfo', Handled: 'False', Attempt: '0', Execution Time: '48.6314'
2026-05-21 14:56:52.2942|eventId: 3|level: INFO|traceId: 00-8eae63854b3893c43e562601277d1f79-b40721069cabc97f-00|logger: Polly|message: Execution attempt. Source: 'OracleResiliencePipeline/(null)/Retry', Operation Key: '', Result: 'NHI_ZFP_Viewer.ImageSources.ImageInfo', Handled: 'False', Attempt: '0', Execution Time: '32.8405'
2026-05-21 14:56:52.2942|eventId: 3|level: INFO|traceId: 00-d7cfd4129955a477e2407789b3a3f802-5feeae8fd561ea5b-00|logger: Polly|message: Execution attempt. Source: 'OracleResiliencePipeline/(null)/Retry', Operation Key: '', Result: 'NHI_ZFP_Viewer.ImageSources.ImageInfo', Handled: 'False', Attempt: '0', Execution Time: '42.9299'
2026-05-21 14:56:52.3258|eventId: 0|level: INFO|traceId: 00-81a8603fcce6ab6e8c8f1f75e119fa4d-293dfb9ef100faa9-00|logger: AIRS.Core.Helpers.ZfpOracleDbHelper|message: GetImageKey = Archived/20230210/1.2.840.1405011311801131732011012121012200126134/1.2.840.51111141244381216847820799116149155151129/1.2.840.3219370233171571652261152261706625011114738.dcm, 89 ms elapsed.
2026-05-21 14:56:52.3258|eventId: 3|level: INFO|traceId: 00-d3d55d6a01178cf063fea49456488e0b-ef2ac8b83e4a334d-00|logger: Polly|message: Execution attempt. Source: 'OracleResiliencePipeline/(null)/Retry', Operation Key: '', Result: 'System.Collections.Generic.List`1[System.String]', Handled: 'False', Attempt: '0', Execution Time: '57.4492'
2026-05-21 14:56:52.3597|eventId: 0|level: INFO|traceId: 00-fe4279301284e97e2791d56d74f85032-9431bfce30c1697a-00|logger: AIRS.Core.Helpers.ZfpOracleDbHelper|message: GetImageKey = Archived/20230510/1.2.840.6610321904118510815420318233761831142014/1.2.840.185393732156165237212158241127106677643111/1.2.840.3417124205586658229153205402522644.dcm, 107 ms elapsed.
2026-05-21 14:56:52.3597|eventId: 0|level: INFO|traceId: 00-8eae63854b3893c43e562601277d1f79-b40721069cabc97f-00|logger: AIRS.Core.Helpers.ZfpOracleDbHelper|message: GetImageKey = Archived/20230210/1.2.840.1405011311801131732011012121012200126134/1.2.840.51111141244381216847820799116149155151129/1.2.840.232761451702923525417733227971231052812514.dcm, 101 ms elapsed.
2026-05-21 14:56:52.3744|eventId: 0|level: INFO|traceId: 00-d7cfd4129955a477e2407789b3a3f802-5feeae8fd561ea5b-00|logger: AIRS.Core.Helpers.ZfpOracleDbHelper|message: GetImageKey = Archived/20230510/1.2.840.6610321904118510815420318233761831142014/1.2.840.185393732156165237212158241127106677643111/1.2.840.1051457738253118922381479013141215320088.dcm, 125 ms elapsed.
2026-05-21 14:56:52.4058|eventId: 0|level: INFO|traceId: 00-d3d55d6a01178cf063fea49456488e0b-ef2ac8b83e4a334d-00|logger: NHI_AI_MedReportViewerWebApi.Services.NhiPatientImageService|message: Series 1.2.840.19216622352892321110282110210111240391850 包含 64 個影像（已快取）
2026-05-21 14:56:52.4560|eventId: 0|level: INFO|traceId: 00-c07db4ba4f43898fb24786e50aef9b67-3f0ce0afc9e17e23-00|logger: AIRS.Core.Helpers.ZfpOracleDbHelper|message: GetImageKey(studyInstanceUid: 1.2.840.133888132105150143162871541411731780159144, seriesInstanceUid: 1.2.840.19216622352892321110282110210111240391850, sopInstanceUid: 1.2.840.15116225230158118975412622041871962468104)
2026-05-21 14:56:52.4939|eventId: 3|level: INFO|traceId: 00-c07db4ba4f43898fb24786e50aef9b67-3f0ce0afc9e17e23-00|logger: Polly|message: Execution attempt. Source: 'OracleResiliencePipeline/(null)/Retry', Operation Key: '', Result: 'NHI_ZFP_Viewer.ImageSources.ImageInfo', Handled: 'False', Attempt: '0', Execution Time: '16.3141'
2026-05-21 14:56:52.5136|eventId: 0|level: INFO|traceId: 00-c07db4ba4f43898fb24786e50aef9b67-3f0ce0afc9e17e23-00|logger: AIRS.Core.Helpers.ZfpOracleDbHelper|message: GetImageKey = Archived/20250812/1.2.840.133888132105150143162871541411731780159144/1.2.840.19216622352892321110282110210111240391850/1.2.840.15116225230158118975412622041871962468104.dcm, 44 ms elapsed.
2026-05-21 14:56:52.7894|eventId: 0|level: INFO|traceId: 00-d7cfd4129955a477e2407789b3a3f802-5feeae8fd561ea5b-00|logger: AIRS.Core.Common.LogForgingTools|message: 1779346612789 GetImage() 由 S3 取得 stream，耗時 379 ms.
2026-05-21 14:56:52.7894|eventId: 0|level: INFO|traceId: 00-c07db4ba4f43898fb24786e50aef9b67-3f0ce0afc9e17e23-00|logger: AIRS.Core.Common.LogForgingTools|message: 1779346612791 GetImage() 由 S3 取得 stream，耗時 248 ms.
2026-05-21 14:56:52.7894|eventId: 0|level: INFO|traceId: 00-fe4279301284e97e2791d56d74f85032-9431bfce30c1697a-00|logger: AIRS.Core.Common.LogForgingTools|message: 1779346612790 GetImage() 由 S3 取得 stream，耗時 401 ms.
2026-05-21 14:56:52.7894|eventId: 0|level: INFO|traceId: 00-8eae63854b3893c43e562601277d1f79-b40721069cabc97f-00|logger: AIRS.Core.Common.LogForgingTools|message: 1779346612792 GetImage() 由 S3 取得 stream，耗時 390 ms.
2026-05-21 14:56:52.7894|eventId: 0|level: INFO|traceId: 00-81a8603fcce6ab6e8c8f1f75e119fa4d-293dfb9ef100faa9-00|logger: AIRS.Core.Common.LogForgingTools|message: 1779346612793 GetImage() 由 S3 取得 stream，耗時 415 ms.
2026-05-21 14:56:52.8052|eventId: 0|level: INFO|traceId: 00-d7cfd4129955a477e2407789b3a3f802-5feeae8fd561ea5b-00|logger: NHI_AI_MedReportViewerWebApi.Services.NhiPatientImageService|message: 成功從 S3 取得影像: 1.2.840.1051457738253118922381479013141215320088
2026-05-21 14:56:52.8109|eventId: 0|level: INFO|traceId: 00-c07db4ba4f43898fb24786e50aef9b67-3f0ce0afc9e17e23-00|logger: NHI_AI_MedReportViewerWebApi.Services.NhiPatientImageService|message: 成功從 S3 取得影像: 1.2.840.15116225230158118975412622041871962468104
2026-05-21 14:56:52.8109|eventId: 0|level: INFO|traceId: 00-fe4279301284e97e2791d56d74f85032-9431bfce30c1697a-00|logger: NHI_AI_MedReportViewerWebApi.Services.NhiPatientImageService|message: 成功從 S3 取得影像: 1.2.840.3417124205586658229153205402522644
2026-05-21 14:56:52.8109|eventId: 0|level: INFO|traceId: 00-8eae63854b3893c43e562601277d1f79-b40721069cabc97f-00|logger: NHI_AI_MedReportViewerWebApi.Services.NhiPatientImageService|message: 成功從 S3 取得影像: 1.2.840.232761451702923525417733227971231052812514
2026-05-21 14:56:52.8263|eventId: 0|level: INFO|traceId: 00-81a8603fcce6ab6e8c8f1f75e119fa4d-293dfb9ef100faa9-00|logger: NHI_AI_MedReportViewerWebApi.Services.NhiPatientImageService|message: 成功從 S3 取得影像: 1.2.840.3219370233171571652261152261706625011114738
2026-05-21 14:56:52.8263|eventId: 0|level: INFO|traceId: 00-d7cfd4129955a477e2407789b3a3f802-5feeae8fd561ea5b-00|logger: NHI_AI_MedReportViewerWebApi.Services.NhiPatientImageService|message: 開始轉換 DICOM 為 JPG: SOP Instance UID=1.2.840.1051457738253118922381479013141215320088, ContentType=application/dicom
2026-05-21 14:56:52.8424|eventId: 0|level: INFO|traceId: 00-fe4279301284e97e2791d56d74f85032-9431bfce30c1697a-00|logger: NHI_AI_MedReportViewerWebApi.Services.NhiPatientImageService|message: 開始轉換 DICOM 為 JPG: SOP Instance UID=1.2.840.3417124205586658229153205402522644, ContentType=application/dicom
2026-05-21 14:56:52.8424|eventId: 0|level: INFO|traceId: 00-8eae63854b3893c43e562601277d1f79-b40721069cabc97f-00|logger: NHI_AI_MedReportViewerWebApi.Services.NhiPatientImageService|message: 開始轉換 DICOM 為 JPG: SOP Instance UID=1.2.840.232761451702923525417733227971231052812514, ContentType=application/dicom
2026-05-21 14:56:52.8631|eventId: 0|level: INFO|traceId: 00-81a8603fcce6ab6e8c8f1f75e119fa4d-293dfb9ef100faa9-00|logger: NHI_AI_MedReportViewerWebApi.Services.NhiPatientImageService|message: 開始轉換 DICOM 為 JPG: SOP Instance UID=1.2.840.3219370233171571652261152261706625011114738, ContentType=application/dicom
2026-05-21 14:56:53.6700|eventId: 0|level: INFO|traceId: 00-81a8603fcce6ab6e8c8f1f75e119fa4d-293dfb9ef100faa9-00|logger: NHI_AI_MedReportViewerWebApi.Services.NhiPatientImageService|message: 成功轉換 DICOM 為 JPG: SOP Instance UID=1.2.840.3219370233171571652261152261706625011114738
2026-05-21 14:56:53.6700|eventId: 0|level: INFO|traceId: 00-8eae63854b3893c43e562601277d1f79-b40721069cabc97f-00|logger: NHI_AI_MedReportViewerWebApi.Services.NhiPatientImageService|message: 成功轉換 DICOM 為 JPG: SOP Instance UID=1.2.840.232761451702923525417733227971231052812514
2026-05-21 14:56:53.6700|eventId: 0|level: INFO|traceId: 00-d7cfd4129955a477e2407789b3a3f802-5feeae8fd561ea5b-00|logger: NHI_AI_MedReportViewerWebApi.Services.NhiPatientImageService|message: 成功轉換 DICOM 為 JPG: SOP Instance UID=1.2.840.1051457738253118922381479013141215320088
2026-05-21 14:56:53.6700|eventId: 0|level: INFO|traceId: 00-fe4279301284e97e2791d56d74f85032-9431bfce30c1697a-00|logger: NHI_AI_MedReportViewerWebApi.Services.NhiPatientImageService|message: 成功轉換 DICOM 為 JPG: SOP Instance UID=1.2.840.3417124205586658229153205402522644
2026-05-21 14:58:03.1542|eventId: 0|level: INFO|traceId: 00-259afd014050073137cb3a68a719e8c9-df9775d046856d3e-00|logger: NHI_AI_MedReportViewerWebApi.Services.NhiPatientImageService|message: 開始查詢 Series Instance UID: Study=1.2.840.6610321904118510815420318233761831142014, SeriesNumber=4
2026-05-21 14:58:03.1542|eventId: 0|level: INFO|traceId: 00-22f3b12a5169945df0cfaf7ccd5c123e-7b473bb5b64f308f-00|logger: NHI_AI_MedReportViewerWebApi.Services.NhiPatientImageService|message: 開始查詢 Series Instance UID: Study=1.2.840.6610321904118510815420318233761831142014, SeriesNumber=4
2026-05-21 14:58:03.1542|eventId: 0|level: INFO|traceId: 00-74d1cdfecb0c8e02b86f05ae8f5ae0d2-dc6c5f5afba83ba1-00|logger: NHI_AI_MedReportViewerWebApi.Services.NhiPatientImageService|message: 開始查詢 Series Instance UID: Study=1.2.840.6610321904118510815420318233761831142014, SeriesNumber=4
2026-05-21 14:58:03.2151|eventId: 3|level: INFO|traceId: 00-259afd014050073137cb3a68a719e8c9-df9775d046856d3e-00|logger: Polly|message: Execution attempt. Source: 'OracleResiliencePipeline/(null)/Retry', Operation Key: '', Result: '1.2.840.185393732156165237212158241127106677643111', Handled: 'False', Attempt: '0', Execution Time: '26.7004'
2026-05-21 14:58:03.2151|eventId: 3|level: INFO|traceId: 00-22f3b12a5169945df0cfaf7ccd5c123e-7b473bb5b64f308f-00|logger: Polly|message: Execution attempt. Source: 'OracleResiliencePipeline/(null)/Retry', Operation Key: '', Result: '1.2.840.185393732156165237212158241127106677643111', Handled: 'False', Attempt: '0', Execution Time: '19.0088'
2026-05-21 14:58:03.2318|eventId: 3|level: INFO|traceId: 00-74d1cdfecb0c8e02b86f05ae8f5ae0d2-dc6c5f5afba83ba1-00|logger: Polly|message: Execution attempt. Source: 'OracleResiliencePipeline/(null)/Retry', Operation Key: '', Result: '1.2.840.185393732156165237212158241127106677643111', Handled: 'False', Attempt: '0', Execution Time: '24.6007'
2026-05-21 14:58:03.2475|eventId: 0|level: INFO|traceId: 00-259afd014050073137cb3a68a719e8c9-df9775d046856d3e-00|logger: NHI_AI_MedReportViewerWebApi.Services.NhiPatientImageService|message: 找到 Series Number 4 對應的 Series Instance UID: 1.2.840.185393732156165237212158241127106677643111
2026-05-21 14:58:03.2475|eventId: 0|level: INFO|traceId: 00-22f3b12a5169945df0cfaf7ccd5c123e-7b473bb5b64f308f-00|logger: NHI_AI_MedReportViewerWebApi.Services.NhiPatientImageService|message: 找到 Series Number 4 對應的 Series Instance UID: 1.2.840.185393732156165237212158241127106677643111
2026-05-21 14:58:03.2633|eventId: 0|level: INFO|traceId: 00-74d1cdfecb0c8e02b86f05ae8f5ae0d2-dc6c5f5afba83ba1-00|logger: NHI_AI_MedReportViewerWebApi.Services.NhiPatientImageService|message: 找到 Series Number 4 對應的 Series Instance UID: 1.2.840.185393732156165237212158241127106677643111
2026-05-21 14:58:03.2882|eventId: 0|level: INFO|traceId: 00-40373ee8541425db9a6f9cd063a6a608-b380a6e7757937d9-00|logger: NHI_AI_MedReportViewerWebApi.Services.NhiPatientImageService|message: 開始查詢 Series Instance UID: Study=1.2.840.1405011311801131732011012121012200126134, SeriesNumber=4
2026-05-21 14:58:03.2956|eventId: 0|level: INFO|traceId: 00-757e134b09e7f1ebd963c161ecc9ac7e-4242fe077ef237d8-00|logger: NHI_AI_MedReportViewerWebApi.Services.NhiPatientImageService|message: 開始查詢 Series Instance UID: Study=1.2.840.167221195121219905290418769251473628129, SeriesNumber=9
2026-05-21 14:58:03.3091|eventId: 0|level: INFO|traceId: 00-0b0b1f55b7c2d64f5bb6218a02f85f34-20f6722134980e78-00|logger: NHI_AI_MedReportViewerWebApi.Services.NhiPatientImageService|message: 開始查詢 SOP Instance UID: Study=1.2.840.6610321904118510815420318233761831142014, Series=1.2.840.185393732156165237212158241127106677643111, InstanceNumber=29
2026-05-21 14:58:03.3237|eventId: 3|level: INFO|traceId: 00-40373ee8541425db9a6f9cd063a6a608-b380a6e7757937d9-00|logger: Polly|message: Execution attempt. Source: 'OracleResiliencePipeline/(null)/Retry', Operation Key: '', Result: '1.2.840.51111141244381216847820799116149155151129', Handled: 'False', Attempt: '0', Execution Time: '17.0171'
2026-05-21 14:58:03.3430|eventId: 3|level: INFO|traceId: 00-757e134b09e7f1ebd963c161ecc9ac7e-4242fe077ef237d8-00|logger: Polly|message: Execution attempt. Source: 'OracleResiliencePipeline/(null)/Retry', Operation Key: '', Result: '1.2.840.1721868228751932482087238247913291134107', Handled: 'False', Attempt: '0', Execution Time: '15.2595'
2026-05-21 14:58:03.3567|eventId: 0|level: INFO|traceId: 00-40373ee8541425db9a6f9cd063a6a608-b380a6e7757937d9-00|logger: NHI_AI_MedReportViewerWebApi.Services.NhiPatientImageService|message: 找到 Series Number 4 對應的 Series Instance UID: 1.2.840.51111141244381216847820799116149155151129
2026-05-21 14:58:03.3567|eventId: 0|level: INFO|traceId: 00-757e134b09e7f1ebd963c161ecc9ac7e-4242fe077ef237d8-00|logger: NHI_AI_MedReportViewerWebApi.Services.NhiPatientImageService|message: 找到 Series Number 9 對應的 Series Instance UID: 1.2.840.1721868228751932482087238247913291134107
2026-05-21 14:58:03.3912|eventId: 3|level: INFO|traceId: 00-0b0b1f55b7c2d64f5bb6218a02f85f34-20f6722134980e78-00|logger: Polly|message: Execution attempt. Source: 'OracleResiliencePipeline/(null)/Retry', Operation Key: '', Result: '1.2.840.3417124205586658229153205402522644', Handled: 'False', Attempt: '0', Execution Time: '53.8679'
2026-05-21 14:58:03.4116|eventId: 0|level: INFO|traceId: 00-41cf0e0e98870aa160f00c426beff31f-d1ed835cd55ecabd-00|logger: NHI_AI_MedReportViewerWebApi.Services.NhiRegistrationService|message: 查詢目標 Instance Number。Patient: Z299999830-20251102-1211-00000000001, RefSeries: 1.2.840.185393732156165237212158241127106677643111, DstSeries: 1.2.840.51111141244381216847820799116149155151129
2026-05-21 14:58:03.4116|eventId: 0|level: INFO|traceId: 00-e66dc5988787df4d5e60f151fe7094cc-1ef0a3d24084c6a3-00|logger: NHI_AI_MedReportViewerWebApi.Services.NhiRegistrationService|message: 查詢目標 Instance Number。Patient: Z299999830-20251102-1211-00000000001, RefSeries: 1.2.840.185393732156165237212158241127106677643111, DstSeries: 1.2.840.1721868228751932482087238247913291134107
2026-05-21 14:58:03.4179|eventId: 0|level: INFO|traceId: 00-0b0b1f55b7c2d64f5bb6218a02f85f34-20f6722134980e78-00|logger: NHI_AI_MedReportViewerWebApi.Services.NhiPatientImageService|message: 找到 Instance Number 29 對應的 SOP Instance UID: 1.2.840.3417124205586658229153205402522644
2026-05-21 14:58:03.4623|eventId: 0|level: INFO|traceId: 00-f428f70ee362ea0da2cc5c4a7a7b7383-2ebacac06612e90d-00|logger: AIRS.Core.Helpers.ZfpOracleDbHelper|message: GetSortedImagesBySeries(studyInstanceUid: 1.2.840.6610321904118510815420318233761831142014, seriesInstanceUid: 1.2.840.185393732156165237212158241127106677643111)
2026-05-21 14:58:03.4730|eventId: 3|level: INFO|traceId: 00-41cf0e0e98870aa160f00c426beff31f-d1ed835cd55ecabd-00|logger: Polly|message: Execution attempt. Source: 'OracleResiliencePipeline/(null)/Retry', Operation Key: '', Result: '33', Handled: 'False', Attempt: '0', Execution Time: '31.3081'
2026-05-21 14:58:03.4730|eventId: 3|level: INFO|traceId: 00-e66dc5988787df4d5e60f151fe7094cc-1ef0a3d24084c6a3-00|logger: Polly|message: Execution attempt. Source: 'OracleResiliencePipeline/(null)/Retry', Operation Key: '', Result: '23', Handled: 'False', Attempt: '0', Execution Time: '30.8538'
2026-05-21 14:58:03.5032|eventId: 0|level: INFO|traceId: 00-41cf0e0e98870aa160f00c426beff31f-d1ed835cd55ecabd-00|logger: NHI_AI_MedReportViewerWebApi.Services.NhiRegistrationService|message: 找到對應的目標 Instance Number: 33
2026-05-21 14:58:03.5032|eventId: 0|level: INFO|traceId: 00-e66dc5988787df4d5e60f151fe7094cc-1ef0a3d24084c6a3-00|logger: NHI_AI_MedReportViewerWebApi.Services.NhiRegistrationService|message: 找到對應的目標 Instance Number: 23
2026-05-21 14:58:03.5213|eventId: 3|level: INFO|traceId: 00-f428f70ee362ea0da2cc5c4a7a7b7383-2ebacac06612e90d-00|logger: Polly|message: Execution attempt. Source: 'OracleResiliencePipeline/(null)/Retry', Operation Key: '', Result: 'System.Collections.Generic.List`1[System.String]', Handled: 'False', Attempt: '0', Execution Time: '32.852'
2026-05-21 14:58:03.5269|eventId: 0|level: INFO|traceId: 00-41cf0e0e98870aa160f00c426beff31f-d1ed835cd55ecabd-00|logger: NHI_AI_MedReportViewerWebApi.Services.NhiPatientImageService|message: 開始查詢 SOP Instance UID: Study=1.2.840.1405011311801131732011012121012200126134, Series=1.2.840.51111141244381216847820799116149155151129, InstanceNumber=33
2026-05-21 14:58:03.5269|eventId: 0|level: INFO|traceId: 00-e66dc5988787df4d5e60f151fe7094cc-1ef0a3d24084c6a3-00|logger: NHI_AI_MedReportViewerWebApi.Services.NhiPatientImageService|message: 開始查詢 SOP Instance UID: Study=1.2.840.167221195121219905290418769251473628129, Series=1.2.840.1721868228751932482087238247913291134107, InstanceNumber=23
2026-05-21 14:58:03.5608|eventId: 0|level: INFO|traceId: 00-f428f70ee362ea0da2cc5c4a7a7b7383-2ebacac06612e90d-00|logger: NHI_AI_MedReportViewerWebApi.Services.NhiPatientImageService|message: Series 1.2.840.185393732156165237212158241127106677643111 包含 66 個影像（已快取）
2026-05-21 14:58:03.5898|eventId: 3|level: INFO|traceId: 00-41cf0e0e98870aa160f00c426beff31f-d1ed835cd55ecabd-00|logger: Polly|message: Execution attempt. Source: 'OracleResiliencePipeline/(null)/Retry', Operation Key: '', Result: '1.2.840.24579199223184521533823815810478347056196', Handled: 'False', Attempt: '0', Execution Time: '26.6956'
2026-05-21 14:58:03.5898|eventId: 3|level: INFO|traceId: 00-e66dc5988787df4d5e60f151fe7094cc-1ef0a3d24084c6a3-00|logger: Polly|message: Execution attempt. Source: 'OracleResiliencePipeline/(null)/Retry', Operation Key: '', Result: '1.2.840.98120681611151912501302422382492421676315575', Handled: 'False', Attempt: '0', Execution Time: '21.5839'
2026-05-21 14:58:03.5898|eventId: 0|level: INFO|traceId: 00-9fcaf012a03ebf47a30b56c39be1f749-b31e86aaaf794eb7-00|logger: AIRS.Core.Helpers.ZfpOracleDbHelper|message: GetImageKey(studyInstanceUid: 1.2.840.6610321904118510815420318233761831142014, seriesInstanceUid: 1.2.840.185393732156165237212158241127106677643111, sopInstanceUid: 1.2.840.3417124205586658229153205402522644)
2026-05-21 14:58:03.6136|eventId: 0|level: INFO|traceId: 00-41cf0e0e98870aa160f00c426beff31f-d1ed835cd55ecabd-00|logger: NHI_AI_MedReportViewerWebApi.Services.NhiPatientImageService|message: 找到 Instance Number 33 對應的 SOP Instance UID: 1.2.840.24579199223184521533823815810478347056196
2026-05-21 14:58:03.6260|eventId: 0|level: INFO|traceId: 00-e66dc5988787df4d5e60f151fe7094cc-1ef0a3d24084c6a3-00|logger: NHI_AI_MedReportViewerWebApi.Services.NhiPatientImageService|message: 找到 Instance Number 23 對應的 SOP Instance UID: 1.2.840.98120681611151912501302422382492421676315575
2026-05-21 14:58:03.6575|eventId: 3|level: INFO|traceId: 00-9fcaf012a03ebf47a30b56c39be1f749-b31e86aaaf794eb7-00|logger: Polly|message: Execution attempt. Source: 'OracleResiliencePipeline/(null)/Retry', Operation Key: '', Result: 'NHI_ZFP_Viewer.ImageSources.ImageInfo', Handled: 'False', Attempt: '0', Execution Time: '16.0402'
2026-05-21 14:58:03.6758|eventId: 0|level: INFO|traceId: 00-3bb856a6dc9c1c06f7cdf93e682e521e-2e571d9c72ccaa92-00|logger: AIRS.Core.Helpers.ZfpOracleDbHelper|message: GetSortedImagesBySeries(studyInstanceUid: 1.2.840.1405011311801131732011012121012200126134, seriesInstanceUid: 1.2.840.51111141244381216847820799116149155151129)
2026-05-21 14:58:03.6758|eventId: 0|level: INFO|traceId: 00-2df94e89c87f8e90ec25cb99d73465c8-d7412e43cd358e16-00|logger: AIRS.Core.Helpers.ZfpOracleDbHelper|message: GetSortedImagesBySeries(studyInstanceUid: 1.2.840.167221195121219905290418769251473628129, seriesInstanceUid: 1.2.840.1721868228751932482087238247913291134107)
2026-05-21 14:58:03.6758|eventId: 0|level: INFO|traceId: 00-9fcaf012a03ebf47a30b56c39be1f749-b31e86aaaf794eb7-00|logger: AIRS.Core.Helpers.ZfpOracleDbHelper|message: GetImageKey = Archived/20230510/1.2.840.6610321904118510815420318233761831142014/1.2.840.185393732156165237212158241127106677643111/1.2.840.3417124205586658229153205402522644.dcm, 42 ms elapsed.
2026-05-21 14:58:03.7152|eventId: 3|level: INFO|traceId: 00-3bb856a6dc9c1c06f7cdf93e682e521e-2e571d9c72ccaa92-00|logger: Polly|message: Execution attempt. Source: 'OracleResiliencePipeline/(null)/Retry', Operation Key: '', Result: 'System.Collections.Generic.List`1[System.String]', Handled: 'False', Attempt: '0', Execution Time: '19.5637'
2026-05-21 14:58:03.7329|eventId: 3|level: INFO|traceId: 00-2df94e89c87f8e90ec25cb99d73465c8-d7412e43cd358e16-00|logger: Polly|message: Execution attempt. Source: 'OracleResiliencePipeline/(null)/Retry', Operation Key: '', Result: 'System.Collections.Generic.List`1[System.String]', Handled: 'False', Attempt: '0', Execution Time: '21.7339'
2026-05-21 14:58:03.7329|eventId: 0|level: INFO|traceId: 00-3bb856a6dc9c1c06f7cdf93e682e521e-2e571d9c72ccaa92-00|logger: NHI_AI_MedReportViewerWebApi.Services.NhiPatientImageService|message: Series 1.2.840.51111141244381216847820799116149155151129 包含 73 個影像（已快取）
2026-05-21 14:58:03.7482|eventId: 0|level: INFO|traceId: 00-2df94e89c87f8e90ec25cb99d73465c8-d7412e43cd358e16-00|logger: NHI_AI_MedReportViewerWebApi.Services.NhiPatientImageService|message: Series 1.2.840.1721868228751932482087238247913291134107 包含 57 個影像（已快取）
2026-05-21 14:58:03.7720|eventId: 0|level: INFO|traceId: 00-4b6efd2767157b9ecece58f653226652-33892237e10d3147-00|logger: AIRS.Core.Helpers.ZfpOracleDbHelper|message: GetImageKey(studyInstanceUid: 1.2.840.1405011311801131732011012121012200126134, seriesInstanceUid: 1.2.840.51111141244381216847820799116149155151129, sopInstanceUid: 1.2.840.24579199223184521533823815810478347056196)
2026-05-21 14:58:03.7720|eventId: 0|level: INFO|traceId: 00-9fcaf012a03ebf47a30b56c39be1f749-b31e86aaaf794eb7-00|logger: AIRS.Core.Common.LogForgingTools|message: 1779346683773 GetImage() 由 S3 取得 stream，耗時 58 ms.
2026-05-21 14:58:03.7898|eventId: 0|level: INFO|traceId: 00-6fd834a05634b92f5b9c77d41872d597-3535136f63f79000-00|logger: AIRS.Core.Helpers.ZfpOracleDbHelper|message: GetImageKey(studyInstanceUid: 1.2.840.167221195121219905290418769251473628129, seriesInstanceUid: 1.2.840.1721868228751932482087238247913291134107, sopInstanceUid: 1.2.840.98120681611151912501302422382492421676315575)
2026-05-21 14:58:03.7941|eventId: 0|level: INFO|traceId: 00-9fcaf012a03ebf47a30b56c39be1f749-b31e86aaaf794eb7-00|logger: NHI_AI_MedReportViewerWebApi.Services.NhiPatientImageService|message: 成功從 S3 取得影像: 1.2.840.3417124205586658229153205402522644
2026-05-21 14:58:03.8090|eventId: 3|level: INFO|traceId: 00-4b6efd2767157b9ecece58f653226652-33892237e10d3147-00|logger: Polly|message: Execution attempt. Source: 'OracleResiliencePipeline/(null)/Retry', Operation Key: '', Result: 'NHI_ZFP_Viewer.ImageSources.ImageInfo', Handled: 'False', Attempt: '0', Execution Time: '16.4465'
2026-05-21 14:58:03.8262|eventId: 3|level: INFO|traceId: 00-6fd834a05634b92f5b9c77d41872d597-3535136f63f79000-00|logger: Polly|message: Execution attempt. Source: 'OracleResiliencePipeline/(null)/Retry', Operation Key: '', Result: 'NHI_ZFP_Viewer.ImageSources.ImageInfo', Handled: 'False', Attempt: '0', Execution Time: '14.9901'
2026-05-21 14:58:03.8393|eventId: 0|level: INFO|traceId: 00-4b6efd2767157b9ecece58f653226652-33892237e10d3147-00|logger: AIRS.Core.Helpers.ZfpOracleDbHelper|message: GetImageKey = Archived/20230210/1.2.840.1405011311801131732011012121012200126134/1.2.840.51111141244381216847820799116149155151129/1.2.840.24579199223184521533823815810478347056196.dcm, 50 ms elapsed.
2026-05-21 14:58:03.8555|eventId: 0|level: INFO|traceId: 00-6fd834a05634b92f5b9c77d41872d597-3535136f63f79000-00|logger: AIRS.Core.Helpers.ZfpOracleDbHelper|message: GetImageKey = Archived/20230810/1.2.840.167221195121219905290418769251473628129/1.2.840.1721868228751932482087238247913291134107/1.2.840.98120681611151912501302422382492421676315575.dcm, 46 ms elapsed.
2026-05-21 14:58:03.9117|eventId: 0|level: INFO|traceId: 00-4b6efd2767157b9ecece58f653226652-33892237e10d3147-00|logger: AIRS.Core.Common.LogForgingTools|message: 1779346683911 GetImage() 由 S3 取得 stream，耗時 50 ms.
2026-05-21 14:58:03.9369|eventId: 0|level: INFO|traceId: 00-4b6efd2767157b9ecece58f653226652-33892237e10d3147-00|logger: NHI_AI_MedReportViewerWebApi.Services.NhiPatientImageService|message: 成功從 S3 取得影像: 1.2.840.24579199223184521533823815810478347056196
2026-05-21 14:58:03.9369|eventId: 0|level: INFO|traceId: 00-6fd834a05634b92f5b9c77d41872d597-3535136f63f79000-00|logger: AIRS.Core.Common.LogForgingTools|message: 1779346683941 GetImage() 由 S3 取得 stream，耗時 69 ms.
2026-05-21 14:58:03.9725|eventId: 0|level: INFO|traceId: 00-6fd834a05634b92f5b9c77d41872d597-3535136f63f79000-00|logger: NHI_AI_MedReportViewerWebApi.Services.NhiPatientImageService|message: 成功從 S3 取得影像: 1.2.840.98120681611151912501302422382492421676315575
2026-05-21 14:58:04.9023|eventId: 0|level: INFO|traceId: 00-4bd381041ec3ed5ad588ef4c4941c0b3-0281d7f4bc0c45a5-00|logger: AIRS.Core.Helpers.ZfpOracleDbHelper|message: GetImageKey(studyInstanceUid: 1.2.840.6610321904118510815420318233761831142014, seriesInstanceUid: 1.2.840.185393732156165237212158241127106677643111, sopInstanceUid: 1.2.840.2511664518631962291533152232211442233237)
2026-05-21 14:58:04.9447|eventId: 3|level: INFO|traceId: 00-4bd381041ec3ed5ad588ef4c4941c0b3-0281d7f4bc0c45a5-00|logger: Polly|message: Execution attempt. Source: 'OracleResiliencePipeline/(null)/Retry', Operation Key: '', Result: 'NHI_ZFP_Viewer.ImageSources.ImageInfo', Handled: 'False', Attempt: '0', Execution Time: '17.8183'
2026-05-21 14:58:04.9803|eventId: 0|level: INFO|traceId: 00-4bd381041ec3ed5ad588ef4c4941c0b3-0281d7f4bc0c45a5-00|logger: AIRS.Core.Helpers.ZfpOracleDbHelper|message: GetImageKey = Archived/20230510/1.2.840.6610321904118510815420318233761831142014/1.2.840.185393732156165237212158241127106677643111/1.2.840.2511664518631962291533152232211442233237.dcm, 57 ms elapsed.
2026-05-21 14:58:05.0551|eventId: 0|level: INFO|traceId: 00-4bd381041ec3ed5ad588ef4c4941c0b3-0281d7f4bc0c45a5-00|logger: AIRS.Core.Common.LogForgingTools|message: 1779346685055 GetImage() 由 S3 取得 stream，耗時 52 ms.
2026-05-21 14:58:05.0745|eventId: 0|level: INFO|traceId: 00-4bd381041ec3ed5ad588ef4c4941c0b3-0281d7f4bc0c45a5-00|logger: NHI_AI_MedReportViewerWebApi.Services.NhiPatientImageService|message: 成功從 S3 取得影像: 1.2.840.2511664518631962291533152232211442233237
2026-05-21 14:58:05.4064|eventId: 0|level: INFO|traceId: 00-1e11378e3c4cd6dcb6b564f17f8a4c34-eeecc8b23a359d92-00|logger: AIRS.Core.Helpers.ZfpOracleDbHelper|message: GetImageKey(studyInstanceUid: 1.2.840.6610321904118510815420318233761831142014, seriesInstanceUid: 1.2.840.185393732156165237212158241127106677643111, sopInstanceUid: 1.2.840.1012237654199921541313414811823124615223932)
2026-05-21 14:58:05.4518|eventId: 3|level: INFO|traceId: 00-1e11378e3c4cd6dcb6b564f17f8a4c34-eeecc8b23a359d92-00|logger: Polly|message: Execution attempt. Source: 'OracleResiliencePipeline/(null)/Retry', Operation Key: '', Result: 'NHI_ZFP_Viewer.ImageSources.ImageInfo', Handled: 'False', Attempt: '0', Execution Time: '15.1723'
2026-05-21 14:58:05.4816|eventId: 0|level: INFO|traceId: 00-9e9243a76e9dec5da99e1b83b545818d-88c26658966b0ce9-00|logger: AIRS.Core.Helpers.ZfpOracleDbHelper|message: GetImageKey(studyInstanceUid: 1.2.840.6610321904118510815420318233761831142014, seriesInstanceUid: 1.2.840.185393732156165237212158241127106677643111, sopInstanceUid: 1.2.840.235799138187147710188228149187179103216181)
2026-05-21 14:58:05.4816|eventId: 0|level: INFO|traceId: 00-1e11378e3c4cd6dcb6b564f17f8a4c34-eeecc8b23a359d92-00|logger: AIRS.Core.Helpers.ZfpOracleDbHelper|message: GetImageKey = Archived/20230510/1.2.840.6610321904118510815420318233761831142014/1.2.840.185393732156165237212158241127106677643111/1.2.840.1012237654199921541313414811823124615223932.dcm, 55 ms elapsed.
2026-05-21 14:58:05.5510|eventId: 3|level: INFO|traceId: 00-9e9243a76e9dec5da99e1b83b545818d-88c26658966b0ce9-00|logger: Polly|message: Execution attempt. Source: 'OracleResiliencePipeline/(null)/Retry', Operation Key: '', Result: 'NHI_ZFP_Viewer.ImageSources.ImageInfo', Handled: 'False', Attempt: '0', Execution Time: '43.1831'
2026-05-21 14:58:05.5703|eventId: 0|level: INFO|traceId: 00-1e11378e3c4cd6dcb6b564f17f8a4c34-eeecc8b23a359d92-00|logger: AIRS.Core.Common.LogForgingTools|message: 1779346685570 GetImage() 由 S3 取得 stream，耗時 52 ms.
2026-05-21 14:58:05.5814|eventId: 0|level: INFO|traceId: 00-9e9243a76e9dec5da99e1b83b545818d-88c26658966b0ce9-00|logger: AIRS.Core.Helpers.ZfpOracleDbHelper|message: GetImageKey = Archived/20230510/1.2.840.6610321904118510815420318233761831142014/1.2.840.185393732156165237212158241127106677643111/1.2.840.235799138187147710188228149187179103216181.dcm, 81 ms elapsed.
2026-05-21 14:58:05.5814|eventId: 0|level: INFO|traceId: 00-1e11378e3c4cd6dcb6b564f17f8a4c34-eeecc8b23a359d92-00|logger: NHI_AI_MedReportViewerWebApi.Services.NhiPatientImageService|message: 成功從 S3 取得影像: 1.2.840.1012237654199921541313414811823124615223932
2026-05-21 14:58:05.6634|eventId: 0|level: INFO|traceId: 00-3e255070ecebcc8f4cf0a9420474176e-be9f090a1e9af414-00|logger: AIRS.Core.Helpers.ZfpOracleDbHelper|message: GetImageKey(studyInstanceUid: 1.2.840.6610321904118510815420318233761831142014, seriesInstanceUid: 1.2.840.185393732156165237212158241127106677643111, sopInstanceUid: 1.2.840.2321282215112972713121414711949702522269)
2026-05-21 14:58:05.6843|eventId: 0|level: INFO|traceId: 00-9e9243a76e9dec5da99e1b83b545818d-88c26658966b0ce9-00|logger: AIRS.Core.Common.LogForgingTools|message: 1779346685684 GetImage() 由 S3 取得 stream，耗時 79 ms.
2026-05-21 14:58:05.7041|eventId: 0|level: INFO|traceId: 00-9e9243a76e9dec5da99e1b83b545818d-88c26658966b0ce9-00|logger: NHI_AI_MedReportViewerWebApi.Services.NhiPatientImageService|message: 成功從 S3 取得影像: 1.2.840.235799138187147710188228149187179103216181
2026-05-21 14:58:05.7041|eventId: 3|level: INFO|traceId: 00-3e255070ecebcc8f4cf0a9420474176e-be9f090a1e9af414-00|logger: Polly|message: Execution attempt. Source: 'OracleResiliencePipeline/(null)/Retry', Operation Key: '', Result: 'NHI_ZFP_Viewer.ImageSources.ImageInfo', Handled: 'False', Attempt: '0', Execution Time: '19.2838'
2026-05-21 14:58:05.7364|eventId: 0|level: INFO|traceId: 00-3e255070ecebcc8f4cf0a9420474176e-be9f090a1e9af414-00|logger: AIRS.Core.Helpers.ZfpOracleDbHelper|message: GetImageKey = Archived/20230510/1.2.840.6610321904118510815420318233761831142014/1.2.840.185393732156165237212158241127106677643111/1.2.840.2321282215112972713121414711949702522269.dcm, 51 ms elapsed.
2026-05-21 14:58:05.8237|eventId: 0|level: INFO|traceId: 00-3e255070ecebcc8f4cf0a9420474176e-be9f090a1e9af414-00|logger: AIRS.Core.Common.LogForgingTools|message: 1779346685823 GetImage() 由 S3 取得 stream，耗時 62 ms.
2026-05-21 14:58:05.8501|eventId: 0|level: INFO|traceId: 00-3e255070ecebcc8f4cf0a9420474176e-be9f090a1e9af414-00|logger: NHI_AI_MedReportViewerWebApi.Services.NhiPatientImageService|message: 成功從 S3 取得影像: 1.2.840.2321282215112972713121414711949702522269
2026-05-21 14:58:06.1120|eventId: 0|level: INFO|traceId: 00-703e531ced72bd530121ac5622aed994-6fd6debf98e8a5c2-00|logger: AIRS.Core.Helpers.ZfpOracleDbHelper|message: GetImageKey(studyInstanceUid: 1.2.840.6610321904118510815420318233761831142014, seriesInstanceUid: 1.2.840.185393732156165237212158241127106677643111, sopInstanceUid: 1.2.840.8272391622716640177791681201001961819384)
2026-05-21 14:58:06.1550|eventId: 3|level: INFO|traceId: 00-703e531ced72bd530121ac5622aed994-6fd6debf98e8a5c2-00|logger: Polly|message: Execution attempt. Source: 'OracleResiliencePipeline/(null)/Retry', Operation Key: '', Result: 'NHI_ZFP_Viewer.ImageSources.ImageInfo', Handled: 'False', Attempt: '0', Execution Time: '15.8096'
2026-05-21 14:58:06.1871|eventId: 0|level: INFO|traceId: 00-703e531ced72bd530121ac5622aed994-6fd6debf98e8a5c2-00|logger: AIRS.Core.Helpers.ZfpOracleDbHelper|message: GetImageKey = Archived/20230510/1.2.840.6610321904118510815420318233761831142014/1.2.840.185393732156165237212158241127106677643111/1.2.840.8272391622716640177791681201001961819384.dcm, 51 ms elapsed.
2026-05-21 14:58:06.2703|eventId: 0|level: INFO|traceId: 00-703e531ced72bd530121ac5622aed994-6fd6debf98e8a5c2-00|logger: AIRS.Core.Common.LogForgingTools|message: 1779346686270 GetImage() 由 S3 取得 stream，耗時 59 ms.
2026-05-21 14:58:06.2934|eventId: 0|level: INFO|traceId: 00-703e531ced72bd530121ac5622aed994-6fd6debf98e8a5c2-00|logger: NHI_AI_MedReportViewerWebApi.Services.NhiPatientImageService|message: 成功從 S3 取得影像: 1.2.840.8272391622716640177791681201001961819384
2026-05-21 14:58:08.0937|eventId: 0|level: INFO|traceId: 00-0dc88ae54ecc963393be6daec9ffb3eb-1ec40572a1fabbf8-00|logger: NHI_AI_MedReportViewerWebApi.Services.NhiPatientImageService|message: 開始查詢 Series Instance UID: Study=1.2.840.133888132105150143162871541411731780159144, SeriesNumber=15
2026-05-21 14:58:08.1335|eventId: 3|level: INFO|traceId: 00-0dc88ae54ecc963393be6daec9ffb3eb-1ec40572a1fabbf8-00|logger: Polly|message: Execution attempt. Source: 'OracleResiliencePipeline/(null)/Retry', Operation Key: '', Result: '1.2.840.19216622352892321110282110210111240391850', Handled: 'False', Attempt: '0', Execution Time: '15.0655'
2026-05-21 14:58:08.1526|eventId: 0|level: INFO|traceId: 00-0dc88ae54ecc963393be6daec9ffb3eb-1ec40572a1fabbf8-00|logger: NHI_AI_MedReportViewerWebApi.Services.NhiPatientImageService|message: 找到 Series Number 15 對應的 Series Instance UID: 1.2.840.19216622352892321110282110210111240391850
2026-05-21 14:58:08.2118|eventId: 0|level: INFO|traceId: 00-74b6109c5e7b58496c2a804c26e972fa-893edf119c189dff-00|logger: AIRS.Core.Helpers.ZfpOracleDbHelper|message: GetImageKey(studyInstanceUid: 1.2.840.6610321904118510815420318233761831142014, seriesInstanceUid: 1.2.840.185393732156165237212158241127106677643111, sopInstanceUid: 1.2.840.1051457738253118922381479013141215320088)
2026-05-21 14:58:08.2118|eventId: 0|level: INFO|traceId: 00-8700d41a1b55fa6d0eef5405a7c0a048-2b663ad3259ed7f9-00|logger: AIRS.Core.Helpers.ZfpOracleDbHelper|message: GetImageKey(studyInstanceUid: 1.2.840.6610321904118510815420318233761831142014, seriesInstanceUid: 1.2.840.185393732156165237212158241127106677643111, sopInstanceUid: 1.2.840.3417124205586658229153205402522644)
2026-05-21 14:58:08.2118|eventId: 0|level: INFO|traceId: 00-4d8b3a1ba4575d2197481a12b4bc803e-bdb2cb29ae803214-00|logger: AIRS.Core.Helpers.ZfpOracleDbHelper|message: GetImageKey(studyInstanceUid: 1.2.840.1405011311801131732011012121012200126134, seriesInstanceUid: 1.2.840.51111141244381216847820799116149155151129, sopInstanceUid: 1.2.840.3219370233171571652261152261706625011114738)
2026-05-21 14:58:08.2118|eventId: 0|level: INFO|traceId: 00-21714ec37072436166e9f305d66d7197-3d0bd4ad18236dab-00|logger: AIRS.Core.Helpers.ZfpOracleDbHelper|message: GetImageKey(studyInstanceUid: 1.2.840.1405011311801131732011012121012200126134, seriesInstanceUid: 1.2.840.51111141244381216847820799116149155151129, sopInstanceUid: 1.2.840.232761451702923525417733227971231052812514)
2026-05-21 14:58:08.2616|eventId: 3|level: INFO|traceId: 00-74b6109c5e7b58496c2a804c26e972fa-893edf119c189dff-00|logger: Polly|message: Execution attempt. Source: 'OracleResiliencePipeline/(null)/Retry', Operation Key: '', Result: 'NHI_ZFP_Viewer.ImageSources.ImageInfo', Handled: 'False', Attempt: '0', Execution Time: '26.9003'
2026-05-21 14:58:08.2616|eventId: 3|level: INFO|traceId: 00-4d8b3a1ba4575d2197481a12b4bc803e-bdb2cb29ae803214-00|logger: Polly|message: Execution attempt. Source: 'OracleResiliencePipeline/(null)/Retry', Operation Key: '', Result: 'NHI_ZFP_Viewer.ImageSources.ImageInfo', Handled: 'False', Attempt: '0', Execution Time: '22.3435'
2026-05-21 14:58:08.2616|eventId: 3|level: INFO|traceId: 00-8700d41a1b55fa6d0eef5405a7c0a048-2b663ad3259ed7f9-00|logger: Polly|message: Execution attempt. Source: 'OracleResiliencePipeline/(null)/Retry', Operation Key: '', Result: 'NHI_ZFP_Viewer.ImageSources.ImageInfo', Handled: 'False', Attempt: '0', Execution Time: '27.093'
2026-05-21 14:58:08.2785|eventId: 3|level: INFO|traceId: 00-21714ec37072436166e9f305d66d7197-3d0bd4ad18236dab-00|logger: Polly|message: Execution attempt. Source: 'OracleResiliencePipeline/(null)/Retry', Operation Key: '', Result: 'NHI_ZFP_Viewer.ImageSources.ImageInfo', Handled: 'False', Attempt: '0', Execution Time: '21.3932'
2026-05-21 14:58:08.2785|eventId: 0|level: INFO|traceId: 00-74b6109c5e7b58496c2a804c26e972fa-893edf119c189dff-00|logger: AIRS.Core.Helpers.ZfpOracleDbHelper|message: GetImageKey = Archived/20230510/1.2.840.6610321904118510815420318233761831142014/1.2.840.185393732156165237212158241127106677643111/1.2.840.1051457738253118922381479013141215320088.dcm, 50 ms elapsed.
2026-05-21 14:58:08.2946|eventId: 0|level: INFO|traceId: 00-4d8b3a1ba4575d2197481a12b4bc803e-bdb2cb29ae803214-00|logger: AIRS.Core.Helpers.ZfpOracleDbHelper|message: GetImageKey = Archived/20230210/1.2.840.1405011311801131732011012121012200126134/1.2.840.51111141244381216847820799116149155151129/1.2.840.3219370233171571652261152261706625011114738.dcm, 52 ms elapsed.
2026-05-21 14:58:08.3119|eventId: 0|level: INFO|traceId: 00-8700d41a1b55fa6d0eef5405a7c0a048-2b663ad3259ed7f9-00|logger: AIRS.Core.Helpers.ZfpOracleDbHelper|message: GetImageKey = Archived/20230510/1.2.840.6610321904118510815420318233761831142014/1.2.840.185393732156165237212158241127106677643111/1.2.840.3417124205586658229153205402522644.dcm, 70 ms elapsed.
2026-05-21 14:58:08.3119|eventId: 0|level: INFO|traceId: 00-21714ec37072436166e9f305d66d7197-3d0bd4ad18236dab-00|logger: AIRS.Core.Helpers.ZfpOracleDbHelper|message: GetImageKey = Archived/20230210/1.2.840.1405011311801131732011012121012200126134/1.2.840.51111141244381216847820799116149155151129/1.2.840.232761451702923525417733227971231052812514.dcm, 60 ms elapsed.
2026-05-21 14:58:08.3720|eventId: 0|level: INFO|traceId: 00-74b6109c5e7b58496c2a804c26e972fa-893edf119c189dff-00|logger: AIRS.Core.Common.LogForgingTools|message: 1779346688372 GetImage() 由 S3 取得 stream，耗時 51 ms.
2026-05-21 14:58:08.3720|eventId: 0|level: INFO|traceId: 00-21714ec37072436166e9f305d66d7197-3d0bd4ad18236dab-00|logger: AIRS.Core.Common.LogForgingTools|message: 1779346688380 GetImage() 由 S3 取得 stream，耗時 41 ms.
2026-05-21 14:58:08.3720|eventId: 0|level: INFO|traceId: 00-8700d41a1b55fa6d0eef5405a7c0a048-2b663ad3259ed7f9-00|logger: AIRS.Core.Common.LogForgingTools|message: 1779346688384 GetImage() 由 S3 取得 stream，耗時 52 ms.
2026-05-21 14:58:08.3869|eventId: 0|level: INFO|traceId: 00-4d8b3a1ba4575d2197481a12b4bc803e-bdb2cb29ae803214-00|logger: AIRS.Core.Common.LogForgingTools|message: 1779346688386 GetImage() 由 S3 取得 stream，耗時 60 ms.
2026-05-21 14:58:08.3869|eventId: 0|level: INFO|traceId: 00-74b6109c5e7b58496c2a804c26e972fa-893edf119c189dff-00|logger: NHI_AI_MedReportViewerWebApi.Services.NhiPatientImageService|message: 成功從 S3 取得影像: 1.2.840.1051457738253118922381479013141215320088
2026-05-21 14:58:08.4081|eventId: 0|level: INFO|traceId: 00-21714ec37072436166e9f305d66d7197-3d0bd4ad18236dab-00|logger: NHI_AI_MedReportViewerWebApi.Services.NhiPatientImageService|message: 成功從 S3 取得影像: 1.2.840.232761451702923525417733227971231052812514
2026-05-21 14:58:08.4081|eventId: 0|level: INFO|traceId: 00-8700d41a1b55fa6d0eef5405a7c0a048-2b663ad3259ed7f9-00|logger: NHI_AI_MedReportViewerWebApi.Services.NhiPatientImageService|message: 成功從 S3 取得影像: 1.2.840.3417124205586658229153205402522644
2026-05-21 14:58:08.4226|eventId: 0|level: INFO|traceId: 00-4d8b3a1ba4575d2197481a12b4bc803e-bdb2cb29ae803214-00|logger: NHI_AI_MedReportViewerWebApi.Services.NhiPatientImageService|message: 成功從 S3 取得影像: 1.2.840.3219370233171571652261152261706625011114738
2026-05-21 14:58:08.4226|eventId: 0|level: INFO|traceId: 00-74b6109c5e7b58496c2a804c26e972fa-893edf119c189dff-00|logger: NHI_AI_MedReportViewerWebApi.Services.NhiPatientImageService|message: 開始轉換 DICOM 為 JPG: SOP Instance UID=1.2.840.1051457738253118922381479013141215320088, ContentType=application/dicom
2026-05-21 14:58:08.4349|eventId: 0|level: INFO|traceId: 00-21714ec37072436166e9f305d66d7197-3d0bd4ad18236dab-00|logger: NHI_AI_MedReportViewerWebApi.Services.NhiPatientImageService|message: 開始轉換 DICOM 為 JPG: SOP Instance UID=1.2.840.232761451702923525417733227971231052812514, ContentType=application/dicom
2026-05-21 14:58:08.4349|eventId: 0|level: INFO|traceId: 00-8700d41a1b55fa6d0eef5405a7c0a048-2b663ad3259ed7f9-00|logger: NHI_AI_MedReportViewerWebApi.Services.NhiPatientImageService|message: 開始轉換 DICOM 為 JPG: SOP Instance UID=1.2.840.3417124205586658229153205402522644, ContentType=application/dicom
2026-05-21 14:58:08.4543|eventId: 0|level: INFO|traceId: 00-4d8b3a1ba4575d2197481a12b4bc803e-bdb2cb29ae803214-00|logger: NHI_AI_MedReportViewerWebApi.Services.NhiPatientImageService|message: 開始轉換 DICOM 為 JPG: SOP Instance UID=1.2.840.3219370233171571652261152261706625011114738, ContentType=application/dicom
2026-05-21 14:58:08.6553|eventId: 0|level: INFO|traceId: 00-74b6109c5e7b58496c2a804c26e972fa-893edf119c189dff-00|logger: NHI_AI_MedReportViewerWebApi.Services.NhiPatientImageService|message: 成功轉換 DICOM 為 JPG: SOP Instance UID=1.2.840.1051457738253118922381479013141215320088
2026-05-21 14:58:08.7152|eventId: 0|level: INFO|traceId: 00-8700d41a1b55fa6d0eef5405a7c0a048-2b663ad3259ed7f9-00|logger: NHI_AI_MedReportViewerWebApi.Services.NhiPatientImageService|message: 成功轉換 DICOM 為 JPG: SOP Instance UID=1.2.840.3417124205586658229153205402522644
2026-05-21 14:58:08.7932|eventId: 0|level: INFO|traceId: 00-21714ec37072436166e9f305d66d7197-3d0bd4ad18236dab-00|logger: NHI_AI_MedReportViewerWebApi.Services.NhiPatientImageService|message: 成功轉換 DICOM 為 JPG: SOP Instance UID=1.2.840.232761451702923525417733227971231052812514
2026-05-21 14:58:08.8153|eventId: 0|level: INFO|traceId: 00-4d8b3a1ba4575d2197481a12b4bc803e-bdb2cb29ae803214-00|logger: NHI_AI_MedReportViewerWebApi.Services.NhiPatientImageService|message: 成功轉換 DICOM 為 JPG: SOP Instance UID=1.2.840.3219370233171571652261152261706625011114738
2026-05-21 14:59:03.7540|eventId: 0|level: INFO|traceId: 00-bd8c667e46496ed4a3dd0d8813a942cd-98a2fc3ca353288b-00|logger: NHI_AI_MedReportViewerWebApi.Services.NhiPatientImageService|message: 開始查詢 Series Instance UID: Study=1.2.840.165191341914922316591491791733220335198144, SeriesNumber=3
2026-05-21 14:59:03.8006|eventId: 3|level: INFO|traceId: 00-bd8c667e46496ed4a3dd0d8813a942cd-98a2fc3ca353288b-00|logger: Polly|message: Execution attempt. Source: 'OracleResiliencePipeline/(null)/Retry', Operation Key: '', Result: '1.2.840.2081252152342142062436844136185572918029113', Handled: 'False', Attempt: '0', Execution Time: '15.2261'
2026-05-21 14:59:03.8352|eventId: 0|level: INFO|traceId: 00-bd8c667e46496ed4a3dd0d8813a942cd-98a2fc3ca353288b-00|logger: NHI_AI_MedReportViewerWebApi.Services.NhiPatientImageService|message: 找到 Series Number 3 對應的 Series Instance UID: 1.2.840.2081252152342142062436844136185572918029113
2026-05-21 14:59:03.8712|eventId: 0|level: INFO|traceId: 00-3e60f91e740d31ba4f382c526c6c7253-9aa02896d6f553f9-00|logger: AIRS.Core.Helpers.ZfpOracleDbHelper|message: GetSortedImagesBySeries(studyInstanceUid: 1.2.840.165191341914922316591491791733220335198144, seriesInstanceUid: 1.2.840.2081252152342142062436844136185572918029113)
2026-05-21 14:59:03.9577|eventId: 3|level: INFO|traceId: 00-3e60f91e740d31ba4f382c526c6c7253-9aa02896d6f553f9-00|logger: Polly|message: Execution attempt. Source: 'OracleResiliencePipeline/(null)/Retry', Operation Key: '', Result: 'System.Collections.Generic.List`1[System.String]', Handled: 'False', Attempt: '0', Execution Time: '58.8925'
2026-05-21 14:59:03.9918|eventId: 0|level: INFO|traceId: 00-3e60f91e740d31ba4f382c526c6c7253-9aa02896d6f553f9-00|logger: NHI_AI_MedReportViewerWebApi.Services.NhiPatientImageService|message: Series 1.2.840.2081252152342142062436844136185572918029113 包含 61 個影像（已快取）
2026-05-21 14:59:04.0465|eventId: 0|level: INFO|traceId: 00-9b95a6ad630b04102cb18553a4b321c9-edb9c4c8f479599e-00|logger: AIRS.Core.Helpers.ZfpOracleDbHelper|message: GetImageKey(studyInstanceUid: 1.2.840.165191341914922316591491791733220335198144, seriesInstanceUid: 1.2.840.2081252152342142062436844136185572918029113, sopInstanceUid: 1.2.840.1553513219542172116195545115502513215311)
2026-05-21 14:59:04.0856|eventId: 3|level: INFO|traceId: 00-9b95a6ad630b04102cb18553a4b321c9-edb9c4c8f479599e-00|logger: Polly|message: Execution attempt. Source: 'OracleResiliencePipeline/(null)/Retry', Operation Key: '', Result: 'NHI_ZFP_Viewer.ImageSources.ImageInfo', Handled: 'False', Attempt: '0', Execution Time: '14.4155'
2026-05-21 14:59:04.1180|eventId: 0|level: INFO|traceId: 00-9b95a6ad630b04102cb18553a4b321c9-edb9c4c8f479599e-00|logger: AIRS.Core.Helpers.ZfpOracleDbHelper|message: GetImageKey = Archived/20241111/1.2.840.165191341914922316591491791733220335198144/1.2.840.2081252152342142062436844136185572918029113/1.2.840.1553513219542172116195545115502513215311.dcm, 49 ms elapsed.
2026-05-21 14:59:04.2291|eventId: 0|level: INFO|traceId: 00-9b95a6ad630b04102cb18553a4b321c9-edb9c4c8f479599e-00|logger: AIRS.Core.Common.LogForgingTools|message: 1779346744229 GetImage() 由 S3 取得 stream，耗時 85 ms.
2026-05-21 14:59:04.2584|eventId: 0|level: INFO|traceId: 00-9b95a6ad630b04102cb18553a4b321c9-edb9c4c8f479599e-00|logger: NHI_AI_MedReportViewerWebApi.Services.NhiPatientImageService|message: 成功從 S3 取得影像: 1.2.840.1553513219542172116195545115502513215311
2026-05-21 14:59:08.0077|eventId: 0|level: INFO|traceId: 00-4cd214d9a6ea96cdd13f625b68bb0beb-082628c592b2ca87-00|logger: NHI_AI_MedReportViewerWebApi.Services.NhiPatientImageService|message: 開始查詢 Series Instance UID: Study=1.2.840.133888132105150143162871541411731780159144, SeriesNumber=15
2026-05-21 14:59:08.0530|eventId: 3|level: INFO|traceId: 00-4cd214d9a6ea96cdd13f625b68bb0beb-082628c592b2ca87-00|logger: Polly|message: Execution attempt. Source: 'OracleResiliencePipeline/(null)/Retry', Operation Key: '', Result: '1.2.840.19216622352892321110282110210111240391850', Handled: 'False', Attempt: '0', Execution Time: '12.8897'
2026-05-21 14:59:08.0864|eventId: 0|level: INFO|traceId: 00-4cd214d9a6ea96cdd13f625b68bb0beb-082628c592b2ca87-00|logger: NHI_AI_MedReportViewerWebApi.Services.NhiPatientImageService|message: 找到 Series Number 15 對應的 Series Instance UID: 1.2.840.19216622352892321110282110210111240391850
2026-05-21 15:10:18.2377|eventId: 0|level: INFO|traceId: N/A|logger: NHI_AI_MedReportViewerWebApi.Program|message: Allowed origin: http://localhost:5173
2026-05-21 15:10:18.6136|eventId: 0|level: INFO|traceId: N/A|logger: NHI_AI_MedReportViewerWebApi.Program|message: Authentication enabled with JWT Bearer tokens
2026-05-21 15:10:19.1576|eventId: 0|level: INFO|traceId: N/A|logger: NHI_AI_MedReportViewerWebApi.Program|message: Exceptionless 設定完成，ServerUrl: "https://h30lhclogsvr.intra.nhi.gov.tw:8443"
2026-05-21 17:56:03.0636|eventId: 103|level: ERROR|traceId: 00-34ac1ed0939a79ca0aac8bf7de201062-6d451595e17f3c37-00|logger: Microsoft.Extensions.Diagnostics.HealthChecks.DefaultHealthCheckService|message: Health check 正式_OracleDB with status Unhealthy completed after 18971.0442ms with message '(null)'--- Exception ---System.Threading.Tasks.TaskCanceledException: A task was canceled.
   at HealthChecks.Oracle.OracleHealthCheck.CheckHealthAsync(HealthCheckContext context, CancellationToken cancellationToken) in /_/src/HealthChecks.Oracle/OracleHealthCheck.cs:line 34
2026-05-21 18:13:07.6145|eventId: 103|level: ERROR|traceId: 00-90f323691aeefd8df2e59873c1620ae1-dc92087e3c143dbb-00|logger: Microsoft.Extensions.Diagnostics.HealthChecks.DefaultHealthCheckService|message: Health check 正式_OracleDB with status Unhealthy completed after 18980.0843ms with message '(null)'--- Exception ---System.Threading.Tasks.TaskCanceledException: A task was canceled.
   at HealthChecks.Oracle.OracleHealthCheck.CheckHealthAsync(HealthCheckContext context, CancellationToken cancellationToken) in /_/src/HealthChecks.Oracle/OracleHealthCheck.cs:line 34
2026-05-21 20:09:18.4311|eventId: 103|level: ERROR|traceId: 00-68e868a2c804c665f26d9707bdc12d88-f9a9838acb5a5d7e-00|logger: Microsoft.Extensions.Diagnostics.HealthChecks.DefaultHealthCheckService|message: Health check 正式_OracleDB with status Unhealthy completed after 18969.0101ms with message '(null)'--- Exception ---System.Threading.Tasks.TaskCanceledException: A task was canceled.
   at HealthChecks.Oracle.OracleHealthCheck.CheckHealthAsync(HealthCheckContext context, CancellationToken cancellationToken) in /_/src/HealthChecks.Oracle/OracleHealthCheck.cs:line 34
2026-05-21 22:12:24.6769|eventId: 103|level: ERROR|traceId: 00-a6e8d8c86d298ab3d4916da404a95c99-86507b14b51227b2-00|logger: Microsoft.Extensions.Diagnostics.HealthChecks.DefaultHealthCheckService|message: Health check 正式_OracleDB with status Unhealthy completed after 18981.5999ms with message '(null)'--- Exception ---System.Threading.Tasks.TaskCanceledException: A task was canceled.
   at HealthChecks.Oracle.OracleHealthCheck.CheckHealthAsync(HealthCheckContext context, CancellationToken cancellationToken) in /_/src/HealthChecks.Oracle/OracleHealthCheck.cs:line 34
2026-05-21 22:26:12.6856|eventId: 103|level: ERROR|traceId: 00-f11b6d18d745f47dc3be2b8e5ce9f52c-672f4ef131f2dfef-00|logger: Microsoft.Extensions.Diagnostics.HealthChecks.DefaultHealthCheckService|message: Health check 正式_OracleDB with status Unhealthy completed after 18982.8048ms with message '(null)'--- Exception ---System.Threading.Tasks.TaskCanceledException: A task was canceled.
   at HealthChecks.Oracle.OracleHealthCheck.CheckHealthAsync(HealthCheckContext context, CancellationToken cancellationToken) in /_/src/HealthChecks.Oracle/OracleHealthCheck.cs:line 34
