2026-05-21 15:19:57.3741 [ERROR] [AIRS.Core.Common.LogForgingTools] [TraceID: 00-dbf0224eb104547bb8bd765ce9c39828-f32ea2d28aef07c6-00]
  Event: 0
  Request: GET https://lcr-tp.nhi.gov.tw/api/NhiPatientImage/studies/1.2.840.95628289237023181203129147651793012853/series/1.2.840.15522917228832121867788198941815717572241/instances/1.2.840.401392747581166219213224620516719084121134/jpg 
  Message: 1779347997384 GetImage() 失敗，耗時 801 ms.
  Properties: RequestId=40000002-0006-fb00-b63f-84710c7967bb; RequestPath=/api/NhiPatientImage/studies/1.2.840.95628289237023181203129147651793012853/series/1.2.840.15522917228832121867788198941815717572241/instances/1.2.840.401392747581166219213224620516719084121134/jpg; ActionId=afe69f44-39db-425b-a965-4717546d0c6e; ActionName=NHI_AI_MedReportViewerWebApi.Controllers.NhiPatientImageController.GetImageScreenshotAsync (NHI-AI-MedReportViewerWebApi); StudyInstanceUid=1.2.840.95628289237023181203129147651793012853; SeriesInstanceUid=1.2.840.15522917228832121867788198941815717572241; SopInstanceUid=1.2.840.401392747581166219213224620516719084121134
  --- Exception ---
Amazon.S3.AmazonS3Exception: The specified key does not exist.
 ---> Amazon.Runtime.Internal.HttpErrorResponseException: Exception of type 'Amazon.Runtime.Internal.HttpErrorResponseException' was thrown.
   at Amazon.Runtime.HttpWebRequestMessage.ProcessHttpResponseMessage(HttpResponseMessage responseMessage)
   at Amazon.Runtime.HttpWebRequestMessage.GetResponseAsync(CancellationToken cancellationToken)
   at Amazon.Runtime.Internal.HttpHandler`1.InvokeAsync[T](IExecutionContext executionContext)
   at Amazon.Runtime.Internal.RedirectHandler.InvokeAsync[T](IExecutionContext executionContext)
   at Amazon.Runtime.Internal.Unmarshaller.InvokeAsync[T](IExecutionContext executionContext)
   at Amazon.S3.Internal.AmazonS3ResponseHandler.InvokeAsync[T](IExecutionContext executionContext)
   at Amazon.Runtime.Internal.ErrorHandler.InvokeAsync[T](IExecutionContext executionContext)
   --- End of inner exception stack trace ---
   at Amazon.Runtime.Internal.HttpErrorResponseExceptionHandler.HandleExceptionStream(IRequestContext requestContext, IWebResponseData httpErrorResponse, HttpErrorResponseException exception, Stream responseStream)
   at Amazon.Runtime.Internal.HttpErrorResponseExceptionHandler.HandleExceptionAsync(IExecutionContext executionContext, HttpErrorResponseException exception)
   at Amazon.Runtime.Internal.ExceptionHandler`1.HandleAsync(IExecutionContext executionContext, Exception exception)
   at Amazon.Runtime.Internal.ErrorHandler.ProcessExceptionAsync(IExecutionContext executionContext, Exception exception)
   at Amazon.Runtime.Internal.ErrorHandler.InvokeAsync[T](IExecutionContext executionContext)
   at Amazon.Runtime.Internal.CallbackHandler.InvokeAsync[T](IExecutionContext executionContext)
   at Amazon.Runtime.Internal.Signer.InvokeAsync[T](IExecutionContext executionContext)
   at Amazon.S3.Internal.S3Express.S3ExpressPreSigner.InvokeAsync[T](IExecutionContext executionContext)
   at Amazon.Runtime.Internal.EndpointDiscoveryHandler.InvokeAsync[T](IExecutionContext executionContext)
   at Amazon.Runtime.Internal.EndpointDiscoveryHandler.InvokeAsync[T](IExecutionContext executionContext)
   at Amazon.Runtime.Internal.CredentialsRetriever.InvokeAsync[T](IExecutionContext executionContext)
   at Amazon.Runtime.Internal.RetryHandler.InvokeAsync[T](IExecutionContext executionContext)
   at Amazon.Runtime.Internal.RetryHandler.InvokeAsync[T](IExecutionContext executionContext)
   at Amazon.Runtime.Internal.CallbackHandler.InvokeAsync[T](IExecutionContext executionContext)
   at Amazon.Runtime.Internal.CallbackHandler.InvokeAsync[T](IExecutionContext executionContext)
   at Amazon.S3.Internal.AmazonS3ExceptionHandler.InvokeAsync[T](IExecutionContext executionContext)
   at Amazon.Runtime.Internal.ErrorCallbackHandler.InvokeAsync[T](IExecutionContext executionContext)
   at Amazon.Runtime.Internal.MetricsHandler.InvokeAsync[T](IExecutionContext executionContext)
======================================================================

2026-05-21 15:19:57.3741 [ERROR] [AIRS.Core.Common.LogForgingTools] [TraceID: 00-6c46beb13a6866e0f555f47e24c365a1-7868ca443f1798c0-00]
  Event: 0
  Request: GET https://lcr-tp.nhi.gov.tw/api/NhiPatientImage/studies/1.2.840.14311817595127161161159179701024822483140199/series/1.2.840.2081181585538253120903422631829791115221/instances/1.2.840.2441781871703324220021480632358916319724163/jpg 
  Message: 1779347997385 GetImage() 失敗，耗時 423 ms.
  Properties: RequestId=40000002-0002-f000-b63f-84710c7967bb; RequestPath=/api/NhiPatientImage/studies/1.2.840.14311817595127161161159179701024822483140199/series/1.2.840.2081181585538253120903422631829791115221/instances/1.2.840.2441781871703324220021480632358916319724163/jpg; ActionId=afe69f44-39db-425b-a965-4717546d0c6e; ActionName=NHI_AI_MedReportViewerWebApi.Controllers.NhiPatientImageController.GetImageScreenshotAsync (NHI-AI-MedReportViewerWebApi); StudyInstanceUid=1.2.840.14311817595127161161159179701024822483140199; SeriesInstanceUid=1.2.840.2081181585538253120903422631829791115221; SopInstanceUid=1.2.840.2441781871703324220021480632358916319724163
  --- Exception ---
Amazon.S3.AmazonS3Exception: The specified key does not exist.
 ---> Amazon.Runtime.Internal.HttpErrorResponseException: Exception of type 'Amazon.Runtime.Internal.HttpErrorResponseException' was thrown.
   at Amazon.Runtime.HttpWebRequestMessage.ProcessHttpResponseMessage(HttpResponseMessage responseMessage)
   at Amazon.Runtime.HttpWebRequestMessage.GetResponseAsync(CancellationToken cancellationToken)
   at Amazon.Runtime.Internal.HttpHandler`1.InvokeAsync[T](IExecutionContext executionContext)
   at Amazon.Runtime.Internal.RedirectHandler.InvokeAsync[T](IExecutionContext executionContext)
   at Amazon.Runtime.Internal.Unmarshaller.InvokeAsync[T](IExecutionContext executionContext)
   at Amazon.S3.Internal.AmazonS3ResponseHandler.InvokeAsync[T](IExecutionContext executionContext)
   at Amazon.Runtime.Internal.ErrorHandler.InvokeAsync[T](IExecutionContext executionContext)
   --- End of inner exception stack trace ---
   at Amazon.Runtime.Internal.HttpErrorResponseExceptionHandler.HandleExceptionStream(IRequestContext requestContext, IWebResponseData httpErrorResponse, HttpErrorResponseException exception, Stream responseStream)
   at Amazon.Runtime.Internal.HttpErrorResponseExceptionHandler.HandleExceptionAsync(IExecutionContext executionContext, HttpErrorResponseException exception)
   at Amazon.Runtime.Internal.ExceptionHandler`1.HandleAsync(IExecutionContext executionContext, Exception exception)
   at Amazon.Runtime.Internal.ErrorHandler.ProcessExceptionAsync(IExecutionContext executionContext, Exception exception)
   at Amazon.Runtime.Internal.ErrorHandler.InvokeAsync[T](IExecutionContext executionContext)
   at Amazon.Runtime.Internal.CallbackHandler.InvokeAsync[T](IExecutionContext executionContext)
   at Amazon.Runtime.Internal.Signer.InvokeAsync[T](IExecutionContext executionContext)
   at Amazon.S3.Internal.S3Express.S3ExpressPreSigner.InvokeAsync[T](IExecutionContext executionContext)
   at Amazon.Runtime.Internal.EndpointDiscoveryHandler.InvokeAsync[T](IExecutionContext executionContext)
   at Amazon.Runtime.Internal.EndpointDiscoveryHandler.InvokeAsync[T](IExecutionContext executionContext)
   at Amazon.Runtime.Internal.CredentialsRetriever.InvokeAsync[T](IExecutionContext executionContext)
   at Amazon.Runtime.Internal.RetryHandler.InvokeAsync[T](IExecutionContext executionContext)
   at Amazon.Runtime.Internal.RetryHandler.InvokeAsync[T](IExecutionContext executionContext)
   at Amazon.Runtime.Internal.CallbackHandler.InvokeAsync[T](IExecutionContext executionContext)
   at Amazon.Runtime.Internal.CallbackHandler.InvokeAsync[T](IExecutionContext executionContext)
   at Amazon.S3.Internal.AmazonS3ExceptionHandler.InvokeAsync[T](IExecutionContext executionContext)
   at Amazon.Runtime.Internal.ErrorCallbackHandler.InvokeAsync[T](IExecutionContext executionContext)
   at Amazon.Runtime.Internal.MetricsHandler.InvokeAsync[T](IExecutionContext executionContext)
======================================================================

2026-05-21 15:19:57.3741 [ERROR] [AIRS.Core.Common.LogForgingTools] [TraceID: 00-93621c1dde941eb09a5d03203b217091-f06477b1e552e8d3-00]
  Event: 0
  Request: GET https://lcr-tp.nhi.gov.tw/api/NhiPatientImage/studies/1.2.840.25117608923523578101231161936851828085/series/1.2.840.211941681108460115160221138240919221321384/instances/1.2.840.203127233250801041609771223515116217522475/jpg 
  Message: 1779347997386 GetImage() 失敗，耗時 548 ms.
  Properties: RequestId=40000002-0006-f800-b63f-84710c7967bb; RequestPath=/api/NhiPatientImage/studies/1.2.840.25117608923523578101231161936851828085/series/1.2.840.211941681108460115160221138240919221321384/instances/1.2.840.203127233250801041609771223515116217522475/jpg; ActionId=afe69f44-39db-425b-a965-4717546d0c6e; ActionName=NHI_AI_MedReportViewerWebApi.Controllers.NhiPatientImageController.GetImageScreenshotAsync (NHI-AI-MedReportViewerWebApi); StudyInstanceUid=1.2.840.25117608923523578101231161936851828085; SeriesInstanceUid=1.2.840.211941681108460115160221138240919221321384; SopInstanceUid=1.2.840.203127233250801041609771223515116217522475
  --- Exception ---
Amazon.S3.AmazonS3Exception: The specified key does not exist.
 ---> Amazon.Runtime.Internal.HttpErrorResponseException: Exception of type 'Amazon.Runtime.Internal.HttpErrorResponseException' was thrown.
   at Amazon.Runtime.HttpWebRequestMessage.ProcessHttpResponseMessage(HttpResponseMessage responseMessage)
   at Amazon.Runtime.HttpWebRequestMessage.GetResponseAsync(CancellationToken cancellationToken)
   at Amazon.Runtime.Internal.HttpHandler`1.InvokeAsync[T](IExecutionContext executionContext)
   at Amazon.Runtime.Internal.RedirectHandler.InvokeAsync[T](IExecutionContext executionContext)
   at Amazon.Runtime.Internal.Unmarshaller.InvokeAsync[T](IExecutionContext executionContext)
   at Amazon.S3.Internal.AmazonS3ResponseHandler.InvokeAsync[T](IExecutionContext executionContext)
   at Amazon.Runtime.Internal.ErrorHandler.InvokeAsync[T](IExecutionContext executionContext)
   --- End of inner exception stack trace ---
   at Amazon.Runtime.Internal.HttpErrorResponseExceptionHandler.HandleExceptionStream(IRequestContext requestContext, IWebResponseData httpErrorResponse, HttpErrorResponseException exception, Stream responseStream)
   at Amazon.Runtime.Internal.HttpErrorResponseExceptionHandler.HandleExceptionAsync(IExecutionContext executionContext, HttpErrorResponseException exception)
   at Amazon.Runtime.Internal.ExceptionHandler`1.HandleAsync(IExecutionContext executionContext, Exception exception)
   at Amazon.Runtime.Internal.ErrorHandler.ProcessExceptionAsync(IExecutionContext executionContext, Exception exception)
   at Amazon.Runtime.Internal.ErrorHandler.InvokeAsync[T](IExecutionContext executionContext)
   at Amazon.Runtime.Internal.CallbackHandler.InvokeAsync[T](IExecutionContext executionContext)
   at Amazon.Runtime.Internal.Signer.InvokeAsync[T](IExecutionContext executionContext)
   at Amazon.S3.Internal.S3Express.S3ExpressPreSigner.InvokeAsync[T](IExecutionContext executionContext)
   at Amazon.Runtime.Internal.EndpointDiscoveryHandler.InvokeAsync[T](IExecutionContext executionContext)
   at Amazon.Runtime.Internal.EndpointDiscoveryHandler.InvokeAsync[T](IExecutionContext executionContext)
   at Amazon.Runtime.Internal.CredentialsRetriever.InvokeAsync[T](IExecutionContext executionContext)
   at Amazon.Runtime.Internal.RetryHandler.InvokeAsync[T](IExecutionContext executionContext)
   at Amazon.Runtime.Internal.RetryHandler.InvokeAsync[T](IExecutionContext executionContext)
   at Amazon.Runtime.Internal.CallbackHandler.InvokeAsync[T](IExecutionContext executionContext)
   at Amazon.Runtime.Internal.CallbackHandler.InvokeAsync[T](IExecutionContext executionContext)
   at Amazon.S3.Internal.AmazonS3ExceptionHandler.InvokeAsync[T](IExecutionContext executionContext)
   at Amazon.Runtime.Internal.ErrorCallbackHandler.InvokeAsync[T](IExecutionContext executionContext)
   at Amazon.Runtime.Internal.MetricsHandler.InvokeAsync[T](IExecutionContext executionContext)
======================================================================

2026-05-21 15:19:57.3741 [ERROR] [AIRS.Core.Common.LogForgingTools] [TraceID: 00-0d97d66a2978b616ed2258a687a8e4be-9d1620a4b9873e73-00]
  Event: 0
  Request: GET https://lcr-tp.nhi.gov.tw/api/NhiPatientImage/studies/1.2.840.25117608923523578101231161936851828085/series/1.2.840.211941681108460115160221138240919221321384/instances/1.2.840.2211921183322322214326160692421211971102178/jpg 
  Message: 1779347997387 GetImage() 失敗，耗時 488 ms.
  Properties: RequestId=40000002-0006-f700-b63f-84710c7967bb; RequestPath=/api/NhiPatientImage/studies/1.2.840.25117608923523578101231161936851828085/series/1.2.840.211941681108460115160221138240919221321384/instances/1.2.840.2211921183322322214326160692421211971102178/jpg; ActionId=afe69f44-39db-425b-a965-4717546d0c6e; ActionName=NHI_AI_MedReportViewerWebApi.Controllers.NhiPatientImageController.GetImageScreenshotAsync (NHI-AI-MedReportViewerWebApi); StudyInstanceUid=1.2.840.25117608923523578101231161936851828085; SeriesInstanceUid=1.2.840.211941681108460115160221138240919221321384; SopInstanceUid=1.2.840.2211921183322322214326160692421211971102178
  --- Exception ---
Amazon.S3.AmazonS3Exception: The specified key does not exist.
 ---> Amazon.Runtime.Internal.HttpErrorResponseException: Exception of type 'Amazon.Runtime.Internal.HttpErrorResponseException' was thrown.
   at Amazon.Runtime.HttpWebRequestMessage.ProcessHttpResponseMessage(HttpResponseMessage responseMessage)
   at Amazon.Runtime.HttpWebRequestMessage.GetResponseAsync(CancellationToken cancellationToken)
   at Amazon.Runtime.Internal.HttpHandler`1.InvokeAsync[T](IExecutionContext executionContext)
   at Amazon.Runtime.Internal.RedirectHandler.InvokeAsync[T](IExecutionContext executionContext)
   at Amazon.Runtime.Internal.Unmarshaller.InvokeAsync[T](IExecutionContext executionContext)
   at Amazon.S3.Internal.AmazonS3ResponseHandler.InvokeAsync[T](IExecutionContext executionContext)
   at Amazon.Runtime.Internal.ErrorHandler.InvokeAsync[T](IExecutionContext executionContext)
   --- End of inner exception stack trace ---
   at Amazon.Runtime.Internal.HttpErrorResponseExceptionHandler.HandleExceptionStream(IRequestContext requestContext, IWebResponseData httpErrorResponse, HttpErrorResponseException exception, Stream responseStream)
   at Amazon.Runtime.Internal.HttpErrorResponseExceptionHandler.HandleExceptionAsync(IExecutionContext executionContext, HttpErrorResponseException exception)
   at Amazon.Runtime.Internal.ExceptionHandler`1.HandleAsync(IExecutionContext executionContext, Exception exception)
   at Amazon.Runtime.Internal.ErrorHandler.ProcessExceptionAsync(IExecutionContext executionContext, Exception exception)
   at Amazon.Runtime.Internal.ErrorHandler.InvokeAsync[T](IExecutionContext executionContext)
   at Amazon.Runtime.Internal.CallbackHandler.InvokeAsync[T](IExecutionContext executionContext)
   at Amazon.Runtime.Internal.Signer.InvokeAsync[T](IExecutionContext executionContext)
   at Amazon.S3.Internal.S3Express.S3ExpressPreSigner.InvokeAsync[T](IExecutionContext executionContext)
   at Amazon.Runtime.Internal.EndpointDiscoveryHandler.InvokeAsync[T](IExecutionContext executionContext)
   at Amazon.Runtime.Internal.EndpointDiscoveryHandler.InvokeAsync[T](IExecutionContext executionContext)
   at Amazon.Runtime.Internal.CredentialsRetriever.InvokeAsync[T](IExecutionContext executionContext)
   at Amazon.Runtime.Internal.RetryHandler.InvokeAsync[T](IExecutionContext executionContext)
   at Amazon.Runtime.Internal.RetryHandler.InvokeAsync[T](IExecutionContext executionContext)
   at Amazon.Runtime.Internal.CallbackHandler.InvokeAsync[T](IExecutionContext executionContext)
   at Amazon.Runtime.Internal.CallbackHandler.InvokeAsync[T](IExecutionContext executionContext)
   at Amazon.S3.Internal.AmazonS3ExceptionHandler.InvokeAsync[T](IExecutionContext executionContext)
   at Amazon.Runtime.Internal.ErrorCallbackHandler.InvokeAsync[T](IExecutionContext executionContext)
   at Amazon.Runtime.Internal.MetricsHandler.InvokeAsync[T](IExecutionContext executionContext)
======================================================================

2026-05-21 15:19:57.3741 [ERROR] [AIRS.Core.Common.LogForgingTools] [TraceID: 00-75048922b476c4b75ddf48907708c5be-22de0bd6e84e8145-00]
  Event: 0
  Request: GET https://lcr-tp.nhi.gov.tw/api/NhiPatientImage/studies/1.2.840.9910213721418325218772121021591791708761232/series/1.2.840.1718923156152311768923275322146219117393/instances/1.2.840.28205114487195201111819825012815415044161/jpg 
  Message: 1779347997389 GetImage() 失敗，耗時 679 ms.
  Properties: RequestId=40000002-0006-f900-b63f-84710c7967bb; RequestPath=/api/NhiPatientImage/studies/1.2.840.9910213721418325218772121021591791708761232/series/1.2.840.1718923156152311768923275322146219117393/instances/1.2.840.28205114487195201111819825012815415044161/jpg; ActionId=afe69f44-39db-425b-a965-4717546d0c6e; ActionName=NHI_AI_MedReportViewerWebApi.Controllers.NhiPatientImageController.GetImageScreenshotAsync (NHI-AI-MedReportViewerWebApi); StudyInstanceUid=1.2.840.9910213721418325218772121021591791708761232; SeriesInstanceUid=1.2.840.1718923156152311768923275322146219117393; SopInstanceUid=1.2.840.28205114487195201111819825012815415044161
  --- Exception ---
Amazon.S3.AmazonS3Exception: The specified key does not exist.
 ---> Amazon.Runtime.Internal.HttpErrorResponseException: Exception of type 'Amazon.Runtime.Internal.HttpErrorResponseException' was thrown.
   at Amazon.Runtime.HttpWebRequestMessage.ProcessHttpResponseMessage(HttpResponseMessage responseMessage)
   at Amazon.Runtime.HttpWebRequestMessage.GetResponseAsync(CancellationToken cancellationToken)
   at Amazon.Runtime.Internal.HttpHandler`1.InvokeAsync[T](IExecutionContext executionContext)
   at Amazon.Runtime.Internal.RedirectHandler.InvokeAsync[T](IExecutionContext executionContext)
   at Amazon.Runtime.Internal.Unmarshaller.InvokeAsync[T](IExecutionContext executionContext)
   at Amazon.S3.Internal.AmazonS3ResponseHandler.InvokeAsync[T](IExecutionContext executionContext)
   at Amazon.Runtime.Internal.ErrorHandler.InvokeAsync[T](IExecutionContext executionContext)
   --- End of inner exception stack trace ---
   at Amazon.Runtime.Internal.HttpErrorResponseExceptionHandler.HandleExceptionStream(IRequestContext requestContext, IWebResponseData httpErrorResponse, HttpErrorResponseException exception, Stream responseStream)
   at Amazon.Runtime.Internal.HttpErrorResponseExceptionHandler.HandleExceptionAsync(IExecutionContext executionContext, HttpErrorResponseException exception)
   at Amazon.Runtime.Internal.ExceptionHandler`1.HandleAsync(IExecutionContext executionContext, Exception exception)
   at Amazon.Runtime.Internal.ErrorHandler.ProcessExceptionAsync(IExecutionContext executionContext, Exception exception)
   at Amazon.Runtime.Internal.ErrorHandler.InvokeAsync[T](IExecutionContext executionContext)
   at Amazon.Runtime.Internal.CallbackHandler.InvokeAsync[T](IExecutionContext executionContext)
   at Amazon.Runtime.Internal.Signer.InvokeAsync[T](IExecutionContext executionContext)
   at Amazon.S3.Internal.S3Express.S3ExpressPreSigner.InvokeAsync[T](IExecutionContext executionContext)
   at Amazon.Runtime.Internal.EndpointDiscoveryHandler.InvokeAsync[T](IExecutionContext executionContext)
   at Amazon.Runtime.Internal.EndpointDiscoveryHandler.InvokeAsync[T](IExecutionContext executionContext)
   at Amazon.Runtime.Internal.CredentialsRetriever.InvokeAsync[T](IExecutionContext executionContext)
   at Amazon.Runtime.Internal.RetryHandler.InvokeAsync[T](IExecutionContext executionContext)
   at Amazon.Runtime.Internal.RetryHandler.InvokeAsync[T](IExecutionContext executionContext)
   at Amazon.Runtime.Internal.CallbackHandler.InvokeAsync[T](IExecutionContext executionContext)
   at Amazon.Runtime.Internal.CallbackHandler.InvokeAsync[T](IExecutionContext executionContext)
   at Amazon.S3.Internal.AmazonS3ExceptionHandler.InvokeAsync[T](IExecutionContext executionContext)
   at Amazon.Runtime.Internal.ErrorCallbackHandler.InvokeAsync[T](IExecutionContext executionContext)
   at Amazon.Runtime.Internal.MetricsHandler.InvokeAsync[T](IExecutionContext executionContext)
======================================================================

2026-05-21 15:19:57.3898 [ERROR] [AIRS.Core.Common.LogForgingTools] [TraceID: 00-bf721778005276f9e673ff9a77368286-6f8f39c6691b88d9-00]
  Event: 0
  Request: GET https://lcr-tp.nhi.gov.tw/api/NhiPatientImage/studies/1.2.840.1831491181932115913426236105211231112230198234/series/1.2.840.194662179851015213741321381722223612923/instances/1.2.840.1763117124319615212510318787121752082224170/jpg 
  Message: 1779347997394 GetImage() 失敗，耗時 369 ms.
  Properties: RequestId=40000002-0002-ef00-b63f-84710c7967bb; RequestPath=/api/NhiPatientImage/studies/1.2.840.1831491181932115913426236105211231112230198234/series/1.2.840.194662179851015213741321381722223612923/instances/1.2.840.1763117124319615212510318787121752082224170/jpg; ActionId=afe69f44-39db-425b-a965-4717546d0c6e; ActionName=NHI_AI_MedReportViewerWebApi.Controllers.NhiPatientImageController.GetImageScreenshotAsync (NHI-AI-MedReportViewerWebApi); StudyInstanceUid=1.2.840.1831491181932115913426236105211231112230198234; SeriesInstanceUid=1.2.840.194662179851015213741321381722223612923; SopInstanceUid=1.2.840.1763117124319615212510318787121752082224170
  --- Exception ---
Amazon.S3.AmazonS3Exception: The specified key does not exist.
 ---> Amazon.Runtime.Internal.HttpErrorResponseException: Exception of type 'Amazon.Runtime.Internal.HttpErrorResponseException' was thrown.
   at Amazon.Runtime.HttpWebRequestMessage.ProcessHttpResponseMessage(HttpResponseMessage responseMessage)
   at Amazon.Runtime.HttpWebRequestMessage.GetResponseAsync(CancellationToken cancellationToken)
   at Amazon.Runtime.Internal.HttpHandler`1.InvokeAsync[T](IExecutionContext executionContext)
   at Amazon.Runtime.Internal.RedirectHandler.InvokeAsync[T](IExecutionContext executionContext)
   at Amazon.Runtime.Internal.Unmarshaller.InvokeAsync[T](IExecutionContext executionContext)
   at Amazon.S3.Internal.AmazonS3ResponseHandler.InvokeAsync[T](IExecutionContext executionContext)
   at Amazon.Runtime.Internal.ErrorHandler.InvokeAsync[T](IExecutionContext executionContext)
   --- End of inner exception stack trace ---
   at Amazon.Runtime.Internal.HttpErrorResponseExceptionHandler.HandleExceptionStream(IRequestContext requestContext, IWebResponseData httpErrorResponse, HttpErrorResponseException exception, Stream responseStream)
   at Amazon.Runtime.Internal.HttpErrorResponseExceptionHandler.HandleExceptionAsync(IExecutionContext executionContext, HttpErrorResponseException exception)
   at Amazon.Runtime.Internal.ExceptionHandler`1.HandleAsync(IExecutionContext executionContext, Exception exception)
   at Amazon.Runtime.Internal.ErrorHandler.ProcessExceptionAsync(IExecutionContext executionContext, Exception exception)
   at Amazon.Runtime.Internal.ErrorHandler.InvokeAsync[T](IExecutionContext executionContext)
   at Amazon.Runtime.Internal.CallbackHandler.InvokeAsync[T](IExecutionContext executionContext)
   at Amazon.Runtime.Internal.Signer.InvokeAsync[T](IExecutionContext executionContext)
   at Amazon.S3.Internal.S3Express.S3ExpressPreSigner.InvokeAsync[T](IExecutionContext executionContext)
   at Amazon.Runtime.Internal.EndpointDiscoveryHandler.InvokeAsync[T](IExecutionContext executionContext)
   at Amazon.Runtime.Internal.EndpointDiscoveryHandler.InvokeAsync[T](IExecutionContext executionContext)
   at Amazon.Runtime.Internal.CredentialsRetriever.InvokeAsync[T](IExecutionContext executionContext)
   at Amazon.Runtime.Internal.RetryHandler.InvokeAsync[T](IExecutionContext executionContext)
   at Amazon.Runtime.Internal.RetryHandler.InvokeAsync[T](IExecutionContext executionContext)
   at Amazon.Runtime.Internal.CallbackHandler.InvokeAsync[T](IExecutionContext executionContext)
   at Amazon.Runtime.Internal.CallbackHandler.InvokeAsync[T](IExecutionContext executionContext)
   at Amazon.S3.Internal.AmazonS3ExceptionHandler.InvokeAsync[T](IExecutionContext executionContext)
   at Amazon.Runtime.Internal.ErrorCallbackHandler.InvokeAsync[T](IExecutionContext executionContext)
   at Amazon.Runtime.Internal.MetricsHandler.InvokeAsync[T](IExecutionContext executionContext)
======================================================================

2026-05-21 15:19:57.4874 [ERROR] [NHI_AI_MedReportViewerWebApi.Services.NhiPatientImageService] [TraceID: 00-dbf0224eb104547bb8bd765ce9c39828-f32ea2d28aef07c6-00]
  Event: 0
  Request: GET https://lcr-tp.nhi.gov.tw/api/NhiPatientImage/studies/1.2.840.95628289237023181203129147651793012853/series/1.2.840.15522917228832121867788198941815717572241/instances/1.2.840.401392747581166219213224620516719084121134/jpg 
  Message: 取得 DICOM 影像串流時發生錯誤
  Properties: RequestId=40000002-0006-fb00-b63f-84710c7967bb; RequestPath=/api/NhiPatientImage/studies/1.2.840.95628289237023181203129147651793012853/series/1.2.840.15522917228832121867788198941815717572241/instances/1.2.840.401392747581166219213224620516719084121134/jpg; ActionId=afe69f44-39db-425b-a965-4717546d0c6e; ActionName=NHI_AI_MedReportViewerWebApi.Controllers.NhiPatientImageController.GetImageScreenshotAsync (NHI-AI-MedReportViewerWebApi); StudyInstanceUid=1.2.840.95628289237023181203129147651793012853; SeriesInstanceUid=1.2.840.15522917228832121867788198941815717572241; SopInstanceUid=1.2.840.401392747581166219213224620516719084121134
  --- Exception ---
Amazon.S3.AmazonS3Exception: The specified key does not exist.
 ---> Amazon.Runtime.Internal.HttpErrorResponseException: Exception of type 'Amazon.Runtime.Internal.HttpErrorResponseException' was thrown.
   at Amazon.Runtime.HttpWebRequestMessage.ProcessHttpResponseMessage(HttpResponseMessage responseMessage)
   at Amazon.Runtime.HttpWebRequestMessage.GetResponseAsync(CancellationToken cancellationToken)
   at Amazon.Runtime.Internal.HttpHandler`1.InvokeAsync[T](IExecutionContext executionContext)
   at Amazon.Runtime.Internal.RedirectHandler.InvokeAsync[T](IExecutionContext executionContext)
   at Amazon.Runtime.Internal.Unmarshaller.InvokeAsync[T](IExecutionContext executionContext)
   at Amazon.S3.Internal.AmazonS3ResponseHandler.InvokeAsync[T](IExecutionContext executionContext)
   at Amazon.Runtime.Internal.ErrorHandler.InvokeAsync[T](IExecutionContext executionContext)
   --- End of inner exception stack trace ---
   at Amazon.Runtime.Internal.HttpErrorResponseExceptionHandler.HandleExceptionStream(IRequestContext requestContext, IWebResponseData httpErrorResponse, HttpErrorResponseException exception, Stream responseStream)
   at Amazon.Runtime.Internal.HttpErrorResponseExceptionHandler.HandleExceptionAsync(IExecutionContext executionContext, HttpErrorResponseException exception)
   at Amazon.Runtime.Internal.ExceptionHandler`1.HandleAsync(IExecutionContext executionContext, Exception exception)
   at Amazon.Runtime.Internal.ErrorHandler.ProcessExceptionAsync(IExecutionContext executionContext, Exception exception)
   at Amazon.Runtime.Internal.ErrorHandler.InvokeAsync[T](IExecutionContext executionContext)
   at Amazon.Runtime.Internal.CallbackHandler.InvokeAsync[T](IExecutionContext executionContext)
   at Amazon.Runtime.Internal.Signer.InvokeAsync[T](IExecutionContext executionContext)
   at Amazon.S3.Internal.S3Express.S3ExpressPreSigner.InvokeAsync[T](IExecutionContext executionContext)
   at Amazon.Runtime.Internal.EndpointDiscoveryHandler.InvokeAsync[T](IExecutionContext executionContext)
   at Amazon.Runtime.Internal.EndpointDiscoveryHandler.InvokeAsync[T](IExecutionContext executionContext)
   at Amazon.Runtime.Internal.CredentialsRetriever.InvokeAsync[T](IExecutionContext executionContext)
   at Amazon.Runtime.Internal.RetryHandler.InvokeAsync[T](IExecutionContext executionContext)
   at Amazon.Runtime.Internal.RetryHandler.InvokeAsync[T](IExecutionContext executionContext)
   at Amazon.Runtime.Internal.CallbackHandler.InvokeAsync[T](IExecutionContext executionContext)
   at Amazon.Runtime.Internal.CallbackHandler.InvokeAsync[T](IExecutionContext executionContext)
   at Amazon.S3.Internal.AmazonS3ExceptionHandler.InvokeAsync[T](IExecutionContext executionContext)
   at Amazon.Runtime.Internal.ErrorCallbackHandler.InvokeAsync[T](IExecutionContext executionContext)
   at Amazon.Runtime.Internal.MetricsHandler.InvokeAsync[T](IExecutionContext executionContext)
======================================================================

2026-05-21 15:19:57.5070 [ERROR] [NHI_AI_MedReportViewerWebApi.Services.NhiPatientImageService] [TraceID: 00-6c46beb13a6866e0f555f47e24c365a1-7868ca443f1798c0-00]
  Event: 0
  Request: GET https://lcr-tp.nhi.gov.tw/api/NhiPatientImage/studies/1.2.840.14311817595127161161159179701024822483140199/series/1.2.840.2081181585538253120903422631829791115221/instances/1.2.840.2441781871703324220021480632358916319724163/jpg 
  Message: 取得 DICOM 影像串流時發生錯誤
  Properties: RequestId=40000002-0002-f000-b63f-84710c7967bb; RequestPath=/api/NhiPatientImage/studies/1.2.840.14311817595127161161159179701024822483140199/series/1.2.840.2081181585538253120903422631829791115221/instances/1.2.840.2441781871703324220021480632358916319724163/jpg; ActionId=afe69f44-39db-425b-a965-4717546d0c6e; ActionName=NHI_AI_MedReportViewerWebApi.Controllers.NhiPatientImageController.GetImageScreenshotAsync (NHI-AI-MedReportViewerWebApi); StudyInstanceUid=1.2.840.14311817595127161161159179701024822483140199; SeriesInstanceUid=1.2.840.2081181585538253120903422631829791115221; SopInstanceUid=1.2.840.2441781871703324220021480632358916319724163
  --- Exception ---
Amazon.S3.AmazonS3Exception: The specified key does not exist.
 ---> Amazon.Runtime.Internal.HttpErrorResponseException: Exception of type 'Amazon.Runtime.Internal.HttpErrorResponseException' was thrown.
   at Amazon.Runtime.HttpWebRequestMessage.ProcessHttpResponseMessage(HttpResponseMessage responseMessage)
   at Amazon.Runtime.HttpWebRequestMessage.GetResponseAsync(CancellationToken cancellationToken)
   at Amazon.Runtime.Internal.HttpHandler`1.InvokeAsync[T](IExecutionContext executionContext)
   at Amazon.Runtime.Internal.RedirectHandler.InvokeAsync[T](IExecutionContext executionContext)
   at Amazon.Runtime.Internal.Unmarshaller.InvokeAsync[T](IExecutionContext executionContext)
   at Amazon.S3.Internal.AmazonS3ResponseHandler.InvokeAsync[T](IExecutionContext executionContext)
   at Amazon.Runtime.Internal.ErrorHandler.InvokeAsync[T](IExecutionContext executionContext)
   --- End of inner exception stack trace ---
   at Amazon.Runtime.Internal.HttpErrorResponseExceptionHandler.HandleExceptionStream(IRequestContext requestContext, IWebResponseData httpErrorResponse, HttpErrorResponseException exception, Stream responseStream)
   at Amazon.Runtime.Internal.HttpErrorResponseExceptionHandler.HandleExceptionAsync(IExecutionContext executionContext, HttpErrorResponseException exception)
   at Amazon.Runtime.Internal.ExceptionHandler`1.HandleAsync(IExecutionContext executionContext, Exception exception)
   at Amazon.Runtime.Internal.ErrorHandler.ProcessExceptionAsync(IExecutionContext executionContext, Exception exception)
   at Amazon.Runtime.Internal.ErrorHandler.InvokeAsync[T](IExecutionContext executionContext)
   at Amazon.Runtime.Internal.CallbackHandler.InvokeAsync[T](IExecutionContext executionContext)
   at Amazon.Runtime.Internal.Signer.InvokeAsync[T](IExecutionContext executionContext)
   at Amazon.S3.Internal.S3Express.S3ExpressPreSigner.InvokeAsync[T](IExecutionContext executionContext)
   at Amazon.Runtime.Internal.EndpointDiscoveryHandler.InvokeAsync[T](IExecutionContext executionContext)
   at Amazon.Runtime.Internal.EndpointDiscoveryHandler.InvokeAsync[T](IExecutionContext executionContext)
   at Amazon.Runtime.Internal.CredentialsRetriever.InvokeAsync[T](IExecutionContext executionContext)
   at Amazon.Runtime.Internal.RetryHandler.InvokeAsync[T](IExecutionContext executionContext)
   at Amazon.Runtime.Internal.RetryHandler.InvokeAsync[T](IExecutionContext executionContext)
   at Amazon.Runtime.Internal.CallbackHandler.InvokeAsync[T](IExecutionContext executionContext)
   at Amazon.Runtime.Internal.CallbackHandler.InvokeAsync[T](IExecutionContext executionContext)
   at Amazon.S3.Internal.AmazonS3ExceptionHandler.InvokeAsync[T](IExecutionContext executionContext)
   at Amazon.Runtime.Internal.ErrorCallbackHandler.InvokeAsync[T](IExecutionContext executionContext)
   at Amazon.Runtime.Internal.MetricsHandler.InvokeAsync[T](IExecutionContext executionContext)
======================================================================

2026-05-21 15:19:57.5222 [ERROR] [NHI_AI_MedReportViewerWebApi.Services.NhiPatientImageService] [TraceID: 00-93621c1dde941eb09a5d03203b217091-f06477b1e552e8d3-00]
  Event: 0
  Request: GET https://lcr-tp.nhi.gov.tw/api/NhiPatientImage/studies/1.2.840.25117608923523578101231161936851828085/series/1.2.840.211941681108460115160221138240919221321384/instances/1.2.840.203127233250801041609771223515116217522475/jpg 
  Message: 取得 DICOM 影像串流時發生錯誤
  Properties: RequestId=40000002-0006-f800-b63f-84710c7967bb; RequestPath=/api/NhiPatientImage/studies/1.2.840.25117608923523578101231161936851828085/series/1.2.840.211941681108460115160221138240919221321384/instances/1.2.840.203127233250801041609771223515116217522475/jpg; ActionId=afe69f44-39db-425b-a965-4717546d0c6e; ActionName=NHI_AI_MedReportViewerWebApi.Controllers.NhiPatientImageController.GetImageScreenshotAsync (NHI-AI-MedReportViewerWebApi); StudyInstanceUid=1.2.840.25117608923523578101231161936851828085; SeriesInstanceUid=1.2.840.211941681108460115160221138240919221321384; SopInstanceUid=1.2.840.203127233250801041609771223515116217522475
  --- Exception ---
Amazon.S3.AmazonS3Exception: The specified key does not exist.
 ---> Amazon.Runtime.Internal.HttpErrorResponseException: Exception of type 'Amazon.Runtime.Internal.HttpErrorResponseException' was thrown.
   at Amazon.Runtime.HttpWebRequestMessage.ProcessHttpResponseMessage(HttpResponseMessage responseMessage)
   at Amazon.Runtime.HttpWebRequestMessage.GetResponseAsync(CancellationToken cancellationToken)
   at Amazon.Runtime.Internal.HttpHandler`1.InvokeAsync[T](IExecutionContext executionContext)
   at Amazon.Runtime.Internal.RedirectHandler.InvokeAsync[T](IExecutionContext executionContext)
   at Amazon.Runtime.Internal.Unmarshaller.InvokeAsync[T](IExecutionContext executionContext)
   at Amazon.S3.Internal.AmazonS3ResponseHandler.InvokeAsync[T](IExecutionContext executionContext)
   at Amazon.Runtime.Internal.ErrorHandler.InvokeAsync[T](IExecutionContext executionContext)
   --- End of inner exception stack trace ---
   at Amazon.Runtime.Internal.HttpErrorResponseExceptionHandler.HandleExceptionStream(IRequestContext requestContext, IWebResponseData httpErrorResponse, HttpErrorResponseException exception, Stream responseStream)
   at Amazon.Runtime.Internal.HttpErrorResponseExceptionHandler.HandleExceptionAsync(IExecutionContext executionContext, HttpErrorResponseException exception)
   at Amazon.Runtime.Internal.ExceptionHandler`1.HandleAsync(IExecutionContext executionContext, Exception exception)
   at Amazon.Runtime.Internal.ErrorHandler.ProcessExceptionAsync(IExecutionContext executionContext, Exception exception)
   at Amazon.Runtime.Internal.ErrorHandler.InvokeAsync[T](IExecutionContext executionContext)
   at Amazon.Runtime.Internal.CallbackHandler.InvokeAsync[T](IExecutionContext executionContext)
   at Amazon.Runtime.Internal.Signer.InvokeAsync[T](IExecutionContext executionContext)
   at Amazon.S3.Internal.S3Express.S3ExpressPreSigner.InvokeAsync[T](IExecutionContext executionContext)
   at Amazon.Runtime.Internal.EndpointDiscoveryHandler.InvokeAsync[T](IExecutionContext executionContext)
   at Amazon.Runtime.Internal.EndpointDiscoveryHandler.InvokeAsync[T](IExecutionContext executionContext)
   at Amazon.Runtime.Internal.CredentialsRetriever.InvokeAsync[T](IExecutionContext executionContext)
   at Amazon.Runtime.Internal.RetryHandler.InvokeAsync[T](IExecutionContext executionContext)
   at Amazon.Runtime.Internal.RetryHandler.InvokeAsync[T](IExecutionContext executionContext)
   at Amazon.Runtime.Internal.CallbackHandler.InvokeAsync[T](IExecutionContext executionContext)
   at Amazon.Runtime.Internal.CallbackHandler.InvokeAsync[T](IExecutionContext executionContext)
   at Amazon.S3.Internal.AmazonS3ExceptionHandler.InvokeAsync[T](IExecutionContext executionContext)
   at Amazon.Runtime.Internal.ErrorCallbackHandler.InvokeAsync[T](IExecutionContext executionContext)
   at Amazon.Runtime.Internal.MetricsHandler.InvokeAsync[T](IExecutionContext executionContext)
======================================================================

2026-05-21 15:19:57.5345 [ERROR] [NHI_AI_MedReportViewerWebApi.Services.NhiPatientImageService] [TraceID: 00-0d97d66a2978b616ed2258a687a8e4be-9d1620a4b9873e73-00]
  Event: 0
  Request: GET https://lcr-tp.nhi.gov.tw/api/NhiPatientImage/studies/1.2.840.25117608923523578101231161936851828085/series/1.2.840.211941681108460115160221138240919221321384/instances/1.2.840.2211921183322322214326160692421211971102178/jpg 
  Message: 取得 DICOM 影像串流時發生錯誤
  Properties: RequestId=40000002-0006-f700-b63f-84710c7967bb; RequestPath=/api/NhiPatientImage/studies/1.2.840.25117608923523578101231161936851828085/series/1.2.840.211941681108460115160221138240919221321384/instances/1.2.840.2211921183322322214326160692421211971102178/jpg; ActionId=afe69f44-39db-425b-a965-4717546d0c6e; ActionName=NHI_AI_MedReportViewerWebApi.Controllers.NhiPatientImageController.GetImageScreenshotAsync (NHI-AI-MedReportViewerWebApi); StudyInstanceUid=1.2.840.25117608923523578101231161936851828085; SeriesInstanceUid=1.2.840.211941681108460115160221138240919221321384; SopInstanceUid=1.2.840.2211921183322322214326160692421211971102178
  --- Exception ---
Amazon.S3.AmazonS3Exception: The specified key does not exist.
 ---> Amazon.Runtime.Internal.HttpErrorResponseException: Exception of type 'Amazon.Runtime.Internal.HttpErrorResponseException' was thrown.
   at Amazon.Runtime.HttpWebRequestMessage.ProcessHttpResponseMessage(HttpResponseMessage responseMessage)
   at Amazon.Runtime.HttpWebRequestMessage.GetResponseAsync(CancellationToken cancellationToken)
   at Amazon.Runtime.Internal.HttpHandler`1.InvokeAsync[T](IExecutionContext executionContext)
   at Amazon.Runtime.Internal.RedirectHandler.InvokeAsync[T](IExecutionContext executionContext)
   at Amazon.Runtime.Internal.Unmarshaller.InvokeAsync[T](IExecutionContext executionContext)
   at Amazon.S3.Internal.AmazonS3ResponseHandler.InvokeAsync[T](IExecutionContext executionContext)
   at Amazon.Runtime.Internal.ErrorHandler.InvokeAsync[T](IExecutionContext executionContext)
   --- End of inner exception stack trace ---
   at Amazon.Runtime.Internal.HttpErrorResponseExceptionHandler.HandleExceptionStream(IRequestContext requestContext, IWebResponseData httpErrorResponse, HttpErrorResponseException exception, Stream responseStream)
   at Amazon.Runtime.Internal.HttpErrorResponseExceptionHandler.HandleExceptionAsync(IExecutionContext executionContext, HttpErrorResponseException exception)
   at Amazon.Runtime.Internal.ExceptionHandler`1.HandleAsync(IExecutionContext executionContext, Exception exception)
   at Amazon.Runtime.Internal.ErrorHandler.ProcessExceptionAsync(IExecutionContext executionContext, Exception exception)
   at Amazon.Runtime.Internal.ErrorHandler.InvokeAsync[T](IExecutionContext executionContext)
   at Amazon.Runtime.Internal.CallbackHandler.InvokeAsync[T](IExecutionContext executionContext)
   at Amazon.Runtime.Internal.Signer.InvokeAsync[T](IExecutionContext executionContext)
   at Amazon.S3.Internal.S3Express.S3ExpressPreSigner.InvokeAsync[T](IExecutionContext executionContext)
   at Amazon.Runtime.Internal.EndpointDiscoveryHandler.InvokeAsync[T](IExecutionContext executionContext)
   at Amazon.Runtime.Internal.EndpointDiscoveryHandler.InvokeAsync[T](IExecutionContext executionContext)
   at Amazon.Runtime.Internal.CredentialsRetriever.InvokeAsync[T](IExecutionContext executionContext)
   at Amazon.Runtime.Internal.RetryHandler.InvokeAsync[T](IExecutionContext executionContext)
   at Amazon.Runtime.Internal.RetryHandler.InvokeAsync[T](IExecutionContext executionContext)
   at Amazon.Runtime.Internal.CallbackHandler.InvokeAsync[T](IExecutionContext executionContext)
   at Amazon.Runtime.Internal.CallbackHandler.InvokeAsync[T](IExecutionContext executionContext)
   at Amazon.S3.Internal.AmazonS3ExceptionHandler.InvokeAsync[T](IExecutionContext executionContext)
   at Amazon.Runtime.Internal.ErrorCallbackHandler.InvokeAsync[T](IExecutionContext executionContext)
   at Amazon.Runtime.Internal.MetricsHandler.InvokeAsync[T](IExecutionContext executionContext)
======================================================================

2026-05-21 15:19:57.5516 [ERROR] [NHI_AI_MedReportViewerWebApi.Services.NhiPatientImageService] [TraceID: 00-75048922b476c4b75ddf48907708c5be-22de0bd6e84e8145-00]
  Event: 0
  Request: GET https://lcr-tp.nhi.gov.tw/api/NhiPatientImage/studies/1.2.840.9910213721418325218772121021591791708761232/series/1.2.840.1718923156152311768923275322146219117393/instances/1.2.840.28205114487195201111819825012815415044161/jpg 
  Message: 取得 DICOM 影像串流時發生錯誤
  Properties: RequestId=40000002-0006-f900-b63f-84710c7967bb; RequestPath=/api/NhiPatientImage/studies/1.2.840.9910213721418325218772121021591791708761232/series/1.2.840.1718923156152311768923275322146219117393/instances/1.2.840.28205114487195201111819825012815415044161/jpg; ActionId=afe69f44-39db-425b-a965-4717546d0c6e; ActionName=NHI_AI_MedReportViewerWebApi.Controllers.NhiPatientImageController.GetImageScreenshotAsync (NHI-AI-MedReportViewerWebApi); StudyInstanceUid=1.2.840.9910213721418325218772121021591791708761232; SeriesInstanceUid=1.2.840.1718923156152311768923275322146219117393; SopInstanceUid=1.2.840.28205114487195201111819825012815415044161
  --- Exception ---
Amazon.S3.AmazonS3Exception: The specified key does not exist.
 ---> Amazon.Runtime.Internal.HttpErrorResponseException: Exception of type 'Amazon.Runtime.Internal.HttpErrorResponseException' was thrown.
   at Amazon.Runtime.HttpWebRequestMessage.ProcessHttpResponseMessage(HttpResponseMessage responseMessage)
   at Amazon.Runtime.HttpWebRequestMessage.GetResponseAsync(CancellationToken cancellationToken)
   at Amazon.Runtime.Internal.HttpHandler`1.InvokeAsync[T](IExecutionContext executionContext)
   at Amazon.Runtime.Internal.RedirectHandler.InvokeAsync[T](IExecutionContext executionContext)
   at Amazon.Runtime.Internal.Unmarshaller.InvokeAsync[T](IExecutionContext executionContext)
   at Amazon.S3.Internal.AmazonS3ResponseHandler.InvokeAsync[T](IExecutionContext executionContext)
   at Amazon.Runtime.Internal.ErrorHandler.InvokeAsync[T](IExecutionContext executionContext)
   --- End of inner exception stack trace ---
   at Amazon.Runtime.Internal.HttpErrorResponseExceptionHandler.HandleExceptionStream(IRequestContext requestContext, IWebResponseData httpErrorResponse, HttpErrorResponseException exception, Stream responseStream)
   at Amazon.Runtime.Internal.HttpErrorResponseExceptionHandler.HandleExceptionAsync(IExecutionContext executionContext, HttpErrorResponseException exception)
   at Amazon.Runtime.Internal.ExceptionHandler`1.HandleAsync(IExecutionContext executionContext, Exception exception)
   at Amazon.Runtime.Internal.ErrorHandler.ProcessExceptionAsync(IExecutionContext executionContext, Exception exception)
   at Amazon.Runtime.Internal.ErrorHandler.InvokeAsync[T](IExecutionContext executionContext)
   at Amazon.Runtime.Internal.CallbackHandler.InvokeAsync[T](IExecutionContext executionContext)
   at Amazon.Runtime.Internal.Signer.InvokeAsync[T](IExecutionContext executionContext)
   at Amazon.S3.Internal.S3Express.S3ExpressPreSigner.InvokeAsync[T](IExecutionContext executionContext)
   at Amazon.Runtime.Internal.EndpointDiscoveryHandler.InvokeAsync[T](IExecutionContext executionContext)
   at Amazon.Runtime.Internal.EndpointDiscoveryHandler.InvokeAsync[T](IExecutionContext executionContext)
   at Amazon.Runtime.Internal.CredentialsRetriever.InvokeAsync[T](IExecutionContext executionContext)
   at Amazon.Runtime.Internal.RetryHandler.InvokeAsync[T](IExecutionContext executionContext)
   at Amazon.Runtime.Internal.RetryHandler.InvokeAsync[T](IExecutionContext executionContext)
   at Amazon.Runtime.Internal.CallbackHandler.InvokeAsync[T](IExecutionContext executionContext)
   at Amazon.Runtime.Internal.CallbackHandler.InvokeAsync[T](IExecutionContext executionContext)
   at Amazon.S3.Internal.AmazonS3ExceptionHandler.InvokeAsync[T](IExecutionContext executionContext)
   at Amazon.Runtime.Internal.ErrorCallbackHandler.InvokeAsync[T](IExecutionContext executionContext)
   at Amazon.Runtime.Internal.MetricsHandler.InvokeAsync[T](IExecutionContext executionContext)
======================================================================

2026-05-21 15:19:57.5629 [ERROR] [NHI_AI_MedReportViewerWebApi.Services.NhiPatientImageService] [TraceID: 00-bf721778005276f9e673ff9a77368286-6f8f39c6691b88d9-00]
  Event: 0
  Request: GET https://lcr-tp.nhi.gov.tw/api/NhiPatientImage/studies/1.2.840.1831491181932115913426236105211231112230198234/series/1.2.840.194662179851015213741321381722223612923/instances/1.2.840.1763117124319615212510318787121752082224170/jpg 
  Message: 取得 DICOM 影像串流時發生錯誤
  Properties: RequestId=40000002-0002-ef00-b63f-84710c7967bb; RequestPath=/api/NhiPatientImage/studies/1.2.840.1831491181932115913426236105211231112230198234/series/1.2.840.194662179851015213741321381722223612923/instances/1.2.840.1763117124319615212510318787121752082224170/jpg; ActionId=afe69f44-39db-425b-a965-4717546d0c6e; ActionName=NHI_AI_MedReportViewerWebApi.Controllers.NhiPatientImageController.GetImageScreenshotAsync (NHI-AI-MedReportViewerWebApi); StudyInstanceUid=1.2.840.1831491181932115913426236105211231112230198234; SeriesInstanceUid=1.2.840.194662179851015213741321381722223612923; SopInstanceUid=1.2.840.1763117124319615212510318787121752082224170
  --- Exception ---
Amazon.S3.AmazonS3Exception: The specified key does not exist.
 ---> Amazon.Runtime.Internal.HttpErrorResponseException: Exception of type 'Amazon.Runtime.Internal.HttpErrorResponseException' was thrown.
   at Amazon.Runtime.HttpWebRequestMessage.ProcessHttpResponseMessage(HttpResponseMessage responseMessage)
   at Amazon.Runtime.HttpWebRequestMessage.GetResponseAsync(CancellationToken cancellationToken)
   at Amazon.Runtime.Internal.HttpHandler`1.InvokeAsync[T](IExecutionContext executionContext)
   at Amazon.Runtime.Internal.RedirectHandler.InvokeAsync[T](IExecutionContext executionContext)
   at Amazon.Runtime.Internal.Unmarshaller.InvokeAsync[T](IExecutionContext executionContext)
   at Amazon.S3.Internal.AmazonS3ResponseHandler.InvokeAsync[T](IExecutionContext executionContext)
   at Amazon.Runtime.Internal.ErrorHandler.InvokeAsync[T](IExecutionContext executionContext)
   --- End of inner exception stack trace ---
   at Amazon.Runtime.Internal.HttpErrorResponseExceptionHandler.HandleExceptionStream(IRequestContext requestContext, IWebResponseData httpErrorResponse, HttpErrorResponseException exception, Stream responseStream)
   at Amazon.Runtime.Internal.HttpErrorResponseExceptionHandler.HandleExceptionAsync(IExecutionContext executionContext, HttpErrorResponseException exception)
   at Amazon.Runtime.Internal.ExceptionHandler`1.HandleAsync(IExecutionContext executionContext, Exception exception)
   at Amazon.Runtime.Internal.ErrorHandler.ProcessExceptionAsync(IExecutionContext executionContext, Exception exception)
   at Amazon.Runtime.Internal.ErrorHandler.InvokeAsync[T](IExecutionContext executionContext)
   at Amazon.Runtime.Internal.CallbackHandler.InvokeAsync[T](IExecutionContext executionContext)
   at Amazon.Runtime.Internal.Signer.InvokeAsync[T](IExecutionContext executionContext)
   at Amazon.S3.Internal.S3Express.S3ExpressPreSigner.InvokeAsync[T](IExecutionContext executionContext)
   at Amazon.Runtime.Internal.EndpointDiscoveryHandler.InvokeAsync[T](IExecutionContext executionContext)
   at Amazon.Runtime.Internal.EndpointDiscoveryHandler.InvokeAsync[T](IExecutionContext executionContext)
   at Amazon.Runtime.Internal.CredentialsRetriever.InvokeAsync[T](IExecutionContext executionContext)
   at Amazon.Runtime.Internal.RetryHandler.InvokeAsync[T](IExecutionContext executionContext)
   at Amazon.Runtime.Internal.RetryHandler.InvokeAsync[T](IExecutionContext executionContext)
   at Amazon.Runtime.Internal.CallbackHandler.InvokeAsync[T](IExecutionContext executionContext)
   at Amazon.Runtime.Internal.CallbackHandler.InvokeAsync[T](IExecutionContext executionContext)
   at Amazon.S3.Internal.AmazonS3ExceptionHandler.InvokeAsync[T](IExecutionContext executionContext)
   at Amazon.Runtime.Internal.ErrorCallbackHandler.InvokeAsync[T](IExecutionContext executionContext)
   at Amazon.Runtime.Internal.MetricsHandler.InvokeAsync[T](IExecutionContext executionContext)
======================================================================

2026-05-21 15:19:58.3430 [ERROR] [AIRS.Core.Common.LogForgingTools] [TraceID: 00-9af615fcc40c29aa27a20fa9b0b29aaf-d7c4b703d9833cf7-00]
  Event: 0
  Request: GET https://lcr-tp.nhi.gov.tw/api/NhiPatientImage/studies/1.2.840.9910213721418325218772121021591791708761232/series/1.2.840.1718923156152311768923275322146219117393/instances/1.2.840.1666017802032451797210229178424333245136/jpg 
  Message: 1779347998346 GetImage() 失敗，耗時 1572 ms.
  Properties: RequestId=40000002-0004-f500-b63f-84710c7967bb; RequestPath=/api/NhiPatientImage/studies/1.2.840.9910213721418325218772121021591791708761232/series/1.2.840.1718923156152311768923275322146219117393/instances/1.2.840.1666017802032451797210229178424333245136/jpg; ActionId=afe69f44-39db-425b-a965-4717546d0c6e; ActionName=NHI_AI_MedReportViewerWebApi.Controllers.NhiPatientImageController.GetImageScreenshotAsync (NHI-AI-MedReportViewerWebApi); StudyInstanceUid=1.2.840.9910213721418325218772121021591791708761232; SeriesInstanceUid=1.2.840.1718923156152311768923275322146219117393; SopInstanceUid=1.2.840.1666017802032451797210229178424333245136
  --- Exception ---
Amazon.S3.AmazonS3Exception: The specified key does not exist.
 ---> Amazon.Runtime.Internal.HttpErrorResponseException: Exception of type 'Amazon.Runtime.Internal.HttpErrorResponseException' was thrown.
   at Amazon.Runtime.HttpWebRequestMessage.ProcessHttpResponseMessage(HttpResponseMessage responseMessage)
   at Amazon.Runtime.HttpWebRequestMessage.GetResponseAsync(CancellationToken cancellationToken)
   at Amazon.Runtime.Internal.HttpHandler`1.InvokeAsync[T](IExecutionContext executionContext)
   at Amazon.Runtime.Internal.RedirectHandler.InvokeAsync[T](IExecutionContext executionContext)
   at Amazon.Runtime.Internal.Unmarshaller.InvokeAsync[T](IExecutionContext executionContext)
   at Amazon.S3.Internal.AmazonS3ResponseHandler.InvokeAsync[T](IExecutionContext executionContext)
   at Amazon.Runtime.Internal.ErrorHandler.InvokeAsync[T](IExecutionContext executionContext)
   --- End of inner exception stack trace ---
   at Amazon.Runtime.Internal.HttpErrorResponseExceptionHandler.HandleExceptionStream(IRequestContext requestContext, IWebResponseData httpErrorResponse, HttpErrorResponseException exception, Stream responseStream)
   at Amazon.Runtime.Internal.HttpErrorResponseExceptionHandler.HandleExceptionAsync(IExecutionContext executionContext, HttpErrorResponseException exception)
   at Amazon.Runtime.Internal.ExceptionHandler`1.HandleAsync(IExecutionContext executionContext, Exception exception)
   at Amazon.Runtime.Internal.ErrorHandler.ProcessExceptionAsync(IExecutionContext executionContext, Exception exception)
   at Amazon.Runtime.Internal.ErrorHandler.InvokeAsync[T](IExecutionContext executionContext)
   at Amazon.Runtime.Internal.CallbackHandler.InvokeAsync[T](IExecutionContext executionContext)
   at Amazon.Runtime.Internal.Signer.InvokeAsync[T](IExecutionContext executionContext)
   at Amazon.S3.Internal.S3Express.S3ExpressPreSigner.InvokeAsync[T](IExecutionContext executionContext)
   at Amazon.Runtime.Internal.EndpointDiscoveryHandler.InvokeAsync[T](IExecutionContext executionContext)
   at Amazon.Runtime.Internal.EndpointDiscoveryHandler.InvokeAsync[T](IExecutionContext executionContext)
   at Amazon.Runtime.Internal.CredentialsRetriever.InvokeAsync[T](IExecutionContext executionContext)
   at Amazon.Runtime.Internal.RetryHandler.InvokeAsync[T](IExecutionContext executionContext)
   at Amazon.Runtime.Internal.RetryHandler.InvokeAsync[T](IExecutionContext executionContext)
   at Amazon.Runtime.Internal.CallbackHandler.InvokeAsync[T](IExecutionContext executionContext)
   at Amazon.Runtime.Internal.CallbackHandler.InvokeAsync[T](IExecutionContext executionContext)
   at Amazon.S3.Internal.AmazonS3ExceptionHandler.InvokeAsync[T](IExecutionContext executionContext)
   at Amazon.Runtime.Internal.ErrorCallbackHandler.InvokeAsync[T](IExecutionContext executionContext)
   at Amazon.Runtime.Internal.MetricsHandler.InvokeAsync[T](IExecutionContext executionContext)
======================================================================

2026-05-21 15:19:58.3430 [ERROR] [AIRS.Core.Common.LogForgingTools] [TraceID: 00-b801ac7d6a084728d998127389d6e9ad-e29cbac4c93f5398-00]
  Event: 0
  Request: GET https://lcr-tp.nhi.gov.tw/api/NhiPatientImage/studies/1.2.840.95628289237023181203129147651793012853/series/1.2.840.15522917228832121867788198941815717572241/instances/1.2.840.2482919651028917222517392352521782145174/jpg 
  Message: 1779347998347 GetImage() 失敗，耗時 1696 ms.
  Properties: RequestId=40000002-0006-fa00-b63f-84710c7967bb; RequestPath=/api/NhiPatientImage/studies/1.2.840.95628289237023181203129147651793012853/series/1.2.840.15522917228832121867788198941815717572241/instances/1.2.840.2482919651028917222517392352521782145174/jpg; ActionId=afe69f44-39db-425b-a965-4717546d0c6e; ActionName=NHI_AI_MedReportViewerWebApi.Controllers.NhiPatientImageController.GetImageScreenshotAsync (NHI-AI-MedReportViewerWebApi); StudyInstanceUid=1.2.840.95628289237023181203129147651793012853; SeriesInstanceUid=1.2.840.15522917228832121867788198941815717572241; SopInstanceUid=1.2.840.2482919651028917222517392352521782145174
  --- Exception ---
Amazon.S3.AmazonS3Exception: The specified key does not exist.
 ---> Amazon.Runtime.Internal.HttpErrorResponseException: Exception of type 'Amazon.Runtime.Internal.HttpErrorResponseException' was thrown.
   at Amazon.Runtime.HttpWebRequestMessage.ProcessHttpResponseMessage(HttpResponseMessage responseMessage)
   at Amazon.Runtime.HttpWebRequestMessage.GetResponseAsync(CancellationToken cancellationToken)
   at Amazon.Runtime.Internal.HttpHandler`1.InvokeAsync[T](IExecutionContext executionContext)
   at Amazon.Runtime.Internal.RedirectHandler.InvokeAsync[T](IExecutionContext executionContext)
   at Amazon.Runtime.Internal.Unmarshaller.InvokeAsync[T](IExecutionContext executionContext)
   at Amazon.S3.Internal.AmazonS3ResponseHandler.InvokeAsync[T](IExecutionContext executionContext)
   at Amazon.Runtime.Internal.ErrorHandler.InvokeAsync[T](IExecutionContext executionContext)
   --- End of inner exception stack trace ---
   at Amazon.Runtime.Internal.HttpErrorResponseExceptionHandler.HandleExceptionStream(IRequestContext requestContext, IWebResponseData httpErrorResponse, HttpErrorResponseException exception, Stream responseStream)
   at Amazon.Runtime.Internal.HttpErrorResponseExceptionHandler.HandleExceptionAsync(IExecutionContext executionContext, HttpErrorResponseException exception)
   at Amazon.Runtime.Internal.ExceptionHandler`1.HandleAsync(IExecutionContext executionContext, Exception exception)
   at Amazon.Runtime.Internal.ErrorHandler.ProcessExceptionAsync(IExecutionContext executionContext, Exception exception)
   at Amazon.Runtime.Internal.ErrorHandler.InvokeAsync[T](IExecutionContext executionContext)
   at Amazon.Runtime.Internal.CallbackHandler.InvokeAsync[T](IExecutionContext executionContext)
   at Amazon.Runtime.Internal.Signer.InvokeAsync[T](IExecutionContext executionContext)
   at Amazon.S3.Internal.S3Express.S3ExpressPreSigner.InvokeAsync[T](IExecutionContext executionContext)
   at Amazon.Runtime.Internal.EndpointDiscoveryHandler.InvokeAsync[T](IExecutionContext executionContext)
   at Amazon.Runtime.Internal.EndpointDiscoveryHandler.InvokeAsync[T](IExecutionContext executionContext)
   at Amazon.Runtime.Internal.CredentialsRetriever.InvokeAsync[T](IExecutionContext executionContext)
   at Amazon.Runtime.Internal.RetryHandler.InvokeAsync[T](IExecutionContext executionContext)
   at Amazon.Runtime.Internal.RetryHandler.InvokeAsync[T](IExecutionContext executionContext)
   at Amazon.Runtime.Internal.CallbackHandler.InvokeAsync[T](IExecutionContext executionContext)
   at Amazon.Runtime.Internal.CallbackHandler.InvokeAsync[T](IExecutionContext executionContext)
   at Amazon.S3.Internal.AmazonS3ExceptionHandler.InvokeAsync[T](IExecutionContext executionContext)
   at Amazon.Runtime.Internal.ErrorCallbackHandler.InvokeAsync[T](IExecutionContext executionContext)
   at Amazon.Runtime.Internal.MetricsHandler.InvokeAsync[T](IExecutionContext executionContext)
======================================================================

2026-05-21 15:19:58.3430 [ERROR] [AIRS.Core.Common.LogForgingTools] [TraceID: 00-c84a42afa59c456286e5dd3717ca8699-62a3e724cbe53d3c-00]
  Event: 0
  Request: GET https://lcr-tp.nhi.gov.tw/api/NhiPatientImage/studies/1.2.840.188572451371712516215324230991522013712160/series/1.2.840.15231983789204947410611712199214759128/instances/1.2.840.1651296425160252831339722628927020221736/jpg 
  Message: 1779347998352 GetImage() 失敗，耗時 1158 ms.
  Properties: RequestId=40000002-0002-ed00-b63f-84710c7967bb; RequestPath=/api/NhiPatientImage/studies/1.2.840.188572451371712516215324230991522013712160/series/1.2.840.15231983789204947410611712199214759128/instances/1.2.840.1651296425160252831339722628927020221736/jpg; ActionId=afe69f44-39db-425b-a965-4717546d0c6e; ActionName=NHI_AI_MedReportViewerWebApi.Controllers.NhiPatientImageController.GetImageScreenshotAsync (NHI-AI-MedReportViewerWebApi); StudyInstanceUid=1.2.840.188572451371712516215324230991522013712160; SeriesInstanceUid=1.2.840.15231983789204947410611712199214759128; SopInstanceUid=1.2.840.1651296425160252831339722628927020221736
  --- Exception ---
Amazon.S3.AmazonS3Exception: The specified key does not exist.
 ---> Amazon.Runtime.Internal.HttpErrorResponseException: Exception of type 'Amazon.Runtime.Internal.HttpErrorResponseException' was thrown.
   at Amazon.Runtime.HttpWebRequestMessage.ProcessHttpResponseMessage(HttpResponseMessage responseMessage)
   at Amazon.Runtime.HttpWebRequestMessage.GetResponseAsync(CancellationToken cancellationToken)
   at Amazon.Runtime.Internal.HttpHandler`1.InvokeAsync[T](IExecutionContext executionContext)
   at Amazon.Runtime.Internal.RedirectHandler.InvokeAsync[T](IExecutionContext executionContext)
   at Amazon.Runtime.Internal.Unmarshaller.InvokeAsync[T](IExecutionContext executionContext)
   at Amazon.S3.Internal.AmazonS3ResponseHandler.InvokeAsync[T](IExecutionContext executionContext)
   at Amazon.Runtime.Internal.ErrorHandler.InvokeAsync[T](IExecutionContext executionContext)
   --- End of inner exception stack trace ---
   at Amazon.Runtime.Internal.HttpErrorResponseExceptionHandler.HandleExceptionStream(IRequestContext requestContext, IWebResponseData httpErrorResponse, HttpErrorResponseException exception, Stream responseStream)
   at Amazon.Runtime.Internal.HttpErrorResponseExceptionHandler.HandleExceptionAsync(IExecutionContext executionContext, HttpErrorResponseException exception)
   at Amazon.Runtime.Internal.ExceptionHandler`1.HandleAsync(IExecutionContext executionContext, Exception exception)
   at Amazon.Runtime.Internal.ErrorHandler.ProcessExceptionAsync(IExecutionContext executionContext, Exception exception)
   at Amazon.Runtime.Internal.ErrorHandler.InvokeAsync[T](IExecutionContext executionContext)
   at Amazon.Runtime.Internal.CallbackHandler.InvokeAsync[T](IExecutionContext executionContext)
   at Amazon.Runtime.Internal.Signer.InvokeAsync[T](IExecutionContext executionContext)
   at Amazon.S3.Internal.S3Express.S3ExpressPreSigner.InvokeAsync[T](IExecutionContext executionContext)
   at Amazon.Runtime.Internal.EndpointDiscoveryHandler.InvokeAsync[T](IExecutionContext executionContext)
   at Amazon.Runtime.Internal.EndpointDiscoveryHandler.InvokeAsync[T](IExecutionContext executionContext)
   at Amazon.Runtime.Internal.CredentialsRetriever.InvokeAsync[T](IExecutionContext executionContext)
   at Amazon.Runtime.Internal.RetryHandler.InvokeAsync[T](IExecutionContext executionContext)
   at Amazon.Runtime.Internal.RetryHandler.InvokeAsync[T](IExecutionContext executionContext)
   at Amazon.Runtime.Internal.CallbackHandler.InvokeAsync[T](IExecutionContext executionContext)
   at Amazon.Runtime.Internal.CallbackHandler.InvokeAsync[T](IExecutionContext executionContext)
   at Amazon.S3.Internal.AmazonS3ExceptionHandler.InvokeAsync[T](IExecutionContext executionContext)
   at Amazon.Runtime.Internal.ErrorCallbackHandler.InvokeAsync[T](IExecutionContext executionContext)
   at Amazon.Runtime.Internal.MetricsHandler.InvokeAsync[T](IExecutionContext executionContext)
======================================================================

2026-05-21 15:19:58.3430 [ERROR] [AIRS.Core.Common.LogForgingTools] [TraceID: 00-d21794ae7b2da80ec4204a72869be552-ad16b7cea0f7b455-00]
  Event: 0
  Request: GET https://lcr-tp.nhi.gov.tw/api/NhiPatientImage/studies/1.2.840.1831491181932115913426236105211231112230198234/series/1.2.840.194662179851015213741321381722223612923/instances/1.2.840.1556415613457171655548642410420286244166/jpg 
  Message: 1779347998356 GetImage() 失敗，耗時 1248 ms.
  Properties: RequestId=40000002-0002-ee00-b63f-84710c7967bb; RequestPath=/api/NhiPatientImage/studies/1.2.840.1831491181932115913426236105211231112230198234/series/1.2.840.194662179851015213741321381722223612923/instances/1.2.840.1556415613457171655548642410420286244166/jpg; ActionId=afe69f44-39db-425b-a965-4717546d0c6e; ActionName=NHI_AI_MedReportViewerWebApi.Controllers.NhiPatientImageController.GetImageScreenshotAsync (NHI-AI-MedReportViewerWebApi); StudyInstanceUid=1.2.840.1831491181932115913426236105211231112230198234; SeriesInstanceUid=1.2.840.194662179851015213741321381722223612923; SopInstanceUid=1.2.840.1556415613457171655548642410420286244166
  --- Exception ---
Amazon.S3.AmazonS3Exception: The specified key does not exist.
 ---> Amazon.Runtime.Internal.HttpErrorResponseException: Exception of type 'Amazon.Runtime.Internal.HttpErrorResponseException' was thrown.
   at Amazon.Runtime.HttpWebRequestMessage.ProcessHttpResponseMessage(HttpResponseMessage responseMessage)
   at Amazon.Runtime.HttpWebRequestMessage.GetResponseAsync(CancellationToken cancellationToken)
   at Amazon.Runtime.Internal.HttpHandler`1.InvokeAsync[T](IExecutionContext executionContext)
   at Amazon.Runtime.Internal.RedirectHandler.InvokeAsync[T](IExecutionContext executionContext)
   at Amazon.Runtime.Internal.Unmarshaller.InvokeAsync[T](IExecutionContext executionContext)
   at Amazon.S3.Internal.AmazonS3ResponseHandler.InvokeAsync[T](IExecutionContext executionContext)
   at Amazon.Runtime.Internal.ErrorHandler.InvokeAsync[T](IExecutionContext executionContext)
   --- End of inner exception stack trace ---
   at Amazon.Runtime.Internal.HttpErrorResponseExceptionHandler.HandleExceptionStream(IRequestContext requestContext, IWebResponseData httpErrorResponse, HttpErrorResponseException exception, Stream responseStream)
   at Amazon.Runtime.Internal.HttpErrorResponseExceptionHandler.HandleExceptionAsync(IExecutionContext executionContext, HttpErrorResponseException exception)
   at Amazon.Runtime.Internal.ExceptionHandler`1.HandleAsync(IExecutionContext executionContext, Exception exception)
   at Amazon.Runtime.Internal.ErrorHandler.ProcessExceptionAsync(IExecutionContext executionContext, Exception exception)
   at Amazon.Runtime.Internal.ErrorHandler.InvokeAsync[T](IExecutionContext executionContext)
   at Amazon.Runtime.Internal.CallbackHandler.InvokeAsync[T](IExecutionContext executionContext)
   at Amazon.Runtime.Internal.Signer.InvokeAsync[T](IExecutionContext executionContext)
   at Amazon.S3.Internal.S3Express.S3ExpressPreSigner.InvokeAsync[T](IExecutionContext executionContext)
   at Amazon.Runtime.Internal.EndpointDiscoveryHandler.InvokeAsync[T](IExecutionContext executionContext)
   at Amazon.Runtime.Internal.EndpointDiscoveryHandler.InvokeAsync[T](IExecutionContext executionContext)
   at Amazon.Runtime.Internal.CredentialsRetriever.InvokeAsync[T](IExecutionContext executionContext)
   at Amazon.Runtime.Internal.RetryHandler.InvokeAsync[T](IExecutionContext executionContext)
   at Amazon.Runtime.Internal.RetryHandler.InvokeAsync[T](IExecutionContext executionContext)
   at Amazon.Runtime.Internal.CallbackHandler.InvokeAsync[T](IExecutionContext executionContext)
   at Amazon.Runtime.Internal.CallbackHandler.InvokeAsync[T](IExecutionContext executionContext)
   at Amazon.S3.Internal.AmazonS3ExceptionHandler.InvokeAsync[T](IExecutionContext executionContext)
   at Amazon.Runtime.Internal.ErrorCallbackHandler.InvokeAsync[T](IExecutionContext executionContext)
   at Amazon.Runtime.Internal.MetricsHandler.InvokeAsync[T](IExecutionContext executionContext)
======================================================================

2026-05-21 15:19:58.4638 [ERROR] [NHI_AI_MedReportViewerWebApi.Services.NhiPatientImageService] [TraceID: 00-9af615fcc40c29aa27a20fa9b0b29aaf-d7c4b703d9833cf7-00]
  Event: 0
  Request: GET https://lcr-tp.nhi.gov.tw/api/NhiPatientImage/studies/1.2.840.9910213721418325218772121021591791708761232/series/1.2.840.1718923156152311768923275322146219117393/instances/1.2.840.1666017802032451797210229178424333245136/jpg 
  Message: 取得 DICOM 影像串流時發生錯誤
  Properties: RequestId=40000002-0004-f500-b63f-84710c7967bb; RequestPath=/api/NhiPatientImage/studies/1.2.840.9910213721418325218772121021591791708761232/series/1.2.840.1718923156152311768923275322146219117393/instances/1.2.840.1666017802032451797210229178424333245136/jpg; ActionId=afe69f44-39db-425b-a965-4717546d0c6e; ActionName=NHI_AI_MedReportViewerWebApi.Controllers.NhiPatientImageController.GetImageScreenshotAsync (NHI-AI-MedReportViewerWebApi); StudyInstanceUid=1.2.840.9910213721418325218772121021591791708761232; SeriesInstanceUid=1.2.840.1718923156152311768923275322146219117393; SopInstanceUid=1.2.840.1666017802032451797210229178424333245136
  --- Exception ---
Amazon.S3.AmazonS3Exception: The specified key does not exist.
 ---> Amazon.Runtime.Internal.HttpErrorResponseException: Exception of type 'Amazon.Runtime.Internal.HttpErrorResponseException' was thrown.
   at Amazon.Runtime.HttpWebRequestMessage.ProcessHttpResponseMessage(HttpResponseMessage responseMessage)
   at Amazon.Runtime.HttpWebRequestMessage.GetResponseAsync(CancellationToken cancellationToken)
   at Amazon.Runtime.Internal.HttpHandler`1.InvokeAsync[T](IExecutionContext executionContext)
   at Amazon.Runtime.Internal.RedirectHandler.InvokeAsync[T](IExecutionContext executionContext)
   at Amazon.Runtime.Internal.Unmarshaller.InvokeAsync[T](IExecutionContext executionContext)
   at Amazon.S3.Internal.AmazonS3ResponseHandler.InvokeAsync[T](IExecutionContext executionContext)
   at Amazon.Runtime.Internal.ErrorHandler.InvokeAsync[T](IExecutionContext executionContext)
   --- End of inner exception stack trace ---
   at Amazon.Runtime.Internal.HttpErrorResponseExceptionHandler.HandleExceptionStream(IRequestContext requestContext, IWebResponseData httpErrorResponse, HttpErrorResponseException exception, Stream responseStream)
   at Amazon.Runtime.Internal.HttpErrorResponseExceptionHandler.HandleExceptionAsync(IExecutionContext executionContext, HttpErrorResponseException exception)
   at Amazon.Runtime.Internal.ExceptionHandler`1.HandleAsync(IExecutionContext executionContext, Exception exception)
   at Amazon.Runtime.Internal.ErrorHandler.ProcessExceptionAsync(IExecutionContext executionContext, Exception exception)
   at Amazon.Runtime.Internal.ErrorHandler.InvokeAsync[T](IExecutionContext executionContext)
   at Amazon.Runtime.Internal.CallbackHandler.InvokeAsync[T](IExecutionContext executionContext)
   at Amazon.Runtime.Internal.Signer.InvokeAsync[T](IExecutionContext executionContext)
   at Amazon.S3.Internal.S3Express.S3ExpressPreSigner.InvokeAsync[T](IExecutionContext executionContext)
   at Amazon.Runtime.Internal.EndpointDiscoveryHandler.InvokeAsync[T](IExecutionContext executionContext)
   at Amazon.Runtime.Internal.EndpointDiscoveryHandler.InvokeAsync[T](IExecutionContext executionContext)
   at Amazon.Runtime.Internal.CredentialsRetriever.InvokeAsync[T](IExecutionContext executionContext)
   at Amazon.Runtime.Internal.RetryHandler.InvokeAsync[T](IExecutionContext executionContext)
   at Amazon.Runtime.Internal.RetryHandler.InvokeAsync[T](IExecutionContext executionContext)
   at Amazon.Runtime.Internal.CallbackHandler.InvokeAsync[T](IExecutionContext executionContext)
   at Amazon.Runtime.Internal.CallbackHandler.InvokeAsync[T](IExecutionContext executionContext)
   at Amazon.S3.Internal.AmazonS3ExceptionHandler.InvokeAsync[T](IExecutionContext executionContext)
   at Amazon.Runtime.Internal.ErrorCallbackHandler.InvokeAsync[T](IExecutionContext executionContext)
   at Amazon.Runtime.Internal.MetricsHandler.InvokeAsync[T](IExecutionContext executionContext)
======================================================================

2026-05-21 15:19:58.4887 [ERROR] [NHI_AI_MedReportViewerWebApi.Services.NhiPatientImageService] [TraceID: 00-b801ac7d6a084728d998127389d6e9ad-e29cbac4c93f5398-00]
  Event: 0
  Request: GET https://lcr-tp.nhi.gov.tw/api/NhiPatientImage/studies/1.2.840.95628289237023181203129147651793012853/series/1.2.840.15522917228832121867788198941815717572241/instances/1.2.840.2482919651028917222517392352521782145174/jpg 
  Message: 取得 DICOM 影像串流時發生錯誤
  Properties: RequestId=40000002-0006-fa00-b63f-84710c7967bb; RequestPath=/api/NhiPatientImage/studies/1.2.840.95628289237023181203129147651793012853/series/1.2.840.15522917228832121867788198941815717572241/instances/1.2.840.2482919651028917222517392352521782145174/jpg; ActionId=afe69f44-39db-425b-a965-4717546d0c6e; ActionName=NHI_AI_MedReportViewerWebApi.Controllers.NhiPatientImageController.GetImageScreenshotAsync (NHI-AI-MedReportViewerWebApi); StudyInstanceUid=1.2.840.95628289237023181203129147651793012853; SeriesInstanceUid=1.2.840.15522917228832121867788198941815717572241; SopInstanceUid=1.2.840.2482919651028917222517392352521782145174
  --- Exception ---
Amazon.S3.AmazonS3Exception: The specified key does not exist.
 ---> Amazon.Runtime.Internal.HttpErrorResponseException: Exception of type 'Amazon.Runtime.Internal.HttpErrorResponseException' was thrown.
   at Amazon.Runtime.HttpWebRequestMessage.ProcessHttpResponseMessage(HttpResponseMessage responseMessage)
   at Amazon.Runtime.HttpWebRequestMessage.GetResponseAsync(CancellationToken cancellationToken)
   at Amazon.Runtime.Internal.HttpHandler`1.InvokeAsync[T](IExecutionContext executionContext)
   at Amazon.Runtime.Internal.RedirectHandler.InvokeAsync[T](IExecutionContext executionContext)
   at Amazon.Runtime.Internal.Unmarshaller.InvokeAsync[T](IExecutionContext executionContext)
   at Amazon.S3.Internal.AmazonS3ResponseHandler.InvokeAsync[T](IExecutionContext executionContext)
   at Amazon.Runtime.Internal.ErrorHandler.InvokeAsync[T](IExecutionContext executionContext)
   --- End of inner exception stack trace ---
   at Amazon.Runtime.Internal.HttpErrorResponseExceptionHandler.HandleExceptionStream(IRequestContext requestContext, IWebResponseData httpErrorResponse, HttpErrorResponseException exception, Stream responseStream)
   at Amazon.Runtime.Internal.HttpErrorResponseExceptionHandler.HandleExceptionAsync(IExecutionContext executionContext, HttpErrorResponseException exception)
   at Amazon.Runtime.Internal.ExceptionHandler`1.HandleAsync(IExecutionContext executionContext, Exception exception)
   at Amazon.Runtime.Internal.ErrorHandler.ProcessExceptionAsync(IExecutionContext executionContext, Exception exception)
   at Amazon.Runtime.Internal.ErrorHandler.InvokeAsync[T](IExecutionContext executionContext)
   at Amazon.Runtime.Internal.CallbackHandler.InvokeAsync[T](IExecutionContext executionContext)
   at Amazon.Runtime.Internal.Signer.InvokeAsync[T](IExecutionContext executionContext)
   at Amazon.S3.Internal.S3Express.S3ExpressPreSigner.InvokeAsync[T](IExecutionContext executionContext)
   at Amazon.Runtime.Internal.EndpointDiscoveryHandler.InvokeAsync[T](IExecutionContext executionContext)
   at Amazon.Runtime.Internal.EndpointDiscoveryHandler.InvokeAsync[T](IExecutionContext executionContext)
   at Amazon.Runtime.Internal.CredentialsRetriever.InvokeAsync[T](IExecutionContext executionContext)
   at Amazon.Runtime.Internal.RetryHandler.InvokeAsync[T](IExecutionContext executionContext)
   at Amazon.Runtime.Internal.RetryHandler.InvokeAsync[T](IExecutionContext executionContext)
   at Amazon.Runtime.Internal.CallbackHandler.InvokeAsync[T](IExecutionContext executionContext)
   at Amazon.Runtime.Internal.CallbackHandler.InvokeAsync[T](IExecutionContext executionContext)
   at Amazon.S3.Internal.AmazonS3ExceptionHandler.InvokeAsync[T](IExecutionContext executionContext)
   at Amazon.Runtime.Internal.ErrorCallbackHandler.InvokeAsync[T](IExecutionContext executionContext)
   at Amazon.Runtime.Internal.MetricsHandler.InvokeAsync[T](IExecutionContext executionContext)
======================================================================

2026-05-21 15:19:58.4998 [ERROR] [NHI_AI_MedReportViewerWebApi.Services.NhiPatientImageService] [TraceID: 00-c84a42afa59c456286e5dd3717ca8699-62a3e724cbe53d3c-00]
  Event: 0
  Request: GET https://lcr-tp.nhi.gov.tw/api/NhiPatientImage/studies/1.2.840.188572451371712516215324230991522013712160/series/1.2.840.15231983789204947410611712199214759128/instances/1.2.840.1651296425160252831339722628927020221736/jpg 
  Message: 取得 DICOM 影像串流時發生錯誤
  Properties: RequestId=40000002-0002-ed00-b63f-84710c7967bb; RequestPath=/api/NhiPatientImage/studies/1.2.840.188572451371712516215324230991522013712160/series/1.2.840.15231983789204947410611712199214759128/instances/1.2.840.1651296425160252831339722628927020221736/jpg; ActionId=afe69f44-39db-425b-a965-4717546d0c6e; ActionName=NHI_AI_MedReportViewerWebApi.Controllers.NhiPatientImageController.GetImageScreenshotAsync (NHI-AI-MedReportViewerWebApi); StudyInstanceUid=1.2.840.188572451371712516215324230991522013712160; SeriesInstanceUid=1.2.840.15231983789204947410611712199214759128; SopInstanceUid=1.2.840.1651296425160252831339722628927020221736
  --- Exception ---
Amazon.S3.AmazonS3Exception: The specified key does not exist.
 ---> Amazon.Runtime.Internal.HttpErrorResponseException: Exception of type 'Amazon.Runtime.Internal.HttpErrorResponseException' was thrown.
   at Amazon.Runtime.HttpWebRequestMessage.ProcessHttpResponseMessage(HttpResponseMessage responseMessage)
   at Amazon.Runtime.HttpWebRequestMessage.GetResponseAsync(CancellationToken cancellationToken)
   at Amazon.Runtime.Internal.HttpHandler`1.InvokeAsync[T](IExecutionContext executionContext)
   at Amazon.Runtime.Internal.RedirectHandler.InvokeAsync[T](IExecutionContext executionContext)
   at Amazon.Runtime.Internal.Unmarshaller.InvokeAsync[T](IExecutionContext executionContext)
   at Amazon.S3.Internal.AmazonS3ResponseHandler.InvokeAsync[T](IExecutionContext executionContext)
   at Amazon.Runtime.Internal.ErrorHandler.InvokeAsync[T](IExecutionContext executionContext)
   --- End of inner exception stack trace ---
   at Amazon.Runtime.Internal.HttpErrorResponseExceptionHandler.HandleExceptionStream(IRequestContext requestContext, IWebResponseData httpErrorResponse, HttpErrorResponseException exception, Stream responseStream)
   at Amazon.Runtime.Internal.HttpErrorResponseExceptionHandler.HandleExceptionAsync(IExecutionContext executionContext, HttpErrorResponseException exception)
   at Amazon.Runtime.Internal.ExceptionHandler`1.HandleAsync(IExecutionContext executionContext, Exception exception)
   at Amazon.Runtime.Internal.ErrorHandler.ProcessExceptionAsync(IExecutionContext executionContext, Exception exception)
   at Amazon.Runtime.Internal.ErrorHandler.InvokeAsync[T](IExecutionContext executionContext)
   at Amazon.Runtime.Internal.CallbackHandler.InvokeAsync[T](IExecutionContext executionContext)
   at Amazon.Runtime.Internal.Signer.InvokeAsync[T](IExecutionContext executionContext)
   at Amazon.S3.Internal.S3Express.S3ExpressPreSigner.InvokeAsync[T](IExecutionContext executionContext)
   at Amazon.Runtime.Internal.EndpointDiscoveryHandler.InvokeAsync[T](IExecutionContext executionContext)
   at Amazon.Runtime.Internal.EndpointDiscoveryHandler.InvokeAsync[T](IExecutionContext executionContext)
   at Amazon.Runtime.Internal.CredentialsRetriever.InvokeAsync[T](IExecutionContext executionContext)
   at Amazon.Runtime.Internal.RetryHandler.InvokeAsync[T](IExecutionContext executionContext)
   at Amazon.Runtime.Internal.RetryHandler.InvokeAsync[T](IExecutionContext executionContext)
   at Amazon.Runtime.Internal.CallbackHandler.InvokeAsync[T](IExecutionContext executionContext)
   at Amazon.Runtime.Internal.CallbackHandler.InvokeAsync[T](IExecutionContext executionContext)
   at Amazon.S3.Internal.AmazonS3ExceptionHandler.InvokeAsync[T](IExecutionContext executionContext)
   at Amazon.Runtime.Internal.ErrorCallbackHandler.InvokeAsync[T](IExecutionContext executionContext)
   at Amazon.Runtime.Internal.MetricsHandler.InvokeAsync[T](IExecutionContext executionContext)
======================================================================

2026-05-21 15:19:58.4998 [ERROR] [NHI_AI_MedReportViewerWebApi.Services.NhiPatientImageService] [TraceID: 00-d21794ae7b2da80ec4204a72869be552-ad16b7cea0f7b455-00]
  Event: 0
  Request: GET https://lcr-tp.nhi.gov.tw/api/NhiPatientImage/studies/1.2.840.1831491181932115913426236105211231112230198234/series/1.2.840.194662179851015213741321381722223612923/instances/1.2.840.1556415613457171655548642410420286244166/jpg 
  Message: 取得 DICOM 影像串流時發生錯誤
  Properties: RequestId=40000002-0002-ee00-b63f-84710c7967bb; RequestPath=/api/NhiPatientImage/studies/1.2.840.1831491181932115913426236105211231112230198234/series/1.2.840.194662179851015213741321381722223612923/instances/1.2.840.1556415613457171655548642410420286244166/jpg; ActionId=afe69f44-39db-425b-a965-4717546d0c6e; ActionName=NHI_AI_MedReportViewerWebApi.Controllers.NhiPatientImageController.GetImageScreenshotAsync (NHI-AI-MedReportViewerWebApi); StudyInstanceUid=1.2.840.1831491181932115913426236105211231112230198234; SeriesInstanceUid=1.2.840.194662179851015213741321381722223612923; SopInstanceUid=1.2.840.1556415613457171655548642410420286244166
  --- Exception ---
Amazon.S3.AmazonS3Exception: The specified key does not exist.
 ---> Amazon.Runtime.Internal.HttpErrorResponseException: Exception of type 'Amazon.Runtime.Internal.HttpErrorResponseException' was thrown.
   at Amazon.Runtime.HttpWebRequestMessage.ProcessHttpResponseMessage(HttpResponseMessage responseMessage)
   at Amazon.Runtime.HttpWebRequestMessage.GetResponseAsync(CancellationToken cancellationToken)
   at Amazon.Runtime.Internal.HttpHandler`1.InvokeAsync[T](IExecutionContext executionContext)
   at Amazon.Runtime.Internal.RedirectHandler.InvokeAsync[T](IExecutionContext executionContext)
   at Amazon.Runtime.Internal.Unmarshaller.InvokeAsync[T](IExecutionContext executionContext)
   at Amazon.S3.Internal.AmazonS3ResponseHandler.InvokeAsync[T](IExecutionContext executionContext)
   at Amazon.Runtime.Internal.ErrorHandler.InvokeAsync[T](IExecutionContext executionContext)
   --- End of inner exception stack trace ---
   at Amazon.Runtime.Internal.HttpErrorResponseExceptionHandler.HandleExceptionStream(IRequestContext requestContext, IWebResponseData httpErrorResponse, HttpErrorResponseException exception, Stream responseStream)
   at Amazon.Runtime.Internal.HttpErrorResponseExceptionHandler.HandleExceptionAsync(IExecutionContext executionContext, HttpErrorResponseException exception)
   at Amazon.Runtime.Internal.ExceptionHandler`1.HandleAsync(IExecutionContext executionContext, Exception exception)
   at Amazon.Runtime.Internal.ErrorHandler.ProcessExceptionAsync(IExecutionContext executionContext, Exception exception)
   at Amazon.Runtime.Internal.ErrorHandler.InvokeAsync[T](IExecutionContext executionContext)
   at Amazon.Runtime.Internal.CallbackHandler.InvokeAsync[T](IExecutionContext executionContext)
   at Amazon.Runtime.Internal.Signer.InvokeAsync[T](IExecutionContext executionContext)
   at Amazon.S3.Internal.S3Express.S3ExpressPreSigner.InvokeAsync[T](IExecutionContext executionContext)
   at Amazon.Runtime.Internal.EndpointDiscoveryHandler.InvokeAsync[T](IExecutionContext executionContext)
   at Amazon.Runtime.Internal.EndpointDiscoveryHandler.InvokeAsync[T](IExecutionContext executionContext)
   at Amazon.Runtime.Internal.CredentialsRetriever.InvokeAsync[T](IExecutionContext executionContext)
   at Amazon.Runtime.Internal.RetryHandler.InvokeAsync[T](IExecutionContext executionContext)
   at Amazon.Runtime.Internal.RetryHandler.InvokeAsync[T](IExecutionContext executionContext)
   at Amazon.Runtime.Internal.CallbackHandler.InvokeAsync[T](IExecutionContext executionContext)
   at Amazon.Runtime.Internal.CallbackHandler.InvokeAsync[T](IExecutionContext executionContext)
   at Amazon.S3.Internal.AmazonS3ExceptionHandler.InvokeAsync[T](IExecutionContext executionContext)
   at Amazon.Runtime.Internal.ErrorCallbackHandler.InvokeAsync[T](IExecutionContext executionContext)
   at Amazon.Runtime.Internal.MetricsHandler.InvokeAsync[T](IExecutionContext executionContext)
======================================================================

2026-05-21 15:20:13.3122 [ERROR] [AIRS.Core.Common.LogForgingTools] [TraceID: 00-21f087c65c4c1ab9fed41d5da8ea5011-0cbba5ed68fd607a-00]
  Event: 0
  Request: GET https://lcr-tp.nhi.gov.tw/api/NhiPatientImage/studies/1.2.840.95628289237023181203129147651793012853/series/1.2.840.15522917228832121867788198941815717572241/instances/1.2.840.401392747581166219213224620516719084121134/jpg 
  Message: 1779348013313 GetImage() 失敗，耗時 36 ms.
  Properties: RequestId=400003f7-0002-fe00-b63f-84710c7967bb; RequestPath=/api/NhiPatientImage/studies/1.2.840.95628289237023181203129147651793012853/series/1.2.840.15522917228832121867788198941815717572241/instances/1.2.840.401392747581166219213224620516719084121134/jpg; ActionId=afe69f44-39db-425b-a965-4717546d0c6e; ActionName=NHI_AI_MedReportViewerWebApi.Controllers.NhiPatientImageController.GetImageScreenshotAsync (NHI-AI-MedReportViewerWebApi); StudyInstanceUid=1.2.840.95628289237023181203129147651793012853; SeriesInstanceUid=1.2.840.15522917228832121867788198941815717572241; SopInstanceUid=1.2.840.401392747581166219213224620516719084121134
  --- Exception ---
Amazon.S3.AmazonS3Exception: The specified key does not exist.
 ---> Amazon.Runtime.Internal.HttpErrorResponseException: Exception of type 'Amazon.Runtime.Internal.HttpErrorResponseException' was thrown.
   at Amazon.Runtime.HttpWebRequestMessage.ProcessHttpResponseMessage(HttpResponseMessage responseMessage)
   at Amazon.Runtime.HttpWebRequestMessage.GetResponseAsync(CancellationToken cancellationToken)
   at Amazon.Runtime.Internal.HttpHandler`1.InvokeAsync[T](IExecutionContext executionContext)
   at Amazon.Runtime.Internal.RedirectHandler.InvokeAsync[T](IExecutionContext executionContext)
   at Amazon.Runtime.Internal.Unmarshaller.InvokeAsync[T](IExecutionContext executionContext)
   at Amazon.S3.Internal.AmazonS3ResponseHandler.InvokeAsync[T](IExecutionContext executionContext)
   at Amazon.Runtime.Internal.ErrorHandler.InvokeAsync[T](IExecutionContext executionContext)
   --- End of inner exception stack trace ---
   at Amazon.Runtime.Internal.HttpErrorResponseExceptionHandler.HandleExceptionStream(IRequestContext requestContext, IWebResponseData httpErrorResponse, HttpErrorResponseException exception, Stream responseStream)
   at Amazon.Runtime.Internal.HttpErrorResponseExceptionHandler.HandleExceptionAsync(IExecutionContext executionContext, HttpErrorResponseException exception)
   at Amazon.Runtime.Internal.ExceptionHandler`1.HandleAsync(IExecutionContext executionContext, Exception exception)
   at Amazon.Runtime.Internal.ErrorHandler.ProcessExceptionAsync(IExecutionContext executionContext, Exception exception)
   at Amazon.Runtime.Internal.ErrorHandler.InvokeAsync[T](IExecutionContext executionContext)
   at Amazon.Runtime.Internal.CallbackHandler.InvokeAsync[T](IExecutionContext executionContext)
   at Amazon.Runtime.Internal.Signer.InvokeAsync[T](IExecutionContext executionContext)
   at Amazon.S3.Internal.S3Express.S3ExpressPreSigner.InvokeAsync[T](IExecutionContext executionContext)
   at Amazon.Runtime.Internal.EndpointDiscoveryHandler.InvokeAsync[T](IExecutionContext executionContext)
   at Amazon.Runtime.Internal.EndpointDiscoveryHandler.InvokeAsync[T](IExecutionContext executionContext)
   at Amazon.Runtime.Internal.CredentialsRetriever.InvokeAsync[T](IExecutionContext executionContext)
   at Amazon.Runtime.Internal.RetryHandler.InvokeAsync[T](IExecutionContext executionContext)
   at Amazon.Runtime.Internal.RetryHandler.InvokeAsync[T](IExecutionContext executionContext)
   at Amazon.Runtime.Internal.CallbackHandler.InvokeAsync[T](IExecutionContext executionContext)
   at Amazon.Runtime.Internal.CallbackHandler.InvokeAsync[T](IExecutionContext executionContext)
   at Amazon.S3.Internal.AmazonS3ExceptionHandler.InvokeAsync[T](IExecutionContext executionContext)
   at Amazon.Runtime.Internal.ErrorCallbackHandler.InvokeAsync[T](IExecutionContext executionContext)
   at Amazon.Runtime.Internal.MetricsHandler.InvokeAsync[T](IExecutionContext executionContext)
======================================================================

2026-05-21 15:20:13.3122 [ERROR] [AIRS.Core.Common.LogForgingTools] [TraceID: 00-7f94d1e10765a88b854ff29d4c609b45-974271e15431cc9f-00]
  Event: 0
  Request: GET https://lcr-tp.nhi.gov.tw/api/NhiPatientImage/studies/1.2.840.95628289237023181203129147651793012853/series/1.2.840.15522917228832121867788198941815717572241/instances/1.2.840.2482919651028917222517392352521782145174/jpg 
  Message: 1779348013315 GetImage() 失敗，耗時 31 ms.
  Properties: RequestId=40000308-0004-f900-b63f-84710c7967bb; RequestPath=/api/NhiPatientImage/studies/1.2.840.95628289237023181203129147651793012853/series/1.2.840.15522917228832121867788198941815717572241/instances/1.2.840.2482919651028917222517392352521782145174/jpg; ActionId=afe69f44-39db-425b-a965-4717546d0c6e; ActionName=NHI_AI_MedReportViewerWebApi.Controllers.NhiPatientImageController.GetImageScreenshotAsync (NHI-AI-MedReportViewerWebApi); StudyInstanceUid=1.2.840.95628289237023181203129147651793012853; SeriesInstanceUid=1.2.840.15522917228832121867788198941815717572241; SopInstanceUid=1.2.840.2482919651028917222517392352521782145174
  --- Exception ---
Amazon.S3.AmazonS3Exception: The specified key does not exist.
 ---> Amazon.Runtime.Internal.HttpErrorResponseException: Exception of type 'Amazon.Runtime.Internal.HttpErrorResponseException' was thrown.
   at Amazon.Runtime.HttpWebRequestMessage.ProcessHttpResponseMessage(HttpResponseMessage responseMessage)
   at Amazon.Runtime.HttpWebRequestMessage.GetResponseAsync(CancellationToken cancellationToken)
   at Amazon.Runtime.Internal.HttpHandler`1.InvokeAsync[T](IExecutionContext executionContext)
   at Amazon.Runtime.Internal.RedirectHandler.InvokeAsync[T](IExecutionContext executionContext)
   at Amazon.Runtime.Internal.Unmarshaller.InvokeAsync[T](IExecutionContext executionContext)
   at Amazon.S3.Internal.AmazonS3ResponseHandler.InvokeAsync[T](IExecutionContext executionContext)
   at Amazon.Runtime.Internal.ErrorHandler.InvokeAsync[T](IExecutionContext executionContext)
   --- End of inner exception stack trace ---
   at Amazon.Runtime.Internal.HttpErrorResponseExceptionHandler.HandleExceptionStream(IRequestContext requestContext, IWebResponseData httpErrorResponse, HttpErrorResponseException exception, Stream responseStream)
   at Amazon.Runtime.Internal.HttpErrorResponseExceptionHandler.HandleExceptionAsync(IExecutionContext executionContext, HttpErrorResponseException exception)
   at Amazon.Runtime.Internal.ExceptionHandler`1.HandleAsync(IExecutionContext executionContext, Exception exception)
   at Amazon.Runtime.Internal.ErrorHandler.ProcessExceptionAsync(IExecutionContext executionContext, Exception exception)
   at Amazon.Runtime.Internal.ErrorHandler.InvokeAsync[T](IExecutionContext executionContext)
   at Amazon.Runtime.Internal.CallbackHandler.InvokeAsync[T](IExecutionContext executionContext)
   at Amazon.Runtime.Internal.Signer.InvokeAsync[T](IExecutionContext executionContext)
   at Amazon.S3.Internal.S3Express.S3ExpressPreSigner.InvokeAsync[T](IExecutionContext executionContext)
   at Amazon.Runtime.Internal.EndpointDiscoveryHandler.InvokeAsync[T](IExecutionContext executionContext)
   at Amazon.Runtime.Internal.EndpointDiscoveryHandler.InvokeAsync[T](IExecutionContext executionContext)
   at Amazon.Runtime.Internal.CredentialsRetriever.InvokeAsync[T](IExecutionContext executionContext)
   at Amazon.Runtime.Internal.RetryHandler.InvokeAsync[T](IExecutionContext executionContext)
   at Amazon.Runtime.Internal.RetryHandler.InvokeAsync[T](IExecutionContext executionContext)
   at Amazon.Runtime.Internal.CallbackHandler.InvokeAsync[T](IExecutionContext executionContext)
   at Amazon.Runtime.Internal.CallbackHandler.InvokeAsync[T](IExecutionContext executionContext)
   at Amazon.S3.Internal.AmazonS3ExceptionHandler.InvokeAsync[T](IExecutionContext executionContext)
   at Amazon.Runtime.Internal.ErrorCallbackHandler.InvokeAsync[T](IExecutionContext executionContext)
   at Amazon.Runtime.Internal.MetricsHandler.InvokeAsync[T](IExecutionContext executionContext)
======================================================================

2026-05-21 15:20:13.3122 [ERROR] [AIRS.Core.Common.LogForgingTools] [TraceID: 00-4db07738c7a9c76ea950f9a4d51c0097-e0fd34dffc63efe1-00]
  Event: 0
  Request: GET https://lcr-tp.nhi.gov.tw/api/NhiPatientImage/studies/1.2.840.9910213721418325218772121021591791708761232/series/1.2.840.1718923156152311768923275322146219117393/instances/1.2.840.28205114487195201111819825012815415044161/jpg 
  Message: 1779348013322 GetImage() 失敗，耗時 27 ms.
  Properties: RequestId=40000165-0004-fa00-b63f-84710c7967bb; RequestPath=/api/NhiPatientImage/studies/1.2.840.9910213721418325218772121021591791708761232/series/1.2.840.1718923156152311768923275322146219117393/instances/1.2.840.28205114487195201111819825012815415044161/jpg; ActionId=afe69f44-39db-425b-a965-4717546d0c6e; ActionName=NHI_AI_MedReportViewerWebApi.Controllers.NhiPatientImageController.GetImageScreenshotAsync (NHI-AI-MedReportViewerWebApi); StudyInstanceUid=1.2.840.9910213721418325218772121021591791708761232; SeriesInstanceUid=1.2.840.1718923156152311768923275322146219117393; SopInstanceUid=1.2.840.28205114487195201111819825012815415044161
  --- Exception ---
Amazon.S3.AmazonS3Exception: The specified key does not exist.
 ---> Amazon.Runtime.Internal.HttpErrorResponseException: Exception of type 'Amazon.Runtime.Internal.HttpErrorResponseException' was thrown.
   at Amazon.Runtime.HttpWebRequestMessage.ProcessHttpResponseMessage(HttpResponseMessage responseMessage)
   at Amazon.Runtime.HttpWebRequestMessage.GetResponseAsync(CancellationToken cancellationToken)
   at Amazon.Runtime.Internal.HttpHandler`1.InvokeAsync[T](IExecutionContext executionContext)
   at Amazon.Runtime.Internal.RedirectHandler.InvokeAsync[T](IExecutionContext executionContext)
   at Amazon.Runtime.Internal.Unmarshaller.InvokeAsync[T](IExecutionContext executionContext)
   at Amazon.S3.Internal.AmazonS3ResponseHandler.InvokeAsync[T](IExecutionContext executionContext)
   at Amazon.Runtime.Internal.ErrorHandler.InvokeAsync[T](IExecutionContext executionContext)
   --- End of inner exception stack trace ---
   at Amazon.Runtime.Internal.HttpErrorResponseExceptionHandler.HandleExceptionStream(IRequestContext requestContext, IWebResponseData httpErrorResponse, HttpErrorResponseException exception, Stream responseStream)
   at Amazon.Runtime.Internal.HttpErrorResponseExceptionHandler.HandleExceptionAsync(IExecutionContext executionContext, HttpErrorResponseException exception)
   at Amazon.Runtime.Internal.ExceptionHandler`1.HandleAsync(IExecutionContext executionContext, Exception exception)
   at Amazon.Runtime.Internal.ErrorHandler.ProcessExceptionAsync(IExecutionContext executionContext, Exception exception)
   at Amazon.Runtime.Internal.ErrorHandler.InvokeAsync[T](IExecutionContext executionContext)
   at Amazon.Runtime.Internal.CallbackHandler.InvokeAsync[T](IExecutionContext executionContext)
   at Amazon.Runtime.Internal.Signer.InvokeAsync[T](IExecutionContext executionContext)
   at Amazon.S3.Internal.S3Express.S3ExpressPreSigner.InvokeAsync[T](IExecutionContext executionContext)
   at Amazon.Runtime.Internal.EndpointDiscoveryHandler.InvokeAsync[T](IExecutionContext executionContext)
   at Amazon.Runtime.Internal.EndpointDiscoveryHandler.InvokeAsync[T](IExecutionContext executionContext)
   at Amazon.Runtime.Internal.CredentialsRetriever.InvokeAsync[T](IExecutionContext executionContext)
   at Amazon.Runtime.Internal.RetryHandler.InvokeAsync[T](IExecutionContext executionContext)
   at Amazon.Runtime.Internal.RetryHandler.InvokeAsync[T](IExecutionContext executionContext)
   at Amazon.Runtime.Internal.CallbackHandler.InvokeAsync[T](IExecutionContext executionContext)
   at Amazon.Runtime.Internal.CallbackHandler.InvokeAsync[T](IExecutionContext executionContext)
   at Amazon.S3.Internal.AmazonS3ExceptionHandler.InvokeAsync[T](IExecutionContext executionContext)
   at Amazon.Runtime.Internal.ErrorCallbackHandler.InvokeAsync[T](IExecutionContext executionContext)
   at Amazon.Runtime.Internal.MetricsHandler.InvokeAsync[T](IExecutionContext executionContext)
======================================================================

2026-05-21 15:20:13.3288 [ERROR] [AIRS.Core.Common.LogForgingTools] [TraceID: 00-bf2b8d642d9abe9ac1273b96da3122ed-31e5c61c616f3b13-00]
  Event: 0
  Request: GET https://lcr-tp.nhi.gov.tw/api/NhiPatientImage/studies/1.2.840.9910213721418325218772121021591791708761232/series/1.2.840.1718923156152311768923275322146219117393/instances/1.2.840.1666017802032451797210229178424333245136/jpg 
  Message: 1779348013330 GetImage() 失敗，耗時 25 ms.
  Properties: RequestId=40000006-0004-f700-b63f-84710c7967bb; RequestPath=/api/NhiPatientImage/studies/1.2.840.9910213721418325218772121021591791708761232/series/1.2.840.1718923156152311768923275322146219117393/instances/1.2.840.1666017802032451797210229178424333245136/jpg; ActionId=afe69f44-39db-425b-a965-4717546d0c6e; ActionName=NHI_AI_MedReportViewerWebApi.Controllers.NhiPatientImageController.GetImageScreenshotAsync (NHI-AI-MedReportViewerWebApi); StudyInstanceUid=1.2.840.9910213721418325218772121021591791708761232; SeriesInstanceUid=1.2.840.1718923156152311768923275322146219117393; SopInstanceUid=1.2.840.1666017802032451797210229178424333245136
  --- Exception ---
Amazon.S3.AmazonS3Exception: The specified key does not exist.
 ---> Amazon.Runtime.Internal.HttpErrorResponseException: Exception of type 'Amazon.Runtime.Internal.HttpErrorResponseException' was thrown.
   at Amazon.Runtime.HttpWebRequestMessage.ProcessHttpResponseMessage(HttpResponseMessage responseMessage)
   at Amazon.Runtime.HttpWebRequestMessage.GetResponseAsync(CancellationToken cancellationToken)
   at Amazon.Runtime.Internal.HttpHandler`1.InvokeAsync[T](IExecutionContext executionContext)
   at Amazon.Runtime.Internal.RedirectHandler.InvokeAsync[T](IExecutionContext executionContext)
   at Amazon.Runtime.Internal.Unmarshaller.InvokeAsync[T](IExecutionContext executionContext)
   at Amazon.S3.Internal.AmazonS3ResponseHandler.InvokeAsync[T](IExecutionContext executionContext)
   at Amazon.Runtime.Internal.ErrorHandler.InvokeAsync[T](IExecutionContext executionContext)
   --- End of inner exception stack trace ---
   at Amazon.Runtime.Internal.HttpErrorResponseExceptionHandler.HandleExceptionStream(IRequestContext requestContext, IWebResponseData httpErrorResponse, HttpErrorResponseException exception, Stream responseStream)
   at Amazon.Runtime.Internal.HttpErrorResponseExceptionHandler.HandleExceptionAsync(IExecutionContext executionContext, HttpErrorResponseException exception)
   at Amazon.Runtime.Internal.ExceptionHandler`1.HandleAsync(IExecutionContext executionContext, Exception exception)
   at Amazon.Runtime.Internal.ErrorHandler.ProcessExceptionAsync(IExecutionContext executionContext, Exception exception)
   at Amazon.Runtime.Internal.ErrorHandler.InvokeAsync[T](IExecutionContext executionContext)
   at Amazon.Runtime.Internal.CallbackHandler.InvokeAsync[T](IExecutionContext executionContext)
   at Amazon.Runtime.Internal.Signer.InvokeAsync[T](IExecutionContext executionContext)
   at Amazon.S3.Internal.S3Express.S3ExpressPreSigner.InvokeAsync[T](IExecutionContext executionContext)
   at Amazon.Runtime.Internal.EndpointDiscoveryHandler.InvokeAsync[T](IExecutionContext executionContext)
   at Amazon.Runtime.Internal.EndpointDiscoveryHandler.InvokeAsync[T](IExecutionContext executionContext)
   at Amazon.Runtime.Internal.CredentialsRetriever.InvokeAsync[T](IExecutionContext executionContext)
   at Amazon.Runtime.Internal.RetryHandler.InvokeAsync[T](IExecutionContext executionContext)
   at Amazon.Runtime.Internal.RetryHandler.InvokeAsync[T](IExecutionContext executionContext)
   at Amazon.Runtime.Internal.CallbackHandler.InvokeAsync[T](IExecutionContext executionContext)
   at Amazon.Runtime.Internal.CallbackHandler.InvokeAsync[T](IExecutionContext executionContext)
   at Amazon.S3.Internal.AmazonS3ExceptionHandler.InvokeAsync[T](IExecutionContext executionContext)
   at Amazon.Runtime.Internal.ErrorCallbackHandler.InvokeAsync[T](IExecutionContext executionContext)
   at Amazon.Runtime.Internal.MetricsHandler.InvokeAsync[T](IExecutionContext executionContext)
======================================================================

2026-05-21 15:20:13.3453 [ERROR] [AIRS.Core.Common.LogForgingTools] [TraceID: 00-92e5a3827f5c8b72505d0fdef023ad3c-2da223b627a4dd26-00]
  Event: 0
  Request: GET https://lcr-tp.nhi.gov.tw/api/NhiPatientImage/studies/1.2.840.25117608923523578101231161936851828085/series/1.2.840.211941681108460115160221138240919221321384/instances/1.2.840.203127233250801041609771223515116217522475/jpg 
  Message: 1779348013354 GetImage() 失敗，耗時 41 ms.
  Properties: RequestId=40000004-0004-f600-b63f-84710c7967bb; RequestPath=/api/NhiPatientImage/studies/1.2.840.25117608923523578101231161936851828085/series/1.2.840.211941681108460115160221138240919221321384/instances/1.2.840.203127233250801041609771223515116217522475/jpg; ActionId=afe69f44-39db-425b-a965-4717546d0c6e; ActionName=NHI_AI_MedReportViewerWebApi.Controllers.NhiPatientImageController.GetImageScreenshotAsync (NHI-AI-MedReportViewerWebApi); StudyInstanceUid=1.2.840.25117608923523578101231161936851828085; SeriesInstanceUid=1.2.840.211941681108460115160221138240919221321384; SopInstanceUid=1.2.840.203127233250801041609771223515116217522475
  --- Exception ---
Amazon.S3.AmazonS3Exception: The specified key does not exist.
 ---> Amazon.Runtime.Internal.HttpErrorResponseException: Exception of type 'Amazon.Runtime.Internal.HttpErrorResponseException' was thrown.
   at Amazon.Runtime.HttpWebRequestMessage.ProcessHttpResponseMessage(HttpResponseMessage responseMessage)
   at Amazon.Runtime.HttpWebRequestMessage.GetResponseAsync(CancellationToken cancellationToken)
   at Amazon.Runtime.Internal.HttpHandler`1.InvokeAsync[T](IExecutionContext executionContext)
   at Amazon.Runtime.Internal.RedirectHandler.InvokeAsync[T](IExecutionContext executionContext)
   at Amazon.Runtime.Internal.Unmarshaller.InvokeAsync[T](IExecutionContext executionContext)
   at Amazon.S3.Internal.AmazonS3ResponseHandler.InvokeAsync[T](IExecutionContext executionContext)
   at Amazon.Runtime.Internal.ErrorHandler.InvokeAsync[T](IExecutionContext executionContext)
   --- End of inner exception stack trace ---
   at Amazon.Runtime.Internal.HttpErrorResponseExceptionHandler.HandleExceptionStream(IRequestContext requestContext, IWebResponseData httpErrorResponse, HttpErrorResponseException exception, Stream responseStream)
   at Amazon.Runtime.Internal.HttpErrorResponseExceptionHandler.HandleExceptionAsync(IExecutionContext executionContext, HttpErrorResponseException exception)
   at Amazon.Runtime.Internal.ExceptionHandler`1.HandleAsync(IExecutionContext executionContext, Exception exception)
   at Amazon.Runtime.Internal.ErrorHandler.ProcessExceptionAsync(IExecutionContext executionContext, Exception exception)
   at Amazon.Runtime.Internal.ErrorHandler.InvokeAsync[T](IExecutionContext executionContext)
   at Amazon.Runtime.Internal.CallbackHandler.InvokeAsync[T](IExecutionContext executionContext)
   at Amazon.Runtime.Internal.Signer.InvokeAsync[T](IExecutionContext executionContext)
   at Amazon.S3.Internal.S3Express.S3ExpressPreSigner.InvokeAsync[T](IExecutionContext executionContext)
   at Amazon.Runtime.Internal.EndpointDiscoveryHandler.InvokeAsync[T](IExecutionContext executionContext)
   at Amazon.Runtime.Internal.EndpointDiscoveryHandler.InvokeAsync[T](IExecutionContext executionContext)
   at Amazon.Runtime.Internal.CredentialsRetriever.InvokeAsync[T](IExecutionContext executionContext)
   at Amazon.Runtime.Internal.RetryHandler.InvokeAsync[T](IExecutionContext executionContext)
   at Amazon.Runtime.Internal.RetryHandler.InvokeAsync[T](IExecutionContext executionContext)
   at Amazon.Runtime.Internal.CallbackHandler.InvokeAsync[T](IExecutionContext executionContext)
   at Amazon.Runtime.Internal.CallbackHandler.InvokeAsync[T](IExecutionContext executionContext)
   at Amazon.S3.Internal.AmazonS3ExceptionHandler.InvokeAsync[T](IExecutionContext executionContext)
   at Amazon.Runtime.Internal.ErrorCallbackHandler.InvokeAsync[T](IExecutionContext executionContext)
   at Amazon.Runtime.Internal.MetricsHandler.InvokeAsync[T](IExecutionContext executionContext)
======================================================================

2026-05-21 15:20:13.3634 [ERROR] [AIRS.Core.Common.LogForgingTools] [TraceID: 00-ade4b907e1823334b29f308770afbba0-4eda69d02148dfe2-00]
  Event: 0
  Request: GET https://lcr-tp.nhi.gov.tw/api/NhiPatientImage/studies/1.2.840.1831491181932115913426236105211231112230198234/series/1.2.840.194662179851015213741321381722223612923/instances/1.2.840.1763117124319615212510318787121752082224170/jpg 
  Message: 1779348013365 GetImage() 失敗，耗時 27 ms.
  Properties: RequestId=40000004-0004-f500-b63f-84710c7967bb; RequestPath=/api/NhiPatientImage/studies/1.2.840.1831491181932115913426236105211231112230198234/series/1.2.840.194662179851015213741321381722223612923/instances/1.2.840.1763117124319615212510318787121752082224170/jpg; ActionId=afe69f44-39db-425b-a965-4717546d0c6e; ActionName=NHI_AI_MedReportViewerWebApi.Controllers.NhiPatientImageController.GetImageScreenshotAsync (NHI-AI-MedReportViewerWebApi); StudyInstanceUid=1.2.840.1831491181932115913426236105211231112230198234; SeriesInstanceUid=1.2.840.194662179851015213741321381722223612923; SopInstanceUid=1.2.840.1763117124319615212510318787121752082224170
  --- Exception ---
Amazon.S3.AmazonS3Exception: The specified key does not exist.
 ---> Amazon.Runtime.Internal.HttpErrorResponseException: Exception of type 'Amazon.Runtime.Internal.HttpErrorResponseException' was thrown.
   at Amazon.Runtime.HttpWebRequestMessage.ProcessHttpResponseMessage(HttpResponseMessage responseMessage)
   at Amazon.Runtime.HttpWebRequestMessage.GetResponseAsync(CancellationToken cancellationToken)
   at Amazon.Runtime.Internal.HttpHandler`1.InvokeAsync[T](IExecutionContext executionContext)
   at Amazon.Runtime.Internal.RedirectHandler.InvokeAsync[T](IExecutionContext executionContext)
   at Amazon.Runtime.Internal.Unmarshaller.InvokeAsync[T](IExecutionContext executionContext)
   at Amazon.S3.Internal.AmazonS3ResponseHandler.InvokeAsync[T](IExecutionContext executionContext)
   at Amazon.Runtime.Internal.ErrorHandler.InvokeAsync[T](IExecutionContext executionContext)
   --- End of inner exception stack trace ---
   at Amazon.Runtime.Internal.HttpErrorResponseExceptionHandler.HandleExceptionStream(IRequestContext requestContext, IWebResponseData httpErrorResponse, HttpErrorResponseException exception, Stream responseStream)
   at Amazon.Runtime.Internal.HttpErrorResponseExceptionHandler.HandleExceptionAsync(IExecutionContext executionContext, HttpErrorResponseException exception)
   at Amazon.Runtime.Internal.ExceptionHandler`1.HandleAsync(IExecutionContext executionContext, Exception exception)
   at Amazon.Runtime.Internal.ErrorHandler.ProcessExceptionAsync(IExecutionContext executionContext, Exception exception)
   at Amazon.Runtime.Internal.ErrorHandler.InvokeAsync[T](IExecutionContext executionContext)
   at Amazon.Runtime.Internal.CallbackHandler.InvokeAsync[T](IExecutionContext executionContext)
   at Amazon.Runtime.Internal.Signer.InvokeAsync[T](IExecutionContext executionContext)
   at Amazon.S3.Internal.S3Express.S3ExpressPreSigner.InvokeAsync[T](IExecutionContext executionContext)
   at Amazon.Runtime.Internal.EndpointDiscoveryHandler.InvokeAsync[T](IExecutionContext executionContext)
   at Amazon.Runtime.Internal.EndpointDiscoveryHandler.InvokeAsync[T](IExecutionContext executionContext)
   at Amazon.Runtime.Internal.CredentialsRetriever.InvokeAsync[T](IExecutionContext executionContext)
   at Amazon.Runtime.Internal.RetryHandler.InvokeAsync[T](IExecutionContext executionContext)
   at Amazon.Runtime.Internal.RetryHandler.InvokeAsync[T](IExecutionContext executionContext)
   at Amazon.Runtime.Internal.CallbackHandler.InvokeAsync[T](IExecutionContext executionContext)
   at Amazon.Runtime.Internal.CallbackHandler.InvokeAsync[T](IExecutionContext executionContext)
   at Amazon.S3.Internal.AmazonS3ExceptionHandler.InvokeAsync[T](IExecutionContext executionContext)
   at Amazon.Runtime.Internal.ErrorCallbackHandler.InvokeAsync[T](IExecutionContext executionContext)
   at Amazon.Runtime.Internal.MetricsHandler.InvokeAsync[T](IExecutionContext executionContext)
======================================================================

2026-05-21 15:20:13.3634 [ERROR] [AIRS.Core.Common.LogForgingTools] [TraceID: 00-9ea434bc5e37ec6810643b78f9d89709-e524c14ecefb7334-00]
  Event: 0
  Request: GET https://lcr-tp.nhi.gov.tw/api/NhiPatientImage/studies/1.2.840.14311817595127161161159179701024822483140199/series/1.2.840.2081181585538253120903422631829791115221/instances/1.2.840.2441781871703324220021480632358916319724163/jpg 
  Message: 1779348013366 GetImage() 失敗，耗時 38 ms.
  Properties: RequestId=4000028a-0000-fd00-b63f-84710c7967bb; RequestPath=/api/NhiPatientImage/studies/1.2.840.14311817595127161161159179701024822483140199/series/1.2.840.2081181585538253120903422631829791115221/instances/1.2.840.2441781871703324220021480632358916319724163/jpg; ActionId=afe69f44-39db-425b-a965-4717546d0c6e; ActionName=NHI_AI_MedReportViewerWebApi.Controllers.NhiPatientImageController.GetImageScreenshotAsync (NHI-AI-MedReportViewerWebApi); StudyInstanceUid=1.2.840.14311817595127161161159179701024822483140199; SeriesInstanceUid=1.2.840.2081181585538253120903422631829791115221; SopInstanceUid=1.2.840.2441781871703324220021480632358916319724163
  --- Exception ---
Amazon.S3.AmazonS3Exception: The specified key does not exist.
 ---> Amazon.Runtime.Internal.HttpErrorResponseException: Exception of type 'Amazon.Runtime.Internal.HttpErrorResponseException' was thrown.
   at Amazon.Runtime.HttpWebRequestMessage.ProcessHttpResponseMessage(HttpResponseMessage responseMessage)
   at Amazon.Runtime.HttpWebRequestMessage.GetResponseAsync(CancellationToken cancellationToken)
   at Amazon.Runtime.Internal.HttpHandler`1.InvokeAsync[T](IExecutionContext executionContext)
   at Amazon.Runtime.Internal.RedirectHandler.InvokeAsync[T](IExecutionContext executionContext)
   at Amazon.Runtime.Internal.Unmarshaller.InvokeAsync[T](IExecutionContext executionContext)
   at Amazon.S3.Internal.AmazonS3ResponseHandler.InvokeAsync[T](IExecutionContext executionContext)
   at Amazon.Runtime.Internal.ErrorHandler.InvokeAsync[T](IExecutionContext executionContext)
   --- End of inner exception stack trace ---
   at Amazon.Runtime.Internal.HttpErrorResponseExceptionHandler.HandleExceptionStream(IRequestContext requestContext, IWebResponseData httpErrorResponse, HttpErrorResponseException exception, Stream responseStream)
   at Amazon.Runtime.Internal.HttpErrorResponseExceptionHandler.HandleExceptionAsync(IExecutionContext executionContext, HttpErrorResponseException exception)
   at Amazon.Runtime.Internal.ExceptionHandler`1.HandleAsync(IExecutionContext executionContext, Exception exception)
   at Amazon.Runtime.Internal.ErrorHandler.ProcessExceptionAsync(IExecutionContext executionContext, Exception exception)
   at Amazon.Runtime.Internal.ErrorHandler.InvokeAsync[T](IExecutionContext executionContext)
   at Amazon.Runtime.Internal.CallbackHandler.InvokeAsync[T](IExecutionContext executionContext)
   at Amazon.Runtime.Internal.Signer.InvokeAsync[T](IExecutionContext executionContext)
   at Amazon.S3.Internal.S3Express.S3ExpressPreSigner.InvokeAsync[T](IExecutionContext executionContext)
   at Amazon.Runtime.Internal.EndpointDiscoveryHandler.InvokeAsync[T](IExecutionContext executionContext)
   at Amazon.Runtime.Internal.EndpointDiscoveryHandler.InvokeAsync[T](IExecutionContext executionContext)
   at Amazon.Runtime.Internal.CredentialsRetriever.InvokeAsync[T](IExecutionContext executionContext)
   at Amazon.Runtime.Internal.RetryHandler.InvokeAsync[T](IExecutionContext executionContext)
   at Amazon.Runtime.Internal.RetryHandler.InvokeAsync[T](IExecutionContext executionContext)
   at Amazon.Runtime.Internal.CallbackHandler.InvokeAsync[T](IExecutionContext executionContext)
   at Amazon.Runtime.Internal.CallbackHandler.InvokeAsync[T](IExecutionContext executionContext)
   at Amazon.S3.Internal.AmazonS3ExceptionHandler.InvokeAsync[T](IExecutionContext executionContext)
   at Amazon.Runtime.Internal.ErrorCallbackHandler.InvokeAsync[T](IExecutionContext executionContext)
   at Amazon.Runtime.Internal.MetricsHandler.InvokeAsync[T](IExecutionContext executionContext)
======================================================================

2026-05-21 15:20:13.3788 [ERROR] [NHI_AI_MedReportViewerWebApi.Services.NhiPatientImageService] [TraceID: 00-21f087c65c4c1ab9fed41d5da8ea5011-0cbba5ed68fd607a-00]
  Event: 0
  Request: GET https://lcr-tp.nhi.gov.tw/api/NhiPatientImage/studies/1.2.840.95628289237023181203129147651793012853/series/1.2.840.15522917228832121867788198941815717572241/instances/1.2.840.401392747581166219213224620516719084121134/jpg 
  Message: 取得 DICOM 影像串流時發生錯誤
  Properties: RequestId=400003f7-0002-fe00-b63f-84710c7967bb; RequestPath=/api/NhiPatientImage/studies/1.2.840.95628289237023181203129147651793012853/series/1.2.840.15522917228832121867788198941815717572241/instances/1.2.840.401392747581166219213224620516719084121134/jpg; ActionId=afe69f44-39db-425b-a965-4717546d0c6e; ActionName=NHI_AI_MedReportViewerWebApi.Controllers.NhiPatientImageController.GetImageScreenshotAsync (NHI-AI-MedReportViewerWebApi); StudyInstanceUid=1.2.840.95628289237023181203129147651793012853; SeriesInstanceUid=1.2.840.15522917228832121867788198941815717572241; SopInstanceUid=1.2.840.401392747581166219213224620516719084121134
  --- Exception ---
Amazon.S3.AmazonS3Exception: The specified key does not exist.
 ---> Amazon.Runtime.Internal.HttpErrorResponseException: Exception of type 'Amazon.Runtime.Internal.HttpErrorResponseException' was thrown.
   at Amazon.Runtime.HttpWebRequestMessage.ProcessHttpResponseMessage(HttpResponseMessage responseMessage)
   at Amazon.Runtime.HttpWebRequestMessage.GetResponseAsync(CancellationToken cancellationToken)
   at Amazon.Runtime.Internal.HttpHandler`1.InvokeAsync[T](IExecutionContext executionContext)
   at Amazon.Runtime.Internal.RedirectHandler.InvokeAsync[T](IExecutionContext executionContext)
   at Amazon.Runtime.Internal.Unmarshaller.InvokeAsync[T](IExecutionContext executionContext)
   at Amazon.S3.Internal.AmazonS3ResponseHandler.InvokeAsync[T](IExecutionContext executionContext)
   at Amazon.Runtime.Internal.ErrorHandler.InvokeAsync[T](IExecutionContext executionContext)
   --- End of inner exception stack trace ---
   at Amazon.Runtime.Internal.HttpErrorResponseExceptionHandler.HandleExceptionStream(IRequestContext requestContext, IWebResponseData httpErrorResponse, HttpErrorResponseException exception, Stream responseStream)
   at Amazon.Runtime.Internal.HttpErrorResponseExceptionHandler.HandleExceptionAsync(IExecutionContext executionContext, HttpErrorResponseException exception)
   at Amazon.Runtime.Internal.ExceptionHandler`1.HandleAsync(IExecutionContext executionContext, Exception exception)
   at Amazon.Runtime.Internal.ErrorHandler.ProcessExceptionAsync(IExecutionContext executionContext, Exception exception)
   at Amazon.Runtime.Internal.ErrorHandler.InvokeAsync[T](IExecutionContext executionContext)
   at Amazon.Runtime.Internal.CallbackHandler.InvokeAsync[T](IExecutionContext executionContext)
   at Amazon.Runtime.Internal.Signer.InvokeAsync[T](IExecutionContext executionContext)
   at Amazon.S3.Internal.S3Express.S3ExpressPreSigner.InvokeAsync[T](IExecutionContext executionContext)
   at Amazon.Runtime.Internal.EndpointDiscoveryHandler.InvokeAsync[T](IExecutionContext executionContext)
   at Amazon.Runtime.Internal.EndpointDiscoveryHandler.InvokeAsync[T](IExecutionContext executionContext)
   at Amazon.Runtime.Internal.CredentialsRetriever.InvokeAsync[T](IExecutionContext executionContext)
   at Amazon.Runtime.Internal.RetryHandler.InvokeAsync[T](IExecutionContext executionContext)
   at Amazon.Runtime.Internal.RetryHandler.InvokeAsync[T](IExecutionContext executionContext)
   at Amazon.Runtime.Internal.CallbackHandler.InvokeAsync[T](IExecutionContext executionContext)
   at Amazon.Runtime.Internal.CallbackHandler.InvokeAsync[T](IExecutionContext executionContext)
   at Amazon.S3.Internal.AmazonS3ExceptionHandler.InvokeAsync[T](IExecutionContext executionContext)
   at Amazon.Runtime.Internal.ErrorCallbackHandler.InvokeAsync[T](IExecutionContext executionContext)
   at Amazon.Runtime.Internal.MetricsHandler.InvokeAsync[T](IExecutionContext executionContext)
======================================================================

2026-05-21 15:20:13.3924 [ERROR] [NHI_AI_MedReportViewerWebApi.Services.NhiPatientImageService] [TraceID: 00-7f94d1e10765a88b854ff29d4c609b45-974271e15431cc9f-00]
  Event: 0
  Request: GET https://lcr-tp.nhi.gov.tw/api/NhiPatientImage/studies/1.2.840.95628289237023181203129147651793012853/series/1.2.840.15522917228832121867788198941815717572241/instances/1.2.840.2482919651028917222517392352521782145174/jpg 
  Message: 取得 DICOM 影像串流時發生錯誤
  Properties: RequestId=40000308-0004-f900-b63f-84710c7967bb; RequestPath=/api/NhiPatientImage/studies/1.2.840.95628289237023181203129147651793012853/series/1.2.840.15522917228832121867788198941815717572241/instances/1.2.840.2482919651028917222517392352521782145174/jpg; ActionId=afe69f44-39db-425b-a965-4717546d0c6e; ActionName=NHI_AI_MedReportViewerWebApi.Controllers.NhiPatientImageController.GetImageScreenshotAsync (NHI-AI-MedReportViewerWebApi); StudyInstanceUid=1.2.840.95628289237023181203129147651793012853; SeriesInstanceUid=1.2.840.15522917228832121867788198941815717572241; SopInstanceUid=1.2.840.2482919651028917222517392352521782145174
  --- Exception ---
Amazon.S3.AmazonS3Exception: The specified key does not exist.
 ---> Amazon.Runtime.Internal.HttpErrorResponseException: Exception of type 'Amazon.Runtime.Internal.HttpErrorResponseException' was thrown.
   at Amazon.Runtime.HttpWebRequestMessage.ProcessHttpResponseMessage(HttpResponseMessage responseMessage)
   at Amazon.Runtime.HttpWebRequestMessage.GetResponseAsync(CancellationToken cancellationToken)
   at Amazon.Runtime.Internal.HttpHandler`1.InvokeAsync[T](IExecutionContext executionContext)
   at Amazon.Runtime.Internal.RedirectHandler.InvokeAsync[T](IExecutionContext executionContext)
   at Amazon.Runtime.Internal.Unmarshaller.InvokeAsync[T](IExecutionContext executionContext)
   at Amazon.S3.Internal.AmazonS3ResponseHandler.InvokeAsync[T](IExecutionContext executionContext)
   at Amazon.Runtime.Internal.ErrorHandler.InvokeAsync[T](IExecutionContext executionContext)
   --- End of inner exception stack trace ---
   at Amazon.Runtime.Internal.HttpErrorResponseExceptionHandler.HandleExceptionStream(IRequestContext requestContext, IWebResponseData httpErrorResponse, HttpErrorResponseException exception, Stream responseStream)
   at Amazon.Runtime.Internal.HttpErrorResponseExceptionHandler.HandleExceptionAsync(IExecutionContext executionContext, HttpErrorResponseException exception)
   at Amazon.Runtime.Internal.ExceptionHandler`1.HandleAsync(IExecutionContext executionContext, Exception exception)
   at Amazon.Runtime.Internal.ErrorHandler.ProcessExceptionAsync(IExecutionContext executionContext, Exception exception)
   at Amazon.Runtime.Internal.ErrorHandler.InvokeAsync[T](IExecutionContext executionContext)
   at Amazon.Runtime.Internal.CallbackHandler.InvokeAsync[T](IExecutionContext executionContext)
   at Amazon.Runtime.Internal.Signer.InvokeAsync[T](IExecutionContext executionContext)
   at Amazon.S3.Internal.S3Express.S3ExpressPreSigner.InvokeAsync[T](IExecutionContext executionContext)
   at Amazon.Runtime.Internal.EndpointDiscoveryHandler.InvokeAsync[T](IExecutionContext executionContext)
   at Amazon.Runtime.Internal.EndpointDiscoveryHandler.InvokeAsync[T](IExecutionContext executionContext)
   at Amazon.Runtime.Internal.CredentialsRetriever.InvokeAsync[T](IExecutionContext executionContext)
   at Amazon.Runtime.Internal.RetryHandler.InvokeAsync[T](IExecutionContext executionContext)
   at Amazon.Runtime.Internal.RetryHandler.InvokeAsync[T](IExecutionContext executionContext)
   at Amazon.Runtime.Internal.CallbackHandler.InvokeAsync[T](IExecutionContext executionContext)
   at Amazon.Runtime.Internal.CallbackHandler.InvokeAsync[T](IExecutionContext executionContext)
   at Amazon.S3.Internal.AmazonS3ExceptionHandler.InvokeAsync[T](IExecutionContext executionContext)
   at Amazon.Runtime.Internal.ErrorCallbackHandler.InvokeAsync[T](IExecutionContext executionContext)
   at Amazon.Runtime.Internal.MetricsHandler.InvokeAsync[T](IExecutionContext executionContext)
======================================================================

2026-05-21 15:20:13.3924 [ERROR] [NHI_AI_MedReportViewerWebApi.Services.NhiPatientImageService] [TraceID: 00-4db07738c7a9c76ea950f9a4d51c0097-e0fd34dffc63efe1-00]
  Event: 0
  Request: GET https://lcr-tp.nhi.gov.tw/api/NhiPatientImage/studies/1.2.840.9910213721418325218772121021591791708761232/series/1.2.840.1718923156152311768923275322146219117393/instances/1.2.840.28205114487195201111819825012815415044161/jpg 
  Message: 取得 DICOM 影像串流時發生錯誤
  Properties: RequestId=40000165-0004-fa00-b63f-84710c7967bb; RequestPath=/api/NhiPatientImage/studies/1.2.840.9910213721418325218772121021591791708761232/series/1.2.840.1718923156152311768923275322146219117393/instances/1.2.840.28205114487195201111819825012815415044161/jpg; ActionId=afe69f44-39db-425b-a965-4717546d0c6e; ActionName=NHI_AI_MedReportViewerWebApi.Controllers.NhiPatientImageController.GetImageScreenshotAsync (NHI-AI-MedReportViewerWebApi); StudyInstanceUid=1.2.840.9910213721418325218772121021591791708761232; SeriesInstanceUid=1.2.840.1718923156152311768923275322146219117393; SopInstanceUid=1.2.840.28205114487195201111819825012815415044161
  --- Exception ---
Amazon.S3.AmazonS3Exception: The specified key does not exist.
 ---> Amazon.Runtime.Internal.HttpErrorResponseException: Exception of type 'Amazon.Runtime.Internal.HttpErrorResponseException' was thrown.
   at Amazon.Runtime.HttpWebRequestMessage.ProcessHttpResponseMessage(HttpResponseMessage responseMessage)
   at Amazon.Runtime.HttpWebRequestMessage.GetResponseAsync(CancellationToken cancellationToken)
   at Amazon.Runtime.Internal.HttpHandler`1.InvokeAsync[T](IExecutionContext executionContext)
   at Amazon.Runtime.Internal.RedirectHandler.InvokeAsync[T](IExecutionContext executionContext)
   at Amazon.Runtime.Internal.Unmarshaller.InvokeAsync[T](IExecutionContext executionContext)
   at Amazon.S3.Internal.AmazonS3ResponseHandler.InvokeAsync[T](IExecutionContext executionContext)
   at Amazon.Runtime.Internal.ErrorHandler.InvokeAsync[T](IExecutionContext executionContext)
   --- End of inner exception stack trace ---
   at Amazon.Runtime.Internal.HttpErrorResponseExceptionHandler.HandleExceptionStream(IRequestContext requestContext, IWebResponseData httpErrorResponse, HttpErrorResponseException exception, Stream responseStream)
   at Amazon.Runtime.Internal.HttpErrorResponseExceptionHandler.HandleExceptionAsync(IExecutionContext executionContext, HttpErrorResponseException exception)
   at Amazon.Runtime.Internal.ExceptionHandler`1.HandleAsync(IExecutionContext executionContext, Exception exception)
   at Amazon.Runtime.Internal.ErrorHandler.ProcessExceptionAsync(IExecutionContext executionContext, Exception exception)
   at Amazon.Runtime.Internal.ErrorHandler.InvokeAsync[T](IExecutionContext executionContext)
   at Amazon.Runtime.Internal.CallbackHandler.InvokeAsync[T](IExecutionContext executionContext)
   at Amazon.Runtime.Internal.Signer.InvokeAsync[T](IExecutionContext executionContext)
   at Amazon.S3.Internal.S3Express.S3ExpressPreSigner.InvokeAsync[T](IExecutionContext executionContext)
   at Amazon.Runtime.Internal.EndpointDiscoveryHandler.InvokeAsync[T](IExecutionContext executionContext)
   at Amazon.Runtime.Internal.EndpointDiscoveryHandler.InvokeAsync[T](IExecutionContext executionContext)
   at Amazon.Runtime.Internal.CredentialsRetriever.InvokeAsync[T](IExecutionContext executionContext)
   at Amazon.Runtime.Internal.RetryHandler.InvokeAsync[T](IExecutionContext executionContext)
   at Amazon.Runtime.Internal.RetryHandler.InvokeAsync[T](IExecutionContext executionContext)
   at Amazon.Runtime.Internal.CallbackHandler.InvokeAsync[T](IExecutionContext executionContext)
   at Amazon.Runtime.Internal.CallbackHandler.InvokeAsync[T](IExecutionContext executionContext)
   at Amazon.S3.Internal.AmazonS3ExceptionHandler.InvokeAsync[T](IExecutionContext executionContext)
   at Amazon.Runtime.Internal.ErrorCallbackHandler.InvokeAsync[T](IExecutionContext executionContext)
   at Amazon.Runtime.Internal.MetricsHandler.InvokeAsync[T](IExecutionContext executionContext)
======================================================================

2026-05-21 15:20:13.4135 [ERROR] [NHI_AI_MedReportViewerWebApi.Services.NhiPatientImageService] [TraceID: 00-bf2b8d642d9abe9ac1273b96da3122ed-31e5c61c616f3b13-00]
  Event: 0
  Request: GET https://lcr-tp.nhi.gov.tw/api/NhiPatientImage/studies/1.2.840.9910213721418325218772121021591791708761232/series/1.2.840.1718923156152311768923275322146219117393/instances/1.2.840.1666017802032451797210229178424333245136/jpg 
  Message: 取得 DICOM 影像串流時發生錯誤
  Properties: RequestId=40000006-0004-f700-b63f-84710c7967bb; RequestPath=/api/NhiPatientImage/studies/1.2.840.9910213721418325218772121021591791708761232/series/1.2.840.1718923156152311768923275322146219117393/instances/1.2.840.1666017802032451797210229178424333245136/jpg; ActionId=afe69f44-39db-425b-a965-4717546d0c6e; ActionName=NHI_AI_MedReportViewerWebApi.Controllers.NhiPatientImageController.GetImageScreenshotAsync (NHI-AI-MedReportViewerWebApi); StudyInstanceUid=1.2.840.9910213721418325218772121021591791708761232; SeriesInstanceUid=1.2.840.1718923156152311768923275322146219117393; SopInstanceUid=1.2.840.1666017802032451797210229178424333245136
  --- Exception ---
Amazon.S3.AmazonS3Exception: The specified key does not exist.
 ---> Amazon.Runtime.Internal.HttpErrorResponseException: Exception of type 'Amazon.Runtime.Internal.HttpErrorResponseException' was thrown.
   at Amazon.Runtime.HttpWebRequestMessage.ProcessHttpResponseMessage(HttpResponseMessage responseMessage)
   at Amazon.Runtime.HttpWebRequestMessage.GetResponseAsync(CancellationToken cancellationToken)
   at Amazon.Runtime.Internal.HttpHandler`1.InvokeAsync[T](IExecutionContext executionContext)
   at Amazon.Runtime.Internal.RedirectHandler.InvokeAsync[T](IExecutionContext executionContext)
   at Amazon.Runtime.Internal.Unmarshaller.InvokeAsync[T](IExecutionContext executionContext)
   at Amazon.S3.Internal.AmazonS3ResponseHandler.InvokeAsync[T](IExecutionContext executionContext)
   at Amazon.Runtime.Internal.ErrorHandler.InvokeAsync[T](IExecutionContext executionContext)
   --- End of inner exception stack trace ---
   at Amazon.Runtime.Internal.HttpErrorResponseExceptionHandler.HandleExceptionStream(IRequestContext requestContext, IWebResponseData httpErrorResponse, HttpErrorResponseException exception, Stream responseStream)
   at Amazon.Runtime.Internal.HttpErrorResponseExceptionHandler.HandleExceptionAsync(IExecutionContext executionContext, HttpErrorResponseException exception)
   at Amazon.Runtime.Internal.ExceptionHandler`1.HandleAsync(IExecutionContext executionContext, Exception exception)
   at Amazon.Runtime.Internal.ErrorHandler.ProcessExceptionAsync(IExecutionContext executionContext, Exception exception)
   at Amazon.Runtime.Internal.ErrorHandler.InvokeAsync[T](IExecutionContext executionContext)
   at Amazon.Runtime.Internal.CallbackHandler.InvokeAsync[T](IExecutionContext executionContext)
   at Amazon.Runtime.Internal.Signer.InvokeAsync[T](IExecutionContext executionContext)
   at Amazon.S3.Internal.S3Express.S3ExpressPreSigner.InvokeAsync[T](IExecutionContext executionContext)
   at Amazon.Runtime.Internal.EndpointDiscoveryHandler.InvokeAsync[T](IExecutionContext executionContext)
   at Amazon.Runtime.Internal.EndpointDiscoveryHandler.InvokeAsync[T](IExecutionContext executionContext)
   at Amazon.Runtime.Internal.CredentialsRetriever.InvokeAsync[T](IExecutionContext executionContext)
   at Amazon.Runtime.Internal.RetryHandler.InvokeAsync[T](IExecutionContext executionContext)
   at Amazon.Runtime.Internal.RetryHandler.InvokeAsync[T](IExecutionContext executionContext)
   at Amazon.Runtime.Internal.CallbackHandler.InvokeAsync[T](IExecutionContext executionContext)
   at Amazon.Runtime.Internal.CallbackHandler.InvokeAsync[T](IExecutionContext executionContext)
   at Amazon.S3.Internal.AmazonS3ExceptionHandler.InvokeAsync[T](IExecutionContext executionContext)
   at Amazon.Runtime.Internal.ErrorCallbackHandler.InvokeAsync[T](IExecutionContext executionContext)
   at Amazon.Runtime.Internal.MetricsHandler.InvokeAsync[T](IExecutionContext executionContext)
======================================================================

2026-05-21 15:20:13.4267 [ERROR] [NHI_AI_MedReportViewerWebApi.Services.NhiPatientImageService] [TraceID: 00-92e5a3827f5c8b72505d0fdef023ad3c-2da223b627a4dd26-00]
  Event: 0
  Request: GET https://lcr-tp.nhi.gov.tw/api/NhiPatientImage/studies/1.2.840.25117608923523578101231161936851828085/series/1.2.840.211941681108460115160221138240919221321384/instances/1.2.840.203127233250801041609771223515116217522475/jpg 
  Message: 取得 DICOM 影像串流時發生錯誤
  Properties: RequestId=40000004-0004-f600-b63f-84710c7967bb; RequestPath=/api/NhiPatientImage/studies/1.2.840.25117608923523578101231161936851828085/series/1.2.840.211941681108460115160221138240919221321384/instances/1.2.840.203127233250801041609771223515116217522475/jpg; ActionId=afe69f44-39db-425b-a965-4717546d0c6e; ActionName=NHI_AI_MedReportViewerWebApi.Controllers.NhiPatientImageController.GetImageScreenshotAsync (NHI-AI-MedReportViewerWebApi); StudyInstanceUid=1.2.840.25117608923523578101231161936851828085; SeriesInstanceUid=1.2.840.211941681108460115160221138240919221321384; SopInstanceUid=1.2.840.203127233250801041609771223515116217522475
  --- Exception ---
Amazon.S3.AmazonS3Exception: The specified key does not exist.
 ---> Amazon.Runtime.Internal.HttpErrorResponseException: Exception of type 'Amazon.Runtime.Internal.HttpErrorResponseException' was thrown.
   at Amazon.Runtime.HttpWebRequestMessage.ProcessHttpResponseMessage(HttpResponseMessage responseMessage)
   at Amazon.Runtime.HttpWebRequestMessage.GetResponseAsync(CancellationToken cancellationToken)
   at Amazon.Runtime.Internal.HttpHandler`1.InvokeAsync[T](IExecutionContext executionContext)
   at Amazon.Runtime.Internal.RedirectHandler.InvokeAsync[T](IExecutionContext executionContext)
   at Amazon.Runtime.Internal.Unmarshaller.InvokeAsync[T](IExecutionContext executionContext)
   at Amazon.S3.Internal.AmazonS3ResponseHandler.InvokeAsync[T](IExecutionContext executionContext)
   at Amazon.Runtime.Internal.ErrorHandler.InvokeAsync[T](IExecutionContext executionContext)
   --- End of inner exception stack trace ---
   at Amazon.Runtime.Internal.HttpErrorResponseExceptionHandler.HandleExceptionStream(IRequestContext requestContext, IWebResponseData httpErrorResponse, HttpErrorResponseException exception, Stream responseStream)
   at Amazon.Runtime.Internal.HttpErrorResponseExceptionHandler.HandleExceptionAsync(IExecutionContext executionContext, HttpErrorResponseException exception)
   at Amazon.Runtime.Internal.ExceptionHandler`1.HandleAsync(IExecutionContext executionContext, Exception exception)
   at Amazon.Runtime.Internal.ErrorHandler.ProcessExceptionAsync(IExecutionContext executionContext, Exception exception)
   at Amazon.Runtime.Internal.ErrorHandler.InvokeAsync[T](IExecutionContext executionContext)
   at Amazon.Runtime.Internal.CallbackHandler.InvokeAsync[T](IExecutionContext executionContext)
   at Amazon.Runtime.Internal.Signer.InvokeAsync[T](IExecutionContext executionContext)
   at Amazon.S3.Internal.S3Express.S3ExpressPreSigner.InvokeAsync[T](IExecutionContext executionContext)
   at Amazon.Runtime.Internal.EndpointDiscoveryHandler.InvokeAsync[T](IExecutionContext executionContext)
   at Amazon.Runtime.Internal.EndpointDiscoveryHandler.InvokeAsync[T](IExecutionContext executionContext)
   at Amazon.Runtime.Internal.CredentialsRetriever.InvokeAsync[T](IExecutionContext executionContext)
   at Amazon.Runtime.Internal.RetryHandler.InvokeAsync[T](IExecutionContext executionContext)
   at Amazon.Runtime.Internal.RetryHandler.InvokeAsync[T](IExecutionContext executionContext)
   at Amazon.Runtime.Internal.CallbackHandler.InvokeAsync[T](IExecutionContext executionContext)
   at Amazon.Runtime.Internal.CallbackHandler.InvokeAsync[T](IExecutionContext executionContext)
   at Amazon.S3.Internal.AmazonS3ExceptionHandler.InvokeAsync[T](IExecutionContext executionContext)
   at Amazon.Runtime.Internal.ErrorCallbackHandler.InvokeAsync[T](IExecutionContext executionContext)
   at Amazon.Runtime.Internal.MetricsHandler.InvokeAsync[T](IExecutionContext executionContext)
======================================================================

2026-05-21 15:20:13.4426 [ERROR] [NHI_AI_MedReportViewerWebApi.Services.NhiPatientImageService] [TraceID: 00-ade4b907e1823334b29f308770afbba0-4eda69d02148dfe2-00]
  Event: 0
  Request: GET https://lcr-tp.nhi.gov.tw/api/NhiPatientImage/studies/1.2.840.1831491181932115913426236105211231112230198234/series/1.2.840.194662179851015213741321381722223612923/instances/1.2.840.1763117124319615212510318787121752082224170/jpg 
  Message: 取得 DICOM 影像串流時發生錯誤
  Properties: RequestId=40000004-0004-f500-b63f-84710c7967bb; RequestPath=/api/NhiPatientImage/studies/1.2.840.1831491181932115913426236105211231112230198234/series/1.2.840.194662179851015213741321381722223612923/instances/1.2.840.1763117124319615212510318787121752082224170/jpg; ActionId=afe69f44-39db-425b-a965-4717546d0c6e; ActionName=NHI_AI_MedReportViewerWebApi.Controllers.NhiPatientImageController.GetImageScreenshotAsync (NHI-AI-MedReportViewerWebApi); StudyInstanceUid=1.2.840.1831491181932115913426236105211231112230198234; SeriesInstanceUid=1.2.840.194662179851015213741321381722223612923; SopInstanceUid=1.2.840.1763117124319615212510318787121752082224170
  --- Exception ---
Amazon.S3.AmazonS3Exception: The specified key does not exist.
 ---> Amazon.Runtime.Internal.HttpErrorResponseException: Exception of type 'Amazon.Runtime.Internal.HttpErrorResponseException' was thrown.
   at Amazon.Runtime.HttpWebRequestMessage.ProcessHttpResponseMessage(HttpResponseMessage responseMessage)
   at Amazon.Runtime.HttpWebRequestMessage.GetResponseAsync(CancellationToken cancellationToken)
   at Amazon.Runtime.Internal.HttpHandler`1.InvokeAsync[T](IExecutionContext executionContext)
   at Amazon.Runtime.Internal.RedirectHandler.InvokeAsync[T](IExecutionContext executionContext)
   at Amazon.Runtime.Internal.Unmarshaller.InvokeAsync[T](IExecutionContext executionContext)
   at Amazon.S3.Internal.AmazonS3ResponseHandler.InvokeAsync[T](IExecutionContext executionContext)
   at Amazon.Runtime.Internal.ErrorHandler.InvokeAsync[T](IExecutionContext executionContext)
   --- End of inner exception stack trace ---
   at Amazon.Runtime.Internal.HttpErrorResponseExceptionHandler.HandleExceptionStream(IRequestContext requestContext, IWebResponseData httpErrorResponse, HttpErrorResponseException exception, Stream responseStream)
   at Amazon.Runtime.Internal.HttpErrorResponseExceptionHandler.HandleExceptionAsync(IExecutionContext executionContext, HttpErrorResponseException exception)
   at Amazon.Runtime.Internal.ExceptionHandler`1.HandleAsync(IExecutionContext executionContext, Exception exception)
   at Amazon.Runtime.Internal.ErrorHandler.ProcessExceptionAsync(IExecutionContext executionContext, Exception exception)
   at Amazon.Runtime.Internal.ErrorHandler.InvokeAsync[T](IExecutionContext executionContext)
   at Amazon.Runtime.Internal.CallbackHandler.InvokeAsync[T](IExecutionContext executionContext)
   at Amazon.Runtime.Internal.Signer.InvokeAsync[T](IExecutionContext executionContext)
   at Amazon.S3.Internal.S3Express.S3ExpressPreSigner.InvokeAsync[T](IExecutionContext executionContext)
   at Amazon.Runtime.Internal.EndpointDiscoveryHandler.InvokeAsync[T](IExecutionContext executionContext)
   at Amazon.Runtime.Internal.EndpointDiscoveryHandler.InvokeAsync[T](IExecutionContext executionContext)
   at Amazon.Runtime.Internal.CredentialsRetriever.InvokeAsync[T](IExecutionContext executionContext)
   at Amazon.Runtime.Internal.RetryHandler.InvokeAsync[T](IExecutionContext executionContext)
   at Amazon.Runtime.Internal.RetryHandler.InvokeAsync[T](IExecutionContext executionContext)
   at Amazon.Runtime.Internal.CallbackHandler.InvokeAsync[T](IExecutionContext executionContext)
   at Amazon.Runtime.Internal.CallbackHandler.InvokeAsync[T](IExecutionContext executionContext)
   at Amazon.S3.Internal.AmazonS3ExceptionHandler.InvokeAsync[T](IExecutionContext executionContext)
   at Amazon.Runtime.Internal.ErrorCallbackHandler.InvokeAsync[T](IExecutionContext executionContext)
   at Amazon.Runtime.Internal.MetricsHandler.InvokeAsync[T](IExecutionContext executionContext)
======================================================================

2026-05-21 15:20:13.4557 [ERROR] [NHI_AI_MedReportViewerWebApi.Services.NhiPatientImageService] [TraceID: 00-9ea434bc5e37ec6810643b78f9d89709-e524c14ecefb7334-00]
  Event: 0
  Request: GET https://lcr-tp.nhi.gov.tw/api/NhiPatientImage/studies/1.2.840.14311817595127161161159179701024822483140199/series/1.2.840.2081181585538253120903422631829791115221/instances/1.2.840.2441781871703324220021480632358916319724163/jpg 
  Message: 取得 DICOM 影像串流時發生錯誤
  Properties: RequestId=4000028a-0000-fd00-b63f-84710c7967bb; RequestPath=/api/NhiPatientImage/studies/1.2.840.14311817595127161161159179701024822483140199/series/1.2.840.2081181585538253120903422631829791115221/instances/1.2.840.2441781871703324220021480632358916319724163/jpg; ActionId=afe69f44-39db-425b-a965-4717546d0c6e; ActionName=NHI_AI_MedReportViewerWebApi.Controllers.NhiPatientImageController.GetImageScreenshotAsync (NHI-AI-MedReportViewerWebApi); StudyInstanceUid=1.2.840.14311817595127161161159179701024822483140199; SeriesInstanceUid=1.2.840.2081181585538253120903422631829791115221; SopInstanceUid=1.2.840.2441781871703324220021480632358916319724163
  --- Exception ---
Amazon.S3.AmazonS3Exception: The specified key does not exist.
 ---> Amazon.Runtime.Internal.HttpErrorResponseException: Exception of type 'Amazon.Runtime.Internal.HttpErrorResponseException' was thrown.
   at Amazon.Runtime.HttpWebRequestMessage.ProcessHttpResponseMessage(HttpResponseMessage responseMessage)
   at Amazon.Runtime.HttpWebRequestMessage.GetResponseAsync(CancellationToken cancellationToken)
   at Amazon.Runtime.Internal.HttpHandler`1.InvokeAsync[T](IExecutionContext executionContext)
   at Amazon.Runtime.Internal.RedirectHandler.InvokeAsync[T](IExecutionContext executionContext)
   at Amazon.Runtime.Internal.Unmarshaller.InvokeAsync[T](IExecutionContext executionContext)
   at Amazon.S3.Internal.AmazonS3ResponseHandler.InvokeAsync[T](IExecutionContext executionContext)
   at Amazon.Runtime.Internal.ErrorHandler.InvokeAsync[T](IExecutionContext executionContext)
   --- End of inner exception stack trace ---
   at Amazon.Runtime.Internal.HttpErrorResponseExceptionHandler.HandleExceptionStream(IRequestContext requestContext, IWebResponseData httpErrorResponse, HttpErrorResponseException exception, Stream responseStream)
   at Amazon.Runtime.Internal.HttpErrorResponseExceptionHandler.HandleExceptionAsync(IExecutionContext executionContext, HttpErrorResponseException exception)
   at Amazon.Runtime.Internal.ExceptionHandler`1.HandleAsync(IExecutionContext executionContext, Exception exception)
   at Amazon.Runtime.Internal.ErrorHandler.ProcessExceptionAsync(IExecutionContext executionContext, Exception exception)
   at Amazon.Runtime.Internal.ErrorHandler.InvokeAsync[T](IExecutionContext executionContext)
   at Amazon.Runtime.Internal.CallbackHandler.InvokeAsync[T](IExecutionContext executionContext)
   at Amazon.Runtime.Internal.Signer.InvokeAsync[T](IExecutionContext executionContext)
   at Amazon.S3.Internal.S3Express.S3ExpressPreSigner.InvokeAsync[T](IExecutionContext executionContext)
   at Amazon.Runtime.Internal.EndpointDiscoveryHandler.InvokeAsync[T](IExecutionContext executionContext)
   at Amazon.Runtime.Internal.EndpointDiscoveryHandler.InvokeAsync[T](IExecutionContext executionContext)
   at Amazon.Runtime.Internal.CredentialsRetriever.InvokeAsync[T](IExecutionContext executionContext)
   at Amazon.Runtime.Internal.RetryHandler.InvokeAsync[T](IExecutionContext executionContext)
   at Amazon.Runtime.Internal.RetryHandler.InvokeAsync[T](IExecutionContext executionContext)
   at Amazon.Runtime.Internal.CallbackHandler.InvokeAsync[T](IExecutionContext executionContext)
   at Amazon.Runtime.Internal.CallbackHandler.InvokeAsync[T](IExecutionContext executionContext)
   at Amazon.S3.Internal.AmazonS3ExceptionHandler.InvokeAsync[T](IExecutionContext executionContext)
   at Amazon.Runtime.Internal.ErrorCallbackHandler.InvokeAsync[T](IExecutionContext executionContext)
   at Amazon.Runtime.Internal.MetricsHandler.InvokeAsync[T](IExecutionContext executionContext)
======================================================================

2026-05-21 15:20:13.5176 [ERROR] [AIRS.Core.Common.LogForgingTools] [TraceID: 00-a3ab648a9ec57b5cefb24407808ebba8-7f5c765c517687ad-00]
  Event: 0
  Request: GET https://lcr-tp.nhi.gov.tw/api/NhiPatientImage/studies/1.2.840.25117608923523578101231161936851828085/series/1.2.840.211941681108460115160221138240919221321384/instances/1.2.840.2211921183322322214326160692421211971102178/jpg 
  Message: 1779348013517 GetImage() 失敗，耗時 197 ms.
  Properties: RequestId=40000006-0004-f800-b63f-84710c7967bb; RequestPath=/api/NhiPatientImage/studies/1.2.840.25117608923523578101231161936851828085/series/1.2.840.211941681108460115160221138240919221321384/instances/1.2.840.2211921183322322214326160692421211971102178/jpg; ActionId=afe69f44-39db-425b-a965-4717546d0c6e; ActionName=NHI_AI_MedReportViewerWebApi.Controllers.NhiPatientImageController.GetImageScreenshotAsync (NHI-AI-MedReportViewerWebApi); StudyInstanceUid=1.2.840.25117608923523578101231161936851828085; SeriesInstanceUid=1.2.840.211941681108460115160221138240919221321384; SopInstanceUid=1.2.840.2211921183322322214326160692421211971102178
  --- Exception ---
Amazon.S3.AmazonS3Exception: The specified key does not exist.
 ---> Amazon.Runtime.Internal.HttpErrorResponseException: Exception of type 'Amazon.Runtime.Internal.HttpErrorResponseException' was thrown.
   at Amazon.Runtime.HttpWebRequestMessage.ProcessHttpResponseMessage(HttpResponseMessage responseMessage)
   at Amazon.Runtime.HttpWebRequestMessage.GetResponseAsync(CancellationToken cancellationToken)
   at Amazon.Runtime.Internal.HttpHandler`1.InvokeAsync[T](IExecutionContext executionContext)
   at Amazon.Runtime.Internal.RedirectHandler.InvokeAsync[T](IExecutionContext executionContext)
   at Amazon.Runtime.Internal.Unmarshaller.InvokeAsync[T](IExecutionContext executionContext)
   at Amazon.S3.Internal.AmazonS3ResponseHandler.InvokeAsync[T](IExecutionContext executionContext)
   at Amazon.Runtime.Internal.ErrorHandler.InvokeAsync[T](IExecutionContext executionContext)
   --- End of inner exception stack trace ---
   at Amazon.Runtime.Internal.HttpErrorResponseExceptionHandler.HandleExceptionStream(IRequestContext requestContext, IWebResponseData httpErrorResponse, HttpErrorResponseException exception, Stream responseStream)
   at Amazon.Runtime.Internal.HttpErrorResponseExceptionHandler.HandleExceptionAsync(IExecutionContext executionContext, HttpErrorResponseException exception)
   at Amazon.Runtime.Internal.ExceptionHandler`1.HandleAsync(IExecutionContext executionContext, Exception exception)
   at Amazon.Runtime.Internal.ErrorHandler.ProcessExceptionAsync(IExecutionContext executionContext, Exception exception)
   at Amazon.Runtime.Internal.ErrorHandler.InvokeAsync[T](IExecutionContext executionContext)
   at Amazon.Runtime.Internal.CallbackHandler.InvokeAsync[T](IExecutionContext executionContext)
   at Amazon.Runtime.Internal.Signer.InvokeAsync[T](IExecutionContext executionContext)
   at Amazon.S3.Internal.S3Express.S3ExpressPreSigner.InvokeAsync[T](IExecutionContext executionContext)
   at Amazon.Runtime.Internal.EndpointDiscoveryHandler.InvokeAsync[T](IExecutionContext executionContext)
   at Amazon.Runtime.Internal.EndpointDiscoveryHandler.InvokeAsync[T](IExecutionContext executionContext)
   at Amazon.Runtime.Internal.CredentialsRetriever.InvokeAsync[T](IExecutionContext executionContext)
   at Amazon.Runtime.Internal.RetryHandler.InvokeAsync[T](IExecutionContext executionContext)
   at Amazon.Runtime.Internal.RetryHandler.InvokeAsync[T](IExecutionContext executionContext)
   at Amazon.Runtime.Internal.CallbackHandler.InvokeAsync[T](IExecutionContext executionContext)
   at Amazon.Runtime.Internal.CallbackHandler.InvokeAsync[T](IExecutionContext executionContext)
   at Amazon.S3.Internal.AmazonS3ExceptionHandler.InvokeAsync[T](IExecutionContext executionContext)
   at Amazon.Runtime.Internal.ErrorCallbackHandler.InvokeAsync[T](IExecutionContext executionContext)
   at Amazon.Runtime.Internal.MetricsHandler.InvokeAsync[T](IExecutionContext executionContext)
======================================================================

2026-05-21 15:20:13.6008 [ERROR] [NHI_AI_MedReportViewerWebApi.Services.NhiPatientImageService] [TraceID: 00-a3ab648a9ec57b5cefb24407808ebba8-7f5c765c517687ad-00]
  Event: 0
  Request: GET https://lcr-tp.nhi.gov.tw/api/NhiPatientImage/studies/1.2.840.25117608923523578101231161936851828085/series/1.2.840.211941681108460115160221138240919221321384/instances/1.2.840.2211921183322322214326160692421211971102178/jpg 
  Message: 取得 DICOM 影像串流時發生錯誤
  Properties: RequestId=40000006-0004-f800-b63f-84710c7967bb; RequestPath=/api/NhiPatientImage/studies/1.2.840.25117608923523578101231161936851828085/series/1.2.840.211941681108460115160221138240919221321384/instances/1.2.840.2211921183322322214326160692421211971102178/jpg; ActionId=afe69f44-39db-425b-a965-4717546d0c6e; ActionName=NHI_AI_MedReportViewerWebApi.Controllers.NhiPatientImageController.GetImageScreenshotAsync (NHI-AI-MedReportViewerWebApi); StudyInstanceUid=1.2.840.25117608923523578101231161936851828085; SeriesInstanceUid=1.2.840.211941681108460115160221138240919221321384; SopInstanceUid=1.2.840.2211921183322322214326160692421211971102178
  --- Exception ---
Amazon.S3.AmazonS3Exception: The specified key does not exist.
 ---> Amazon.Runtime.Internal.HttpErrorResponseException: Exception of type 'Amazon.Runtime.Internal.HttpErrorResponseException' was thrown.
   at Amazon.Runtime.HttpWebRequestMessage.ProcessHttpResponseMessage(HttpResponseMessage responseMessage)
   at Amazon.Runtime.HttpWebRequestMessage.GetResponseAsync(CancellationToken cancellationToken)
   at Amazon.Runtime.Internal.HttpHandler`1.InvokeAsync[T](IExecutionContext executionContext)
   at Amazon.Runtime.Internal.RedirectHandler.InvokeAsync[T](IExecutionContext executionContext)
   at Amazon.Runtime.Internal.Unmarshaller.InvokeAsync[T](IExecutionContext executionContext)
   at Amazon.S3.Internal.AmazonS3ResponseHandler.InvokeAsync[T](IExecutionContext executionContext)
   at Amazon.Runtime.Internal.ErrorHandler.InvokeAsync[T](IExecutionContext executionContext)
   --- End of inner exception stack trace ---
   at Amazon.Runtime.Internal.HttpErrorResponseExceptionHandler.HandleExceptionStream(IRequestContext requestContext, IWebResponseData httpErrorResponse, HttpErrorResponseException exception, Stream responseStream)
   at Amazon.Runtime.Internal.HttpErrorResponseExceptionHandler.HandleExceptionAsync(IExecutionContext executionContext, HttpErrorResponseException exception)
   at Amazon.Runtime.Internal.ExceptionHandler`1.HandleAsync(IExecutionContext executionContext, Exception exception)
   at Amazon.Runtime.Internal.ErrorHandler.ProcessExceptionAsync(IExecutionContext executionContext, Exception exception)
   at Amazon.Runtime.Internal.ErrorHandler.InvokeAsync[T](IExecutionContext executionContext)
   at Amazon.Runtime.Internal.CallbackHandler.InvokeAsync[T](IExecutionContext executionContext)
   at Amazon.Runtime.Internal.Signer.InvokeAsync[T](IExecutionContext executionContext)
   at Amazon.S3.Internal.S3Express.S3ExpressPreSigner.InvokeAsync[T](IExecutionContext executionContext)
   at Amazon.Runtime.Internal.EndpointDiscoveryHandler.InvokeAsync[T](IExecutionContext executionContext)
   at Amazon.Runtime.Internal.EndpointDiscoveryHandler.InvokeAsync[T](IExecutionContext executionContext)
   at Amazon.Runtime.Internal.CredentialsRetriever.InvokeAsync[T](IExecutionContext executionContext)
   at Amazon.Runtime.Internal.RetryHandler.InvokeAsync[T](IExecutionContext executionContext)
   at Amazon.Runtime.Internal.RetryHandler.InvokeAsync[T](IExecutionContext executionContext)
   at Amazon.Runtime.Internal.CallbackHandler.InvokeAsync[T](IExecutionContext executionContext)
   at Amazon.Runtime.Internal.CallbackHandler.InvokeAsync[T](IExecutionContext executionContext)
   at Amazon.S3.Internal.AmazonS3ExceptionHandler.InvokeAsync[T](IExecutionContext executionContext)
   at Amazon.Runtime.Internal.ErrorCallbackHandler.InvokeAsync[T](IExecutionContext executionContext)
   at Amazon.Runtime.Internal.MetricsHandler.InvokeAsync[T](IExecutionContext executionContext)
======================================================================

2026-05-21 15:20:13.6008 [ERROR] [AIRS.Core.Common.LogForgingTools] [TraceID: 00-71046ba3afa1f6f2659ff2e2a66d07aa-4b080b32c6bbdf0d-00]
  Event: 0
  Request: GET https://lcr-tp.nhi.gov.tw/api/NhiPatientImage/studies/1.2.840.1831491181932115913426236105211231112230198234/series/1.2.840.194662179851015213741321381722223612923/instances/1.2.840.1556415613457171655548642410420286244166/jpg 
  Message: 1779348013604 GetImage() 失敗，耗時 109 ms.
  Properties: RequestId=40000004-0004-f400-b63f-84710c7967bb; RequestPath=/api/NhiPatientImage/studies/1.2.840.1831491181932115913426236105211231112230198234/series/1.2.840.194662179851015213741321381722223612923/instances/1.2.840.1556415613457171655548642410420286244166/jpg; ActionId=afe69f44-39db-425b-a965-4717546d0c6e; ActionName=NHI_AI_MedReportViewerWebApi.Controllers.NhiPatientImageController.GetImageScreenshotAsync (NHI-AI-MedReportViewerWebApi); StudyInstanceUid=1.2.840.1831491181932115913426236105211231112230198234; SeriesInstanceUid=1.2.840.194662179851015213741321381722223612923; SopInstanceUid=1.2.840.1556415613457171655548642410420286244166
  --- Exception ---
Amazon.S3.AmazonS3Exception: The specified key does not exist.
 ---> Amazon.Runtime.Internal.HttpErrorResponseException: Exception of type 'Amazon.Runtime.Internal.HttpErrorResponseException' was thrown.
   at Amazon.Runtime.HttpWebRequestMessage.ProcessHttpResponseMessage(HttpResponseMessage responseMessage)
   at Amazon.Runtime.HttpWebRequestMessage.GetResponseAsync(CancellationToken cancellationToken)
   at Amazon.Runtime.Internal.HttpHandler`1.InvokeAsync[T](IExecutionContext executionContext)
   at Amazon.Runtime.Internal.RedirectHandler.InvokeAsync[T](IExecutionContext executionContext)
   at Amazon.Runtime.Internal.Unmarshaller.InvokeAsync[T](IExecutionContext executionContext)
   at Amazon.S3.Internal.AmazonS3ResponseHandler.InvokeAsync[T](IExecutionContext executionContext)
   at Amazon.Runtime.Internal.ErrorHandler.InvokeAsync[T](IExecutionContext executionContext)
   --- End of inner exception stack trace ---
   at Amazon.Runtime.Internal.HttpErrorResponseExceptionHandler.HandleExceptionStream(IRequestContext requestContext, IWebResponseData httpErrorResponse, HttpErrorResponseException exception, Stream responseStream)
   at Amazon.Runtime.Internal.HttpErrorResponseExceptionHandler.HandleExceptionAsync(IExecutionContext executionContext, HttpErrorResponseException exception)
   at Amazon.Runtime.Internal.ExceptionHandler`1.HandleAsync(IExecutionContext executionContext, Exception exception)
   at Amazon.Runtime.Internal.ErrorHandler.ProcessExceptionAsync(IExecutionContext executionContext, Exception exception)
   at Amazon.Runtime.Internal.ErrorHandler.InvokeAsync[T](IExecutionContext executionContext)
   at Amazon.Runtime.Internal.CallbackHandler.InvokeAsync[T](IExecutionContext executionContext)
   at Amazon.Runtime.Internal.Signer.InvokeAsync[T](IExecutionContext executionContext)
   at Amazon.S3.Internal.S3Express.S3ExpressPreSigner.InvokeAsync[T](IExecutionContext executionContext)
   at Amazon.Runtime.Internal.EndpointDiscoveryHandler.InvokeAsync[T](IExecutionContext executionContext)
   at Amazon.Runtime.Internal.EndpointDiscoveryHandler.InvokeAsync[T](IExecutionContext executionContext)
   at Amazon.Runtime.Internal.CredentialsRetriever.InvokeAsync[T](IExecutionContext executionContext)
   at Amazon.Runtime.Internal.RetryHandler.InvokeAsync[T](IExecutionContext executionContext)
   at Amazon.Runtime.Internal.RetryHandler.InvokeAsync[T](IExecutionContext executionContext)
   at Amazon.Runtime.Internal.CallbackHandler.InvokeAsync[T](IExecutionContext executionContext)
   at Amazon.Runtime.Internal.CallbackHandler.InvokeAsync[T](IExecutionContext executionContext)
   at Amazon.S3.Internal.AmazonS3ExceptionHandler.InvokeAsync[T](IExecutionContext executionContext)
   at Amazon.Runtime.Internal.ErrorCallbackHandler.InvokeAsync[T](IExecutionContext executionContext)
   at Amazon.Runtime.Internal.MetricsHandler.InvokeAsync[T](IExecutionContext executionContext)
======================================================================

2026-05-21 15:20:13.6008 [ERROR] [AIRS.Core.Common.LogForgingTools] [TraceID: 00-b47c2371d9c994561592e75251aa37ab-db28671f57818b1a-00]
  Event: 0
  Request: GET https://lcr-tp.nhi.gov.tw/api/NhiPatientImage/studies/1.2.840.188572451371712516215324230991522013712160/series/1.2.840.15231983789204947410611712199214759128/instances/1.2.840.1651296425160252831339722628927020221736/jpg 
  Message: 1779348013605 GetImage() 失敗，耗時 91 ms.
  Properties: RequestId=40000006-0004-f300-b63f-84710c7967bb; RequestPath=/api/NhiPatientImage/studies/1.2.840.188572451371712516215324230991522013712160/series/1.2.840.15231983789204947410611712199214759128/instances/1.2.840.1651296425160252831339722628927020221736/jpg; ActionId=afe69f44-39db-425b-a965-4717546d0c6e; ActionName=NHI_AI_MedReportViewerWebApi.Controllers.NhiPatientImageController.GetImageScreenshotAsync (NHI-AI-MedReportViewerWebApi); StudyInstanceUid=1.2.840.188572451371712516215324230991522013712160; SeriesInstanceUid=1.2.840.15231983789204947410611712199214759128; SopInstanceUid=1.2.840.1651296425160252831339722628927020221736
  --- Exception ---
Amazon.S3.AmazonS3Exception: The specified key does not exist.
 ---> Amazon.Runtime.Internal.HttpErrorResponseException: Exception of type 'Amazon.Runtime.Internal.HttpErrorResponseException' was thrown.
   at Amazon.Runtime.HttpWebRequestMessage.ProcessHttpResponseMessage(HttpResponseMessage responseMessage)
   at Amazon.Runtime.HttpWebRequestMessage.GetResponseAsync(CancellationToken cancellationToken)
   at Amazon.Runtime.Internal.HttpHandler`1.InvokeAsync[T](IExecutionContext executionContext)
   at Amazon.Runtime.Internal.RedirectHandler.InvokeAsync[T](IExecutionContext executionContext)
   at Amazon.Runtime.Internal.Unmarshaller.InvokeAsync[T](IExecutionContext executionContext)
   at Amazon.S3.Internal.AmazonS3ResponseHandler.InvokeAsync[T](IExecutionContext executionContext)
   at Amazon.Runtime.Internal.ErrorHandler.InvokeAsync[T](IExecutionContext executionContext)
   --- End of inner exception stack trace ---
   at Amazon.Runtime.Internal.HttpErrorResponseExceptionHandler.HandleExceptionStream(IRequestContext requestContext, IWebResponseData httpErrorResponse, HttpErrorResponseException exception, Stream responseStream)
   at Amazon.Runtime.Internal.HttpErrorResponseExceptionHandler.HandleExceptionAsync(IExecutionContext executionContext, HttpErrorResponseException exception)
   at Amazon.Runtime.Internal.ExceptionHandler`1.HandleAsync(IExecutionContext executionContext, Exception exception)
   at Amazon.Runtime.Internal.ErrorHandler.ProcessExceptionAsync(IExecutionContext executionContext, Exception exception)
   at Amazon.Runtime.Internal.ErrorHandler.InvokeAsync[T](IExecutionContext executionContext)
   at Amazon.Runtime.Internal.CallbackHandler.InvokeAsync[T](IExecutionContext executionContext)
   at Amazon.Runtime.Internal.Signer.InvokeAsync[T](IExecutionContext executionContext)
   at Amazon.S3.Internal.S3Express.S3ExpressPreSigner.InvokeAsync[T](IExecutionContext executionContext)
   at Amazon.Runtime.Internal.EndpointDiscoveryHandler.InvokeAsync[T](IExecutionContext executionContext)
   at Amazon.Runtime.Internal.EndpointDiscoveryHandler.InvokeAsync[T](IExecutionContext executionContext)
   at Amazon.Runtime.Internal.CredentialsRetriever.InvokeAsync[T](IExecutionContext executionContext)
   at Amazon.Runtime.Internal.RetryHandler.InvokeAsync[T](IExecutionContext executionContext)
   at Amazon.Runtime.Internal.RetryHandler.InvokeAsync[T](IExecutionContext executionContext)
   at Amazon.Runtime.Internal.CallbackHandler.InvokeAsync[T](IExecutionContext executionContext)
   at Amazon.Runtime.Internal.CallbackHandler.InvokeAsync[T](IExecutionContext executionContext)
   at Amazon.S3.Internal.AmazonS3ExceptionHandler.InvokeAsync[T](IExecutionContext executionContext)
   at Amazon.Runtime.Internal.ErrorCallbackHandler.InvokeAsync[T](IExecutionContext executionContext)
   at Amazon.Runtime.Internal.MetricsHandler.InvokeAsync[T](IExecutionContext executionContext)
======================================================================

2026-05-21 15:20:13.6810 [ERROR] [NHI_AI_MedReportViewerWebApi.Services.NhiPatientImageService] [TraceID: 00-71046ba3afa1f6f2659ff2e2a66d07aa-4b080b32c6bbdf0d-00]
  Event: 0
  Request: GET https://lcr-tp.nhi.gov.tw/api/NhiPatientImage/studies/1.2.840.1831491181932115913426236105211231112230198234/series/1.2.840.194662179851015213741321381722223612923/instances/1.2.840.1556415613457171655548642410420286244166/jpg 
  Message: 取得 DICOM 影像串流時發生錯誤
  Properties: RequestId=40000004-0004-f400-b63f-84710c7967bb; RequestPath=/api/NhiPatientImage/studies/1.2.840.1831491181932115913426236105211231112230198234/series/1.2.840.194662179851015213741321381722223612923/instances/1.2.840.1556415613457171655548642410420286244166/jpg; ActionId=afe69f44-39db-425b-a965-4717546d0c6e; ActionName=NHI_AI_MedReportViewerWebApi.Controllers.NhiPatientImageController.GetImageScreenshotAsync (NHI-AI-MedReportViewerWebApi); StudyInstanceUid=1.2.840.1831491181932115913426236105211231112230198234; SeriesInstanceUid=1.2.840.194662179851015213741321381722223612923; SopInstanceUid=1.2.840.1556415613457171655548642410420286244166
  --- Exception ---
Amazon.S3.AmazonS3Exception: The specified key does not exist.
 ---> Amazon.Runtime.Internal.HttpErrorResponseException: Exception of type 'Amazon.Runtime.Internal.HttpErrorResponseException' was thrown.
   at Amazon.Runtime.HttpWebRequestMessage.ProcessHttpResponseMessage(HttpResponseMessage responseMessage)
   at Amazon.Runtime.HttpWebRequestMessage.GetResponseAsync(CancellationToken cancellationToken)
   at Amazon.Runtime.Internal.HttpHandler`1.InvokeAsync[T](IExecutionContext executionContext)
   at Amazon.Runtime.Internal.RedirectHandler.InvokeAsync[T](IExecutionContext executionContext)
   at Amazon.Runtime.Internal.Unmarshaller.InvokeAsync[T](IExecutionContext executionContext)
   at Amazon.S3.Internal.AmazonS3ResponseHandler.InvokeAsync[T](IExecutionContext executionContext)
   at Amazon.Runtime.Internal.ErrorHandler.InvokeAsync[T](IExecutionContext executionContext)
   --- End of inner exception stack trace ---
   at Amazon.Runtime.Internal.HttpErrorResponseExceptionHandler.HandleExceptionStream(IRequestContext requestContext, IWebResponseData httpErrorResponse, HttpErrorResponseException exception, Stream responseStream)
   at Amazon.Runtime.Internal.HttpErrorResponseExceptionHandler.HandleExceptionAsync(IExecutionContext executionContext, HttpErrorResponseException exception)
   at Amazon.Runtime.Internal.ExceptionHandler`1.HandleAsync(IExecutionContext executionContext, Exception exception)
   at Amazon.Runtime.Internal.ErrorHandler.ProcessExceptionAsync(IExecutionContext executionContext, Exception exception)
   at Amazon.Runtime.Internal.ErrorHandler.InvokeAsync[T](IExecutionContext executionContext)
   at Amazon.Runtime.Internal.CallbackHandler.InvokeAsync[T](IExecutionContext executionContext)
   at Amazon.Runtime.Internal.Signer.InvokeAsync[T](IExecutionContext executionContext)
   at Amazon.S3.Internal.S3Express.S3ExpressPreSigner.InvokeAsync[T](IExecutionContext executionContext)
   at Amazon.Runtime.Internal.EndpointDiscoveryHandler.InvokeAsync[T](IExecutionContext executionContext)
   at Amazon.Runtime.Internal.EndpointDiscoveryHandler.InvokeAsync[T](IExecutionContext executionContext)
   at Amazon.Runtime.Internal.CredentialsRetriever.InvokeAsync[T](IExecutionContext executionContext)
   at Amazon.Runtime.Internal.RetryHandler.InvokeAsync[T](IExecutionContext executionContext)
   at Amazon.Runtime.Internal.RetryHandler.InvokeAsync[T](IExecutionContext executionContext)
   at Amazon.Runtime.Internal.CallbackHandler.InvokeAsync[T](IExecutionContext executionContext)
   at Amazon.Runtime.Internal.CallbackHandler.InvokeAsync[T](IExecutionContext executionContext)
   at Amazon.S3.Internal.AmazonS3ExceptionHandler.InvokeAsync[T](IExecutionContext executionContext)
   at Amazon.Runtime.Internal.ErrorCallbackHandler.InvokeAsync[T](IExecutionContext executionContext)
   at Amazon.Runtime.Internal.MetricsHandler.InvokeAsync[T](IExecutionContext executionContext)
======================================================================

2026-05-21 15:20:13.6911 [ERROR] [NHI_AI_MedReportViewerWebApi.Services.NhiPatientImageService] [TraceID: 00-b47c2371d9c994561592e75251aa37ab-db28671f57818b1a-00]
  Event: 0
  Request: GET https://lcr-tp.nhi.gov.tw/api/NhiPatientImage/studies/1.2.840.188572451371712516215324230991522013712160/series/1.2.840.15231983789204947410611712199214759128/instances/1.2.840.1651296425160252831339722628927020221736/jpg 
  Message: 取得 DICOM 影像串流時發生錯誤
  Properties: RequestId=40000006-0004-f300-b63f-84710c7967bb; RequestPath=/api/NhiPatientImage/studies/1.2.840.188572451371712516215324230991522013712160/series/1.2.840.15231983789204947410611712199214759128/instances/1.2.840.1651296425160252831339722628927020221736/jpg; ActionId=afe69f44-39db-425b-a965-4717546d0c6e; ActionName=NHI_AI_MedReportViewerWebApi.Controllers.NhiPatientImageController.GetImageScreenshotAsync (NHI-AI-MedReportViewerWebApi); StudyInstanceUid=1.2.840.188572451371712516215324230991522013712160; SeriesInstanceUid=1.2.840.15231983789204947410611712199214759128; SopInstanceUid=1.2.840.1651296425160252831339722628927020221736
  --- Exception ---
Amazon.S3.AmazonS3Exception: The specified key does not exist.
 ---> Amazon.Runtime.Internal.HttpErrorResponseException: Exception of type 'Amazon.Runtime.Internal.HttpErrorResponseException' was thrown.
   at Amazon.Runtime.HttpWebRequestMessage.ProcessHttpResponseMessage(HttpResponseMessage responseMessage)
   at Amazon.Runtime.HttpWebRequestMessage.GetResponseAsync(CancellationToken cancellationToken)
   at Amazon.Runtime.Internal.HttpHandler`1.InvokeAsync[T](IExecutionContext executionContext)
   at Amazon.Runtime.Internal.RedirectHandler.InvokeAsync[T](IExecutionContext executionContext)
   at Amazon.Runtime.Internal.Unmarshaller.InvokeAsync[T](IExecutionContext executionContext)
   at Amazon.S3.Internal.AmazonS3ResponseHandler.InvokeAsync[T](IExecutionContext executionContext)
   at Amazon.Runtime.Internal.ErrorHandler.InvokeAsync[T](IExecutionContext executionContext)
   --- End of inner exception stack trace ---
   at Amazon.Runtime.Internal.HttpErrorResponseExceptionHandler.HandleExceptionStream(IRequestContext requestContext, IWebResponseData httpErrorResponse, HttpErrorResponseException exception, Stream responseStream)
   at Amazon.Runtime.Internal.HttpErrorResponseExceptionHandler.HandleExceptionAsync(IExecutionContext executionContext, HttpErrorResponseException exception)
   at Amazon.Runtime.Internal.ExceptionHandler`1.HandleAsync(IExecutionContext executionContext, Exception exception)
   at Amazon.Runtime.Internal.ErrorHandler.ProcessExceptionAsync(IExecutionContext executionContext, Exception exception)
   at Amazon.Runtime.Internal.ErrorHandler.InvokeAsync[T](IExecutionContext executionContext)
   at Amazon.Runtime.Internal.CallbackHandler.InvokeAsync[T](IExecutionContext executionContext)
   at Amazon.Runtime.Internal.Signer.InvokeAsync[T](IExecutionContext executionContext)
   at Amazon.S3.Internal.S3Express.S3ExpressPreSigner.InvokeAsync[T](IExecutionContext executionContext)
   at Amazon.Runtime.Internal.EndpointDiscoveryHandler.InvokeAsync[T](IExecutionContext executionContext)
   at Amazon.Runtime.Internal.EndpointDiscoveryHandler.InvokeAsync[T](IExecutionContext executionContext)
   at Amazon.Runtime.Internal.CredentialsRetriever.InvokeAsync[T](IExecutionContext executionContext)
   at Amazon.Runtime.Internal.RetryHandler.InvokeAsync[T](IExecutionContext executionContext)
   at Amazon.Runtime.Internal.RetryHandler.InvokeAsync[T](IExecutionContext executionContext)
   at Amazon.Runtime.Internal.CallbackHandler.InvokeAsync[T](IExecutionContext executionContext)
   at Amazon.Runtime.Internal.CallbackHandler.InvokeAsync[T](IExecutionContext executionContext)
   at Amazon.S3.Internal.AmazonS3ExceptionHandler.InvokeAsync[T](IExecutionContext executionContext)
   at Amazon.Runtime.Internal.ErrorCallbackHandler.InvokeAsync[T](IExecutionContext executionContext)
   at Amazon.Runtime.Internal.MetricsHandler.InvokeAsync[T](IExecutionContext executionContext)
======================================================================

2026-05-21 15:20:20.1257 [ERROR] [AIRS.Core.Common.LogForgingTools] [TraceID: 00-e4d92b58cb91ca936ae7b00bed8fe32e-3792a2991993c714-00]
  Event: 0
  Request: GET https://lcr-tp.nhi.gov.tw/api/NhiPatientImage/studies/1.2.840.95628289237023181203129147651793012853/series/1.2.840.15522917228832121867788198941815717572241/instances/1.2.840.2482919651028917222517392352521782145174/jpg 
  Message: 1779348020138 GetImage() 失敗，耗時 29 ms.
  Properties: RequestId=40000205-0006-fe00-b63f-84710c7967bb; RequestPath=/api/NhiPatientImage/studies/1.2.840.95628289237023181203129147651793012853/series/1.2.840.15522917228832121867788198941815717572241/instances/1.2.840.2482919651028917222517392352521782145174/jpg; ActionId=afe69f44-39db-425b-a965-4717546d0c6e; ActionName=NHI_AI_MedReportViewerWebApi.Controllers.NhiPatientImageController.GetImageScreenshotAsync (NHI-AI-MedReportViewerWebApi); StudyInstanceUid=1.2.840.95628289237023181203129147651793012853; SeriesInstanceUid=1.2.840.15522917228832121867788198941815717572241; SopInstanceUid=1.2.840.2482919651028917222517392352521782145174
  --- Exception ---
Amazon.S3.AmazonS3Exception: The specified key does not exist.
 ---> Amazon.Runtime.Internal.HttpErrorResponseException: Exception of type 'Amazon.Runtime.Internal.HttpErrorResponseException' was thrown.
   at Amazon.Runtime.HttpWebRequestMessage.ProcessHttpResponseMessage(HttpResponseMessage responseMessage)
   at Amazon.Runtime.HttpWebRequestMessage.GetResponseAsync(CancellationToken cancellationToken)
   at Amazon.Runtime.Internal.HttpHandler`1.InvokeAsync[T](IExecutionContext executionContext)
   at Amazon.Runtime.Internal.RedirectHandler.InvokeAsync[T](IExecutionContext executionContext)
   at Amazon.Runtime.Internal.Unmarshaller.InvokeAsync[T](IExecutionContext executionContext)
   at Amazon.S3.Internal.AmazonS3ResponseHandler.InvokeAsync[T](IExecutionContext executionContext)
   at Amazon.Runtime.Internal.ErrorHandler.InvokeAsync[T](IExecutionContext executionContext)
   --- End of inner exception stack trace ---
   at Amazon.Runtime.Internal.HttpErrorResponseExceptionHandler.HandleExceptionStream(IRequestContext requestContext, IWebResponseData httpErrorResponse, HttpErrorResponseException exception, Stream responseStream)
   at Amazon.Runtime.Internal.HttpErrorResponseExceptionHandler.HandleExceptionAsync(IExecutionContext executionContext, HttpErrorResponseException exception)
   at Amazon.Runtime.Internal.ExceptionHandler`1.HandleAsync(IExecutionContext executionContext, Exception exception)
   at Amazon.Runtime.Internal.ErrorHandler.ProcessExceptionAsync(IExecutionContext executionContext, Exception exception)
   at Amazon.Runtime.Internal.ErrorHandler.InvokeAsync[T](IExecutionContext executionContext)
   at Amazon.Runtime.Internal.CallbackHandler.InvokeAsync[T](IExecutionContext executionContext)
   at Amazon.Runtime.Internal.Signer.InvokeAsync[T](IExecutionContext executionContext)
   at Amazon.S3.Internal.S3Express.S3ExpressPreSigner.InvokeAsync[T](IExecutionContext executionContext)
   at Amazon.Runtime.Internal.EndpointDiscoveryHandler.InvokeAsync[T](IExecutionContext executionContext)
   at Amazon.Runtime.Internal.EndpointDiscoveryHandler.InvokeAsync[T](IExecutionContext executionContext)
   at Amazon.Runtime.Internal.CredentialsRetriever.InvokeAsync[T](IExecutionContext executionContext)
   at Amazon.Runtime.Internal.RetryHandler.InvokeAsync[T](IExecutionContext executionContext)
   at Amazon.Runtime.Internal.RetryHandler.InvokeAsync[T](IExecutionContext executionContext)
   at Amazon.Runtime.Internal.CallbackHandler.InvokeAsync[T](IExecutionContext executionContext)
   at Amazon.Runtime.Internal.CallbackHandler.InvokeAsync[T](IExecutionContext executionContext)
   at Amazon.S3.Internal.AmazonS3ExceptionHandler.InvokeAsync[T](IExecutionContext executionContext)
   at Amazon.Runtime.Internal.ErrorCallbackHandler.InvokeAsync[T](IExecutionContext executionContext)
   at Amazon.Runtime.Internal.MetricsHandler.InvokeAsync[T](IExecutionContext executionContext)
======================================================================

2026-05-21 15:20:20.1589 [ERROR] [AIRS.Core.Common.LogForgingTools] [TraceID: 00-be37fc8e73f2765cf1ffd66b5321c129-14999146723783cd-00]
  Event: 0
  Request: GET https://lcr-tp.nhi.gov.tw/api/NhiPatientImage/studies/1.2.840.9910213721418325218772121021591791708761232/series/1.2.840.1718923156152311768923275322146219117393/instances/1.2.840.1666017802032451797210229178424333245136/jpg 
  Message: 1779348020163 GetImage() 失敗，耗時 29 ms.
  Properties: RequestId=400002b4-0006-ff00-b63f-84710c7967bb; RequestPath=/api/NhiPatientImage/studies/1.2.840.9910213721418325218772121021591791708761232/series/1.2.840.1718923156152311768923275322146219117393/instances/1.2.840.1666017802032451797210229178424333245136/jpg; ActionId=afe69f44-39db-425b-a965-4717546d0c6e; ActionName=NHI_AI_MedReportViewerWebApi.Controllers.NhiPatientImageController.GetImageScreenshotAsync (NHI-AI-MedReportViewerWebApi); StudyInstanceUid=1.2.840.9910213721418325218772121021591791708761232; SeriesInstanceUid=1.2.840.1718923156152311768923275322146219117393; SopInstanceUid=1.2.840.1666017802032451797210229178424333245136
  --- Exception ---
Amazon.S3.AmazonS3Exception: The specified key does not exist.
 ---> Amazon.Runtime.Internal.HttpErrorResponseException: Exception of type 'Amazon.Runtime.Internal.HttpErrorResponseException' was thrown.
   at Amazon.Runtime.HttpWebRequestMessage.ProcessHttpResponseMessage(HttpResponseMessage responseMessage)
   at Amazon.Runtime.HttpWebRequestMessage.GetResponseAsync(CancellationToken cancellationToken)
   at Amazon.Runtime.Internal.HttpHandler`1.InvokeAsync[T](IExecutionContext executionContext)
   at Amazon.Runtime.Internal.RedirectHandler.InvokeAsync[T](IExecutionContext executionContext)
   at Amazon.Runtime.Internal.Unmarshaller.InvokeAsync[T](IExecutionContext executionContext)
   at Amazon.S3.Internal.AmazonS3ResponseHandler.InvokeAsync[T](IExecutionContext executionContext)
   at Amazon.Runtime.Internal.ErrorHandler.InvokeAsync[T](IExecutionContext executionContext)
   --- End of inner exception stack trace ---
   at Amazon.Runtime.Internal.HttpErrorResponseExceptionHandler.HandleExceptionStream(IRequestContext requestContext, IWebResponseData httpErrorResponse, HttpErrorResponseException exception, Stream responseStream)
   at Amazon.Runtime.Internal.HttpErrorResponseExceptionHandler.HandleExceptionAsync(IExecutionContext executionContext, HttpErrorResponseException exception)
   at Amazon.Runtime.Internal.ExceptionHandler`1.HandleAsync(IExecutionContext executionContext, Exception exception)
   at Amazon.Runtime.Internal.ErrorHandler.ProcessExceptionAsync(IExecutionContext executionContext, Exception exception)
   at Amazon.Runtime.Internal.ErrorHandler.InvokeAsync[T](IExecutionContext executionContext)
   at Amazon.Runtime.Internal.CallbackHandler.InvokeAsync[T](IExecutionContext executionContext)
   at Amazon.Runtime.Internal.Signer.InvokeAsync[T](IExecutionContext executionContext)
   at Amazon.S3.Internal.S3Express.S3ExpressPreSigner.InvokeAsync[T](IExecutionContext executionContext)
   at Amazon.Runtime.Internal.EndpointDiscoveryHandler.InvokeAsync[T](IExecutionContext executionContext)
   at Amazon.Runtime.Internal.EndpointDiscoveryHandler.InvokeAsync[T](IExecutionContext executionContext)
   at Amazon.Runtime.Internal.CredentialsRetriever.InvokeAsync[T](IExecutionContext executionContext)
   at Amazon.Runtime.Internal.RetryHandler.InvokeAsync[T](IExecutionContext executionContext)
   at Amazon.Runtime.Internal.RetryHandler.InvokeAsync[T](IExecutionContext executionContext)
   at Amazon.Runtime.Internal.CallbackHandler.InvokeAsync[T](IExecutionContext executionContext)
   at Amazon.Runtime.Internal.CallbackHandler.InvokeAsync[T](IExecutionContext executionContext)
   at Amazon.S3.Internal.AmazonS3ExceptionHandler.InvokeAsync[T](IExecutionContext executionContext)
   at Amazon.Runtime.Internal.ErrorCallbackHandler.InvokeAsync[T](IExecutionContext executionContext)
   at Amazon.Runtime.Internal.MetricsHandler.InvokeAsync[T](IExecutionContext executionContext)
======================================================================

2026-05-21 15:20:20.1589 [ERROR] [AIRS.Core.Common.LogForgingTools] [TraceID: 00-26b161159ed80ef6bdd7e106e84d8e09-e934ae9b1f150135-00]
  Event: 0
  Request: GET https://lcr-tp.nhi.gov.tw/api/NhiPatientImage/studies/1.2.840.95628289237023181203129147651793012853/series/1.2.840.15522917228832121867788198941815717572241/instances/1.2.840.401392747581166219213224620516719084121134/jpg 
  Message: 1779348020164 GetImage() 失敗，耗時 42 ms.
  Properties: RequestId=40000008-0006-fc00-b63f-84710c7967bb; RequestPath=/api/NhiPatientImage/studies/1.2.840.95628289237023181203129147651793012853/series/1.2.840.15522917228832121867788198941815717572241/instances/1.2.840.401392747581166219213224620516719084121134/jpg; ActionId=afe69f44-39db-425b-a965-4717546d0c6e; ActionName=NHI_AI_MedReportViewerWebApi.Controllers.NhiPatientImageController.GetImageScreenshotAsync (NHI-AI-MedReportViewerWebApi); StudyInstanceUid=1.2.840.95628289237023181203129147651793012853; SeriesInstanceUid=1.2.840.15522917228832121867788198941815717572241; SopInstanceUid=1.2.840.401392747581166219213224620516719084121134
  --- Exception ---
Amazon.S3.AmazonS3Exception: The specified key does not exist.
 ---> Amazon.Runtime.Internal.HttpErrorResponseException: Exception of type 'Amazon.Runtime.Internal.HttpErrorResponseException' was thrown.
   at Amazon.Runtime.HttpWebRequestMessage.ProcessHttpResponseMessage(HttpResponseMessage responseMessage)
   at Amazon.Runtime.HttpWebRequestMessage.GetResponseAsync(CancellationToken cancellationToken)
   at Amazon.Runtime.Internal.HttpHandler`1.InvokeAsync[T](IExecutionContext executionContext)
   at Amazon.Runtime.Internal.RedirectHandler.InvokeAsync[T](IExecutionContext executionContext)
   at Amazon.Runtime.Internal.Unmarshaller.InvokeAsync[T](IExecutionContext executionContext)
   at Amazon.S3.Internal.AmazonS3ResponseHandler.InvokeAsync[T](IExecutionContext executionContext)
   at Amazon.Runtime.Internal.ErrorHandler.InvokeAsync[T](IExecutionContext executionContext)
   --- End of inner exception stack trace ---
   at Amazon.Runtime.Internal.HttpErrorResponseExceptionHandler.HandleExceptionStream(IRequestContext requestContext, IWebResponseData httpErrorResponse, HttpErrorResponseException exception, Stream responseStream)
   at Amazon.Runtime.Internal.HttpErrorResponseExceptionHandler.HandleExceptionAsync(IExecutionContext executionContext, HttpErrorResponseException exception)
   at Amazon.Runtime.Internal.ExceptionHandler`1.HandleAsync(IExecutionContext executionContext, Exception exception)
   at Amazon.Runtime.Internal.ErrorHandler.ProcessExceptionAsync(IExecutionContext executionContext, Exception exception)
   at Amazon.Runtime.Internal.ErrorHandler.InvokeAsync[T](IExecutionContext executionContext)
   at Amazon.Runtime.Internal.CallbackHandler.InvokeAsync[T](IExecutionContext executionContext)
   at Amazon.Runtime.Internal.Signer.InvokeAsync[T](IExecutionContext executionContext)
   at Amazon.S3.Internal.S3Express.S3ExpressPreSigner.InvokeAsync[T](IExecutionContext executionContext)
   at Amazon.Runtime.Internal.EndpointDiscoveryHandler.InvokeAsync[T](IExecutionContext executionContext)
   at Amazon.Runtime.Internal.EndpointDiscoveryHandler.InvokeAsync[T](IExecutionContext executionContext)
   at Amazon.Runtime.Internal.CredentialsRetriever.InvokeAsync[T](IExecutionContext executionContext)
   at Amazon.Runtime.Internal.RetryHandler.InvokeAsync[T](IExecutionContext executionContext)
   at Amazon.Runtime.Internal.RetryHandler.InvokeAsync[T](IExecutionContext executionContext)
   at Amazon.Runtime.Internal.CallbackHandler.InvokeAsync[T](IExecutionContext executionContext)
   at Amazon.Runtime.Internal.CallbackHandler.InvokeAsync[T](IExecutionContext executionContext)
   at Amazon.S3.Internal.AmazonS3ExceptionHandler.InvokeAsync[T](IExecutionContext executionContext)
   at Amazon.Runtime.Internal.ErrorCallbackHandler.InvokeAsync[T](IExecutionContext executionContext)
   at Amazon.Runtime.Internal.MetricsHandler.InvokeAsync[T](IExecutionContext executionContext)
======================================================================

2026-05-21 15:20:20.1821 [ERROR] [AIRS.Core.Common.LogForgingTools] [TraceID: 00-01060e8f6b28f31417ba87791873720d-ebbf9edbbdece5a6-00]
  Event: 0
  Request: GET https://lcr-tp.nhi.gov.tw/api/NhiPatientImage/studies/1.2.840.25117608923523578101231161936851828085/series/1.2.840.211941681108460115160221138240919221321384/instances/1.2.840.2211921183322322214326160692421211971102178/jpg 
  Message: 1779348020186 GetImage() 失敗，耗時 27 ms.
  Properties: RequestId=40000004-0006-f900-b63f-84710c7967bb; RequestPath=/api/NhiPatientImage/studies/1.2.840.25117608923523578101231161936851828085/series/1.2.840.211941681108460115160221138240919221321384/instances/1.2.840.2211921183322322214326160692421211971102178/jpg; ActionId=afe69f44-39db-425b-a965-4717546d0c6e; ActionName=NHI_AI_MedReportViewerWebApi.Controllers.NhiPatientImageController.GetImageScreenshotAsync (NHI-AI-MedReportViewerWebApi); StudyInstanceUid=1.2.840.25117608923523578101231161936851828085; SeriesInstanceUid=1.2.840.211941681108460115160221138240919221321384; SopInstanceUid=1.2.840.2211921183322322214326160692421211971102178
  --- Exception ---
Amazon.S3.AmazonS3Exception: The specified key does not exist.
 ---> Amazon.Runtime.Internal.HttpErrorResponseException: Exception of type 'Amazon.Runtime.Internal.HttpErrorResponseException' was thrown.
   at Amazon.Runtime.HttpWebRequestMessage.ProcessHttpResponseMessage(HttpResponseMessage responseMessage)
   at Amazon.Runtime.HttpWebRequestMessage.GetResponseAsync(CancellationToken cancellationToken)
   at Amazon.Runtime.Internal.HttpHandler`1.InvokeAsync[T](IExecutionContext executionContext)
   at Amazon.Runtime.Internal.RedirectHandler.InvokeAsync[T](IExecutionContext executionContext)
   at Amazon.Runtime.Internal.Unmarshaller.InvokeAsync[T](IExecutionContext executionContext)
   at Amazon.S3.Internal.AmazonS3ResponseHandler.InvokeAsync[T](IExecutionContext executionContext)
   at Amazon.Runtime.Internal.ErrorHandler.InvokeAsync[T](IExecutionContext executionContext)
   --- End of inner exception stack trace ---
   at Amazon.Runtime.Internal.HttpErrorResponseExceptionHandler.HandleExceptionStream(IRequestContext requestContext, IWebResponseData httpErrorResponse, HttpErrorResponseException exception, Stream responseStream)
   at Amazon.Runtime.Internal.HttpErrorResponseExceptionHandler.HandleExceptionAsync(IExecutionContext executionContext, HttpErrorResponseException exception)
   at Amazon.Runtime.Internal.ExceptionHandler`1.HandleAsync(IExecutionContext executionContext, Exception exception)
   at Amazon.Runtime.Internal.ErrorHandler.ProcessExceptionAsync(IExecutionContext executionContext, Exception exception)
   at Amazon.Runtime.Internal.ErrorHandler.InvokeAsync[T](IExecutionContext executionContext)
   at Amazon.Runtime.Internal.CallbackHandler.InvokeAsync[T](IExecutionContext executionContext)
   at Amazon.Runtime.Internal.Signer.InvokeAsync[T](IExecutionContext executionContext)
   at Amazon.S3.Internal.S3Express.S3ExpressPreSigner.InvokeAsync[T](IExecutionContext executionContext)
   at Amazon.Runtime.Internal.EndpointDiscoveryHandler.InvokeAsync[T](IExecutionContext executionContext)
   at Amazon.Runtime.Internal.EndpointDiscoveryHandler.InvokeAsync[T](IExecutionContext executionContext)
   at Amazon.Runtime.Internal.CredentialsRetriever.InvokeAsync[T](IExecutionContext executionContext)
   at Amazon.Runtime.Internal.RetryHandler.InvokeAsync[T](IExecutionContext executionContext)
   at Amazon.Runtime.Internal.RetryHandler.InvokeAsync[T](IExecutionContext executionContext)
   at Amazon.Runtime.Internal.CallbackHandler.InvokeAsync[T](IExecutionContext executionContext)
   at Amazon.Runtime.Internal.CallbackHandler.InvokeAsync[T](IExecutionContext executionContext)
   at Amazon.S3.Internal.AmazonS3ExceptionHandler.InvokeAsync[T](IExecutionContext executionContext)
   at Amazon.Runtime.Internal.ErrorCallbackHandler.InvokeAsync[T](IExecutionContext executionContext)
   at Amazon.Runtime.Internal.MetricsHandler.InvokeAsync[T](IExecutionContext executionContext)
======================================================================

2026-05-21 15:20:20.1935 [ERROR] [AIRS.Core.Common.LogForgingTools] [TraceID: 00-c83fe4deab21e602429a19f3e3dfa658-cb03a91f0018b671-00]
  Event: 0
  Request: GET https://lcr-tp.nhi.gov.tw/api/NhiPatientImage/studies/1.2.840.25117608923523578101231161936851828085/series/1.2.840.211941681108460115160221138240919221321384/instances/1.2.840.203127233250801041609771223515116217522475/jpg 
  Message: 1779348020200 GetImage() 失敗，耗時 30 ms.
  Properties: RequestId=40000004-0006-fa00-b63f-84710c7967bb; RequestPath=/api/NhiPatientImage/studies/1.2.840.25117608923523578101231161936851828085/series/1.2.840.211941681108460115160221138240919221321384/instances/1.2.840.203127233250801041609771223515116217522475/jpg; ActionId=afe69f44-39db-425b-a965-4717546d0c6e; ActionName=NHI_AI_MedReportViewerWebApi.Controllers.NhiPatientImageController.GetImageScreenshotAsync (NHI-AI-MedReportViewerWebApi); StudyInstanceUid=1.2.840.25117608923523578101231161936851828085; SeriesInstanceUid=1.2.840.211941681108460115160221138240919221321384; SopInstanceUid=1.2.840.203127233250801041609771223515116217522475
  --- Exception ---
Amazon.S3.AmazonS3Exception: The specified key does not exist.
 ---> Amazon.Runtime.Internal.HttpErrorResponseException: Exception of type 'Amazon.Runtime.Internal.HttpErrorResponseException' was thrown.
   at Amazon.Runtime.HttpWebRequestMessage.ProcessHttpResponseMessage(HttpResponseMessage responseMessage)
   at Amazon.Runtime.HttpWebRequestMessage.GetResponseAsync(CancellationToken cancellationToken)
   at Amazon.Runtime.Internal.HttpHandler`1.InvokeAsync[T](IExecutionContext executionContext)
   at Amazon.Runtime.Internal.RedirectHandler.InvokeAsync[T](IExecutionContext executionContext)
   at Amazon.Runtime.Internal.Unmarshaller.InvokeAsync[T](IExecutionContext executionContext)
   at Amazon.S3.Internal.AmazonS3ResponseHandler.InvokeAsync[T](IExecutionContext executionContext)
   at Amazon.Runtime.Internal.ErrorHandler.InvokeAsync[T](IExecutionContext executionContext)
   --- End of inner exception stack trace ---
   at Amazon.Runtime.Internal.HttpErrorResponseExceptionHandler.HandleExceptionStream(IRequestContext requestContext, IWebResponseData httpErrorResponse, HttpErrorResponseException exception, Stream responseStream)
   at Amazon.Runtime.Internal.HttpErrorResponseExceptionHandler.HandleExceptionAsync(IExecutionContext executionContext, HttpErrorResponseException exception)
   at Amazon.Runtime.Internal.ExceptionHandler`1.HandleAsync(IExecutionContext executionContext, Exception exception)
   at Amazon.Runtime.Internal.ErrorHandler.ProcessExceptionAsync(IExecutionContext executionContext, Exception exception)
   at Amazon.Runtime.Internal.ErrorHandler.InvokeAsync[T](IExecutionContext executionContext)
   at Amazon.Runtime.Internal.CallbackHandler.InvokeAsync[T](IExecutionContext executionContext)
   at Amazon.Runtime.Internal.Signer.InvokeAsync[T](IExecutionContext executionContext)
   at Amazon.S3.Internal.S3Express.S3ExpressPreSigner.InvokeAsync[T](IExecutionContext executionContext)
   at Amazon.Runtime.Internal.EndpointDiscoveryHandler.InvokeAsync[T](IExecutionContext executionContext)
   at Amazon.Runtime.Internal.EndpointDiscoveryHandler.InvokeAsync[T](IExecutionContext executionContext)
   at Amazon.Runtime.Internal.CredentialsRetriever.InvokeAsync[T](IExecutionContext executionContext)
   at Amazon.Runtime.Internal.RetryHandler.InvokeAsync[T](IExecutionContext executionContext)
   at Amazon.Runtime.Internal.RetryHandler.InvokeAsync[T](IExecutionContext executionContext)
   at Amazon.Runtime.Internal.CallbackHandler.InvokeAsync[T](IExecutionContext executionContext)
   at Amazon.Runtime.Internal.CallbackHandler.InvokeAsync[T](IExecutionContext executionContext)
   at Amazon.S3.Internal.AmazonS3ExceptionHandler.InvokeAsync[T](IExecutionContext executionContext)
   at Amazon.Runtime.Internal.ErrorCallbackHandler.InvokeAsync[T](IExecutionContext executionContext)
   at Amazon.Runtime.Internal.MetricsHandler.InvokeAsync[T](IExecutionContext executionContext)
======================================================================

2026-05-21 15:20:20.2200 [ERROR] [AIRS.Core.Common.LogForgingTools] [TraceID: 00-c101df6ebe1d8e6e0dfda10f5e885557-08e0760730384ed6-00]
  Event: 0
  Request: GET https://lcr-tp.nhi.gov.tw/api/NhiPatientImage/studies/1.2.840.14311817595127161161159179701024822483140199/series/1.2.840.2081181585538253120903422631829791115221/instances/1.2.840.2441781871703324220021480632358916319724163/jpg 
  Message: 1779348020220 GetImage() 失敗，耗時 37 ms.
  Properties: RequestId=40000024-0002-fc00-b63f-84710c7967bb; RequestPath=/api/NhiPatientImage/studies/1.2.840.14311817595127161161159179701024822483140199/series/1.2.840.2081181585538253120903422631829791115221/instances/1.2.840.2441781871703324220021480632358916319724163/jpg; ActionId=afe69f44-39db-425b-a965-4717546d0c6e; ActionName=NHI_AI_MedReportViewerWebApi.Controllers.NhiPatientImageController.GetImageScreenshotAsync (NHI-AI-MedReportViewerWebApi); StudyInstanceUid=1.2.840.14311817595127161161159179701024822483140199; SeriesInstanceUid=1.2.840.2081181585538253120903422631829791115221; SopInstanceUid=1.2.840.2441781871703324220021480632358916319724163
  --- Exception ---
Amazon.S3.AmazonS3Exception: The specified key does not exist.
 ---> Amazon.Runtime.Internal.HttpErrorResponseException: Exception of type 'Amazon.Runtime.Internal.HttpErrorResponseException' was thrown.
   at Amazon.Runtime.HttpWebRequestMessage.ProcessHttpResponseMessage(HttpResponseMessage responseMessage)
   at Amazon.Runtime.HttpWebRequestMessage.GetResponseAsync(CancellationToken cancellationToken)
   at Amazon.Runtime.Internal.HttpHandler`1.InvokeAsync[T](IExecutionContext executionContext)
   at Amazon.Runtime.Internal.RedirectHandler.InvokeAsync[T](IExecutionContext executionContext)
   at Amazon.Runtime.Internal.Unmarshaller.InvokeAsync[T](IExecutionContext executionContext)
   at Amazon.S3.Internal.AmazonS3ResponseHandler.InvokeAsync[T](IExecutionContext executionContext)
   at Amazon.Runtime.Internal.ErrorHandler.InvokeAsync[T](IExecutionContext executionContext)
   --- End of inner exception stack trace ---
   at Amazon.Runtime.Internal.HttpErrorResponseExceptionHandler.HandleExceptionStream(IRequestContext requestContext, IWebResponseData httpErrorResponse, HttpErrorResponseException exception, Stream responseStream)
   at Amazon.Runtime.Internal.HttpErrorResponseExceptionHandler.HandleExceptionAsync(IExecutionContext executionContext, HttpErrorResponseException exception)
   at Amazon.Runtime.Internal.ExceptionHandler`1.HandleAsync(IExecutionContext executionContext, Exception exception)
   at Amazon.Runtime.Internal.ErrorHandler.ProcessExceptionAsync(IExecutionContext executionContext, Exception exception)
   at Amazon.Runtime.Internal.ErrorHandler.InvokeAsync[T](IExecutionContext executionContext)
   at Amazon.Runtime.Internal.CallbackHandler.InvokeAsync[T](IExecutionContext executionContext)
   at Amazon.Runtime.Internal.Signer.InvokeAsync[T](IExecutionContext executionContext)
   at Amazon.S3.Internal.S3Express.S3ExpressPreSigner.InvokeAsync[T](IExecutionContext executionContext)
   at Amazon.Runtime.Internal.EndpointDiscoveryHandler.InvokeAsync[T](IExecutionContext executionContext)
   at Amazon.Runtime.Internal.EndpointDiscoveryHandler.InvokeAsync[T](IExecutionContext executionContext)
   at Amazon.Runtime.Internal.CredentialsRetriever.InvokeAsync[T](IExecutionContext executionContext)
   at Amazon.Runtime.Internal.RetryHandler.InvokeAsync[T](IExecutionContext executionContext)
   at Amazon.Runtime.Internal.RetryHandler.InvokeAsync[T](IExecutionContext executionContext)
   at Amazon.Runtime.Internal.CallbackHandler.InvokeAsync[T](IExecutionContext executionContext)
   at Amazon.Runtime.Internal.CallbackHandler.InvokeAsync[T](IExecutionContext executionContext)
   at Amazon.S3.Internal.AmazonS3ExceptionHandler.InvokeAsync[T](IExecutionContext executionContext)
   at Amazon.Runtime.Internal.ErrorCallbackHandler.InvokeAsync[T](IExecutionContext executionContext)
   at Amazon.Runtime.Internal.MetricsHandler.InvokeAsync[T](IExecutionContext executionContext)
======================================================================

2026-05-21 15:20:20.2370 [ERROR] [NHI_AI_MedReportViewerWebApi.Services.NhiPatientImageService] [TraceID: 00-e4d92b58cb91ca936ae7b00bed8fe32e-3792a2991993c714-00]
  Event: 0
  Request: GET https://lcr-tp.nhi.gov.tw/api/NhiPatientImage/studies/1.2.840.95628289237023181203129147651793012853/series/1.2.840.15522917228832121867788198941815717572241/instances/1.2.840.2482919651028917222517392352521782145174/jpg 
  Message: 取得 DICOM 影像串流時發生錯誤
  Properties: RequestId=40000205-0006-fe00-b63f-84710c7967bb; RequestPath=/api/NhiPatientImage/studies/1.2.840.95628289237023181203129147651793012853/series/1.2.840.15522917228832121867788198941815717572241/instances/1.2.840.2482919651028917222517392352521782145174/jpg; ActionId=afe69f44-39db-425b-a965-4717546d0c6e; ActionName=NHI_AI_MedReportViewerWebApi.Controllers.NhiPatientImageController.GetImageScreenshotAsync (NHI-AI-MedReportViewerWebApi); StudyInstanceUid=1.2.840.95628289237023181203129147651793012853; SeriesInstanceUid=1.2.840.15522917228832121867788198941815717572241; SopInstanceUid=1.2.840.2482919651028917222517392352521782145174
  --- Exception ---
Amazon.S3.AmazonS3Exception: The specified key does not exist.
 ---> Amazon.Runtime.Internal.HttpErrorResponseException: Exception of type 'Amazon.Runtime.Internal.HttpErrorResponseException' was thrown.
   at Amazon.Runtime.HttpWebRequestMessage.ProcessHttpResponseMessage(HttpResponseMessage responseMessage)
   at Amazon.Runtime.HttpWebRequestMessage.GetResponseAsync(CancellationToken cancellationToken)
   at Amazon.Runtime.Internal.HttpHandler`1.InvokeAsync[T](IExecutionContext executionContext)
   at Amazon.Runtime.Internal.RedirectHandler.InvokeAsync[T](IExecutionContext executionContext)
   at Amazon.Runtime.Internal.Unmarshaller.InvokeAsync[T](IExecutionContext executionContext)
   at Amazon.S3.Internal.AmazonS3ResponseHandler.InvokeAsync[T](IExecutionContext executionContext)
   at Amazon.Runtime.Internal.ErrorHandler.InvokeAsync[T](IExecutionContext executionContext)
   --- End of inner exception stack trace ---
   at Amazon.Runtime.Internal.HttpErrorResponseExceptionHandler.HandleExceptionStream(IRequestContext requestContext, IWebResponseData httpErrorResponse, HttpErrorResponseException exception, Stream responseStream)
   at Amazon.Runtime.Internal.HttpErrorResponseExceptionHandler.HandleExceptionAsync(IExecutionContext executionContext, HttpErrorResponseException exception)
   at Amazon.Runtime.Internal.ExceptionHandler`1.HandleAsync(IExecutionContext executionContext, Exception exception)
   at Amazon.Runtime.Internal.ErrorHandler.ProcessExceptionAsync(IExecutionContext executionContext, Exception exception)
   at Amazon.Runtime.Internal.ErrorHandler.InvokeAsync[T](IExecutionContext executionContext)
   at Amazon.Runtime.Internal.CallbackHandler.InvokeAsync[T](IExecutionContext executionContext)
   at Amazon.Runtime.Internal.Signer.InvokeAsync[T](IExecutionContext executionContext)
   at Amazon.S3.Internal.S3Express.S3ExpressPreSigner.InvokeAsync[T](IExecutionContext executionContext)
   at Amazon.Runtime.Internal.EndpointDiscoveryHandler.InvokeAsync[T](IExecutionContext executionContext)
   at Amazon.Runtime.Internal.EndpointDiscoveryHandler.InvokeAsync[T](IExecutionContext executionContext)
   at Amazon.Runtime.Internal.CredentialsRetriever.InvokeAsync[T](IExecutionContext executionContext)
   at Amazon.Runtime.Internal.RetryHandler.InvokeAsync[T](IExecutionContext executionContext)
   at Amazon.Runtime.Internal.RetryHandler.InvokeAsync[T](IExecutionContext executionContext)
   at Amazon.Runtime.Internal.CallbackHandler.InvokeAsync[T](IExecutionContext executionContext)
   at Amazon.Runtime.Internal.CallbackHandler.InvokeAsync[T](IExecutionContext executionContext)
   at Amazon.S3.Internal.AmazonS3ExceptionHandler.InvokeAsync[T](IExecutionContext executionContext)
   at Amazon.Runtime.Internal.ErrorCallbackHandler.InvokeAsync[T](IExecutionContext executionContext)
   at Amazon.Runtime.Internal.MetricsHandler.InvokeAsync[T](IExecutionContext executionContext)
======================================================================

2026-05-21 15:20:20.2580 [ERROR] [NHI_AI_MedReportViewerWebApi.Services.NhiPatientImageService] [TraceID: 00-be37fc8e73f2765cf1ffd66b5321c129-14999146723783cd-00]
  Event: 0
  Request: GET https://lcr-tp.nhi.gov.tw/api/NhiPatientImage/studies/1.2.840.9910213721418325218772121021591791708761232/series/1.2.840.1718923156152311768923275322146219117393/instances/1.2.840.1666017802032451797210229178424333245136/jpg 
  Message: 取得 DICOM 影像串流時發生錯誤
  Properties: RequestId=400002b4-0006-ff00-b63f-84710c7967bb; RequestPath=/api/NhiPatientImage/studies/1.2.840.9910213721418325218772121021591791708761232/series/1.2.840.1718923156152311768923275322146219117393/instances/1.2.840.1666017802032451797210229178424333245136/jpg; ActionId=afe69f44-39db-425b-a965-4717546d0c6e; ActionName=NHI_AI_MedReportViewerWebApi.Controllers.NhiPatientImageController.GetImageScreenshotAsync (NHI-AI-MedReportViewerWebApi); StudyInstanceUid=1.2.840.9910213721418325218772121021591791708761232; SeriesInstanceUid=1.2.840.1718923156152311768923275322146219117393; SopInstanceUid=1.2.840.1666017802032451797210229178424333245136
  --- Exception ---
Amazon.S3.AmazonS3Exception: The specified key does not exist.
 ---> Amazon.Runtime.Internal.HttpErrorResponseException: Exception of type 'Amazon.Runtime.Internal.HttpErrorResponseException' was thrown.
   at Amazon.Runtime.HttpWebRequestMessage.ProcessHttpResponseMessage(HttpResponseMessage responseMessage)
   at Amazon.Runtime.HttpWebRequestMessage.GetResponseAsync(CancellationToken cancellationToken)
   at Amazon.Runtime.Internal.HttpHandler`1.InvokeAsync[T](IExecutionContext executionContext)
   at Amazon.Runtime.Internal.RedirectHandler.InvokeAsync[T](IExecutionContext executionContext)
   at Amazon.Runtime.Internal.Unmarshaller.InvokeAsync[T](IExecutionContext executionContext)
   at Amazon.S3.Internal.AmazonS3ResponseHandler.InvokeAsync[T](IExecutionContext executionContext)
   at Amazon.Runtime.Internal.ErrorHandler.InvokeAsync[T](IExecutionContext executionContext)
   --- End of inner exception stack trace ---
   at Amazon.Runtime.Internal.HttpErrorResponseExceptionHandler.HandleExceptionStream(IRequestContext requestContext, IWebResponseData httpErrorResponse, HttpErrorResponseException exception, Stream responseStream)
   at Amazon.Runtime.Internal.HttpErrorResponseExceptionHandler.HandleExceptionAsync(IExecutionContext executionContext, HttpErrorResponseException exception)
   at Amazon.Runtime.Internal.ExceptionHandler`1.HandleAsync(IExecutionContext executionContext, Exception exception)
   at Amazon.Runtime.Internal.ErrorHandler.ProcessExceptionAsync(IExecutionContext executionContext, Exception exception)
   at Amazon.Runtime.Internal.ErrorHandler.InvokeAsync[T](IExecutionContext executionContext)
   at Amazon.Runtime.Internal.CallbackHandler.InvokeAsync[T](IExecutionContext executionContext)
   at Amazon.Runtime.Internal.Signer.InvokeAsync[T](IExecutionContext executionContext)
   at Amazon.S3.Internal.S3Express.S3ExpressPreSigner.InvokeAsync[T](IExecutionContext executionContext)
   at Amazon.Runtime.Internal.EndpointDiscoveryHandler.InvokeAsync[T](IExecutionContext executionContext)
   at Amazon.Runtime.Internal.EndpointDiscoveryHandler.InvokeAsync[T](IExecutionContext executionContext)
   at Amazon.Runtime.Internal.CredentialsRetriever.InvokeAsync[T](IExecutionContext executionContext)
   at Amazon.Runtime.Internal.RetryHandler.InvokeAsync[T](IExecutionContext executionContext)
   at Amazon.Runtime.Internal.RetryHandler.InvokeAsync[T](IExecutionContext executionContext)
   at Amazon.Runtime.Internal.CallbackHandler.InvokeAsync[T](IExecutionContext executionContext)
   at Amazon.Runtime.Internal.CallbackHandler.InvokeAsync[T](IExecutionContext executionContext)
   at Amazon.S3.Internal.AmazonS3ExceptionHandler.InvokeAsync[T](IExecutionContext executionContext)
   at Amazon.Runtime.Internal.ErrorCallbackHandler.InvokeAsync[T](IExecutionContext executionContext)
   at Amazon.Runtime.Internal.MetricsHandler.InvokeAsync[T](IExecutionContext executionContext)
======================================================================

2026-05-21 15:20:20.2718 [ERROR] [NHI_AI_MedReportViewerWebApi.Services.NhiPatientImageService] [TraceID: 00-26b161159ed80ef6bdd7e106e84d8e09-e934ae9b1f150135-00]
  Event: 0
  Request: GET https://lcr-tp.nhi.gov.tw/api/NhiPatientImage/studies/1.2.840.95628289237023181203129147651793012853/series/1.2.840.15522917228832121867788198941815717572241/instances/1.2.840.401392747581166219213224620516719084121134/jpg 
  Message: 取得 DICOM 影像串流時發生錯誤
  Properties: RequestId=40000008-0006-fc00-b63f-84710c7967bb; RequestPath=/api/NhiPatientImage/studies/1.2.840.95628289237023181203129147651793012853/series/1.2.840.15522917228832121867788198941815717572241/instances/1.2.840.401392747581166219213224620516719084121134/jpg; ActionId=afe69f44-39db-425b-a965-4717546d0c6e; ActionName=NHI_AI_MedReportViewerWebApi.Controllers.NhiPatientImageController.GetImageScreenshotAsync (NHI-AI-MedReportViewerWebApi); StudyInstanceUid=1.2.840.95628289237023181203129147651793012853; SeriesInstanceUid=1.2.840.15522917228832121867788198941815717572241; SopInstanceUid=1.2.840.401392747581166219213224620516719084121134
  --- Exception ---
Amazon.S3.AmazonS3Exception: The specified key does not exist.
 ---> Amazon.Runtime.Internal.HttpErrorResponseException: Exception of type 'Amazon.Runtime.Internal.HttpErrorResponseException' was thrown.
   at Amazon.Runtime.HttpWebRequestMessage.ProcessHttpResponseMessage(HttpResponseMessage responseMessage)
   at Amazon.Runtime.HttpWebRequestMessage.GetResponseAsync(CancellationToken cancellationToken)
   at Amazon.Runtime.Internal.HttpHandler`1.InvokeAsync[T](IExecutionContext executionContext)
   at Amazon.Runtime.Internal.RedirectHandler.InvokeAsync[T](IExecutionContext executionContext)
   at Amazon.Runtime.Internal.Unmarshaller.InvokeAsync[T](IExecutionContext executionContext)
   at Amazon.S3.Internal.AmazonS3ResponseHandler.InvokeAsync[T](IExecutionContext executionContext)
   at Amazon.Runtime.Internal.ErrorHandler.InvokeAsync[T](IExecutionContext executionContext)
   --- End of inner exception stack trace ---
   at Amazon.Runtime.Internal.HttpErrorResponseExceptionHandler.HandleExceptionStream(IRequestContext requestContext, IWebResponseData httpErrorResponse, HttpErrorResponseException exception, Stream responseStream)
   at Amazon.Runtime.Internal.HttpErrorResponseExceptionHandler.HandleExceptionAsync(IExecutionContext executionContext, HttpErrorResponseException exception)
   at Amazon.Runtime.Internal.ExceptionHandler`1.HandleAsync(IExecutionContext executionContext, Exception exception)
   at Amazon.Runtime.Internal.ErrorHandler.ProcessExceptionAsync(IExecutionContext executionContext, Exception exception)
   at Amazon.Runtime.Internal.ErrorHandler.InvokeAsync[T](IExecutionContext executionContext)
   at Amazon.Runtime.Internal.CallbackHandler.InvokeAsync[T](IExecutionContext executionContext)
   at Amazon.Runtime.Internal.Signer.InvokeAsync[T](IExecutionContext executionContext)
   at Amazon.S3.Internal.S3Express.S3ExpressPreSigner.InvokeAsync[T](IExecutionContext executionContext)
   at Amazon.Runtime.Internal.EndpointDiscoveryHandler.InvokeAsync[T](IExecutionContext executionContext)
   at Amazon.Runtime.Internal.EndpointDiscoveryHandler.InvokeAsync[T](IExecutionContext executionContext)
   at Amazon.Runtime.Internal.CredentialsRetriever.InvokeAsync[T](IExecutionContext executionContext)
   at Amazon.Runtime.Internal.RetryHandler.InvokeAsync[T](IExecutionContext executionContext)
   at Amazon.Runtime.Internal.RetryHandler.InvokeAsync[T](IExecutionContext executionContext)
   at Amazon.Runtime.Internal.CallbackHandler.InvokeAsync[T](IExecutionContext executionContext)
   at Amazon.Runtime.Internal.CallbackHandler.InvokeAsync[T](IExecutionContext executionContext)
   at Amazon.S3.Internal.AmazonS3ExceptionHandler.InvokeAsync[T](IExecutionContext executionContext)
   at Amazon.Runtime.Internal.ErrorCallbackHandler.InvokeAsync[T](IExecutionContext executionContext)
   at Amazon.Runtime.Internal.MetricsHandler.InvokeAsync[T](IExecutionContext executionContext)
======================================================================

2026-05-21 15:20:20.2818 [ERROR] [NHI_AI_MedReportViewerWebApi.Services.NhiPatientImageService] [TraceID: 00-01060e8f6b28f31417ba87791873720d-ebbf9edbbdece5a6-00]
  Event: 0
  Request: GET https://lcr-tp.nhi.gov.tw/api/NhiPatientImage/studies/1.2.840.25117608923523578101231161936851828085/series/1.2.840.211941681108460115160221138240919221321384/instances/1.2.840.2211921183322322214326160692421211971102178/jpg 
  Message: 取得 DICOM 影像串流時發生錯誤
  Properties: RequestId=40000004-0006-f900-b63f-84710c7967bb; RequestPath=/api/NhiPatientImage/studies/1.2.840.25117608923523578101231161936851828085/series/1.2.840.211941681108460115160221138240919221321384/instances/1.2.840.2211921183322322214326160692421211971102178/jpg; ActionId=afe69f44-39db-425b-a965-4717546d0c6e; ActionName=NHI_AI_MedReportViewerWebApi.Controllers.NhiPatientImageController.GetImageScreenshotAsync (NHI-AI-MedReportViewerWebApi); StudyInstanceUid=1.2.840.25117608923523578101231161936851828085; SeriesInstanceUid=1.2.840.211941681108460115160221138240919221321384; SopInstanceUid=1.2.840.2211921183322322214326160692421211971102178
  --- Exception ---
Amazon.S3.AmazonS3Exception: The specified key does not exist.
 ---> Amazon.Runtime.Internal.HttpErrorResponseException: Exception of type 'Amazon.Runtime.Internal.HttpErrorResponseException' was thrown.
   at Amazon.Runtime.HttpWebRequestMessage.ProcessHttpResponseMessage(HttpResponseMessage responseMessage)
   at Amazon.Runtime.HttpWebRequestMessage.GetResponseAsync(CancellationToken cancellationToken)
   at Amazon.Runtime.Internal.HttpHandler`1.InvokeAsync[T](IExecutionContext executionContext)
   at Amazon.Runtime.Internal.RedirectHandler.InvokeAsync[T](IExecutionContext executionContext)
   at Amazon.Runtime.Internal.Unmarshaller.InvokeAsync[T](IExecutionContext executionContext)
   at Amazon.S3.Internal.AmazonS3ResponseHandler.InvokeAsync[T](IExecutionContext executionContext)
   at Amazon.Runtime.Internal.ErrorHandler.InvokeAsync[T](IExecutionContext executionContext)
   --- End of inner exception stack trace ---
   at Amazon.Runtime.Internal.HttpErrorResponseExceptionHandler.HandleExceptionStream(IRequestContext requestContext, IWebResponseData httpErrorResponse, HttpErrorResponseException exception, Stream responseStream)
   at Amazon.Runtime.Internal.HttpErrorResponseExceptionHandler.HandleExceptionAsync(IExecutionContext executionContext, HttpErrorResponseException exception)
   at Amazon.Runtime.Internal.ExceptionHandler`1.HandleAsync(IExecutionContext executionContext, Exception exception)
   at Amazon.Runtime.Internal.ErrorHandler.ProcessExceptionAsync(IExecutionContext executionContext, Exception exception)
   at Amazon.Runtime.Internal.ErrorHandler.InvokeAsync[T](IExecutionContext executionContext)
   at Amazon.Runtime.Internal.CallbackHandler.InvokeAsync[T](IExecutionContext executionContext)
   at Amazon.Runtime.Internal.Signer.InvokeAsync[T](IExecutionContext executionContext)
   at Amazon.S3.Internal.S3Express.S3ExpressPreSigner.InvokeAsync[T](IExecutionContext executionContext)
   at Amazon.Runtime.Internal.EndpointDiscoveryHandler.InvokeAsync[T](IExecutionContext executionContext)
   at Amazon.Runtime.Internal.EndpointDiscoveryHandler.InvokeAsync[T](IExecutionContext executionContext)
   at Amazon.Runtime.Internal.CredentialsRetriever.InvokeAsync[T](IExecutionContext executionContext)
   at Amazon.Runtime.Internal.RetryHandler.InvokeAsync[T](IExecutionContext executionContext)
   at Amazon.Runtime.Internal.RetryHandler.InvokeAsync[T](IExecutionContext executionContext)
   at Amazon.Runtime.Internal.CallbackHandler.InvokeAsync[T](IExecutionContext executionContext)
   at Amazon.Runtime.Internal.CallbackHandler.InvokeAsync[T](IExecutionContext executionContext)
   at Amazon.S3.Internal.AmazonS3ExceptionHandler.InvokeAsync[T](IExecutionContext executionContext)
   at Amazon.Runtime.Internal.ErrorCallbackHandler.InvokeAsync[T](IExecutionContext executionContext)
   at Amazon.Runtime.Internal.MetricsHandler.InvokeAsync[T](IExecutionContext executionContext)
======================================================================

2026-05-21 15:20:20.2818 [ERROR] [NHI_AI_MedReportViewerWebApi.Services.NhiPatientImageService] [TraceID: 00-c83fe4deab21e602429a19f3e3dfa658-cb03a91f0018b671-00]
  Event: 0
  Request: GET https://lcr-tp.nhi.gov.tw/api/NhiPatientImage/studies/1.2.840.25117608923523578101231161936851828085/series/1.2.840.211941681108460115160221138240919221321384/instances/1.2.840.203127233250801041609771223515116217522475/jpg 
  Message: 取得 DICOM 影像串流時發生錯誤
  Properties: RequestId=40000004-0006-fa00-b63f-84710c7967bb; RequestPath=/api/NhiPatientImage/studies/1.2.840.25117608923523578101231161936851828085/series/1.2.840.211941681108460115160221138240919221321384/instances/1.2.840.203127233250801041609771223515116217522475/jpg; ActionId=afe69f44-39db-425b-a965-4717546d0c6e; ActionName=NHI_AI_MedReportViewerWebApi.Controllers.NhiPatientImageController.GetImageScreenshotAsync (NHI-AI-MedReportViewerWebApi); StudyInstanceUid=1.2.840.25117608923523578101231161936851828085; SeriesInstanceUid=1.2.840.211941681108460115160221138240919221321384; SopInstanceUid=1.2.840.203127233250801041609771223515116217522475
  --- Exception ---
Amazon.S3.AmazonS3Exception: The specified key does not exist.
 ---> Amazon.Runtime.Internal.HttpErrorResponseException: Exception of type 'Amazon.Runtime.Internal.HttpErrorResponseException' was thrown.
   at Amazon.Runtime.HttpWebRequestMessage.ProcessHttpResponseMessage(HttpResponseMessage responseMessage)
   at Amazon.Runtime.HttpWebRequestMessage.GetResponseAsync(CancellationToken cancellationToken)
   at Amazon.Runtime.Internal.HttpHandler`1.InvokeAsync[T](IExecutionContext executionContext)
   at Amazon.Runtime.Internal.RedirectHandler.InvokeAsync[T](IExecutionContext executionContext)
   at Amazon.Runtime.Internal.Unmarshaller.InvokeAsync[T](IExecutionContext executionContext)
   at Amazon.S3.Internal.AmazonS3ResponseHandler.InvokeAsync[T](IExecutionContext executionContext)
   at Amazon.Runtime.Internal.ErrorHandler.InvokeAsync[T](IExecutionContext executionContext)
   --- End of inner exception stack trace ---
   at Amazon.Runtime.Internal.HttpErrorResponseExceptionHandler.HandleExceptionStream(IRequestContext requestContext, IWebResponseData httpErrorResponse, HttpErrorResponseException exception, Stream responseStream)
   at Amazon.Runtime.Internal.HttpErrorResponseExceptionHandler.HandleExceptionAsync(IExecutionContext executionContext, HttpErrorResponseException exception)
   at Amazon.Runtime.Internal.ExceptionHandler`1.HandleAsync(IExecutionContext executionContext, Exception exception)
   at Amazon.Runtime.Internal.ErrorHandler.ProcessExceptionAsync(IExecutionContext executionContext, Exception exception)
   at Amazon.Runtime.Internal.ErrorHandler.InvokeAsync[T](IExecutionContext executionContext)
   at Amazon.Runtime.Internal.CallbackHandler.InvokeAsync[T](IExecutionContext executionContext)
   at Amazon.Runtime.Internal.Signer.InvokeAsync[T](IExecutionContext executionContext)
   at Amazon.S3.Internal.S3Express.S3ExpressPreSigner.InvokeAsync[T](IExecutionContext executionContext)
   at Amazon.Runtime.Internal.EndpointDiscoveryHandler.InvokeAsync[T](IExecutionContext executionContext)
   at Amazon.Runtime.Internal.EndpointDiscoveryHandler.InvokeAsync[T](IExecutionContext executionContext)
   at Amazon.Runtime.Internal.CredentialsRetriever.InvokeAsync[T](IExecutionContext executionContext)
   at Amazon.Runtime.Internal.RetryHandler.InvokeAsync[T](IExecutionContext executionContext)
   at Amazon.Runtime.Internal.RetryHandler.InvokeAsync[T](IExecutionContext executionContext)
   at Amazon.Runtime.Internal.CallbackHandler.InvokeAsync[T](IExecutionContext executionContext)
   at Amazon.Runtime.Internal.CallbackHandler.InvokeAsync[T](IExecutionContext executionContext)
   at Amazon.S3.Internal.AmazonS3ExceptionHandler.InvokeAsync[T](IExecutionContext executionContext)
   at Amazon.Runtime.Internal.ErrorCallbackHandler.InvokeAsync[T](IExecutionContext executionContext)
   at Amazon.Runtime.Internal.MetricsHandler.InvokeAsync[T](IExecutionContext executionContext)
======================================================================

2026-05-21 15:20:20.3194 [ERROR] [NHI_AI_MedReportViewerWebApi.Services.NhiPatientImageService] [TraceID: 00-c101df6ebe1d8e6e0dfda10f5e885557-08e0760730384ed6-00]
  Event: 0
  Request: GET https://lcr-tp.nhi.gov.tw/api/NhiPatientImage/studies/1.2.840.14311817595127161161159179701024822483140199/series/1.2.840.2081181585538253120903422631829791115221/instances/1.2.840.2441781871703324220021480632358916319724163/jpg 
  Message: 取得 DICOM 影像串流時發生錯誤
  Properties: RequestId=40000024-0002-fc00-b63f-84710c7967bb; RequestPath=/api/NhiPatientImage/studies/1.2.840.14311817595127161161159179701024822483140199/series/1.2.840.2081181585538253120903422631829791115221/instances/1.2.840.2441781871703324220021480632358916319724163/jpg; ActionId=afe69f44-39db-425b-a965-4717546d0c6e; ActionName=NHI_AI_MedReportViewerWebApi.Controllers.NhiPatientImageController.GetImageScreenshotAsync (NHI-AI-MedReportViewerWebApi); StudyInstanceUid=1.2.840.14311817595127161161159179701024822483140199; SeriesInstanceUid=1.2.840.2081181585538253120903422631829791115221; SopInstanceUid=1.2.840.2441781871703324220021480632358916319724163
  --- Exception ---
Amazon.S3.AmazonS3Exception: The specified key does not exist.
 ---> Amazon.Runtime.Internal.HttpErrorResponseException: Exception of type 'Amazon.Runtime.Internal.HttpErrorResponseException' was thrown.
   at Amazon.Runtime.HttpWebRequestMessage.ProcessHttpResponseMessage(HttpResponseMessage responseMessage)
   at Amazon.Runtime.HttpWebRequestMessage.GetResponseAsync(CancellationToken cancellationToken)
   at Amazon.Runtime.Internal.HttpHandler`1.InvokeAsync[T](IExecutionContext executionContext)
   at Amazon.Runtime.Internal.RedirectHandler.InvokeAsync[T](IExecutionContext executionContext)
   at Amazon.Runtime.Internal.Unmarshaller.InvokeAsync[T](IExecutionContext executionContext)
   at Amazon.S3.Internal.AmazonS3ResponseHandler.InvokeAsync[T](IExecutionContext executionContext)
   at Amazon.Runtime.Internal.ErrorHandler.InvokeAsync[T](IExecutionContext executionContext)
   --- End of inner exception stack trace ---
   at Amazon.Runtime.Internal.HttpErrorResponseExceptionHandler.HandleExceptionStream(IRequestContext requestContext, IWebResponseData httpErrorResponse, HttpErrorResponseException exception, Stream responseStream)
   at Amazon.Runtime.Internal.HttpErrorResponseExceptionHandler.HandleExceptionAsync(IExecutionContext executionContext, HttpErrorResponseException exception)
   at Amazon.Runtime.Internal.ExceptionHandler`1.HandleAsync(IExecutionContext executionContext, Exception exception)
   at Amazon.Runtime.Internal.ErrorHandler.ProcessExceptionAsync(IExecutionContext executionContext, Exception exception)
   at Amazon.Runtime.Internal.ErrorHandler.InvokeAsync[T](IExecutionContext executionContext)
   at Amazon.Runtime.Internal.CallbackHandler.InvokeAsync[T](IExecutionContext executionContext)
   at Amazon.Runtime.Internal.Signer.InvokeAsync[T](IExecutionContext executionContext)
   at Amazon.S3.Internal.S3Express.S3ExpressPreSigner.InvokeAsync[T](IExecutionContext executionContext)
   at Amazon.Runtime.Internal.EndpointDiscoveryHandler.InvokeAsync[T](IExecutionContext executionContext)
   at Amazon.Runtime.Internal.EndpointDiscoveryHandler.InvokeAsync[T](IExecutionContext executionContext)
   at Amazon.Runtime.Internal.CredentialsRetriever.InvokeAsync[T](IExecutionContext executionContext)
   at Amazon.Runtime.Internal.RetryHandler.InvokeAsync[T](IExecutionContext executionContext)
   at Amazon.Runtime.Internal.RetryHandler.InvokeAsync[T](IExecutionContext executionContext)
   at Amazon.Runtime.Internal.CallbackHandler.InvokeAsync[T](IExecutionContext executionContext)
   at Amazon.Runtime.Internal.CallbackHandler.InvokeAsync[T](IExecutionContext executionContext)
   at Amazon.S3.Internal.AmazonS3ExceptionHandler.InvokeAsync[T](IExecutionContext executionContext)
   at Amazon.Runtime.Internal.ErrorCallbackHandler.InvokeAsync[T](IExecutionContext executionContext)
   at Amazon.Runtime.Internal.MetricsHandler.InvokeAsync[T](IExecutionContext executionContext)
======================================================================

2026-05-21 15:20:20.3354 [ERROR] [AIRS.Core.Common.LogForgingTools] [TraceID: 00-dde450733832b53ea0a08ee6887d21d8-ec595c83d834455b-00]
  Event: 0
  Request: GET https://lcr-tp.nhi.gov.tw/api/NhiPatientImage/studies/1.2.840.1831491181932115913426236105211231112230198234/series/1.2.840.194662179851015213741321381722223612923/instances/1.2.840.1763117124319615212510318787121752082224170/jpg 
  Message: 1779348020338 GetImage() 失敗，耗時 145 ms.
  Properties: RequestId=400003fd-0002-fe00-b63f-84710c7967bb; RequestPath=/api/NhiPatientImage/studies/1.2.840.1831491181932115913426236105211231112230198234/series/1.2.840.194662179851015213741321381722223612923/instances/1.2.840.1763117124319615212510318787121752082224170/jpg; ActionId=afe69f44-39db-425b-a965-4717546d0c6e; ActionName=NHI_AI_MedReportViewerWebApi.Controllers.NhiPatientImageController.GetImageScreenshotAsync (NHI-AI-MedReportViewerWebApi); StudyInstanceUid=1.2.840.1831491181932115913426236105211231112230198234; SeriesInstanceUid=1.2.840.194662179851015213741321381722223612923; SopInstanceUid=1.2.840.1763117124319615212510318787121752082224170
  --- Exception ---
Amazon.S3.AmazonS3Exception: The specified key does not exist.
 ---> Amazon.Runtime.Internal.HttpErrorResponseException: Exception of type 'Amazon.Runtime.Internal.HttpErrorResponseException' was thrown.
   at Amazon.Runtime.HttpWebRequestMessage.ProcessHttpResponseMessage(HttpResponseMessage responseMessage)
   at Amazon.Runtime.HttpWebRequestMessage.GetResponseAsync(CancellationToken cancellationToken)
   at Amazon.Runtime.Internal.HttpHandler`1.InvokeAsync[T](IExecutionContext executionContext)
   at Amazon.Runtime.Internal.RedirectHandler.InvokeAsync[T](IExecutionContext executionContext)
   at Amazon.Runtime.Internal.Unmarshaller.InvokeAsync[T](IExecutionContext executionContext)
   at Amazon.S3.Internal.AmazonS3ResponseHandler.InvokeAsync[T](IExecutionContext executionContext)
   at Amazon.Runtime.Internal.ErrorHandler.InvokeAsync[T](IExecutionContext executionContext)
   --- End of inner exception stack trace ---
   at Amazon.Runtime.Internal.HttpErrorResponseExceptionHandler.HandleExceptionStream(IRequestContext requestContext, IWebResponseData httpErrorResponse, HttpErrorResponseException exception, Stream responseStream)
   at Amazon.Runtime.Internal.HttpErrorResponseExceptionHandler.HandleExceptionAsync(IExecutionContext executionContext, HttpErrorResponseException exception)
   at Amazon.Runtime.Internal.ExceptionHandler`1.HandleAsync(IExecutionContext executionContext, Exception exception)
   at Amazon.Runtime.Internal.ErrorHandler.ProcessExceptionAsync(IExecutionContext executionContext, Exception exception)
   at Amazon.Runtime.Internal.ErrorHandler.InvokeAsync[T](IExecutionContext executionContext)
   at Amazon.Runtime.Internal.CallbackHandler.InvokeAsync[T](IExecutionContext executionContext)
   at Amazon.Runtime.Internal.Signer.InvokeAsync[T](IExecutionContext executionContext)
   at Amazon.S3.Internal.S3Express.S3ExpressPreSigner.InvokeAsync[T](IExecutionContext executionContext)
   at Amazon.Runtime.Internal.EndpointDiscoveryHandler.InvokeAsync[T](IExecutionContext executionContext)
   at Amazon.Runtime.Internal.EndpointDiscoveryHandler.InvokeAsync[T](IExecutionContext executionContext)
   at Amazon.Runtime.Internal.CredentialsRetriever.InvokeAsync[T](IExecutionContext executionContext)
   at Amazon.Runtime.Internal.RetryHandler.InvokeAsync[T](IExecutionContext executionContext)
   at Amazon.Runtime.Internal.RetryHandler.InvokeAsync[T](IExecutionContext executionContext)
   at Amazon.Runtime.Internal.CallbackHandler.InvokeAsync[T](IExecutionContext executionContext)
   at Amazon.Runtime.Internal.CallbackHandler.InvokeAsync[T](IExecutionContext executionContext)
   at Amazon.S3.Internal.AmazonS3ExceptionHandler.InvokeAsync[T](IExecutionContext executionContext)
   at Amazon.Runtime.Internal.ErrorCallbackHandler.InvokeAsync[T](IExecutionContext executionContext)
   at Amazon.Runtime.Internal.MetricsHandler.InvokeAsync[T](IExecutionContext executionContext)
======================================================================

2026-05-21 15:20:20.3354 [ERROR] [AIRS.Core.Common.LogForgingTools] [TraceID: 00-0746a49dfdc5f1b038b6900ebc7ffcf3-4f09a1cbe819f26e-00]
  Event: 0
  Request: GET https://lcr-tp.nhi.gov.tw/api/NhiPatientImage/studies/1.2.840.9910213721418325218772121021591791708761232/series/1.2.840.1718923156152311768923275322146219117393/instances/1.2.840.28205114487195201111819825012815415044161/jpg 
  Message: 1779348020339 GetImage() 失敗，耗時 124 ms.
  Properties: RequestId=40000004-0006-fd00-b63f-84710c7967bb; RequestPath=/api/NhiPatientImage/studies/1.2.840.9910213721418325218772121021591791708761232/series/1.2.840.1718923156152311768923275322146219117393/instances/1.2.840.28205114487195201111819825012815415044161/jpg; ActionId=afe69f44-39db-425b-a965-4717546d0c6e; ActionName=NHI_AI_MedReportViewerWebApi.Controllers.NhiPatientImageController.GetImageScreenshotAsync (NHI-AI-MedReportViewerWebApi); StudyInstanceUid=1.2.840.9910213721418325218772121021591791708761232; SeriesInstanceUid=1.2.840.1718923156152311768923275322146219117393; SopInstanceUid=1.2.840.28205114487195201111819825012815415044161
  --- Exception ---
Amazon.S3.AmazonS3Exception: The specified key does not exist.
 ---> Amazon.Runtime.Internal.HttpErrorResponseException: Exception of type 'Amazon.Runtime.Internal.HttpErrorResponseException' was thrown.
   at Amazon.Runtime.HttpWebRequestMessage.ProcessHttpResponseMessage(HttpResponseMessage responseMessage)
   at Amazon.Runtime.HttpWebRequestMessage.GetResponseAsync(CancellationToken cancellationToken)
   at Amazon.Runtime.Internal.HttpHandler`1.InvokeAsync[T](IExecutionContext executionContext)
   at Amazon.Runtime.Internal.RedirectHandler.InvokeAsync[T](IExecutionContext executionContext)
   at Amazon.Runtime.Internal.Unmarshaller.InvokeAsync[T](IExecutionContext executionContext)
   at Amazon.S3.Internal.AmazonS3ResponseHandler.InvokeAsync[T](IExecutionContext executionContext)
   at Amazon.Runtime.Internal.ErrorHandler.InvokeAsync[T](IExecutionContext executionContext)
   --- End of inner exception stack trace ---
   at Amazon.Runtime.Internal.HttpErrorResponseExceptionHandler.HandleExceptionStream(IRequestContext requestContext, IWebResponseData httpErrorResponse, HttpErrorResponseException exception, Stream responseStream)
   at Amazon.Runtime.Internal.HttpErrorResponseExceptionHandler.HandleExceptionAsync(IExecutionContext executionContext, HttpErrorResponseException exception)
   at Amazon.Runtime.Internal.ExceptionHandler`1.HandleAsync(IExecutionContext executionContext, Exception exception)
   at Amazon.Runtime.Internal.ErrorHandler.ProcessExceptionAsync(IExecutionContext executionContext, Exception exception)
   at Amazon.Runtime.Internal.ErrorHandler.InvokeAsync[T](IExecutionContext executionContext)
   at Amazon.Runtime.Internal.CallbackHandler.InvokeAsync[T](IExecutionContext executionContext)
   at Amazon.Runtime.Internal.Signer.InvokeAsync[T](IExecutionContext executionContext)
   at Amazon.S3.Internal.S3Express.S3ExpressPreSigner.InvokeAsync[T](IExecutionContext executionContext)
   at Amazon.Runtime.Internal.EndpointDiscoveryHandler.InvokeAsync[T](IExecutionContext executionContext)
   at Amazon.Runtime.Internal.EndpointDiscoveryHandler.InvokeAsync[T](IExecutionContext executionContext)
   at Amazon.Runtime.Internal.CredentialsRetriever.InvokeAsync[T](IExecutionContext executionContext)
   at Amazon.Runtime.Internal.RetryHandler.InvokeAsync[T](IExecutionContext executionContext)
   at Amazon.Runtime.Internal.RetryHandler.InvokeAsync[T](IExecutionContext executionContext)
   at Amazon.Runtime.Internal.CallbackHandler.InvokeAsync[T](IExecutionContext executionContext)
   at Amazon.Runtime.Internal.CallbackHandler.InvokeAsync[T](IExecutionContext executionContext)
   at Amazon.S3.Internal.AmazonS3ExceptionHandler.InvokeAsync[T](IExecutionContext executionContext)
   at Amazon.Runtime.Internal.ErrorCallbackHandler.InvokeAsync[T](IExecutionContext executionContext)
   at Amazon.Runtime.Internal.MetricsHandler.InvokeAsync[T](IExecutionContext executionContext)
======================================================================

2026-05-21 15:20:20.4641 [ERROR] [NHI_AI_MedReportViewerWebApi.Services.NhiPatientImageService] [TraceID: 00-dde450733832b53ea0a08ee6887d21d8-ec595c83d834455b-00]
  Event: 0
  Request: GET https://lcr-tp.nhi.gov.tw/api/NhiPatientImage/studies/1.2.840.1831491181932115913426236105211231112230198234/series/1.2.840.194662179851015213741321381722223612923/instances/1.2.840.1763117124319615212510318787121752082224170/jpg 
  Message: 取得 DICOM 影像串流時發生錯誤
  Properties: RequestId=400003fd-0002-fe00-b63f-84710c7967bb; RequestPath=/api/NhiPatientImage/studies/1.2.840.1831491181932115913426236105211231112230198234/series/1.2.840.194662179851015213741321381722223612923/instances/1.2.840.1763117124319615212510318787121752082224170/jpg; ActionId=afe69f44-39db-425b-a965-4717546d0c6e; ActionName=NHI_AI_MedReportViewerWebApi.Controllers.NhiPatientImageController.GetImageScreenshotAsync (NHI-AI-MedReportViewerWebApi); StudyInstanceUid=1.2.840.1831491181932115913426236105211231112230198234; SeriesInstanceUid=1.2.840.194662179851015213741321381722223612923; SopInstanceUid=1.2.840.1763117124319615212510318787121752082224170
  --- Exception ---
Amazon.S3.AmazonS3Exception: The specified key does not exist.
 ---> Amazon.Runtime.Internal.HttpErrorResponseException: Exception of type 'Amazon.Runtime.Internal.HttpErrorResponseException' was thrown.
   at Amazon.Runtime.HttpWebRequestMessage.ProcessHttpResponseMessage(HttpResponseMessage responseMessage)
   at Amazon.Runtime.HttpWebRequestMessage.GetResponseAsync(CancellationToken cancellationToken)
   at Amazon.Runtime.Internal.HttpHandler`1.InvokeAsync[T](IExecutionContext executionContext)
   at Amazon.Runtime.Internal.RedirectHandler.InvokeAsync[T](IExecutionContext executionContext)
   at Amazon.Runtime.Internal.Unmarshaller.InvokeAsync[T](IExecutionContext executionContext)
   at Amazon.S3.Internal.AmazonS3ResponseHandler.InvokeAsync[T](IExecutionContext executionContext)
   at Amazon.Runtime.Internal.ErrorHandler.InvokeAsync[T](IExecutionContext executionContext)
   --- End of inner exception stack trace ---
   at Amazon.Runtime.Internal.HttpErrorResponseExceptionHandler.HandleExceptionStream(IRequestContext requestContext, IWebResponseData httpErrorResponse, HttpErrorResponseException exception, Stream responseStream)
   at Amazon.Runtime.Internal.HttpErrorResponseExceptionHandler.HandleExceptionAsync(IExecutionContext executionContext, HttpErrorResponseException exception)
   at Amazon.Runtime.Internal.ExceptionHandler`1.HandleAsync(IExecutionContext executionContext, Exception exception)
   at Amazon.Runtime.Internal.ErrorHandler.ProcessExceptionAsync(IExecutionContext executionContext, Exception exception)
   at Amazon.Runtime.Internal.ErrorHandler.InvokeAsync[T](IExecutionContext executionContext)
   at Amazon.Runtime.Internal.CallbackHandler.InvokeAsync[T](IExecutionContext executionContext)
   at Amazon.Runtime.Internal.Signer.InvokeAsync[T](IExecutionContext executionContext)
   at Amazon.S3.Internal.S3Express.S3ExpressPreSigner.InvokeAsync[T](IExecutionContext executionContext)
   at Amazon.Runtime.Internal.EndpointDiscoveryHandler.InvokeAsync[T](IExecutionContext executionContext)
   at Amazon.Runtime.Internal.EndpointDiscoveryHandler.InvokeAsync[T](IExecutionContext executionContext)
   at Amazon.Runtime.Internal.CredentialsRetriever.InvokeAsync[T](IExecutionContext executionContext)
   at Amazon.Runtime.Internal.RetryHandler.InvokeAsync[T](IExecutionContext executionContext)
   at Amazon.Runtime.Internal.RetryHandler.InvokeAsync[T](IExecutionContext executionContext)
   at Amazon.Runtime.Internal.CallbackHandler.InvokeAsync[T](IExecutionContext executionContext)
   at Amazon.Runtime.Internal.CallbackHandler.InvokeAsync[T](IExecutionContext executionContext)
   at Amazon.S3.Internal.AmazonS3ExceptionHandler.InvokeAsync[T](IExecutionContext executionContext)
   at Amazon.Runtime.Internal.ErrorCallbackHandler.InvokeAsync[T](IExecutionContext executionContext)
   at Amazon.Runtime.Internal.MetricsHandler.InvokeAsync[T](IExecutionContext executionContext)
======================================================================

2026-05-21 15:20:20.4754 [ERROR] [NHI_AI_MedReportViewerWebApi.Services.NhiPatientImageService] [TraceID: 00-0746a49dfdc5f1b038b6900ebc7ffcf3-4f09a1cbe819f26e-00]
  Event: 0
  Request: GET https://lcr-tp.nhi.gov.tw/api/NhiPatientImage/studies/1.2.840.9910213721418325218772121021591791708761232/series/1.2.840.1718923156152311768923275322146219117393/instances/1.2.840.28205114487195201111819825012815415044161/jpg 
  Message: 取得 DICOM 影像串流時發生錯誤
  Properties: RequestId=40000004-0006-fd00-b63f-84710c7967bb; RequestPath=/api/NhiPatientImage/studies/1.2.840.9910213721418325218772121021591791708761232/series/1.2.840.1718923156152311768923275322146219117393/instances/1.2.840.28205114487195201111819825012815415044161/jpg; ActionId=afe69f44-39db-425b-a965-4717546d0c6e; ActionName=NHI_AI_MedReportViewerWebApi.Controllers.NhiPatientImageController.GetImageScreenshotAsync (NHI-AI-MedReportViewerWebApi); StudyInstanceUid=1.2.840.9910213721418325218772121021591791708761232; SeriesInstanceUid=1.2.840.1718923156152311768923275322146219117393; SopInstanceUid=1.2.840.28205114487195201111819825012815415044161
  --- Exception ---
Amazon.S3.AmazonS3Exception: The specified key does not exist.
 ---> Amazon.Runtime.Internal.HttpErrorResponseException: Exception of type 'Amazon.Runtime.Internal.HttpErrorResponseException' was thrown.
   at Amazon.Runtime.HttpWebRequestMessage.ProcessHttpResponseMessage(HttpResponseMessage responseMessage)
   at Amazon.Runtime.HttpWebRequestMessage.GetResponseAsync(CancellationToken cancellationToken)
   at Amazon.Runtime.Internal.HttpHandler`1.InvokeAsync[T](IExecutionContext executionContext)
   at Amazon.Runtime.Internal.RedirectHandler.InvokeAsync[T](IExecutionContext executionContext)
   at Amazon.Runtime.Internal.Unmarshaller.InvokeAsync[T](IExecutionContext executionContext)
   at Amazon.S3.Internal.AmazonS3ResponseHandler.InvokeAsync[T](IExecutionContext executionContext)
   at Amazon.Runtime.Internal.ErrorHandler.InvokeAsync[T](IExecutionContext executionContext)
   --- End of inner exception stack trace ---
   at Amazon.Runtime.Internal.HttpErrorResponseExceptionHandler.HandleExceptionStream(IRequestContext requestContext, IWebResponseData httpErrorResponse, HttpErrorResponseException exception, Stream responseStream)
   at Amazon.Runtime.Internal.HttpErrorResponseExceptionHandler.HandleExceptionAsync(IExecutionContext executionContext, HttpErrorResponseException exception)
   at Amazon.Runtime.Internal.ExceptionHandler`1.HandleAsync(IExecutionContext executionContext, Exception exception)
   at Amazon.Runtime.Internal.ErrorHandler.ProcessExceptionAsync(IExecutionContext executionContext, Exception exception)
   at Amazon.Runtime.Internal.ErrorHandler.InvokeAsync[T](IExecutionContext executionContext)
   at Amazon.Runtime.Internal.CallbackHandler.InvokeAsync[T](IExecutionContext executionContext)
   at Amazon.Runtime.Internal.Signer.InvokeAsync[T](IExecutionContext executionContext)
   at Amazon.S3.Internal.S3Express.S3ExpressPreSigner.InvokeAsync[T](IExecutionContext executionContext)
   at Amazon.Runtime.Internal.EndpointDiscoveryHandler.InvokeAsync[T](IExecutionContext executionContext)
   at Amazon.Runtime.Internal.EndpointDiscoveryHandler.InvokeAsync[T](IExecutionContext executionContext)
   at Amazon.Runtime.Internal.CredentialsRetriever.InvokeAsync[T](IExecutionContext executionContext)
   at Amazon.Runtime.Internal.RetryHandler.InvokeAsync[T](IExecutionContext executionContext)
   at Amazon.Runtime.Internal.RetryHandler.InvokeAsync[T](IExecutionContext executionContext)
   at Amazon.Runtime.Internal.CallbackHandler.InvokeAsync[T](IExecutionContext executionContext)
   at Amazon.Runtime.Internal.CallbackHandler.InvokeAsync[T](IExecutionContext executionContext)
   at Amazon.S3.Internal.AmazonS3ExceptionHandler.InvokeAsync[T](IExecutionContext executionContext)
   at Amazon.Runtime.Internal.ErrorCallbackHandler.InvokeAsync[T](IExecutionContext executionContext)
   at Amazon.Runtime.Internal.MetricsHandler.InvokeAsync[T](IExecutionContext executionContext)
======================================================================

2026-05-21 15:20:20.5153 [ERROR] [AIRS.Core.Common.LogForgingTools] [TraceID: 00-0290c5b3be43a477398400728b7e7dd6-78b46ad465d2c112-00]
  Event: 0
  Request: GET https://lcr-tp.nhi.gov.tw/api/NhiPatientImage/studies/1.2.840.188572451371712516215324230991522013712160/series/1.2.840.15231983789204947410611712199214759128/instances/1.2.840.1651296425160252831339722628927020221736/jpg 
  Message: 1779348020528 GetImage() 失敗，耗時 192 ms.
  Properties: RequestId=4000000b-0002-fd00-b63f-84710c7967bb; RequestPath=/api/NhiPatientImage/studies/1.2.840.188572451371712516215324230991522013712160/series/1.2.840.15231983789204947410611712199214759128/instances/1.2.840.1651296425160252831339722628927020221736/jpg; ActionId=afe69f44-39db-425b-a965-4717546d0c6e; ActionName=NHI_AI_MedReportViewerWebApi.Controllers.NhiPatientImageController.GetImageScreenshotAsync (NHI-AI-MedReportViewerWebApi); StudyInstanceUid=1.2.840.188572451371712516215324230991522013712160; SeriesInstanceUid=1.2.840.15231983789204947410611712199214759128; SopInstanceUid=1.2.840.1651296425160252831339722628927020221736
  --- Exception ---
Amazon.S3.AmazonS3Exception: The specified key does not exist.
 ---> Amazon.Runtime.Internal.HttpErrorResponseException: Exception of type 'Amazon.Runtime.Internal.HttpErrorResponseException' was thrown.
   at Amazon.Runtime.HttpWebRequestMessage.ProcessHttpResponseMessage(HttpResponseMessage responseMessage)
   at Amazon.Runtime.HttpWebRequestMessage.GetResponseAsync(CancellationToken cancellationToken)
   at Amazon.Runtime.Internal.HttpHandler`1.InvokeAsync[T](IExecutionContext executionContext)
   at Amazon.Runtime.Internal.RedirectHandler.InvokeAsync[T](IExecutionContext executionContext)
   at Amazon.Runtime.Internal.Unmarshaller.InvokeAsync[T](IExecutionContext executionContext)
   at Amazon.S3.Internal.AmazonS3ResponseHandler.InvokeAsync[T](IExecutionContext executionContext)
   at Amazon.Runtime.Internal.ErrorHandler.InvokeAsync[T](IExecutionContext executionContext)
   --- End of inner exception stack trace ---
   at Amazon.Runtime.Internal.HttpErrorResponseExceptionHandler.HandleExceptionStream(IRequestContext requestContext, IWebResponseData httpErrorResponse, HttpErrorResponseException exception, Stream responseStream)
   at Amazon.Runtime.Internal.HttpErrorResponseExceptionHandler.HandleExceptionAsync(IExecutionContext executionContext, HttpErrorResponseException exception)
   at Amazon.Runtime.Internal.ExceptionHandler`1.HandleAsync(IExecutionContext executionContext, Exception exception)
   at Amazon.Runtime.Internal.ErrorHandler.ProcessExceptionAsync(IExecutionContext executionContext, Exception exception)
   at Amazon.Runtime.Internal.ErrorHandler.InvokeAsync[T](IExecutionContext executionContext)
   at Amazon.Runtime.Internal.CallbackHandler.InvokeAsync[T](IExecutionContext executionContext)
   at Amazon.Runtime.Internal.Signer.InvokeAsync[T](IExecutionContext executionContext)
   at Amazon.S3.Internal.S3Express.S3ExpressPreSigner.InvokeAsync[T](IExecutionContext executionContext)
   at Amazon.Runtime.Internal.EndpointDiscoveryHandler.InvokeAsync[T](IExecutionContext executionContext)
   at Amazon.Runtime.Internal.EndpointDiscoveryHandler.InvokeAsync[T](IExecutionContext executionContext)
   at Amazon.Runtime.Internal.CredentialsRetriever.InvokeAsync[T](IExecutionContext executionContext)
   at Amazon.Runtime.Internal.RetryHandler.InvokeAsync[T](IExecutionContext executionContext)
   at Amazon.Runtime.Internal.RetryHandler.InvokeAsync[T](IExecutionContext executionContext)
   at Amazon.Runtime.Internal.CallbackHandler.InvokeAsync[T](IExecutionContext executionContext)
   at Amazon.Runtime.Internal.CallbackHandler.InvokeAsync[T](IExecutionContext executionContext)
   at Amazon.S3.Internal.AmazonS3ExceptionHandler.InvokeAsync[T](IExecutionContext executionContext)
   at Amazon.Runtime.Internal.ErrorCallbackHandler.InvokeAsync[T](IExecutionContext executionContext)
   at Amazon.Runtime.Internal.MetricsHandler.InvokeAsync[T](IExecutionContext executionContext)
======================================================================

2026-05-21 15:20:20.5153 [ERROR] [AIRS.Core.Common.LogForgingTools] [TraceID: 00-e93937ff0eb22216ad6c1c41550d439a-5ddd59673f315a10-00]
  Event: 0
  Request: GET https://lcr-tp.nhi.gov.tw/api/NhiPatientImage/studies/1.2.840.1831491181932115913426236105211231112230198234/series/1.2.840.194662179851015213741321381722223612923/instances/1.2.840.1556415613457171655548642410420286244166/jpg 
  Message: 1779348020529 GetImage() 失敗，耗時 122 ms.
  Properties: RequestId=40000004-0002-f500-b63f-84710c7967bb; RequestPath=/api/NhiPatientImage/studies/1.2.840.1831491181932115913426236105211231112230198234/series/1.2.840.194662179851015213741321381722223612923/instances/1.2.840.1556415613457171655548642410420286244166/jpg; ActionId=afe69f44-39db-425b-a965-4717546d0c6e; ActionName=NHI_AI_MedReportViewerWebApi.Controllers.NhiPatientImageController.GetImageScreenshotAsync (NHI-AI-MedReportViewerWebApi); StudyInstanceUid=1.2.840.1831491181932115913426236105211231112230198234; SeriesInstanceUid=1.2.840.194662179851015213741321381722223612923; SopInstanceUid=1.2.840.1556415613457171655548642410420286244166
  --- Exception ---
Amazon.S3.AmazonS3Exception: The specified key does not exist.
 ---> Amazon.Runtime.Internal.HttpErrorResponseException: Exception of type 'Amazon.Runtime.Internal.HttpErrorResponseException' was thrown.
   at Amazon.Runtime.HttpWebRequestMessage.ProcessHttpResponseMessage(HttpResponseMessage responseMessage)
   at Amazon.Runtime.HttpWebRequestMessage.GetResponseAsync(CancellationToken cancellationToken)
   at Amazon.Runtime.Internal.HttpHandler`1.InvokeAsync[T](IExecutionContext executionContext)
   at Amazon.Runtime.Internal.RedirectHandler.InvokeAsync[T](IExecutionContext executionContext)
   at Amazon.Runtime.Internal.Unmarshaller.InvokeAsync[T](IExecutionContext executionContext)
   at Amazon.S3.Internal.AmazonS3ResponseHandler.InvokeAsync[T](IExecutionContext executionContext)
   at Amazon.Runtime.Internal.ErrorHandler.InvokeAsync[T](IExecutionContext executionContext)
   --- End of inner exception stack trace ---
   at Amazon.Runtime.Internal.HttpErrorResponseExceptionHandler.HandleExceptionStream(IRequestContext requestContext, IWebResponseData httpErrorResponse, HttpErrorResponseException exception, Stream responseStream)
   at Amazon.Runtime.Internal.HttpErrorResponseExceptionHandler.HandleExceptionAsync(IExecutionContext executionContext, HttpErrorResponseException exception)
   at Amazon.Runtime.Internal.ExceptionHandler`1.HandleAsync(IExecutionContext executionContext, Exception exception)
   at Amazon.Runtime.Internal.ErrorHandler.ProcessExceptionAsync(IExecutionContext executionContext, Exception exception)
   at Amazon.Runtime.Internal.ErrorHandler.InvokeAsync[T](IExecutionContext executionContext)
   at Amazon.Runtime.Internal.CallbackHandler.InvokeAsync[T](IExecutionContext executionContext)
   at Amazon.Runtime.Internal.Signer.InvokeAsync[T](IExecutionContext executionContext)
   at Amazon.S3.Internal.S3Express.S3ExpressPreSigner.InvokeAsync[T](IExecutionContext executionContext)
   at Amazon.Runtime.Internal.EndpointDiscoveryHandler.InvokeAsync[T](IExecutionContext executionContext)
   at Amazon.Runtime.Internal.EndpointDiscoveryHandler.InvokeAsync[T](IExecutionContext executionContext)
   at Amazon.Runtime.Internal.CredentialsRetriever.InvokeAsync[T](IExecutionContext executionContext)
   at Amazon.Runtime.Internal.RetryHandler.InvokeAsync[T](IExecutionContext executionContext)
   at Amazon.Runtime.Internal.RetryHandler.InvokeAsync[T](IExecutionContext executionContext)
   at Amazon.Runtime.Internal.CallbackHandler.InvokeAsync[T](IExecutionContext executionContext)
   at Amazon.Runtime.Internal.CallbackHandler.InvokeAsync[T](IExecutionContext executionContext)
   at Amazon.S3.Internal.AmazonS3ExceptionHandler.InvokeAsync[T](IExecutionContext executionContext)
   at Amazon.Runtime.Internal.ErrorCallbackHandler.InvokeAsync[T](IExecutionContext executionContext)
   at Amazon.Runtime.Internal.MetricsHandler.InvokeAsync[T](IExecutionContext executionContext)
======================================================================

2026-05-21 15:20:20.6447 [ERROR] [NHI_AI_MedReportViewerWebApi.Services.NhiPatientImageService] [TraceID: 00-0290c5b3be43a477398400728b7e7dd6-78b46ad465d2c112-00]
  Event: 0
  Request: GET https://lcr-tp.nhi.gov.tw/api/NhiPatientImage/studies/1.2.840.188572451371712516215324230991522013712160/series/1.2.840.15231983789204947410611712199214759128/instances/1.2.840.1651296425160252831339722628927020221736/jpg 
  Message: 取得 DICOM 影像串流時發生錯誤
  Properties: RequestId=4000000b-0002-fd00-b63f-84710c7967bb; RequestPath=/api/NhiPatientImage/studies/1.2.840.188572451371712516215324230991522013712160/series/1.2.840.15231983789204947410611712199214759128/instances/1.2.840.1651296425160252831339722628927020221736/jpg; ActionId=afe69f44-39db-425b-a965-4717546d0c6e; ActionName=NHI_AI_MedReportViewerWebApi.Controllers.NhiPatientImageController.GetImageScreenshotAsync (NHI-AI-MedReportViewerWebApi); StudyInstanceUid=1.2.840.188572451371712516215324230991522013712160; SeriesInstanceUid=1.2.840.15231983789204947410611712199214759128; SopInstanceUid=1.2.840.1651296425160252831339722628927020221736
  --- Exception ---
Amazon.S3.AmazonS3Exception: The specified key does not exist.
 ---> Amazon.Runtime.Internal.HttpErrorResponseException: Exception of type 'Amazon.Runtime.Internal.HttpErrorResponseException' was thrown.
   at Amazon.Runtime.HttpWebRequestMessage.ProcessHttpResponseMessage(HttpResponseMessage responseMessage)
   at Amazon.Runtime.HttpWebRequestMessage.GetResponseAsync(CancellationToken cancellationToken)
   at Amazon.Runtime.Internal.HttpHandler`1.InvokeAsync[T](IExecutionContext executionContext)
   at Amazon.Runtime.Internal.RedirectHandler.InvokeAsync[T](IExecutionContext executionContext)
   at Amazon.Runtime.Internal.Unmarshaller.InvokeAsync[T](IExecutionContext executionContext)
   at Amazon.S3.Internal.AmazonS3ResponseHandler.InvokeAsync[T](IExecutionContext executionContext)
   at Amazon.Runtime.Internal.ErrorHandler.InvokeAsync[T](IExecutionContext executionContext)
   --- End of inner exception stack trace ---
   at Amazon.Runtime.Internal.HttpErrorResponseExceptionHandler.HandleExceptionStream(IRequestContext requestContext, IWebResponseData httpErrorResponse, HttpErrorResponseException exception, Stream responseStream)
   at Amazon.Runtime.Internal.HttpErrorResponseExceptionHandler.HandleExceptionAsync(IExecutionContext executionContext, HttpErrorResponseException exception)
   at Amazon.Runtime.Internal.ExceptionHandler`1.HandleAsync(IExecutionContext executionContext, Exception exception)
   at Amazon.Runtime.Internal.ErrorHandler.ProcessExceptionAsync(IExecutionContext executionContext, Exception exception)
   at Amazon.Runtime.Internal.ErrorHandler.InvokeAsync[T](IExecutionContext executionContext)
   at Amazon.Runtime.Internal.CallbackHandler.InvokeAsync[T](IExecutionContext executionContext)
   at Amazon.Runtime.Internal.Signer.InvokeAsync[T](IExecutionContext executionContext)
   at Amazon.S3.Internal.S3Express.S3ExpressPreSigner.InvokeAsync[T](IExecutionContext executionContext)
   at Amazon.Runtime.Internal.EndpointDiscoveryHandler.InvokeAsync[T](IExecutionContext executionContext)
   at Amazon.Runtime.Internal.EndpointDiscoveryHandler.InvokeAsync[T](IExecutionContext executionContext)
   at Amazon.Runtime.Internal.CredentialsRetriever.InvokeAsync[T](IExecutionContext executionContext)
   at Amazon.Runtime.Internal.RetryHandler.InvokeAsync[T](IExecutionContext executionContext)
   at Amazon.Runtime.Internal.RetryHandler.InvokeAsync[T](IExecutionContext executionContext)
   at Amazon.Runtime.Internal.CallbackHandler.InvokeAsync[T](IExecutionContext executionContext)
   at Amazon.Runtime.Internal.CallbackHandler.InvokeAsync[T](IExecutionContext executionContext)
   at Amazon.S3.Internal.AmazonS3ExceptionHandler.InvokeAsync[T](IExecutionContext executionContext)
   at Amazon.Runtime.Internal.ErrorCallbackHandler.InvokeAsync[T](IExecutionContext executionContext)
   at Amazon.Runtime.Internal.MetricsHandler.InvokeAsync[T](IExecutionContext executionContext)
======================================================================

2026-05-21 15:20:20.6447 [ERROR] [NHI_AI_MedReportViewerWebApi.Services.NhiPatientImageService] [TraceID: 00-e93937ff0eb22216ad6c1c41550d439a-5ddd59673f315a10-00]
  Event: 0
  Request: GET https://lcr-tp.nhi.gov.tw/api/NhiPatientImage/studies/1.2.840.1831491181932115913426236105211231112230198234/series/1.2.840.194662179851015213741321381722223612923/instances/1.2.840.1556415613457171655548642410420286244166/jpg 
  Message: 取得 DICOM 影像串流時發生錯誤
  Properties: RequestId=40000004-0002-f500-b63f-84710c7967bb; RequestPath=/api/NhiPatientImage/studies/1.2.840.1831491181932115913426236105211231112230198234/series/1.2.840.194662179851015213741321381722223612923/instances/1.2.840.1556415613457171655548642410420286244166/jpg; ActionId=afe69f44-39db-425b-a965-4717546d0c6e; ActionName=NHI_AI_MedReportViewerWebApi.Controllers.NhiPatientImageController.GetImageScreenshotAsync (NHI-AI-MedReportViewerWebApi); StudyInstanceUid=1.2.840.1831491181932115913426236105211231112230198234; SeriesInstanceUid=1.2.840.194662179851015213741321381722223612923; SopInstanceUid=1.2.840.1556415613457171655548642410420286244166
  --- Exception ---
Amazon.S3.AmazonS3Exception: The specified key does not exist.
 ---> Amazon.Runtime.Internal.HttpErrorResponseException: Exception of type 'Amazon.Runtime.Internal.HttpErrorResponseException' was thrown.
   at Amazon.Runtime.HttpWebRequestMessage.ProcessHttpResponseMessage(HttpResponseMessage responseMessage)
   at Amazon.Runtime.HttpWebRequestMessage.GetResponseAsync(CancellationToken cancellationToken)
   at Amazon.Runtime.Internal.HttpHandler`1.InvokeAsync[T](IExecutionContext executionContext)
   at Amazon.Runtime.Internal.RedirectHandler.InvokeAsync[T](IExecutionContext executionContext)
   at Amazon.Runtime.Internal.Unmarshaller.InvokeAsync[T](IExecutionContext executionContext)
   at Amazon.S3.Internal.AmazonS3ResponseHandler.InvokeAsync[T](IExecutionContext executionContext)
   at Amazon.Runtime.Internal.ErrorHandler.InvokeAsync[T](IExecutionContext executionContext)
   --- End of inner exception stack trace ---
   at Amazon.Runtime.Internal.HttpErrorResponseExceptionHandler.HandleExceptionStream(IRequestContext requestContext, IWebResponseData httpErrorResponse, HttpErrorResponseException exception, Stream responseStream)
   at Amazon.Runtime.Internal.HttpErrorResponseExceptionHandler.HandleExceptionAsync(IExecutionContext executionContext, HttpErrorResponseException exception)
   at Amazon.Runtime.Internal.ExceptionHandler`1.HandleAsync(IExecutionContext executionContext, Exception exception)
   at Amazon.Runtime.Internal.ErrorHandler.ProcessExceptionAsync(IExecutionContext executionContext, Exception exception)
   at Amazon.Runtime.Internal.ErrorHandler.InvokeAsync[T](IExecutionContext executionContext)
   at Amazon.Runtime.Internal.CallbackHandler.InvokeAsync[T](IExecutionContext executionContext)
   at Amazon.Runtime.Internal.Signer.InvokeAsync[T](IExecutionContext executionContext)
   at Amazon.S3.Internal.S3Express.S3ExpressPreSigner.InvokeAsync[T](IExecutionContext executionContext)
   at Amazon.Runtime.Internal.EndpointDiscoveryHandler.InvokeAsync[T](IExecutionContext executionContext)
   at Amazon.Runtime.Internal.EndpointDiscoveryHandler.InvokeAsync[T](IExecutionContext executionContext)
   at Amazon.Runtime.Internal.CredentialsRetriever.InvokeAsync[T](IExecutionContext executionContext)
   at Amazon.Runtime.Internal.RetryHandler.InvokeAsync[T](IExecutionContext executionContext)
   at Amazon.Runtime.Internal.RetryHandler.InvokeAsync[T](IExecutionContext executionContext)
   at Amazon.Runtime.Internal.CallbackHandler.InvokeAsync[T](IExecutionContext executionContext)
   at Amazon.Runtime.Internal.CallbackHandler.InvokeAsync[T](IExecutionContext executionContext)
   at Amazon.S3.Internal.AmazonS3ExceptionHandler.InvokeAsync[T](IExecutionContext executionContext)
   at Amazon.Runtime.Internal.ErrorCallbackHandler.InvokeAsync[T](IExecutionContext executionContext)
   at Amazon.Runtime.Internal.MetricsHandler.InvokeAsync[T](IExecutionContext executionContext)
======================================================================

