2026-05-21 00:10:40.3560 [ERROR] [Microsoft.Extensions.Diagnostics.HealthChecks.DefaultHealthCheckService] [TraceID: 00-d77442d52dd34ec59251daa8cfe62247-4131153068d83657-00]
  Event: 0
  Request: GET https://10.1.72.35/health 
  Message: Health check 正式_OracleDB with status Unhealthy completed after 18980.1783ms with message '(null)'
  Properties: HealthCheckName=正式_OracleDB; HealthStatus=Unhealthy; ElapsedMilliseconds=18980.1783; EventId=103; EventName=HealthCheckEnd; RequestId=4000021c-0002-ff00-b63f-84710c7967bb; RequestPath=/health; HealthCheckName=正式_OracleDB
  --- Exception ---
System.Threading.Tasks.TaskCanceledException: A task was canceled.
   at HealthChecks.Oracle.OracleHealthCheck.CheckHealthAsync(HealthCheckContext context, CancellationToken cancellationToken) in /_/src/HealthChecks.Oracle/OracleHealthCheck.cs:line 34
======================================================================

2026-05-21 00:33:32.0321 [ERROR] [Microsoft.Extensions.Diagnostics.HealthChecks.DefaultHealthCheckService] [TraceID: 00-134f506d071acbd554f5f7c2966e7ec2-10e2ae2d84e76aae-00]
  Event: 0
  Request: GET https://10.1.72.35/health 
  Message: Health check 正式_OracleDB with status Unhealthy completed after 18958.5076ms with message '(null)'
  Properties: HealthCheckName=正式_OracleDB; HealthStatus=Unhealthy; ElapsedMilliseconds=18958.5076; EventId=103; EventName=HealthCheckEnd; RequestId=40000257-0000-fc00-b63f-84710c7967bb; RequestPath=/health; HealthCheckName=正式_OracleDB
  --- Exception ---
System.Threading.Tasks.TaskCanceledException: A task was canceled.
   at HealthChecks.Oracle.OracleHealthCheck.CheckHealthAsync(HealthCheckContext context, CancellationToken cancellationToken) in /_/src/HealthChecks.Oracle/OracleHealthCheck.cs:line 34
======================================================================

2026-05-21 02:01:47.5732 [INFO] [NHI_AI_MedReportViewerWebApi.Program] [TraceID: N/A]
  Event: 0
  Request: N/A N/A 
  Message: Allowed origin: http://localhost:5173
  Properties: 
  ======================================================================

2026-05-21 02:01:47.9050 [INFO] [NHI_AI_MedReportViewerWebApi.Program] [TraceID: N/A]
  Event: 0
  Request: N/A N/A 
  Message: Authentication enabled with JWT Bearer tokens
  Properties: 
  ======================================================================

2026-05-21 02:01:48.4265 [INFO] [NHI_AI_MedReportViewerWebApi.Program] [TraceID: N/A]
  Event: 0
  Request: N/A N/A 
  Message: Exceptionless 設定完成，ServerUrl: "https://h30lhclogsvr.intra.nhi.gov.tw:8443"
  Properties: ServerUrl=https://h30lhclogsvr.intra.nhi.gov.tw:8443
  ======================================================================

2026-05-21 04:28:16.8366 [ERROR] [Microsoft.Extensions.Diagnostics.HealthChecks.DefaultHealthCheckService] [TraceID: 00-4cc5cf32ebc679798557d75e050c1c6e-3893c7a8d271cc85-00]
  Event: 0
  Request: GET https://10.1.72.35/health 
  Message: Health check 正式_OracleDB with status Unhealthy completed after 18981.0574ms with message '(null)'
  Properties: HealthCheckName=正式_OracleDB; HealthStatus=Unhealthy; ElapsedMilliseconds=18981.0574; EventId=103; EventName=HealthCheckEnd; RequestId=400002c6-0005-fb00-b63f-84710c7967bb; RequestPath=/health; HealthCheckName=正式_OracleDB
  --- Exception ---
System.Threading.Tasks.TaskCanceledException: A task was canceled.
   at HealthChecks.Oracle.OracleHealthCheck.CheckHealthAsync(HealthCheckContext context, CancellationToken cancellationToken) in /_/src/HealthChecks.Oracle/OracleHealthCheck.cs:line 34
======================================================================

2026-05-21 06:28:34.9038 [ERROR] [Microsoft.Extensions.Diagnostics.HealthChecks.DefaultHealthCheckService] [TraceID: 00-6a58284c4390066b91a9f5b0a2e29d84-22f1e0b787db7ccb-00]
  Event: 0
  Request: GET https://10.1.72.35/health 
  Message: Health check 正式_OracleDB with status Unhealthy completed after 18982.2526ms with message '(null)'
  Properties: HealthCheckName=正式_OracleDB; HealthStatus=Unhealthy; ElapsedMilliseconds=18982.2526; EventId=103; EventName=HealthCheckEnd; RequestId=400001b5-0000-fd00-b63f-84710c7967bb; RequestPath=/health; HealthCheckName=正式_OracleDB
  --- Exception ---
System.Threading.Tasks.TaskCanceledException: A task was canceled.
   at HealthChecks.Oracle.OracleHealthCheck.CheckHealthAsync(HealthCheckContext context, CancellationToken cancellationToken) in /_/src/HealthChecks.Oracle/OracleHealthCheck.cs:line 34
======================================================================

2026-05-21 06:45:06.4658 [ERROR] [Microsoft.Extensions.Diagnostics.HealthChecks.DefaultHealthCheckService] [TraceID: 00-2e053edc2f2a82403a2c7c68553036f8-b2e6c9a30e0a912d-00]
  Event: 0
  Request: GET https://10.1.72.35/health 
  Message: Health check 正式_OracleDB with status Unhealthy completed after 18986.0086ms with message '(null)'
  Properties: HealthCheckName=正式_OracleDB; HealthStatus=Unhealthy; ElapsedMilliseconds=18986.0086; EventId=103; EventName=HealthCheckEnd; RequestId=400002d7-0005-fb00-b63f-84710c7967bb; RequestPath=/health; HealthCheckName=正式_OracleDB
  --- Exception ---
System.Threading.Tasks.TaskCanceledException: A task was canceled.
   at HealthChecks.Oracle.OracleHealthCheck.CheckHealthAsync(HealthCheckContext context, CancellationToken cancellationToken) in /_/src/HealthChecks.Oracle/OracleHealthCheck.cs:line 34
======================================================================

2026-05-21 08:45:17.4812 [ERROR] [Microsoft.Extensions.Diagnostics.HealthChecks.DefaultHealthCheckService] [TraceID: 00-a8fc45ead029124d52cc4d9d940dea64-fb6512a6711ed1cc-00]
  Event: 0
  Request: GET https://10.1.72.35/health 
  Message: Health check 正式_OracleDB with status Unhealthy completed after 18971.979ms with message '(null)'
  Properties: HealthCheckName=正式_OracleDB; HealthStatus=Unhealthy; ElapsedMilliseconds=18971.979; EventId=103; EventName=HealthCheckEnd; RequestId=400002e3-0005-fb00-b63f-84710c7967bb; RequestPath=/health; HealthCheckName=正式_OracleDB
  --- Exception ---
System.Threading.Tasks.TaskCanceledException: A task was canceled.
   at HealthChecks.Oracle.OracleHealthCheck.CheckHealthAsync(HealthCheckContext context, CancellationToken cancellationToken) in /_/src/HealthChecks.Oracle/OracleHealthCheck.cs:line 34
======================================================================

2026-05-21 09:01:44.6501 [ERROR] [Microsoft.Extensions.Diagnostics.HealthChecks.DefaultHealthCheckService] [TraceID: 00-46ee140f2caafd5a881aa821e94245db-82f56c42a8e963df-00]
  Event: 0
  Request: GET https://10.1.72.35/health 
  Message: Health check 正式_OracleDB with status Unhealthy completed after 19000.0968ms with message '(null)'
  Properties: HealthCheckName=正式_OracleDB; HealthStatus=Unhealthy; ElapsedMilliseconds=19000.0968; EventId=103; EventName=HealthCheckEnd; RequestId=400001ac-0001-fe00-b63f-84710c7967bb; RequestPath=/health; HealthCheckName=正式_OracleDB
  --- Exception ---
System.Threading.Tasks.TaskCanceledException: A task was canceled.
   at HealthChecks.Oracle.OracleHealthCheck.CheckHealthAsync(HealthCheckContext context, CancellationToken cancellationToken) in /_/src/HealthChecks.Oracle/OracleHealthCheck.cs:line 34
======================================================================

2026-05-21 11:29:56.2052 [ERROR] [Microsoft.Extensions.Diagnostics.HealthChecks.DefaultHealthCheckService] [TraceID: 00-98f80474412b3cbf65cf23decbb44a88-c5dac4a1404c5b49-00]
  Event: 0
  Request: GET https://10.1.72.35/health 
  Message: Health check 正式_OracleDB with status Unhealthy completed after 18972.5108ms with message '(null)'
  Properties: HealthCheckName=正式_OracleDB; HealthStatus=Unhealthy; ElapsedMilliseconds=18972.5108; EventId=103; EventName=HealthCheckEnd; RequestId=4000030e-0004-fc00-b63f-84710c7967bb; RequestPath=/health; HealthCheckName=正式_OracleDB
  --- Exception ---
System.Threading.Tasks.TaskCanceledException: A task was canceled.
   at HealthChecks.Oracle.OracleHealthCheck.CheckHealthAsync(HealthCheckContext context, CancellationToken cancellationToken) in /_/src/HealthChecks.Oracle/OracleHealthCheck.cs:line 34
======================================================================

2026-05-21 11:44:35.3352 [ERROR] [Microsoft.Extensions.Diagnostics.HealthChecks.DefaultHealthCheckService] [TraceID: 00-9a47db79087a3e1a62f609f0e8d0c17f-01bb909896612e9d-00]
  Event: 0
  Request: GET https://10.1.72.35/health 
  Message: Health check 正式_OracleDB with status Unhealthy completed after 18982.4803ms with message '(null)'
  Properties: HealthCheckName=正式_OracleDB; HealthStatus=Unhealthy; ElapsedMilliseconds=18982.4803; EventId=103; EventName=HealthCheckEnd; RequestId=40000240-0002-ff00-b63f-84710c7967bb; RequestPath=/health; HealthCheckName=正式_OracleDB
  --- Exception ---
System.Threading.Tasks.TaskCanceledException: A task was canceled.
   at HealthChecks.Oracle.OracleHealthCheck.CheckHealthAsync(HealthCheckContext context, CancellationToken cancellationToken) in /_/src/HealthChecks.Oracle/OracleHealthCheck.cs:line 34
======================================================================

2026-05-21 14:03:40.8316 [INFO] [NHI_AI_MedReportViewerWebApi.Program] [TraceID: N/A]
  Event: 0
  Request: N/A N/A 
  Message: Allowed origin: http://localhost:5173
  Properties: 
  ======================================================================

2026-05-21 14:03:41.1797 [INFO] [NHI_AI_MedReportViewerWebApi.Program] [TraceID: N/A]
  Event: 0
  Request: N/A N/A 
  Message: Authentication enabled with JWT Bearer tokens
  Properties: 
  ======================================================================

2026-05-21 14:03:41.7049 [INFO] [NHI_AI_MedReportViewerWebApi.Program] [TraceID: N/A]
  Event: 0
  Request: N/A N/A 
  Message: Exceptionless 設定完成，ServerUrl: "https://h30lhclogsvr.intra.nhi.gov.tw:8443"
  Properties: ServerUrl=https://h30lhclogsvr.intra.nhi.gov.tw:8443
  ======================================================================

2026-05-21 14:03:43.5692 [INFO] [NHI_AI_MedReportViewerWebApi.Services.UrlTokenValidator] [TraceID: 00-b323a7f7a179f3655e3cd2bbd7cb6304-c7bdd411582468bd-00]
  Event: 0
  Request: GET https://lcr-tc.nhi.gov.tw/reports/view 
  Message: 正在載入 URL 驗證用 JWKS。Issuer=https://auth.cohesion.internal/url-issuer, Audience=viewer-app, Path=Config/url.jwks.json
  Properties: Issuer=https://auth.cohesion.internal/url-issuer; Audience=viewer-app; Path=Config/url.jwks.json; RequestId=40000154-0002-fe00-b63f-84710c7967bb; RequestPath=/reports/view; ActionId=89f2f277-4324-4fd4-8811-267c9cbf60ea; ActionName=NHI_AI_MedReportViewerWebApi.Controllers.ReportsController.ViewReport (NHI-AI-MedReportViewerWebApi)
  ======================================================================

2026-05-21 14:03:43.6453 [INFO] [NHI_AI_MedReportViewerWebApi.Services.UrlTokenValidator] [TraceID: 00-b323a7f7a179f3655e3cd2bbd7cb6304-c7bdd411582468bd-00]
  Event: 0
  Request: GET https://lcr-tc.nhi.gov.tw/reports/view 
  Message: URL 驗證用 JWKS 載入完成，共 1 把金鑰。
  Properties: Count=1; RequestId=40000154-0002-fe00-b63f-84710c7967bb; RequestPath=/reports/view; ActionId=89f2f277-4324-4fd4-8811-267c9cbf60ea; ActionName=NHI_AI_MedReportViewerWebApi.Controllers.ReportsController.ViewReport (NHI-AI-MedReportViewerWebApi)
  ======================================================================

2026-05-21 14:03:43.6710 [INFO] [NHI_AI_MedReportViewerWebApi.Services.ViewerTokenIssuer] [TraceID: 00-b323a7f7a179f3655e3cd2bbd7cb6304-c7bdd411582468bd-00]
  Event: 0
  Request: GET https://lcr-tc.nhi.gov.tw/reports/view 
  Message: 正在載入 Viewer 簽章私鑰 PEM (初始化)。Issuer=https://auth.cohesion.internal/viewer-issuer, Audience=viewer-app, PemPath=Config/viewer-issuer-private.pem, Kid=VW-2025-03, TTL=14400s
  Properties: Phase=初始化; Issuer=https://auth.cohesion.internal/viewer-issuer; Audience=viewer-app; Path=Config/viewer-issuer-private.pem; Kid=VW-2025-03; TTL=14400; RequestId=40000154-0002-fe00-b63f-84710c7967bb; RequestPath=/reports/view; ActionId=89f2f277-4324-4fd4-8811-267c9cbf60ea; ActionName=NHI_AI_MedReportViewerWebApi.Controllers.ReportsController.ViewReport (NHI-AI-MedReportViewerWebApi)
  ======================================================================

2026-05-21 14:03:43.8154 [INFO] [NHI_AI_MedReportViewerWebApi.Services.ViewerTokenIssuer] [TraceID: 00-b323a7f7a179f3655e3cd2bbd7cb6304-c7bdd411582468bd-00]
  Event: 0
  Request: GET https://lcr-tc.nhi.gov.tw/reports/view 
  Message: Viewer 簽章私鑰 PEM 載入完成，簽章設定 初始化成功。Kid=VW-2025-03, 存活秒數=14400
  Properties: Phase=初始化成功; Kid=VW-2025-03; TTL=14400; RequestId=40000154-0002-fe00-b63f-84710c7967bb; RequestPath=/reports/view; ActionId=89f2f277-4324-4fd4-8811-267c9cbf60ea; ActionName=NHI_AI_MedReportViewerWebApi.Controllers.ReportsController.ViewReport (NHI-AI-MedReportViewerWebApi)
  ======================================================================

2026-05-21 14:03:43.8896 [INFO] [NHI_AI_MedReportViewerWebApi.Controllers.ReportsController] [TraceID: 00-b323a7f7a179f3655e3cd2bbd7cb6304-c7bdd411582468bd-00]
  Event: 0
  Request: GET https://lcr-tc.nhi.gov.tw/reports/view 
  Message: 開始驗證 URL Token。
  Properties: RequestId=40000154-0002-fe00-b63f-84710c7967bb; RequestPath=/reports/view; ActionId=89f2f277-4324-4fd4-8811-267c9cbf60ea; ActionName=NHI_AI_MedReportViewerWebApi.Controllers.ReportsController.ViewReport (NHI-AI-MedReportViewerWebApi); TraceId=40000154-0002-fe00-b63f-84710c7967bb; UrlTokenLen=698
  ======================================================================

2026-05-21 14:03:44.2633 [INFO] [NHI_AI_MedReportViewerWebApi.Services.UrlTokenValidator] [TraceID: 00-b323a7f7a179f3655e3cd2bbd7cb6304-c7bdd411582468bd-00]
  Event: 0
  Request: GET https://lcr-tc.nhi.gov.tw/reports/view 
  Message: URL Token 驗證通過。kid=UX-2025-02
  Properties: Kid=UX-2025-02; RequestId=40000154-0002-fe00-b63f-84710c7967bb; RequestPath=/reports/view; ActionId=89f2f277-4324-4fd4-8811-267c9cbf60ea; ActionName=NHI_AI_MedReportViewerWebApi.Controllers.ReportsController.ViewReport (NHI-AI-MedReportViewerWebApi); TraceId=40000154-0002-fe00-b63f-84710c7967bb; UrlTokenLen=698
  ======================================================================

2026-05-21 14:03:44.2822 [INFO] [NHI_AI_MedReportViewerWebApi.Controllers.ReportsController] [TraceID: 00-b323a7f7a179f3655e3cd2bbd7cb6304-c7bdd411582468bd-00]
  Event: 0
  Request: GET https://lcr-tc.nhi.gov.tw/reports/view 
  Message: URL Token 驗證通過，準備簽發 Viewer Token。
  Properties: RequestId=40000154-0002-fe00-b63f-84710c7967bb; RequestPath=/reports/view; ActionId=89f2f277-4324-4fd4-8811-267c9cbf60ea; ActionName=NHI_AI_MedReportViewerWebApi.Controllers.ReportsController.ViewReport (NHI-AI-MedReportViewerWebApi); TraceId=40000154-0002-fe00-b63f-84710c7967bb; UrlTokenLen=698; PatientId=B67EDA342C22CD73F88571E0E54CFE81; Birthday=19700404
  ======================================================================

2026-05-21 14:03:44.3007 [INFO] [NHI_AI_MedReportViewerWebApi.Services.ViewerTokenIssuer] [TraceID: 00-b323a7f7a179f3655e3cd2bbd7cb6304-c7bdd411582468bd-00]
  Event: 0
  Request: GET https://lcr-tc.nhi.gov.tw/reports/view 
  Message: 正在簽發 Viewer Token。存活秒數=14400, 到期時間(UTC)=05/21/2026 10:03:44, kid=VW-2025-03, 最大會話壽命(amax)=05/21/2026 10:03:44
  Properties: TTL=14400; Exp=05/21/2026 10:03:44; Kid=VW-2025-03; Amax=05/21/2026 10:03:44; RequestId=40000154-0002-fe00-b63f-84710c7967bb; RequestPath=/reports/view; ActionId=89f2f277-4324-4fd4-8811-267c9cbf60ea; ActionName=NHI_AI_MedReportViewerWebApi.Controllers.ReportsController.ViewReport (NHI-AI-MedReportViewerWebApi); TraceId=40000154-0002-fe00-b63f-84710c7967bb; UrlTokenLen=698; PatientId=B67EDA342C22CD73F88571E0E54CFE81; Birthday=19700404
  ======================================================================

2026-05-21 14:03:44.3920 [INFO] [NHI_AI_MedReportViewerWebApi.Controllers.ReportsController] [TraceID: 00-b323a7f7a179f3655e3cd2bbd7cb6304-c7bdd411582468bd-00]
  Event: 0
  Request: GET https://lcr-tc.nhi.gov.tw/reports/view 
  Message: 以 Redirect 模式回應，導向前端頁面。
  Properties: RequestId=40000154-0002-fe00-b63f-84710c7967bb; RequestPath=/reports/view; ActionId=89f2f277-4324-4fd4-8811-267c9cbf60ea; ActionName=NHI_AI_MedReportViewerWebApi.Controllers.ReportsController.ViewReport (NHI-AI-MedReportViewerWebApi); TraceId=40000154-0002-fe00-b63f-84710c7967bb; UrlTokenLen=698; PatientId=B67EDA342C22CD73F88571E0E54CFE81; Birthday=19700404
  ======================================================================

2026-05-21 14:03:46.0630 [INFO] [NHI_AI_MedReportViewerWebApi.Services.OutputGenerationService] [TraceID: 00-23daa66cf0add6c2be0569d361f317f4-07ee630d209d311f-00]
  Event: 0
  Request: GET https://lcr-tc.nhi.gov.tw/api/digestsummary 
  Message: 開始建立 extracted_data for Patient: 05224425-89a9-4432-97c0-2dbd9245e5d3
  Properties: PatientObjId=05224425-89a9-4432-97c0-2dbd9245e5d3; RequestId=400001e2-0006-fb00-b63f-84710c7967bb; RequestPath=/api/digestsummary; ActionId=48183f65-0b85-4767-907c-cc9afb45b6f3; ActionName=NHI_AI_MedReportViewerWebApi.Controllers.DigestSummaryController.Get (NHI-AI-MedReportViewerWebApi)
  ======================================================================

2026-05-21 14:03:46.4157 [INFO] [NHI_AI_MedReportViewerWebApi.Services.OutputGenerationService] [TraceID: 00-23daa66cf0add6c2be0569d361f317f4-07ee630d209d311f-00]
  Event: 0
  Request: GET https://lcr-tc.nhi.gov.tw/api/digestsummary 
  Message: 完成建立 10 筆 extracted_data
  Properties: Count=10; RequestId=400001e2-0006-fb00-b63f-84710c7967bb; RequestPath=/api/digestsummary; ActionId=48183f65-0b85-4767-907c-cc9afb45b6f3; ActionName=NHI_AI_MedReportViewerWebApi.Controllers.DigestSummaryController.Get (NHI-AI-MedReportViewerWebApi)
  ======================================================================

2026-05-21 14:03:46.4389 [INFO] [NHI_AI_MedReportViewerWebApi.Services.OutputGenerationService] [TraceID: 00-23daa66cf0add6c2be0569d361f317f4-07ee630d209d311f-00]
  Event: 0
  Request: GET https://lcr-tc.nhi.gov.tw/api/digestsummary 
  Message: 開始建立 summary for Patient: 05224425-89a9-4432-97c0-2dbd9245e5d3
  Properties: PatientObjId=05224425-89a9-4432-97c0-2dbd9245e5d3; RequestId=400001e2-0006-fb00-b63f-84710c7967bb; RequestPath=/api/digestsummary; ActionId=48183f65-0b85-4767-907c-cc9afb45b6f3; ActionName=NHI_AI_MedReportViewerWebApi.Controllers.DigestSummaryController.Get (NHI-AI-MedReportViewerWebApi)
  ======================================================================

2026-05-21 14:03:46.6113 [INFO] [NHI_AI_MedReportViewerWebApi.Services.OutputGenerationService] [TraceID: 00-23daa66cf0add6c2be0569d361f317f4-07ee630d209d311f-00]
  Event: 0
  Request: GET https://lcr-tc.nhi.gov.tw/api/digestsummary 
  Message: 完成建立 4 筆 summary
  Properties: Count=4; RequestId=400001e2-0006-fb00-b63f-84710c7967bb; RequestPath=/api/digestsummary; ActionId=48183f65-0b85-4767-907c-cc9afb45b6f3; ActionName=NHI_AI_MedReportViewerWebApi.Controllers.DigestSummaryController.Get (NHI-AI-MedReportViewerWebApi)
  ======================================================================

2026-05-21 14:03:46.6417 [INFO] [Polly] [TraceID: 00-23daa66cf0add6c2be0569d361f317f4-07ee630d209d311f-00]
  Event: 0
  Request: GET https://lcr-tc.nhi.gov.tw/api/digestsummary 
  Message: Execution attempt. Source: 'OracleResiliencePipeline/(null)/Retry', Operation Key: '', Result: 'NHI_AI_MedReportViewerWebApi.Models.OutputJsonDto', Handled: 'False', Attempt: '0', Execution Time: '1469.2032'
  Properties: PipelineName=OracleResiliencePipeline; PipelineInstance=(null); StrategyName=Retry; Result=NHI_AI_MedReportViewerWebApi.Models.OutputJsonDto; Handled=false; Attempt=0; ExecutionTimeMs=1469.2032; EventId=3; EventName=ExecutionAttempt; RequestId=400001e2-0006-fb00-b63f-84710c7967bb; RequestPath=/api/digestsummary; ActionId=48183f65-0b85-4767-907c-cc9afb45b6f3; ActionName=NHI_AI_MedReportViewerWebApi.Controllers.DigestSummaryController.Get (NHI-AI-MedReportViewerWebApi)
  ======================================================================

2026-05-21 14:03:46.9283 [INFO] [NHI_AI_MedReportViewerWebApi.Services.OutputGenerationService] [TraceID: 00-6cb6fbae932414e5601d82954f70c219-86ec220193d33f2c-00]
  Event: 0
  Request: GET https://lcr-tc.nhi.gov.tw/api/DigestSummary/key-images 
  Message: 開始取得病患關鍵影像: IdAes=B67EDA342C22CD73F88571E0E54CFE81, Birthday=19700404
  Properties: IdAes=B67EDA342C22CD73F88571E0E54CFE81; Birthday=19700404; RequestId=4000021e-0007-fe00-b63f-84710c7967bb; RequestPath=/api/DigestSummary/key-images; ActionId=7427cf90-7f02-43a9-b593-5135ee38a977; ActionName=NHI_AI_MedReportViewerWebApi.Controllers.DigestSummaryController.GetPatientKeyImages (NHI-AI-MedReportViewerWebApi)
  ======================================================================

2026-05-21 14:03:46.9780 [INFO] [Polly] [TraceID: 00-6cb6fbae932414e5601d82954f70c219-86ec220193d33f2c-00]
  Event: 0
  Request: GET https://lcr-tc.nhi.gov.tw/api/DigestSummary/key-images 
  Message: Execution attempt. Source: 'OracleResiliencePipeline/(null)/Retry', Operation Key: '', Result: 'System.Collections.Generic.List`1[NHI_AI_MedReportViewerWebApi.Models.KeyImageInfo]', Handled: 'False', Attempt: '0', Execution Time: '28.2578'
  Properties: PipelineName=OracleResiliencePipeline; PipelineInstance=(null); StrategyName=Retry; Result=; Handled=false; Attempt=0; ExecutionTimeMs=28.2578; EventId=3; EventName=ExecutionAttempt; RequestId=4000021e-0007-fe00-b63f-84710c7967bb; RequestPath=/api/DigestSummary/key-images; ActionId=7427cf90-7f02-43a9-b593-5135ee38a977; ActionName=NHI_AI_MedReportViewerWebApi.Controllers.DigestSummaryController.GetPatientKeyImages (NHI-AI-MedReportViewerWebApi)
  ======================================================================

2026-05-21 14:03:47.0004 [INFO] [NHI_AI_MedReportViewerWebApi.Services.OutputGenerationService] [TraceID: 00-6cb6fbae932414e5601d82954f70c219-86ec220193d33f2c-00]
  Event: 0
  Request: GET https://lcr-tc.nhi.gov.tw/api/DigestSummary/key-images 
  Message: 完成取得病患關鍵影像，共 0 筆
  Properties: Count=0; RequestId=4000021e-0007-fe00-b63f-84710c7967bb; RequestPath=/api/DigestSummary/key-images; ActionId=7427cf90-7f02-43a9-b593-5135ee38a977; ActionName=NHI_AI_MedReportViewerWebApi.Controllers.DigestSummaryController.GetPatientKeyImages (NHI-AI-MedReportViewerWebApi)
  ======================================================================

2026-05-21 14:03:47.0181 [INFO] [NHI_AI_MedReportViewerWebApi.Services.NhiPatientImageService] [TraceID: 00-a7df1f9f18f28886a3ae76265d5d545d-f0dc9acd29468246-00]
  Event: 0
  Request: GET https://lcr-tc.nhi.gov.tw/api/NhiPatientImage/studies/1.2.410.200010.1151046.5267.2876090.3075984.14583.3075984/series-uid 
  Message: 開始查詢 Series Instance UID: Study=1.2.410.200010.1151046.5267.2876090.3075984.14583.3075984, SeriesNumber=201
  Properties: RequestId=40000320-0004-fc00-b63f-84710c7967bb; RequestPath=/api/NhiPatientImage/studies/1.2.410.200010.1151046.5267.2876090.3075984.14583.3075984/series-uid; ActionId=8e82e8a9-bb80-4a9d-9001-8bdaef8ecbbe; ActionName=NHI_AI_MedReportViewerWebApi.Controllers.NhiPatientImageController.GetSeriesInstanceUid (NHI-AI-MedReportViewerWebApi); StudyInstanceUid=1.2.410.200010.1151046.5267.2876090.3075984.14583.3075984; SeriesNumber=201
  ======================================================================

2026-05-21 14:03:47.6146 [INFO] [Polly] [TraceID: 00-df053d3af7d92e0625c425fa151e12cd-bf99042135a46055-00]
  Event: 0
  Request: GET https://lcr-tc.nhi.gov.tw/api/DigestSummary/hospital 
  Message: Execution attempt. Source: 'OracleResiliencePipeline/(null)/Retry', Operation Key: '', Result: '秀傳醫院', Handled: 'False', Attempt: '0', Execution Time: '679.6893'
  Properties: PipelineName=OracleResiliencePipeline; PipelineInstance=(null); StrategyName=Retry; Result=秀傳醫院; Handled=false; Attempt=0; ExecutionTimeMs=679.6893; EventId=3; EventName=ExecutionAttempt; RequestId=4000018b-0007-ff00-b63f-84710c7967bb; RequestPath=/api/DigestSummary/hospital; ActionId=c22edb24-99f4-41c3-b789-9147697ef8c7; ActionName=NHI_AI_MedReportViewerWebApi.Controllers.DigestSummaryController.GetHospitalName (NHI-AI-MedReportViewerWebApi)
  ======================================================================

2026-05-21 14:03:47.6146 [INFO] [Polly] [TraceID: 00-ec75fda7a2df2a3eff4862fc83db9521-21b661fb8505be97-00]
  Event: 0
  Request: GET https://lcr-tc.nhi.gov.tw/api/DigestSummary/hospital 
  Message: Execution attempt. Source: 'OracleResiliencePipeline/(null)/Retry', Operation Key: '', Result: '彰濱秀傳', Handled: 'False', Attempt: '0', Execution Time: '682.729'
  Properties: PipelineName=OracleResiliencePipeline; PipelineInstance=(null); StrategyName=Retry; Result=彰濱秀傳; Handled=false; Attempt=0; ExecutionTimeMs=682.729; EventId=3; EventName=ExecutionAttempt; RequestId=400001e4-0006-fb00-b63f-84710c7967bb; RequestPath=/api/DigestSummary/hospital; ActionId=c22edb24-99f4-41c3-b789-9147697ef8c7; ActionName=NHI_AI_MedReportViewerWebApi.Controllers.DigestSummaryController.GetHospitalName (NHI-AI-MedReportViewerWebApi)
  ======================================================================

2026-05-21 14:03:47.6211 [INFO] [Polly] [TraceID: 00-a7df1f9f18f28886a3ae76265d5d545d-f0dc9acd29468246-00]
  Event: 0
  Request: GET https://lcr-tc.nhi.gov.tw/api/NhiPatientImage/studies/1.2.410.200010.1151046.5267.2876090.3075984.14583.3075984/series-uid 
  Message: Execution attempt. Source: 'OracleResiliencePipeline/(null)/Retry', Operation Key: '', Result: '1.3.46.670589.61.128.1.20260421152356482000200012341672312', Handled: 'False', Attempt: '0', Execution Time: '573.4158'
  Properties: PipelineName=OracleResiliencePipeline; PipelineInstance=(null); StrategyName=Retry; Result=1.3.46.670589.61.128.1.20260421152356482000200012341672312; Handled=false; Attempt=0; ExecutionTimeMs=573.4158; EventId=3; EventName=ExecutionAttempt; RequestId=40000320-0004-fc00-b63f-84710c7967bb; RequestPath=/api/NhiPatientImage/studies/1.2.410.200010.1151046.5267.2876090.3075984.14583.3075984/series-uid; ActionId=8e82e8a9-bb80-4a9d-9001-8bdaef8ecbbe; ActionName=NHI_AI_MedReportViewerWebApi.Controllers.NhiPatientImageController.GetSeriesInstanceUid (NHI-AI-MedReportViewerWebApi); StudyInstanceUid=1.2.410.200010.1151046.5267.2876090.3075984.14583.3075984; SeriesNumber=201
  ======================================================================

2026-05-21 14:03:47.6479 [INFO] [NHI_AI_MedReportViewerWebApi.Services.NhiPatientImageService] [TraceID: 00-a7df1f9f18f28886a3ae76265d5d545d-f0dc9acd29468246-00]
  Event: 0
  Request: GET https://lcr-tc.nhi.gov.tw/api/NhiPatientImage/studies/1.2.410.200010.1151046.5267.2876090.3075984.14583.3075984/series-uid 
  Message: 找到 Series Number 201 對應的 Series Instance UID: 1.3.46.670589.61.128.1.20260421152356482000200012341672312
  Properties: RequestId=40000320-0004-fc00-b63f-84710c7967bb; RequestPath=/api/NhiPatientImage/studies/1.2.410.200010.1151046.5267.2876090.3075984.14583.3075984/series-uid; ActionId=8e82e8a9-bb80-4a9d-9001-8bdaef8ecbbe; ActionName=NHI_AI_MedReportViewerWebApi.Controllers.NhiPatientImageController.GetSeriesInstanceUid (NHI-AI-MedReportViewerWebApi); StudyInstanceUid=1.2.410.200010.1151046.5267.2876090.3075984.14583.3075984; SeriesNumber=201
  ======================================================================

2026-05-21 14:03:47.6841 [INFO] [AIRS.Core.Helpers.ZfpOracleDbHelper] [TraceID: 00-afb564f12741b54514aa9dd66ed75715-a606e3478553e623-00]
  Event: 0
  Request: GET https://lcr-tc.nhi.gov.tw/api/NhiPatientImage/studies/1.2.410.200010.1151046.5267.2876090.3075984.14583.3075984/series/1.3.46.670589.61.128.1.20260421152356482000200012341672312/images 
  Message: GetSortedImagesBySeries(studyInstanceUid: 1.2.410.200010.1151046.5267.2876090.3075984.14583.3075984, seriesInstanceUid: 1.3.46.670589.61.128.1.20260421152356482000200012341672312)
  Properties: StudyUid=1.2.410.200010.1151046.5267.2876090.3075984.14583.3075984; SeriesUid=1.3.46.670589.61.128.1.20260421152356482000200012341672312; RequestId=400001e8-0006-fb00-b63f-84710c7967bb; RequestPath=/api/NhiPatientImage/studies/1.2.410.200010.1151046.5267.2876090.3075984.14583.3075984/series/1.3.46.670589.61.128.1.20260421152356482000200012341672312/images; ActionId=88d34d88-8054-4aa3-9f3e-60f3292a22a5; ActionName=NHI_AI_MedReportViewerWebApi.Controllers.NhiPatientImageController.GetImagesInSeries (NHI-AI-MedReportViewerWebApi); StudyInstanceUid=1.2.410.200010.1151046.5267.2876090.3075984.14583.3075984; SeriesInstanceUid=1.3.46.670589.61.128.1.20260421152356482000200012341672312
  ======================================================================

2026-05-21 14:03:47.8017 [INFO] [Polly] [TraceID: 00-afb564f12741b54514aa9dd66ed75715-a606e3478553e623-00]
  Event: 0
  Request: GET https://lcr-tc.nhi.gov.tw/api/NhiPatientImage/studies/1.2.410.200010.1151046.5267.2876090.3075984.14583.3075984/series/1.3.46.670589.61.128.1.20260421152356482000200012341672312/images 
  Message: Execution attempt. Source: 'OracleResiliencePipeline/(null)/Retry', Operation Key: '', Result: 'System.Collections.Generic.List`1[System.String]', Handled: 'False', Attempt: '0', Execution Time: '101.3767'
  Properties: PipelineName=OracleResiliencePipeline; PipelineInstance=(null); StrategyName=Retry; Result="1.3.46.670589.61.128.2.20260421152415891020100012296425683", "1.3.46.670589.61.128.2.20260421152415993020100021750625990", "1.3.46.670589.61.128.2.20260421152416000020100031501216389", "1.3.46.670589.61.128.2.20260421152416235020100041763226806", "1.3.46.670589.61.128.2.20260421152416243020100050152925984", "1.3.46.670589.61.128.2.20260421152416247020100062165030833", "1.3.46.670589.61.128.2.20260421152416251020100071201322529", "1.3.46.670589.61.128.2.20260421152416711020100081236228338", "1.3.46.670589.61.128.2.20260421152416716020100091503115673", "1.3.46.670589.61.128.2.20260421152416721020100102827818704", "1.3.46.670589.61.128.2.20260421152416725020100111537707709", "1.3.46.670589.61.128.2.20260421152416731020100123169630256", "1.3.46.670589.61.128.2.20260421152416736020100132661416165", "1.3.46.670589.61.128.2.20260421152416740020100141883801730", "1.3.46.670589.61.128.2.20260421152416744020100153000808872", "1.3.46.670589.61.128.2.20260421152417121020100161807129664", "1.3.46.670589.61.128.2.20260421152417127020100171987226798", "1.3.46.670589.61.128.2.20260421152417132020100182620629716", "1.3.46.670589.61.128.2.20260421152417136020100191166917713", "1.3.46.670589.61.128.2.20260421152417141020100201419013311", "1.3.46.670589.61.128.2.20260421152417146020100212525110443", "1.3.46.670589.61.128.2.20260421152417150020100222588418563", "1.3.46.670589.61.128.2.20260421152417154020100231243419285", "1.3.46.670589.61.128.2.20260421152417536020100243191531042", "1.3.46.670589.61.128.2.20260421152417547020100251651128839", "1.3.46.670589.61.128.2.20260421152417551020100260281106724", "1.3.46.670589.61.128.2.20260421152417556020100271642528914", "1.3.46.670589.61.128.2.20260421152417561020100282013604829", "1.3.46.670589.61.128.2.20260421152417565020100293031724771", "1.3.46.670589.61.128.2.20260421152417569020100302217215407", "1.3.46.670589.61.128.2.20260421152417574020100310079501134", "1.3.46.670589.61.128.2.20260421152418026020100322403132622", "1.3.46.670589.61.128.2.20260421152418038020100333051524346", "1.3.46.670589.61.128.2.20260421152418044020100340280418242", "1.3.46.670589.61.128.2.20260421152418048020100350864828012", "1.3.46.670589.61.128.2.20260421152418053020100362635901047", "1.3.46.670589.61.128.2.20260421152418058020100371886718720", "1.3.46.670589.61.128.2.20260421152418064020100380243315487", "1.3.46.670589.61.128.2.20260421152418070020100390382327005", "1.3.46.670589.61.128.2.20260421152418433020100400772101183", "1.3.46.670589.61.128.2.20260421152418438020100412665120567", "1.3.46.670589.61.128.2.20260421152418442020100422811921970", "1.3.46.670589.61.128.2.20260421152418446020100432966316828", "1.3.46.670589.61.128.2.20260421152418450020100441446403824", "1.3.46.670589.61.128.2.20260421152418455020100450402624059", "1.3.46.670589.61.128.2.20260421152418460020100461934814809", "1.3.46.670589.61.128.2.20260421152418464020100471530615247", "1.3.46.670589.61.128.2.20260421152418945020100480535802865", "1.3.46.670589.61.128.2.20260421152418952020100490018612808", "1.3.46.670589.61.128.2.20260421152418957020100501876925560", "1.3.46.670589.61.128.2.20260421152418961020100512944514108", "1.3.46.670589.61.128.2.20260421152418966020100522670520381", "1.3.46.670589.61.128.2.20260421152418970020100532671013423", "1.3.46.670589.61.128.2.20260421152418974020100542102613066", "1.3.46.670589.61.128.2.20260421152418979020100553152708178", "1.3.46.670589.61.128.2.20260421152419357020100561106704191", "1.3.46.670589.61.128.2.20260421152419362020100570502723933", "1.3.46.670589.61.128.2.20260421152419366020100580738918973", "1.3.46.670589.61.128.2.20260421152419371020100592061932579", "1.3.46.670589.61.128.2.20260421152419375020100602095706647", "1.3.46.670589.61.128.2.20260421152419379020100611182518909", "1.3.46.670589.61.128.2.20260421152419383020100622139423017", "1.3.46.670589.61.128.2.20260421152419388020100632567206996", "1.3.46.670589.61.128.2.20260421152419759020100642752505520", "1.3.46.670589.61.128.2.20260421152419764020100650116420155", "1.3.46.670589.61.128.2.20260421152419768020100663270422701", "1.3.46.670589.61.128.2.20260421152419773020100670886621395", "1.3.46.670589.61.128.2.20260421152419777020100680906209424", "1.3.46.670589.61.128.2.20260421152419781020100692975224247", "1.3.46.670589.61.128.2.20260421152419786020100700554122340", "1.3.46.670589.61.128.2.20260421152419790020100710438728006", "1.3.46.670589.61.128.2.20260421152420079020100721405806591", "1.3.46.670589.61.128.2.20260421152420084020100732961114131", "1.3.46.670589.61.128.2.20260421152420090020100740995230777", "1.3.46.670589.61.128.2.20260421152420094020100753176026471", "1.3.46.670589.61.128.2.20260421152420099020100762411118505", "1.3.46.670589.61.128.2.20260421152420103020100771143208502", "1.3.46.670589.61.128.2.20260421152420106020100782601609395", "1.3.46.670589.61.128.2.20260421152420111020100792241632540", "1.3.46.670589.61.128.2.20260421152420114020100801546129290", "1.3.46.670589.61.128.2.20260421152420118020100812936714671", "1.3.46.670589.61.128.2.20260421152420123020100822814413305"; Handled=false; Attempt=0; ExecutionTimeMs=101.3767; EventId=3; EventName=ExecutionAttempt; RequestId=400001e8-0006-fb00-b63f-84710c7967bb; RequestPath=/api/NhiPatientImage/studies/1.2.410.200010.1151046.5267.2876090.3075984.14583.3075984/series/1.3.46.670589.61.128.1.20260421152356482000200012341672312/images; ActionId=88d34d88-8054-4aa3-9f3e-60f3292a22a5; ActionName=NHI_AI_MedReportViewerWebApi.Controllers.NhiPatientImageController.GetImagesInSeries (NHI-AI-MedReportViewerWebApi); StudyInstanceUid=1.2.410.200010.1151046.5267.2876090.3075984.14583.3075984; SeriesInstanceUid=1.3.46.670589.61.128.1.20260421152356482000200012341672312
  ======================================================================

2026-05-21 14:03:47.8210 [INFO] [NHI_AI_MedReportViewerWebApi.Services.NhiPatientImageService] [TraceID: 00-afb564f12741b54514aa9dd66ed75715-a606e3478553e623-00]
  Event: 0
  Request: GET https://lcr-tc.nhi.gov.tw/api/NhiPatientImage/studies/1.2.410.200010.1151046.5267.2876090.3075984.14583.3075984/series/1.3.46.670589.61.128.1.20260421152356482000200012341672312/images 
  Message: Series 1.3.46.670589.61.128.1.20260421152356482000200012341672312 包含 82 個影像（已快取）
  Properties: SeriesInstanceUid=1.3.46.670589.61.128.1.20260421152356482000200012341672312; Count=82; RequestId=400001e8-0006-fb00-b63f-84710c7967bb; RequestPath=/api/NhiPatientImage/studies/1.2.410.200010.1151046.5267.2876090.3075984.14583.3075984/series/1.3.46.670589.61.128.1.20260421152356482000200012341672312/images; ActionId=88d34d88-8054-4aa3-9f3e-60f3292a22a5; ActionName=NHI_AI_MedReportViewerWebApi.Controllers.NhiPatientImageController.GetImagesInSeries (NHI-AI-MedReportViewerWebApi); StudyInstanceUid=1.2.410.200010.1151046.5267.2876090.3075984.14583.3075984; SeriesInstanceUid=1.3.46.670589.61.128.1.20260421152356482000200012341672312
  ======================================================================

2026-05-21 15:08:15.1468 [INFO] [NHI_AI_MedReportViewerWebApi.Program] [TraceID: N/A]
  Event: 0
  Request: N/A N/A 
  Message: Allowed origin: http://localhost:5173
  Properties: 
  ======================================================================

2026-05-21 15:08:15.4936 [INFO] [NHI_AI_MedReportViewerWebApi.Program] [TraceID: N/A]
  Event: 0
  Request: N/A N/A 
  Message: Authentication enabled with JWT Bearer tokens
  Properties: 
  ======================================================================

2026-05-21 15:08:16.0308 [INFO] [NHI_AI_MedReportViewerWebApi.Program] [TraceID: N/A]
  Event: 0
  Request: N/A N/A 
  Message: Exceptionless 設定完成，ServerUrl: "https://h30lhclogsvr.intra.nhi.gov.tw:8443"
  Properties: ServerUrl=https://h30lhclogsvr.intra.nhi.gov.tw:8443
  ======================================================================

2026-05-21 15:08:18.0708 [ERROR] [NHI_AI_MedReportViewerWebApi.Middleware.GlobalExceptionMiddleware] [TraceID: 00-e195e061aaed79a75a816932ff68b10f-deeba6856b83eaf6-00]
  Event: 0
  Request: GET https://10.1.72.35/health 
  Message: 系統在處理請求時發生發生未預期例外：A task was canceled.
堆疊追蹤：   at Microsoft.Extensions.Diagnostics.HealthChecks.DefaultHealthCheckService.CheckHealthAsync(Func`2 predicate, CancellationToken cancellationToken)
   at Microsoft.AspNetCore.Diagnostics.HealthChecks.HealthCheckMiddleware.InvokeAsync(HttpContext httpContext)
   at Microsoft.AspNetCore.Authorization.AuthorizationMiddleware.Invoke(HttpContext context)
   at Microsoft.AspNetCore.Authentication.AuthenticationMiddleware.Invoke(HttpContext context)
   at NHI_AI_MedReportViewerWebApi.Middleware.GlobalExceptionMiddleware.Invoke(HttpContext context) in C:\Users\Public\Documents\AI_AP\NHI-AI-MedReportViewerWebApi\NHI-AI-MedReportViewerWebApi\Middleware\GlobalExceptionMiddleware.cs:line 20
  Properties: Message=A task was canceled.; StackTrace=   at Microsoft.Extensions.Diagnostics.HealthChecks.DefaultHealthCheckService.CheckHealthAsync(Func`2 predicate, CancellationToken cancellationToken)
   at Microsoft.AspNetCore.Diagnostics.HealthChecks.HealthCheckMiddleware.InvokeAsync(HttpContext httpContext)
   at Microsoft.AspNetCore.Authorization.AuthorizationMiddleware.Invoke(HttpContext context)
   at Microsoft.AspNetCore.Authentication.AuthenticationMiddleware.Invoke(HttpContext context)
   at NHI_AI_MedReportViewerWebApi.Middleware.GlobalExceptionMiddleware.Invoke(HttpContext context) in C:\Users\Public\Documents\AI_AP\NHI-AI-MedReportViewerWebApi\NHI-AI-MedReportViewerWebApi\Middleware\GlobalExceptionMiddleware.cs:line 20; RequestId=400001db-0000-fd00-b63f-84710c7967bb; RequestPath=/health
  --- Exception ---
System.Threading.Tasks.TaskCanceledException: A task was canceled.
   at Microsoft.Extensions.Diagnostics.HealthChecks.DefaultHealthCheckService.CheckHealthAsync(Func`2 predicate, CancellationToken cancellationToken)
   at Microsoft.AspNetCore.Diagnostics.HealthChecks.HealthCheckMiddleware.InvokeAsync(HttpContext httpContext)
   at Microsoft.AspNetCore.Authorization.AuthorizationMiddleware.Invoke(HttpContext context)
   at Microsoft.AspNetCore.Authentication.AuthenticationMiddleware.Invoke(HttpContext context)
   at NHI_AI_MedReportViewerWebApi.Middleware.GlobalExceptionMiddleware.Invoke(HttpContext context) in C:\Users\Public\Documents\AI_AP\NHI-AI-MedReportViewerWebApi\NHI-AI-MedReportViewerWebApi\Middleware\GlobalExceptionMiddleware.cs:line 20
======================================================================

2026-05-21 15:08:44.3538 [INFO] [NHI_AI_MedReportViewerWebApi.Program] [TraceID: N/A]
  Event: 0
  Request: N/A N/A 
  Message: Allowed origin: http://localhost:5173
  Properties: 
  ======================================================================

2026-05-21 15:08:44.4149 [INFO] [NHI_AI_MedReportViewerWebApi.Program] [TraceID: N/A]
  Event: 0
  Request: N/A N/A 
  Message: Authentication enabled with JWT Bearer tokens
  Properties: 
  ======================================================================

2026-05-21 15:08:44.4990 [INFO] [NHI_AI_MedReportViewerWebApi.Program] [TraceID: N/A]
  Event: 0
  Request: N/A N/A 
  Message: Exceptionless 設定完成，ServerUrl: "https://h30lhclogsvr.intra.nhi.gov.tw:8443"
  Properties: ServerUrl=https://h30lhclogsvr.intra.nhi.gov.tw:8443
  ======================================================================

2026-05-21 15:08:44.8919 [INFO] [NHI_AI_MedReportViewerWebApi.Services.UrlTokenValidator] [TraceID: 00-ab7284f6d9dc74710a1769ebc6163e28-1bd3558df87c80e1-00]
  Event: 0
  Request: GET https://lcr-tc.nhi.gov.tw/reports/view 
  Message: 正在載入 URL 驗證用 JWKS。Issuer=https://auth.cohesion.internal/url-issuer, Audience=viewer-app, Path=Config/url.jwks.json
  Properties: Issuer=https://auth.cohesion.internal/url-issuer; Audience=viewer-app; Path=Config/url.jwks.json; RequestId=40000121-0004-fd00-b63f-84710c7967bb; RequestPath=/reports/view; ActionId=21b8e430-8f4f-4016-ad47-4d10394020c9; ActionName=NHI_AI_MedReportViewerWebApi.Controllers.ReportsController.ViewReport (NHI-AI-MedReportViewerWebApi)
  ======================================================================

2026-05-21 15:08:44.9174 [INFO] [NHI_AI_MedReportViewerWebApi.Services.UrlTokenValidator] [TraceID: 00-ab7284f6d9dc74710a1769ebc6163e28-1bd3558df87c80e1-00]
  Event: 0
  Request: GET https://lcr-tc.nhi.gov.tw/reports/view 
  Message: URL 驗證用 JWKS 載入完成，共 1 把金鑰。
  Properties: Count=1; RequestId=40000121-0004-fd00-b63f-84710c7967bb; RequestPath=/reports/view; ActionId=21b8e430-8f4f-4016-ad47-4d10394020c9; ActionName=NHI_AI_MedReportViewerWebApi.Controllers.ReportsController.ViewReport (NHI-AI-MedReportViewerWebApi)
  ======================================================================

2026-05-21 15:08:44.9393 [INFO] [NHI_AI_MedReportViewerWebApi.Services.ViewerTokenIssuer] [TraceID: 00-ab7284f6d9dc74710a1769ebc6163e28-1bd3558df87c80e1-00]
  Event: 0
  Request: GET https://lcr-tc.nhi.gov.tw/reports/view 
  Message: 正在載入 Viewer 簽章私鑰 PEM (初始化)。Issuer=https://auth.cohesion.internal/viewer-issuer, Audience=viewer-app, PemPath=Config/viewer-issuer-private.pem, Kid=VW-2025-03, TTL=14400s
  Properties: Phase=初始化; Issuer=https://auth.cohesion.internal/viewer-issuer; Audience=viewer-app; Path=Config/viewer-issuer-private.pem; Kid=VW-2025-03; TTL=14400; RequestId=40000121-0004-fd00-b63f-84710c7967bb; RequestPath=/reports/view; ActionId=21b8e430-8f4f-4016-ad47-4d10394020c9; ActionName=NHI_AI_MedReportViewerWebApi.Controllers.ReportsController.ViewReport (NHI-AI-MedReportViewerWebApi)
  ======================================================================

2026-05-21 15:08:45.0089 [INFO] [NHI_AI_MedReportViewerWebApi.Services.ViewerTokenIssuer] [TraceID: 00-ab7284f6d9dc74710a1769ebc6163e28-1bd3558df87c80e1-00]
  Event: 0
  Request: GET https://lcr-tc.nhi.gov.tw/reports/view 
  Message: Viewer 簽章私鑰 PEM 載入完成，簽章設定 初始化成功。Kid=VW-2025-03, 存活秒數=14400
  Properties: Phase=初始化成功; Kid=VW-2025-03; TTL=14400; RequestId=40000121-0004-fd00-b63f-84710c7967bb; RequestPath=/reports/view; ActionId=21b8e430-8f4f-4016-ad47-4d10394020c9; ActionName=NHI_AI_MedReportViewerWebApi.Controllers.ReportsController.ViewReport (NHI-AI-MedReportViewerWebApi)
  ======================================================================

2026-05-21 15:08:45.0749 [INFO] [NHI_AI_MedReportViewerWebApi.Controllers.ReportsController] [TraceID: 00-ab7284f6d9dc74710a1769ebc6163e28-1bd3558df87c80e1-00]
  Event: 0
  Request: GET https://lcr-tc.nhi.gov.tw/reports/view 
  Message: 開始驗證 URL Token。
  Properties: RequestId=40000121-0004-fd00-b63f-84710c7967bb; RequestPath=/reports/view; ActionId=21b8e430-8f4f-4016-ad47-4d10394020c9; ActionName=NHI_AI_MedReportViewerWebApi.Controllers.ReportsController.ViewReport (NHI-AI-MedReportViewerWebApi); TraceId=40000121-0004-fd00-b63f-84710c7967bb; UrlTokenLen=698
  ======================================================================

2026-05-21 15:08:45.3265 [INFO] [NHI_AI_MedReportViewerWebApi.Services.UrlTokenValidator] [TraceID: 00-ab7284f6d9dc74710a1769ebc6163e28-1bd3558df87c80e1-00]
  Event: 0
  Request: GET https://lcr-tc.nhi.gov.tw/reports/view 
  Message: URL Token 驗證通過。kid=UX-2025-02
  Properties: Kid=UX-2025-02; RequestId=40000121-0004-fd00-b63f-84710c7967bb; RequestPath=/reports/view; ActionId=21b8e430-8f4f-4016-ad47-4d10394020c9; ActionName=NHI_AI_MedReportViewerWebApi.Controllers.ReportsController.ViewReport (NHI-AI-MedReportViewerWebApi); TraceId=40000121-0004-fd00-b63f-84710c7967bb; UrlTokenLen=698
  ======================================================================

2026-05-21 15:08:45.3450 [INFO] [NHI_AI_MedReportViewerWebApi.Controllers.ReportsController] [TraceID: 00-ab7284f6d9dc74710a1769ebc6163e28-1bd3558df87c80e1-00]
  Event: 0
  Request: GET https://lcr-tc.nhi.gov.tw/reports/view 
  Message: URL Token 驗證通過，準備簽發 Viewer Token。
  Properties: RequestId=40000121-0004-fd00-b63f-84710c7967bb; RequestPath=/reports/view; ActionId=21b8e430-8f4f-4016-ad47-4d10394020c9; ActionName=NHI_AI_MedReportViewerWebApi.Controllers.ReportsController.ViewReport (NHI-AI-MedReportViewerWebApi); TraceId=40000121-0004-fd00-b63f-84710c7967bb; UrlTokenLen=698; PatientId=EBD71A864A0F7E6A355827754B89259E; Birthday=19410712
  ======================================================================

2026-05-21 15:08:45.3654 [INFO] [NHI_AI_MedReportViewerWebApi.Services.ViewerTokenIssuer] [TraceID: 00-ab7284f6d9dc74710a1769ebc6163e28-1bd3558df87c80e1-00]
  Event: 0
  Request: GET https://lcr-tc.nhi.gov.tw/reports/view 
  Message: 正在簽發 Viewer Token。存活秒數=14400, 到期時間(UTC)=05/21/2026 11:08:45, kid=VW-2025-03, 最大會話壽命(amax)=05/21/2026 11:08:45
  Properties: TTL=14400; Exp=05/21/2026 11:08:45; Kid=VW-2025-03; Amax=05/21/2026 11:08:45; RequestId=40000121-0004-fd00-b63f-84710c7967bb; RequestPath=/reports/view; ActionId=21b8e430-8f4f-4016-ad47-4d10394020c9; ActionName=NHI_AI_MedReportViewerWebApi.Controllers.ReportsController.ViewReport (NHI-AI-MedReportViewerWebApi); TraceId=40000121-0004-fd00-b63f-84710c7967bb; UrlTokenLen=698; PatientId=EBD71A864A0F7E6A355827754B89259E; Birthday=19410712
  ======================================================================

2026-05-21 15:08:45.4718 [INFO] [NHI_AI_MedReportViewerWebApi.Controllers.ReportsController] [TraceID: 00-ab7284f6d9dc74710a1769ebc6163e28-1bd3558df87c80e1-00]
  Event: 0
  Request: GET https://lcr-tc.nhi.gov.tw/reports/view 
  Message: 以 Redirect 模式回應，導向前端頁面。
  Properties: RequestId=40000121-0004-fd00-b63f-84710c7967bb; RequestPath=/reports/view; ActionId=21b8e430-8f4f-4016-ad47-4d10394020c9; ActionName=NHI_AI_MedReportViewerWebApi.Controllers.ReportsController.ViewReport (NHI-AI-MedReportViewerWebApi); TraceId=40000121-0004-fd00-b63f-84710c7967bb; UrlTokenLen=698; PatientId=EBD71A864A0F7E6A355827754B89259E; Birthday=19410712
  ======================================================================

2026-05-21 15:08:46.7093 [INFO] [NHI_AI_MedReportViewerWebApi.Services.OutputGenerationService] [TraceID: 00-9b38b3910e1d4b629cdcc2c25edc2293-b408f233c0155f34-00]
  Event: 0
  Request: GET https://lcr-tc.nhi.gov.tw/api/digestsummary 
  Message: 開始建立 extracted_data for Patient: Z299999830-20251102-1211-00000000001
  Properties: PatientObjId=Z299999830-20251102-1211-00000000001; RequestId=40000222-0007-fe00-b63f-84710c7967bb; RequestPath=/api/digestsummary; ActionId=e40c62f8-625b-4dbf-ac64-7c4ceb67863b; ActionName=NHI_AI_MedReportViewerWebApi.Controllers.DigestSummaryController.Get (NHI-AI-MedReportViewerWebApi)
  ======================================================================

2026-05-21 15:08:47.4403 [INFO] [NHI_AI_MedReportViewerWebApi.Services.OutputGenerationService] [TraceID: 00-9b38b3910e1d4b629cdcc2c25edc2293-b408f233c0155f34-00]
  Event: 0
  Request: GET https://lcr-tc.nhi.gov.tw/api/digestsummary 
  Message: 完成建立 23 筆 extracted_data
  Properties: Count=23; RequestId=40000222-0007-fe00-b63f-84710c7967bb; RequestPath=/api/digestsummary; ActionId=e40c62f8-625b-4dbf-ac64-7c4ceb67863b; ActionName=NHI_AI_MedReportViewerWebApi.Controllers.DigestSummaryController.Get (NHI-AI-MedReportViewerWebApi)
  ======================================================================

2026-05-21 15:08:47.4628 [INFO] [NHI_AI_MedReportViewerWebApi.Services.OutputGenerationService] [TraceID: 00-9b38b3910e1d4b629cdcc2c25edc2293-b408f233c0155f34-00]
  Event: 0
  Request: GET https://lcr-tc.nhi.gov.tw/api/digestsummary 
  Message: 開始建立 summary for Patient: Z299999830-20251102-1211-00000000001
  Properties: PatientObjId=Z299999830-20251102-1211-00000000001; RequestId=40000222-0007-fe00-b63f-84710c7967bb; RequestPath=/api/digestsummary; ActionId=e40c62f8-625b-4dbf-ac64-7c4ceb67863b; ActionName=NHI_AI_MedReportViewerWebApi.Controllers.DigestSummaryController.Get (NHI-AI-MedReportViewerWebApi)
  ======================================================================

2026-05-21 15:08:47.7193 [INFO] [NHI_AI_MedReportViewerWebApi.Services.OutputGenerationService] [TraceID: 00-9b38b3910e1d4b629cdcc2c25edc2293-b408f233c0155f34-00]
  Event: 0
  Request: GET https://lcr-tc.nhi.gov.tw/api/digestsummary 
  Message: 完成建立 4 筆 summary
  Properties: Count=4; RequestId=40000222-0007-fe00-b63f-84710c7967bb; RequestPath=/api/digestsummary; ActionId=e40c62f8-625b-4dbf-ac64-7c4ceb67863b; ActionName=NHI_AI_MedReportViewerWebApi.Controllers.DigestSummaryController.Get (NHI-AI-MedReportViewerWebApi)
  ======================================================================

2026-05-21 15:08:47.7557 [INFO] [Polly] [TraceID: 00-9b38b3910e1d4b629cdcc2c25edc2293-b408f233c0155f34-00]
  Event: 0
  Request: GET https://lcr-tc.nhi.gov.tw/api/digestsummary 
  Message: Execution attempt. Source: 'OracleResiliencePipeline/(null)/Retry', Operation Key: '', Result: 'NHI_AI_MedReportViewerWebApi.Models.OutputJsonDto', Handled: 'False', Attempt: '0', Execution Time: '1676.3237'
  Properties: PipelineName=OracleResiliencePipeline; PipelineInstance=(null); StrategyName=Retry; Result=NHI_AI_MedReportViewerWebApi.Models.OutputJsonDto; Handled=false; Attempt=0; ExecutionTimeMs=1676.3237; EventId=3; EventName=ExecutionAttempt; RequestId=40000222-0007-fe00-b63f-84710c7967bb; RequestPath=/api/digestsummary; ActionId=e40c62f8-625b-4dbf-ac64-7c4ceb67863b; ActionName=NHI_AI_MedReportViewerWebApi.Controllers.DigestSummaryController.Get (NHI-AI-MedReportViewerWebApi)
  ======================================================================

2026-05-21 15:08:48.1447 [INFO] [NHI_AI_MedReportViewerWebApi.Services.OutputGenerationService] [TraceID: 00-9da54e1915f0f4be5927fef84d5faadd-b848790a619db311-00]
  Event: 0
  Request: GET https://lcr-tc.nhi.gov.tw/api/DigestSummary/key-images 
  Message: 開始取得病患關鍵影像: IdAes=EBD71A864A0F7E6A355827754B89259E, Birthday=19410712
  Properties: IdAes=EBD71A864A0F7E6A355827754B89259E; Birthday=19410712; RequestId=4000028e-0001-ff00-b63f-84710c7967bb; RequestPath=/api/DigestSummary/key-images; ActionId=1da758c1-781c-4ceb-a759-74b71a0df23a; ActionName=NHI_AI_MedReportViewerWebApi.Controllers.DigestSummaryController.GetPatientKeyImages (NHI-AI-MedReportViewerWebApi)
  ======================================================================

2026-05-21 15:08:48.2380 [INFO] [NHI_AI_MedReportViewerWebApi.Services.NhiPatientImageService] [TraceID: 00-fd170d1b10d777da4157dcac12818ef0-2733f55351953bd5-00]
  Event: 0
  Request: GET https://lcr-tc.nhi.gov.tw/api/NhiPatientImage/studies/1.2.840.133888132105150143162871541411731780159144/series-uid 
  Message: 開始查詢 Series Instance UID: Study=1.2.840.133888132105150143162871541411731780159144, SeriesNumber=15
  Properties: RequestId=40000224-0007-fe00-b63f-84710c7967bb; RequestPath=/api/NhiPatientImage/studies/1.2.840.133888132105150143162871541411731780159144/series-uid; ActionId=d8463340-b851-4e92-be0f-8b014b0feec8; ActionName=NHI_AI_MedReportViewerWebApi.Controllers.NhiPatientImageController.GetSeriesInstanceUid (NHI-AI-MedReportViewerWebApi); StudyInstanceUid=1.2.840.133888132105150143162871541411731780159144; SeriesNumber=15
  ======================================================================

2026-05-21 15:08:48.2907 [INFO] [Polly] [TraceID: 00-9da54e1915f0f4be5927fef84d5faadd-b848790a619db311-00]
  Event: 0
  Request: GET https://lcr-tc.nhi.gov.tw/api/DigestSummary/key-images 
  Message: Execution attempt. Source: 'OracleResiliencePipeline/(null)/Retry', Operation Key: '', Result: 'System.Collections.Generic.List`1[NHI_AI_MedReportViewerWebApi.Models.KeyImageInfo]', Handled: 'False', Attempt: '0', Execution Time: '121.7807'
  Properties: PipelineName=OracleResiliencePipeline; PipelineInstance=(null); StrategyName=Retry; Result=NHI_AI_MedReportViewerWebApi.Models.KeyImageInfo, NHI_AI_MedReportViewerWebApi.Models.KeyImageInfo, NHI_AI_MedReportViewerWebApi.Models.KeyImageInfo, NHI_AI_MedReportViewerWebApi.Models.KeyImageInfo; Handled=false; Attempt=0; ExecutionTimeMs=121.7807; EventId=3; EventName=ExecutionAttempt; RequestId=4000028e-0001-ff00-b63f-84710c7967bb; RequestPath=/api/DigestSummary/key-images; ActionId=1da758c1-781c-4ceb-a759-74b71a0df23a; ActionName=NHI_AI_MedReportViewerWebApi.Controllers.DigestSummaryController.GetPatientKeyImages (NHI-AI-MedReportViewerWebApi)
  ======================================================================

2026-05-21 15:08:48.3267 [INFO] [NHI_AI_MedReportViewerWebApi.Services.OutputGenerationService] [TraceID: 00-9da54e1915f0f4be5927fef84d5faadd-b848790a619db311-00]
  Event: 0
  Request: GET https://lcr-tc.nhi.gov.tw/api/DigestSummary/key-images 
  Message: 完成取得病患關鍵影像，共 4 筆
  Properties: Count=4; RequestId=4000028e-0001-ff00-b63f-84710c7967bb; RequestPath=/api/DigestSummary/key-images; ActionId=1da758c1-781c-4ceb-a759-74b71a0df23a; ActionName=NHI_AI_MedReportViewerWebApi.Controllers.DigestSummaryController.GetPatientKeyImages (NHI-AI-MedReportViewerWebApi)
  ======================================================================

2026-05-21 15:08:48.4086 [INFO] [AIRS.Core.Helpers.ZfpOracleDbHelper] [TraceID: 00-2440d68e213f5e8a27a6a6ed1d598c2c-f23eb12341b30648-00]
  Event: 0
  Request: GET https://lcr-tc.nhi.gov.tw/api/NhiPatientImage/studies/1.2.840.1405011311801131732011012121012200126134/series/1.2.840.51111141244381216847820799116149155151129/instances/1.2.840.3219370233171571652261152261706625011114738/jpg 
  Message: GetImageKey(studyInstanceUid: 1.2.840.1405011311801131732011012121012200126134, seriesInstanceUid: 1.2.840.51111141244381216847820799116149155151129, sopInstanceUid: 1.2.840.3219370233171571652261152261706625011114738)
  Properties: StudyUid=1.2.840.1405011311801131732011012121012200126134; SeriesUid=1.2.840.51111141244381216847820799116149155151129; SopUid=1.2.840.3219370233171571652261152261706625011114738; RequestId=4000024c-0002-ff00-b63f-84710c7967bb; RequestPath=/api/NhiPatientImage/studies/1.2.840.1405011311801131732011012121012200126134/series/1.2.840.51111141244381216847820799116149155151129/instances/1.2.840.3219370233171571652261152261706625011114738/jpg; ActionId=2f5091dd-40fd-47ba-b540-f0e1a733b6dd; ActionName=NHI_AI_MedReportViewerWebApi.Controllers.NhiPatientImageController.GetImageScreenshotAsync (NHI-AI-MedReportViewerWebApi); StudyInstanceUid=1.2.840.1405011311801131732011012121012200126134; SeriesInstanceUid=1.2.840.51111141244381216847820799116149155151129; SopInstanceUid=1.2.840.3219370233171571652261152261706625011114738
  ======================================================================

2026-05-21 15:08:48.4086 [INFO] [AIRS.Core.Helpers.ZfpOracleDbHelper] [TraceID: 00-5d834d39db6d6166a539f494221e4068-557aac72d097f7eb-00]
  Event: 0
  Request: GET https://lcr-tc.nhi.gov.tw/api/NhiPatientImage/studies/1.2.840.6610321904118510815420318233761831142014/series/1.2.840.185393732156165237212158241127106677643111/instances/1.2.840.1051457738253118922381479013141215320088/jpg 
  Message: GetImageKey(studyInstanceUid: 1.2.840.6610321904118510815420318233761831142014, seriesInstanceUid: 1.2.840.185393732156165237212158241127106677643111, sopInstanceUid: 1.2.840.1051457738253118922381479013141215320088)
  Properties: StudyUid=1.2.840.6610321904118510815420318233761831142014; SeriesUid=1.2.840.185393732156165237212158241127106677643111; SopUid=1.2.840.1051457738253118922381479013141215320088; RequestId=40000002-0001-fd00-b63f-84710c7967bb; RequestPath=/api/NhiPatientImage/studies/1.2.840.6610321904118510815420318233761831142014/series/1.2.840.185393732156165237212158241127106677643111/instances/1.2.840.1051457738253118922381479013141215320088/jpg; ActionId=2f5091dd-40fd-47ba-b540-f0e1a733b6dd; ActionName=NHI_AI_MedReportViewerWebApi.Controllers.NhiPatientImageController.GetImageScreenshotAsync (NHI-AI-MedReportViewerWebApi); StudyInstanceUid=1.2.840.6610321904118510815420318233761831142014; SeriesInstanceUid=1.2.840.185393732156165237212158241127106677643111; SopInstanceUid=1.2.840.1051457738253118922381479013141215320088
  ======================================================================

2026-05-21 15:08:48.4086 [INFO] [AIRS.Core.Helpers.ZfpOracleDbHelper] [TraceID: 00-2d7eb882a390a8f4be517d1ab0a81999-426dda14ec5228cf-00]
  Event: 0
  Request: GET https://lcr-tc.nhi.gov.tw/api/NhiPatientImage/studies/1.2.840.1405011311801131732011012121012200126134/series/1.2.840.51111141244381216847820799116149155151129/instances/1.2.840.232761451702923525417733227971231052812514/jpg 
  Message: GetImageKey(studyInstanceUid: 1.2.840.1405011311801131732011012121012200126134, seriesInstanceUid: 1.2.840.51111141244381216847820799116149155151129, sopInstanceUid: 1.2.840.232761451702923525417733227971231052812514)
  Properties: StudyUid=1.2.840.1405011311801131732011012121012200126134; SeriesUid=1.2.840.51111141244381216847820799116149155151129; SopUid=1.2.840.232761451702923525417733227971231052812514; RequestId=40000002-0001-fc00-b63f-84710c7967bb; RequestPath=/api/NhiPatientImage/studies/1.2.840.1405011311801131732011012121012200126134/series/1.2.840.51111141244381216847820799116149155151129/instances/1.2.840.232761451702923525417733227971231052812514/jpg; ActionId=2f5091dd-40fd-47ba-b540-f0e1a733b6dd; ActionName=NHI_AI_MedReportViewerWebApi.Controllers.NhiPatientImageController.GetImageScreenshotAsync (NHI-AI-MedReportViewerWebApi); StudyInstanceUid=1.2.840.1405011311801131732011012121012200126134; SeriesInstanceUid=1.2.840.51111141244381216847820799116149155151129; SopInstanceUid=1.2.840.232761451702923525417733227971231052812514
  ======================================================================

2026-05-21 15:08:48.4086 [INFO] [AIRS.Core.Helpers.ZfpOracleDbHelper] [TraceID: 00-ee3842ad900e0152e8ae867fc06c4b54-2e24474d45be3f9b-00]
  Event: 0
  Request: GET https://lcr-tc.nhi.gov.tw/api/NhiPatientImage/studies/1.2.840.6610321904118510815420318233761831142014/series/1.2.840.185393732156165237212158241127106677643111/instances/1.2.840.3417124205586658229153205402522644/jpg 
  Message: GetImageKey(studyInstanceUid: 1.2.840.6610321904118510815420318233761831142014, seriesInstanceUid: 1.2.840.185393732156165237212158241127106677643111, sopInstanceUid: 1.2.840.3417124205586658229153205402522644)
  Properties: StudyUid=1.2.840.6610321904118510815420318233761831142014; SeriesUid=1.2.840.185393732156165237212158241127106677643111; SopUid=1.2.840.3417124205586658229153205402522644; RequestId=40000290-0001-ff00-b63f-84710c7967bb; RequestPath=/api/NhiPatientImage/studies/1.2.840.6610321904118510815420318233761831142014/series/1.2.840.185393732156165237212158241127106677643111/instances/1.2.840.3417124205586658229153205402522644/jpg; ActionId=2f5091dd-40fd-47ba-b540-f0e1a733b6dd; ActionName=NHI_AI_MedReportViewerWebApi.Controllers.NhiPatientImageController.GetImageScreenshotAsync (NHI-AI-MedReportViewerWebApi); StudyInstanceUid=1.2.840.6610321904118510815420318233761831142014; SeriesInstanceUid=1.2.840.185393732156165237212158241127106677643111; SopInstanceUid=1.2.840.3417124205586658229153205402522644
  ======================================================================

2026-05-21 15:08:48.8269 [INFO] [Polly] [TraceID: 00-05d420452ab5571ef7e9e5e612d0322d-c55f4307d3e161a0-00]
  Event: 0
  Request: GET https://lcr-tc.nhi.gov.tw/api/DigestSummary/hospital 
  Message: Execution attempt. Source: 'OracleResiliencePipeline/(null)/Retry', Operation Key: '', Result: '台大醫院', Handled: 'False', Attempt: '0', Execution Time: '675.1884'
  Properties: PipelineName=OracleResiliencePipeline; PipelineInstance=(null); StrategyName=Retry; Result=台大醫院; Handled=false; Attempt=0; ExecutionTimeMs=675.1884; EventId=3; EventName=ExecutionAttempt; RequestId=4000022b-0006-fc00-b63f-84710c7967bb; RequestPath=/api/DigestSummary/hospital; ActionId=f4a41365-fbf3-4cb4-9266-30bb497dd2ef; ActionName=NHI_AI_MedReportViewerWebApi.Controllers.DigestSummaryController.GetHospitalName (NHI-AI-MedReportViewerWebApi)
  ======================================================================

2026-05-21 15:08:48.8269 [INFO] [Polly] [TraceID: 00-2440d68e213f5e8a27a6a6ed1d598c2c-f23eb12341b30648-00]
  Event: 0
  Request: GET https://lcr-tc.nhi.gov.tw/api/NhiPatientImage/studies/1.2.840.1405011311801131732011012121012200126134/series/1.2.840.51111141244381216847820799116149155151129/instances/1.2.840.3219370233171571652261152261706625011114738/jpg 
  Message: Execution attempt. Source: 'OracleResiliencePipeline/(null)/Retry', Operation Key: '', Result: 'NHI_ZFP_Viewer.ImageSources.ImageInfo', Handled: 'False', Attempt: '0', Execution Time: '403.0762'
  Properties: PipelineName=OracleResiliencePipeline; PipelineInstance=(null); StrategyName=Retry; Result=NHI_ZFP_Viewer.ImageSources.ImageInfo; Handled=false; Attempt=0; ExecutionTimeMs=403.0762; EventId=3; EventName=ExecutionAttempt; RequestId=4000024c-0002-ff00-b63f-84710c7967bb; RequestPath=/api/NhiPatientImage/studies/1.2.840.1405011311801131732011012121012200126134/series/1.2.840.51111141244381216847820799116149155151129/instances/1.2.840.3219370233171571652261152261706625011114738/jpg; ActionId=2f5091dd-40fd-47ba-b540-f0e1a733b6dd; ActionName=NHI_AI_MedReportViewerWebApi.Controllers.NhiPatientImageController.GetImageScreenshotAsync (NHI-AI-MedReportViewerWebApi); StudyInstanceUid=1.2.840.1405011311801131732011012121012200126134; SeriesInstanceUid=1.2.840.51111141244381216847820799116149155151129; SopInstanceUid=1.2.840.3219370233171571652261152261706625011114738
  ======================================================================

2026-05-21 15:08:48.8269 [INFO] [Polly] [TraceID: 00-5d834d39db6d6166a539f494221e4068-557aac72d097f7eb-00]
  Event: 0
  Request: GET https://lcr-tc.nhi.gov.tw/api/NhiPatientImage/studies/1.2.840.6610321904118510815420318233761831142014/series/1.2.840.185393732156165237212158241127106677643111/instances/1.2.840.1051457738253118922381479013141215320088/jpg 
  Message: Execution attempt. Source: 'OracleResiliencePipeline/(null)/Retry', Operation Key: '', Result: 'NHI_ZFP_Viewer.ImageSources.ImageInfo', Handled: 'False', Attempt: '0', Execution Time: '399.1945'
  Properties: PipelineName=OracleResiliencePipeline; PipelineInstance=(null); StrategyName=Retry; Result=NHI_ZFP_Viewer.ImageSources.ImageInfo; Handled=false; Attempt=0; ExecutionTimeMs=399.1945; EventId=3; EventName=ExecutionAttempt; RequestId=40000002-0001-fd00-b63f-84710c7967bb; RequestPath=/api/NhiPatientImage/studies/1.2.840.6610321904118510815420318233761831142014/series/1.2.840.185393732156165237212158241127106677643111/instances/1.2.840.1051457738253118922381479013141215320088/jpg; ActionId=2f5091dd-40fd-47ba-b540-f0e1a733b6dd; ActionName=NHI_AI_MedReportViewerWebApi.Controllers.NhiPatientImageController.GetImageScreenshotAsync (NHI-AI-MedReportViewerWebApi); StudyInstanceUid=1.2.840.6610321904118510815420318233761831142014; SeriesInstanceUid=1.2.840.185393732156165237212158241127106677643111; SopInstanceUid=1.2.840.1051457738253118922381479013141215320088
  ======================================================================

2026-05-21 15:08:48.8269 [INFO] [Polly] [TraceID: 00-ee3842ad900e0152e8ae867fc06c4b54-2e24474d45be3f9b-00]
  Event: 0
  Request: GET https://lcr-tc.nhi.gov.tw/api/NhiPatientImage/studies/1.2.840.6610321904118510815420318233761831142014/series/1.2.840.185393732156165237212158241127106677643111/instances/1.2.840.3417124205586658229153205402522644/jpg 
  Message: Execution attempt. Source: 'OracleResiliencePipeline/(null)/Retry', Operation Key: '', Result: 'NHI_ZFP_Viewer.ImageSources.ImageInfo', Handled: 'False', Attempt: '0', Execution Time: '391.1499'
  Properties: PipelineName=OracleResiliencePipeline; PipelineInstance=(null); StrategyName=Retry; Result=NHI_ZFP_Viewer.ImageSources.ImageInfo; Handled=false; Attempt=0; ExecutionTimeMs=391.1499; EventId=3; EventName=ExecutionAttempt; RequestId=40000290-0001-ff00-b63f-84710c7967bb; RequestPath=/api/NhiPatientImage/studies/1.2.840.6610321904118510815420318233761831142014/series/1.2.840.185393732156165237212158241127106677643111/instances/1.2.840.3417124205586658229153205402522644/jpg; ActionId=2f5091dd-40fd-47ba-b540-f0e1a733b6dd; ActionName=NHI_AI_MedReportViewerWebApi.Controllers.NhiPatientImageController.GetImageScreenshotAsync (NHI-AI-MedReportViewerWebApi); StudyInstanceUid=1.2.840.6610321904118510815420318233761831142014; SeriesInstanceUid=1.2.840.185393732156165237212158241127106677643111; SopInstanceUid=1.2.840.3417124205586658229153205402522644
  ======================================================================

2026-05-21 15:08:48.8269 [INFO] [Polly] [TraceID: 00-2d7eb882a390a8f4be517d1ab0a81999-426dda14ec5228cf-00]
  Event: 0
  Request: GET https://lcr-tc.nhi.gov.tw/api/NhiPatientImage/studies/1.2.840.1405011311801131732011012121012200126134/series/1.2.840.51111141244381216847820799116149155151129/instances/1.2.840.232761451702923525417733227971231052812514/jpg 
  Message: Execution attempt. Source: 'OracleResiliencePipeline/(null)/Retry', Operation Key: '', Result: 'NHI_ZFP_Viewer.ImageSources.ImageInfo', Handled: 'False', Attempt: '0', Execution Time: '395.3035'
  Properties: PipelineName=OracleResiliencePipeline; PipelineInstance=(null); StrategyName=Retry; Result=NHI_ZFP_Viewer.ImageSources.ImageInfo; Handled=false; Attempt=0; ExecutionTimeMs=395.3035; EventId=3; EventName=ExecutionAttempt; RequestId=40000002-0001-fc00-b63f-84710c7967bb; RequestPath=/api/NhiPatientImage/studies/1.2.840.1405011311801131732011012121012200126134/series/1.2.840.51111141244381216847820799116149155151129/instances/1.2.840.232761451702923525417733227971231052812514/jpg; ActionId=2f5091dd-40fd-47ba-b540-f0e1a733b6dd; ActionName=NHI_AI_MedReportViewerWebApi.Controllers.NhiPatientImageController.GetImageScreenshotAsync (NHI-AI-MedReportViewerWebApi); StudyInstanceUid=1.2.840.1405011311801131732011012121012200126134; SeriesInstanceUid=1.2.840.51111141244381216847820799116149155151129; SopInstanceUid=1.2.840.232761451702923525417733227971231052812514
  ======================================================================

2026-05-21 15:08:48.8269 [INFO] [Polly] [TraceID: 00-fd170d1b10d777da4157dcac12818ef0-2733f55351953bd5-00]
  Event: 0
  Request: GET https://lcr-tc.nhi.gov.tw/api/NhiPatientImage/studies/1.2.840.133888132105150143162871541411731780159144/series-uid 
  Message: Execution attempt. Source: 'OracleResiliencePipeline/(null)/Retry', Operation Key: '', Result: '1.2.840.19216622352892321110282110210111240391850', Handled: 'False', Attempt: '0', Execution Time: '571.0127'
  Properties: PipelineName=OracleResiliencePipeline; PipelineInstance=(null); StrategyName=Retry; Result=1.2.840.19216622352892321110282110210111240391850; Handled=false; Attempt=0; ExecutionTimeMs=571.0127; EventId=3; EventName=ExecutionAttempt; RequestId=40000224-0007-fe00-b63f-84710c7967bb; RequestPath=/api/NhiPatientImage/studies/1.2.840.133888132105150143162871541411731780159144/series-uid; ActionId=d8463340-b851-4e92-be0f-8b014b0feec8; ActionName=NHI_AI_MedReportViewerWebApi.Controllers.NhiPatientImageController.GetSeriesInstanceUid (NHI-AI-MedReportViewerWebApi); StudyInstanceUid=1.2.840.133888132105150143162871541411731780159144; SeriesNumber=15
  ======================================================================

2026-05-21 15:08:48.8751 [INFO] [AIRS.Core.Helpers.ZfpOracleDbHelper] [TraceID: 00-2440d68e213f5e8a27a6a6ed1d598c2c-f23eb12341b30648-00]
  Event: 0
  Request: GET https://lcr-tc.nhi.gov.tw/api/NhiPatientImage/studies/1.2.840.1405011311801131732011012121012200126134/series/1.2.840.51111141244381216847820799116149155151129/instances/1.2.840.3219370233171571652261152261706625011114738/jpg 
  Message: GetImageKey = Archived/20230210/1.2.840.1405011311801131732011012121012200126134/1.2.840.51111141244381216847820799116149155151129/1.2.840.3219370233171571652261152261706625011114738.dcm, 454 ms elapsed.
  Properties: S3ObjectKey=Archived/20230210/1.2.840.1405011311801131732011012121012200126134/1.2.840.51111141244381216847820799116149155151129/1.2.840.3219370233171571652261152261706625011114738.dcm; Elapsed=454; RequestId=4000024c-0002-ff00-b63f-84710c7967bb; RequestPath=/api/NhiPatientImage/studies/1.2.840.1405011311801131732011012121012200126134/series/1.2.840.51111141244381216847820799116149155151129/instances/1.2.840.3219370233171571652261152261706625011114738/jpg; ActionId=2f5091dd-40fd-47ba-b540-f0e1a733b6dd; ActionName=NHI_AI_MedReportViewerWebApi.Controllers.NhiPatientImageController.GetImageScreenshotAsync (NHI-AI-MedReportViewerWebApi); StudyInstanceUid=1.2.840.1405011311801131732011012121012200126134; SeriesInstanceUid=1.2.840.51111141244381216847820799116149155151129; SopInstanceUid=1.2.840.3219370233171571652261152261706625011114738
  ======================================================================

2026-05-21 15:08:48.8897 [INFO] [AIRS.Core.Helpers.ZfpOracleDbHelper] [TraceID: 00-5d834d39db6d6166a539f494221e4068-557aac72d097f7eb-00]
  Event: 0
  Request: GET https://lcr-tc.nhi.gov.tw/api/NhiPatientImage/studies/1.2.840.6610321904118510815420318233761831142014/series/1.2.840.185393732156165237212158241127106677643111/instances/1.2.840.1051457738253118922381479013141215320088/jpg 
  Message: GetImageKey = Archived/20230510/1.2.840.6610321904118510815420318233761831142014/1.2.840.185393732156165237212158241127106677643111/1.2.840.1051457738253118922381479013141215320088.dcm, 463 ms elapsed.
  Properties: S3ObjectKey=Archived/20230510/1.2.840.6610321904118510815420318233761831142014/1.2.840.185393732156165237212158241127106677643111/1.2.840.1051457738253118922381479013141215320088.dcm; Elapsed=463; RequestId=40000002-0001-fd00-b63f-84710c7967bb; RequestPath=/api/NhiPatientImage/studies/1.2.840.6610321904118510815420318233761831142014/series/1.2.840.185393732156165237212158241127106677643111/instances/1.2.840.1051457738253118922381479013141215320088/jpg; ActionId=2f5091dd-40fd-47ba-b540-f0e1a733b6dd; ActionName=NHI_AI_MedReportViewerWebApi.Controllers.NhiPatientImageController.GetImageScreenshotAsync (NHI-AI-MedReportViewerWebApi); StudyInstanceUid=1.2.840.6610321904118510815420318233761831142014; SeriesInstanceUid=1.2.840.185393732156165237212158241127106677643111; SopInstanceUid=1.2.840.1051457738253118922381479013141215320088
  ======================================================================

2026-05-21 15:08:48.8897 [INFO] [AIRS.Core.Helpers.ZfpOracleDbHelper] [TraceID: 00-ee3842ad900e0152e8ae867fc06c4b54-2e24474d45be3f9b-00]
  Event: 0
  Request: GET https://lcr-tc.nhi.gov.tw/api/NhiPatientImage/studies/1.2.840.6610321904118510815420318233761831142014/series/1.2.840.185393732156165237212158241127106677643111/instances/1.2.840.3417124205586658229153205402522644/jpg 
  Message: GetImageKey = Archived/20230510/1.2.840.6610321904118510815420318233761831142014/1.2.840.185393732156165237212158241127106677643111/1.2.840.3417124205586658229153205402522644.dcm, 465 ms elapsed.
  Properties: S3ObjectKey=Archived/20230510/1.2.840.6610321904118510815420318233761831142014/1.2.840.185393732156165237212158241127106677643111/1.2.840.3417124205586658229153205402522644.dcm; Elapsed=465; RequestId=40000290-0001-ff00-b63f-84710c7967bb; RequestPath=/api/NhiPatientImage/studies/1.2.840.6610321904118510815420318233761831142014/series/1.2.840.185393732156165237212158241127106677643111/instances/1.2.840.3417124205586658229153205402522644/jpg; ActionId=2f5091dd-40fd-47ba-b540-f0e1a733b6dd; ActionName=NHI_AI_MedReportViewerWebApi.Controllers.NhiPatientImageController.GetImageScreenshotAsync (NHI-AI-MedReportViewerWebApi); StudyInstanceUid=1.2.840.6610321904118510815420318233761831142014; SeriesInstanceUid=1.2.840.185393732156165237212158241127106677643111; SopInstanceUid=1.2.840.3417124205586658229153205402522644
  ======================================================================

2026-05-21 15:08:48.9042 [INFO] [AIRS.Core.Helpers.ZfpOracleDbHelper] [TraceID: 00-2d7eb882a390a8f4be517d1ab0a81999-426dda14ec5228cf-00]
  Event: 0
  Request: GET https://lcr-tc.nhi.gov.tw/api/NhiPatientImage/studies/1.2.840.1405011311801131732011012121012200126134/series/1.2.840.51111141244381216847820799116149155151129/instances/1.2.840.232761451702923525417733227971231052812514/jpg 
  Message: GetImageKey = Archived/20230210/1.2.840.1405011311801131732011012121012200126134/1.2.840.51111141244381216847820799116149155151129/1.2.840.232761451702923525417733227971231052812514.dcm, 481 ms elapsed.
  Properties: S3ObjectKey=Archived/20230210/1.2.840.1405011311801131732011012121012200126134/1.2.840.51111141244381216847820799116149155151129/1.2.840.232761451702923525417733227971231052812514.dcm; Elapsed=481; RequestId=40000002-0001-fc00-b63f-84710c7967bb; RequestPath=/api/NhiPatientImage/studies/1.2.840.1405011311801131732011012121012200126134/series/1.2.840.51111141244381216847820799116149155151129/instances/1.2.840.232761451702923525417733227971231052812514/jpg; ActionId=2f5091dd-40fd-47ba-b540-f0e1a733b6dd; ActionName=NHI_AI_MedReportViewerWebApi.Controllers.NhiPatientImageController.GetImageScreenshotAsync (NHI-AI-MedReportViewerWebApi); StudyInstanceUid=1.2.840.1405011311801131732011012121012200126134; SeriesInstanceUid=1.2.840.51111141244381216847820799116149155151129; SopInstanceUid=1.2.840.232761451702923525417733227971231052812514
  ======================================================================

2026-05-21 15:08:48.9246 [INFO] [NHI_AI_MedReportViewerWebApi.Services.NhiPatientImageService] [TraceID: 00-fd170d1b10d777da4157dcac12818ef0-2733f55351953bd5-00]
  Event: 0
  Request: GET https://lcr-tc.nhi.gov.tw/api/NhiPatientImage/studies/1.2.840.133888132105150143162871541411731780159144/series-uid 
  Message: 找到 Series Number 15 對應的 Series Instance UID: 1.2.840.19216622352892321110282110210111240391850
  Properties: RequestId=40000224-0007-fe00-b63f-84710c7967bb; RequestPath=/api/NhiPatientImage/studies/1.2.840.133888132105150143162871541411731780159144/series-uid; ActionId=d8463340-b851-4e92-be0f-8b014b0feec8; ActionName=NHI_AI_MedReportViewerWebApi.Controllers.NhiPatientImageController.GetSeriesInstanceUid (NHI-AI-MedReportViewerWebApi); StudyInstanceUid=1.2.840.133888132105150143162871541411731780159144; SeriesNumber=15
  ======================================================================

2026-05-21 15:08:48.9706 [INFO] [AIRS.Core.Helpers.ZfpOracleDbHelper] [TraceID: 00-93a0d596e24e512e2d53b8f3bd1e1609-09d365c1bcb54c94-00]
  Event: 0
  Request: GET https://lcr-tc.nhi.gov.tw/api/NhiPatientImage/studies/1.2.840.133888132105150143162871541411731780159144/series/1.2.840.19216622352892321110282110210111240391850/images 
  Message: GetSortedImagesBySeries(studyInstanceUid: 1.2.840.133888132105150143162871541411731780159144, seriesInstanceUid: 1.2.840.19216622352892321110282110210111240391850)
  Properties: StudyUid=1.2.840.133888132105150143162871541411731780159144; SeriesUid=1.2.840.19216622352892321110282110210111240391850; RequestId=40000006-0007-fd00-b63f-84710c7967bb; RequestPath=/api/NhiPatientImage/studies/1.2.840.133888132105150143162871541411731780159144/series/1.2.840.19216622352892321110282110210111240391850/images; ActionId=35e04f32-c653-4eec-9ba0-f3f9258dc16a; ActionName=NHI_AI_MedReportViewerWebApi.Controllers.NhiPatientImageController.GetImagesInSeries (NHI-AI-MedReportViewerWebApi); StudyInstanceUid=1.2.840.133888132105150143162871541411731780159144; SeriesInstanceUid=1.2.840.19216622352892321110282110210111240391850
  ======================================================================

2026-05-21 15:08:49.0616 [INFO] [Polly] [TraceID: 00-93a0d596e24e512e2d53b8f3bd1e1609-09d365c1bcb54c94-00]
  Event: 0
  Request: GET https://lcr-tc.nhi.gov.tw/api/NhiPatientImage/studies/1.2.840.133888132105150143162871541411731780159144/series/1.2.840.19216622352892321110282110210111240391850/images 
  Message: Execution attempt. Source: 'OracleResiliencePipeline/(null)/Retry', Operation Key: '', Result: 'System.Collections.Generic.List`1[System.String]', Handled: 'False', Attempt: '0', Execution Time: '80.5665'
  Properties: PipelineName=OracleResiliencePipeline; PipelineInstance=(null); StrategyName=Retry; Result="1.2.840.15116225230158118975412622041871962468104", "1.2.840.44542256821551060245135851771617698139", "1.2.840.213115105749221414215113210170101331179222", "1.2.840.12114513921313719820317344175109200217247153", "1.2.840.114822210314114621323211912215325752610687", "1.2.840.1062223317692962204410324121839121104142134", "1.2.840.812211801453118631337614997442271881138", "1.2.840.71846220011012318319615284551117618516348", "1.2.840.244208230167245826816416411670148317770253", "1.2.840.81081038825104205912823321327167110240141", "1.2.840.114151521110920085141135160252262431321485", "1.2.840.2201096613715943177811732479419617723334194", "1.2.840.23811913117823664236164181331431282591225218", "1.2.840.165114102210181701751122402394336238104212208", "1.2.840.17994232168914984391372316786924528127", "1.2.840.1261319373241351648418211118975669810218", "1.2.840.111196402819487014692140572002133720118", "1.2.840.197179791170191450371512182912111204156", "1.2.840.262334123418516814120912213101995916031", "1.2.840.12232154274815932372442015817144238250", "1.2.840.1213583310713092931421404932391562482", "1.2.840.513124083742381402201101702128772124134211", "1.2.840.35188168144103133156135216464011146152104225", "1.2.840.210160119511242501411221071413613252229157", "1.2.840.5047186194851551622810722616815323843212178", "1.2.840.218239159136175181165231170218163114623792184", "1.2.840.9616714988235138166204108143324715919624354", "1.2.840.202125186215272161781476602232561982150", "1.2.840.12417613237371161519417719486123121749", "1.2.840.495718318184216195925222515770314759181", "1.2.840.966422140143337412410921727322352711419", "1.2.840.110142162228205183482110910719621611625484181", "1.2.840.209364124882426946732332351977261219165", "1.2.840.902085212775922122618421276182177173176177", "1.2.840.85132185219146356615518115322922120722913826", "1.2.840.76123112112071341561944312711117521193723", "1.2.840.15235446422821082243282162241321802132639", "1.2.840.6100432420122459417720020617224523742111", "1.2.840.15617855192212114224163542471242341365216729", "1.2.840.217197864924017523161149120311217220196", "1.2.840.251233231371542297185193160621291051022682", "1.2.840.188129133233801981071554813132168142208223171", "1.2.840.2320161621711813211912011522804116350118", "1.2.840.623134138216165513720222236171161183143255", "1.2.840.614722272226223713024436219919469239233", "1.2.840.1941131566417472197238131392158022814443155", "1.2.840.24214721615876837414097291421322336247196", "1.2.840.2532031681262129746319790213519713254139", "1.2.840.49113225160136133109313315221140978424069", "1.2.840.80224703524750177253313141551991484680", "1.2.840.25011014325446805525999223204145121228", "1.2.840.6938233180246163212201272112545913552162181", "1.2.840.3421481772472985951828229131412173242", "1.2.840.2162552213322540225461011071041141774240141", "1.2.840.2102311122319817915132981621052519236149", "1.2.840.6724417713112613523315310324718122157218146", "1.2.840.232193111693169261186214721425017919213796", "1.2.840.576624813402232161321659917708868214106", "1.2.840.17088179379411714417524725395144175166154", "1.2.840.78120190186768017422511710275245236207207197", "1.2.840.164019371134834322813338382342542265612", "1.2.840.977843622765512620715058153124392121", "1.2.840.482011944215123634417254113150211231582", "1.2.840.1231237114102245126137508210310092174129202"; Handled=false; Attempt=0; ExecutionTimeMs=80.5665; EventId=3; EventName=ExecutionAttempt; RequestId=40000006-0007-fd00-b63f-84710c7967bb; RequestPath=/api/NhiPatientImage/studies/1.2.840.133888132105150143162871541411731780159144/series/1.2.840.19216622352892321110282110210111240391850/images; ActionId=35e04f32-c653-4eec-9ba0-f3f9258dc16a; ActionName=NHI_AI_MedReportViewerWebApi.Controllers.NhiPatientImageController.GetImagesInSeries (NHI-AI-MedReportViewerWebApi); StudyInstanceUid=1.2.840.133888132105150143162871541411731780159144; SeriesInstanceUid=1.2.840.19216622352892321110282110210111240391850
  ======================================================================

2026-05-21 15:08:49.0926 [INFO] [NHI_AI_MedReportViewerWebApi.Services.NhiPatientImageService] [TraceID: 00-93a0d596e24e512e2d53b8f3bd1e1609-09d365c1bcb54c94-00]
  Event: 0
  Request: GET https://lcr-tc.nhi.gov.tw/api/NhiPatientImage/studies/1.2.840.133888132105150143162871541411731780159144/series/1.2.840.19216622352892321110282110210111240391850/images 
  Message: Series 1.2.840.19216622352892321110282110210111240391850 包含 64 個影像（已快取）
  Properties: SeriesInstanceUid=1.2.840.19216622352892321110282110210111240391850; Count=64; RequestId=40000006-0007-fd00-b63f-84710c7967bb; RequestPath=/api/NhiPatientImage/studies/1.2.840.133888132105150143162871541411731780159144/series/1.2.840.19216622352892321110282110210111240391850/images; ActionId=35e04f32-c653-4eec-9ba0-f3f9258dc16a; ActionName=NHI_AI_MedReportViewerWebApi.Controllers.NhiPatientImageController.GetImagesInSeries (NHI-AI-MedReportViewerWebApi); StudyInstanceUid=1.2.840.133888132105150143162871541411731780159144; SeriesInstanceUid=1.2.840.19216622352892321110282110210111240391850
  ======================================================================

2026-05-21 15:08:49.1555 [INFO] [AIRS.Core.Helpers.ZfpOracleDbHelper] [TraceID: 00-0c9eb35bcb75787e85a539f513404bd8-acc76bf977d8b516-00]
  Event: 0
  Request: GET https://lcr-tc.nhi.gov.tw/api/NhiPatientImage/studies/1.2.840.133888132105150143162871541411731780159144/series/1.2.840.19216622352892321110282110210111240391850/instances/1.2.840.15116225230158118975412622041871962468104 
  Message: GetImageKey(studyInstanceUid: 1.2.840.133888132105150143162871541411731780159144, seriesInstanceUid: 1.2.840.19216622352892321110282110210111240391850, sopInstanceUid: 1.2.840.15116225230158118975412622041871962468104)
  Properties: StudyUid=1.2.840.133888132105150143162871541411731780159144; SeriesUid=1.2.840.19216622352892321110282110210111240391850; SopUid=1.2.840.15116225230158118975412622041871962468104; RequestId=4000022c-0007-fe00-b63f-84710c7967bb; RequestPath=/api/NhiPatientImage/studies/1.2.840.133888132105150143162871541411731780159144/series/1.2.840.19216622352892321110282110210111240391850/instances/1.2.840.15116225230158118975412622041871962468104; ActionId=2997d705-421a-43cc-a7a2-38ca60f284dd; ActionName=NHI_AI_MedReportViewerWebApi.Controllers.NhiPatientImageController.GetImage (NHI-AI-MedReportViewerWebApi); StudyInstanceUid=1.2.840.133888132105150143162871541411731780159144; SeriesInstanceUid=1.2.840.19216622352892321110282110210111240391850; SopInstanceUid=1.2.840.15116225230158118975412622041871962468104
  ======================================================================

2026-05-21 15:08:49.1963 [INFO] [Polly] [TraceID: 00-0c9eb35bcb75787e85a539f513404bd8-acc76bf977d8b516-00]
  Event: 0
  Request: GET https://lcr-tc.nhi.gov.tw/api/NhiPatientImage/studies/1.2.840.133888132105150143162871541411731780159144/series/1.2.840.19216622352892321110282110210111240391850/instances/1.2.840.15116225230158118975412622041871962468104 
  Message: Execution attempt. Source: 'OracleResiliencePipeline/(null)/Retry', Operation Key: '', Result: 'NHI_ZFP_Viewer.ImageSources.ImageInfo', Handled: 'False', Attempt: '0', Execution Time: '17.6051'
  Properties: PipelineName=OracleResiliencePipeline; PipelineInstance=(null); StrategyName=Retry; Result=NHI_ZFP_Viewer.ImageSources.ImageInfo; Handled=false; Attempt=0; ExecutionTimeMs=17.6051; EventId=3; EventName=ExecutionAttempt; RequestId=4000022c-0007-fe00-b63f-84710c7967bb; RequestPath=/api/NhiPatientImage/studies/1.2.840.133888132105150143162871541411731780159144/series/1.2.840.19216622352892321110282110210111240391850/instances/1.2.840.15116225230158118975412622041871962468104; ActionId=2997d705-421a-43cc-a7a2-38ca60f284dd; ActionName=NHI_AI_MedReportViewerWebApi.Controllers.NhiPatientImageController.GetImage (NHI-AI-MedReportViewerWebApi); StudyInstanceUid=1.2.840.133888132105150143162871541411731780159144; SeriesInstanceUid=1.2.840.19216622352892321110282110210111240391850; SopInstanceUid=1.2.840.15116225230158118975412622041871962468104
  ======================================================================

2026-05-21 15:08:49.2248 [INFO] [AIRS.Core.Helpers.ZfpOracleDbHelper] [TraceID: 00-0c9eb35bcb75787e85a539f513404bd8-acc76bf977d8b516-00]
  Event: 0
  Request: GET https://lcr-tc.nhi.gov.tw/api/NhiPatientImage/studies/1.2.840.133888132105150143162871541411731780159144/series/1.2.840.19216622352892321110282110210111240391850/instances/1.2.840.15116225230158118975412622041871962468104 
  Message: GetImageKey = Archived/20250812/1.2.840.133888132105150143162871541411731780159144/1.2.840.19216622352892321110282110210111240391850/1.2.840.15116225230158118975412622041871962468104.dcm, 55 ms elapsed.
  Properties: S3ObjectKey=Archived/20250812/1.2.840.133888132105150143162871541411731780159144/1.2.840.19216622352892321110282110210111240391850/1.2.840.15116225230158118975412622041871962468104.dcm; Elapsed=55; RequestId=4000022c-0007-fe00-b63f-84710c7967bb; RequestPath=/api/NhiPatientImage/studies/1.2.840.133888132105150143162871541411731780159144/series/1.2.840.19216622352892321110282110210111240391850/instances/1.2.840.15116225230158118975412622041871962468104; ActionId=2997d705-421a-43cc-a7a2-38ca60f284dd; ActionName=NHI_AI_MedReportViewerWebApi.Controllers.NhiPatientImageController.GetImage (NHI-AI-MedReportViewerWebApi); StudyInstanceUid=1.2.840.133888132105150143162871541411731780159144; SeriesInstanceUid=1.2.840.19216622352892321110282110210111240391850; SopInstanceUid=1.2.840.15116225230158118975412622041871962468104
  ======================================================================

2026-05-21 15:08:49.3954 [INFO] [AIRS.Core.Common.LogForgingTools] [TraceID: 00-2d7eb882a390a8f4be517d1ab0a81999-426dda14ec5228cf-00]
  Event: 0
  Request: GET https://lcr-tc.nhi.gov.tw/api/NhiPatientImage/studies/1.2.840.1405011311801131732011012121012200126134/series/1.2.840.51111141244381216847820799116149155151129/instances/1.2.840.232761451702923525417733227971231052812514/jpg 
  Message: 1779347329395 GetImage() 由 S3 取得 stream，耗時 461 ms.
  Properties: RequestId=40000002-0001-fc00-b63f-84710c7967bb; RequestPath=/api/NhiPatientImage/studies/1.2.840.1405011311801131732011012121012200126134/series/1.2.840.51111141244381216847820799116149155151129/instances/1.2.840.232761451702923525417733227971231052812514/jpg; ActionId=2f5091dd-40fd-47ba-b540-f0e1a733b6dd; ActionName=NHI_AI_MedReportViewerWebApi.Controllers.NhiPatientImageController.GetImageScreenshotAsync (NHI-AI-MedReportViewerWebApi); StudyInstanceUid=1.2.840.1405011311801131732011012121012200126134; SeriesInstanceUid=1.2.840.51111141244381216847820799116149155151129; SopInstanceUid=1.2.840.232761451702923525417733227971231052812514
  ======================================================================

2026-05-21 15:08:49.3954 [INFO] [AIRS.Core.Common.LogForgingTools] [TraceID: 00-0c9eb35bcb75787e85a539f513404bd8-acc76bf977d8b516-00]
  Event: 0
  Request: GET https://lcr-tc.nhi.gov.tw/api/NhiPatientImage/studies/1.2.840.133888132105150143162871541411731780159144/series/1.2.840.19216622352892321110282110210111240391850/instances/1.2.840.15116225230158118975412622041871962468104 
  Message: 1779347329396 GetImage() 由 S3 取得 stream，耗時 147 ms.
  Properties: RequestId=4000022c-0007-fe00-b63f-84710c7967bb; RequestPath=/api/NhiPatientImage/studies/1.2.840.133888132105150143162871541411731780159144/series/1.2.840.19216622352892321110282110210111240391850/instances/1.2.840.15116225230158118975412622041871962468104; ActionId=2997d705-421a-43cc-a7a2-38ca60f284dd; ActionName=NHI_AI_MedReportViewerWebApi.Controllers.NhiPatientImageController.GetImage (NHI-AI-MedReportViewerWebApi); StudyInstanceUid=1.2.840.133888132105150143162871541411731780159144; SeriesInstanceUid=1.2.840.19216622352892321110282110210111240391850; SopInstanceUid=1.2.840.15116225230158118975412622041871962468104
  ======================================================================

2026-05-21 15:08:49.3954 [INFO] [AIRS.Core.Common.LogForgingTools] [TraceID: 00-5d834d39db6d6166a539f494221e4068-557aac72d097f7eb-00]
  Event: 0
  Request: GET https://lcr-tc.nhi.gov.tw/api/NhiPatientImage/studies/1.2.840.6610321904118510815420318233761831142014/series/1.2.840.185393732156165237212158241127106677643111/instances/1.2.840.1051457738253118922381479013141215320088/jpg 
  Message: 1779347329397 GetImage() 由 S3 取得 stream，耗時 478 ms.
  Properties: RequestId=40000002-0001-fd00-b63f-84710c7967bb; RequestPath=/api/NhiPatientImage/studies/1.2.840.6610321904118510815420318233761831142014/series/1.2.840.185393732156165237212158241127106677643111/instances/1.2.840.1051457738253118922381479013141215320088/jpg; ActionId=2f5091dd-40fd-47ba-b540-f0e1a733b6dd; ActionName=NHI_AI_MedReportViewerWebApi.Controllers.NhiPatientImageController.GetImageScreenshotAsync (NHI-AI-MedReportViewerWebApi); StudyInstanceUid=1.2.840.6610321904118510815420318233761831142014; SeriesInstanceUid=1.2.840.185393732156165237212158241127106677643111; SopInstanceUid=1.2.840.1051457738253118922381479013141215320088
  ======================================================================

2026-05-21 15:08:49.3954 [INFO] [AIRS.Core.Common.LogForgingTools] [TraceID: 00-2440d68e213f5e8a27a6a6ed1d598c2c-f23eb12341b30648-00]
  Event: 0
  Request: GET https://lcr-tc.nhi.gov.tw/api/NhiPatientImage/studies/1.2.840.1405011311801131732011012121012200126134/series/1.2.840.51111141244381216847820799116149155151129/instances/1.2.840.3219370233171571652261152261706625011114738/jpg 
  Message: 1779347329398 GetImage() 由 S3 取得 stream，耗時 489 ms.
  Properties: RequestId=4000024c-0002-ff00-b63f-84710c7967bb; RequestPath=/api/NhiPatientImage/studies/1.2.840.1405011311801131732011012121012200126134/series/1.2.840.51111141244381216847820799116149155151129/instances/1.2.840.3219370233171571652261152261706625011114738/jpg; ActionId=2f5091dd-40fd-47ba-b540-f0e1a733b6dd; ActionName=NHI_AI_MedReportViewerWebApi.Controllers.NhiPatientImageController.GetImageScreenshotAsync (NHI-AI-MedReportViewerWebApi); StudyInstanceUid=1.2.840.1405011311801131732011012121012200126134; SeriesInstanceUid=1.2.840.51111141244381216847820799116149155151129; SopInstanceUid=1.2.840.3219370233171571652261152261706625011114738
  ======================================================================

2026-05-21 15:08:49.3954 [INFO] [AIRS.Core.Common.LogForgingTools] [TraceID: 00-ee3842ad900e0152e8ae867fc06c4b54-2e24474d45be3f9b-00]
  Event: 0
  Request: GET https://lcr-tc.nhi.gov.tw/api/NhiPatientImage/studies/1.2.840.6610321904118510815420318233761831142014/series/1.2.840.185393732156165237212158241127106677643111/instances/1.2.840.3417124205586658229153205402522644/jpg 
  Message: 1779347329403 GetImage() 由 S3 取得 stream，耗時 478 ms.
  Properties: RequestId=40000290-0001-ff00-b63f-84710c7967bb; RequestPath=/api/NhiPatientImage/studies/1.2.840.6610321904118510815420318233761831142014/series/1.2.840.185393732156165237212158241127106677643111/instances/1.2.840.3417124205586658229153205402522644/jpg; ActionId=2f5091dd-40fd-47ba-b540-f0e1a733b6dd; ActionName=NHI_AI_MedReportViewerWebApi.Controllers.NhiPatientImageController.GetImageScreenshotAsync (NHI-AI-MedReportViewerWebApi); StudyInstanceUid=1.2.840.6610321904118510815420318233761831142014; SeriesInstanceUid=1.2.840.185393732156165237212158241127106677643111; SopInstanceUid=1.2.840.3417124205586658229153205402522644
  ======================================================================

2026-05-21 15:08:49.4115 [INFO] [NHI_AI_MedReportViewerWebApi.Services.NhiPatientImageService] [TraceID: 00-2d7eb882a390a8f4be517d1ab0a81999-426dda14ec5228cf-00]
  Event: 0
  Request: GET https://lcr-tc.nhi.gov.tw/api/NhiPatientImage/studies/1.2.840.1405011311801131732011012121012200126134/series/1.2.840.51111141244381216847820799116149155151129/instances/1.2.840.232761451702923525417733227971231052812514/jpg 
  Message: 成功從 S3 取得影像: 1.2.840.232761451702923525417733227971231052812514
  Properties: RequestId=40000002-0001-fc00-b63f-84710c7967bb; RequestPath=/api/NhiPatientImage/studies/1.2.840.1405011311801131732011012121012200126134/series/1.2.840.51111141244381216847820799116149155151129/instances/1.2.840.232761451702923525417733227971231052812514/jpg; ActionId=2f5091dd-40fd-47ba-b540-f0e1a733b6dd; ActionName=NHI_AI_MedReportViewerWebApi.Controllers.NhiPatientImageController.GetImageScreenshotAsync (NHI-AI-MedReportViewerWebApi); StudyInstanceUid=1.2.840.1405011311801131732011012121012200126134; SeriesInstanceUid=1.2.840.51111141244381216847820799116149155151129; SopInstanceUid=1.2.840.232761451702923525417733227971231052812514
  ======================================================================

2026-05-21 15:08:49.4115 [INFO] [NHI_AI_MedReportViewerWebApi.Services.NhiPatientImageService] [TraceID: 00-0c9eb35bcb75787e85a539f513404bd8-acc76bf977d8b516-00]
  Event: 0
  Request: GET https://lcr-tc.nhi.gov.tw/api/NhiPatientImage/studies/1.2.840.133888132105150143162871541411731780159144/series/1.2.840.19216622352892321110282110210111240391850/instances/1.2.840.15116225230158118975412622041871962468104 
  Message: 成功從 S3 取得影像: 1.2.840.15116225230158118975412622041871962468104
  Properties: RequestId=4000022c-0007-fe00-b63f-84710c7967bb; RequestPath=/api/NhiPatientImage/studies/1.2.840.133888132105150143162871541411731780159144/series/1.2.840.19216622352892321110282110210111240391850/instances/1.2.840.15116225230158118975412622041871962468104; ActionId=2997d705-421a-43cc-a7a2-38ca60f284dd; ActionName=NHI_AI_MedReportViewerWebApi.Controllers.NhiPatientImageController.GetImage (NHI-AI-MedReportViewerWebApi); StudyInstanceUid=1.2.840.133888132105150143162871541411731780159144; SeriesInstanceUid=1.2.840.19216622352892321110282110210111240391850; SopInstanceUid=1.2.840.15116225230158118975412622041871962468104
  ======================================================================

2026-05-21 15:08:49.4115 [INFO] [NHI_AI_MedReportViewerWebApi.Services.NhiPatientImageService] [TraceID: 00-5d834d39db6d6166a539f494221e4068-557aac72d097f7eb-00]
  Event: 0
  Request: GET https://lcr-tc.nhi.gov.tw/api/NhiPatientImage/studies/1.2.840.6610321904118510815420318233761831142014/series/1.2.840.185393732156165237212158241127106677643111/instances/1.2.840.1051457738253118922381479013141215320088/jpg 
  Message: 成功從 S3 取得影像: 1.2.840.1051457738253118922381479013141215320088
  Properties: RequestId=40000002-0001-fd00-b63f-84710c7967bb; RequestPath=/api/NhiPatientImage/studies/1.2.840.6610321904118510815420318233761831142014/series/1.2.840.185393732156165237212158241127106677643111/instances/1.2.840.1051457738253118922381479013141215320088/jpg; ActionId=2f5091dd-40fd-47ba-b540-f0e1a733b6dd; ActionName=NHI_AI_MedReportViewerWebApi.Controllers.NhiPatientImageController.GetImageScreenshotAsync (NHI-AI-MedReportViewerWebApi); StudyInstanceUid=1.2.840.6610321904118510815420318233761831142014; SeriesInstanceUid=1.2.840.185393732156165237212158241127106677643111; SopInstanceUid=1.2.840.1051457738253118922381479013141215320088
  ======================================================================

2026-05-21 15:08:49.4228 [INFO] [NHI_AI_MedReportViewerWebApi.Services.NhiPatientImageService] [TraceID: 00-2440d68e213f5e8a27a6a6ed1d598c2c-f23eb12341b30648-00]
  Event: 0
  Request: GET https://lcr-tc.nhi.gov.tw/api/NhiPatientImage/studies/1.2.840.1405011311801131732011012121012200126134/series/1.2.840.51111141244381216847820799116149155151129/instances/1.2.840.3219370233171571652261152261706625011114738/jpg 
  Message: 成功從 S3 取得影像: 1.2.840.3219370233171571652261152261706625011114738
  Properties: RequestId=4000024c-0002-ff00-b63f-84710c7967bb; RequestPath=/api/NhiPatientImage/studies/1.2.840.1405011311801131732011012121012200126134/series/1.2.840.51111141244381216847820799116149155151129/instances/1.2.840.3219370233171571652261152261706625011114738/jpg; ActionId=2f5091dd-40fd-47ba-b540-f0e1a733b6dd; ActionName=NHI_AI_MedReportViewerWebApi.Controllers.NhiPatientImageController.GetImageScreenshotAsync (NHI-AI-MedReportViewerWebApi); StudyInstanceUid=1.2.840.1405011311801131732011012121012200126134; SeriesInstanceUid=1.2.840.51111141244381216847820799116149155151129; SopInstanceUid=1.2.840.3219370233171571652261152261706625011114738
  ======================================================================

2026-05-21 15:08:49.4228 [INFO] [NHI_AI_MedReportViewerWebApi.Services.NhiPatientImageService] [TraceID: 00-ee3842ad900e0152e8ae867fc06c4b54-2e24474d45be3f9b-00]
  Event: 0
  Request: GET https://lcr-tc.nhi.gov.tw/api/NhiPatientImage/studies/1.2.840.6610321904118510815420318233761831142014/series/1.2.840.185393732156165237212158241127106677643111/instances/1.2.840.3417124205586658229153205402522644/jpg 
  Message: 成功從 S3 取得影像: 1.2.840.3417124205586658229153205402522644
  Properties: RequestId=40000290-0001-ff00-b63f-84710c7967bb; RequestPath=/api/NhiPatientImage/studies/1.2.840.6610321904118510815420318233761831142014/series/1.2.840.185393732156165237212158241127106677643111/instances/1.2.840.3417124205586658229153205402522644/jpg; ActionId=2f5091dd-40fd-47ba-b540-f0e1a733b6dd; ActionName=NHI_AI_MedReportViewerWebApi.Controllers.NhiPatientImageController.GetImageScreenshotAsync (NHI-AI-MedReportViewerWebApi); StudyInstanceUid=1.2.840.6610321904118510815420318233761831142014; SeriesInstanceUid=1.2.840.185393732156165237212158241127106677643111; SopInstanceUid=1.2.840.3417124205586658229153205402522644
  ======================================================================

2026-05-21 15:08:49.4350 [INFO] [NHI_AI_MedReportViewerWebApi.Services.NhiPatientImageService] [TraceID: 00-2d7eb882a390a8f4be517d1ab0a81999-426dda14ec5228cf-00]
  Event: 0
  Request: GET https://lcr-tc.nhi.gov.tw/api/NhiPatientImage/studies/1.2.840.1405011311801131732011012121012200126134/series/1.2.840.51111141244381216847820799116149155151129/instances/1.2.840.232761451702923525417733227971231052812514/jpg 
  Message: 開始轉換 DICOM 為 JPG: SOP Instance UID=1.2.840.232761451702923525417733227971231052812514, ContentType=application/dicom
  Properties: RequestId=40000002-0001-fc00-b63f-84710c7967bb; RequestPath=/api/NhiPatientImage/studies/1.2.840.1405011311801131732011012121012200126134/series/1.2.840.51111141244381216847820799116149155151129/instances/1.2.840.232761451702923525417733227971231052812514/jpg; ActionId=2f5091dd-40fd-47ba-b540-f0e1a733b6dd; ActionName=NHI_AI_MedReportViewerWebApi.Controllers.NhiPatientImageController.GetImageScreenshotAsync (NHI-AI-MedReportViewerWebApi); StudyInstanceUid=1.2.840.1405011311801131732011012121012200126134; SeriesInstanceUid=1.2.840.51111141244381216847820799116149155151129; SopInstanceUid=1.2.840.232761451702923525417733227971231052812514
  ======================================================================

2026-05-21 15:08:49.4350 [INFO] [NHI_AI_MedReportViewerWebApi.Services.NhiPatientImageService] [TraceID: 00-5d834d39db6d6166a539f494221e4068-557aac72d097f7eb-00]
  Event: 0
  Request: GET https://lcr-tc.nhi.gov.tw/api/NhiPatientImage/studies/1.2.840.6610321904118510815420318233761831142014/series/1.2.840.185393732156165237212158241127106677643111/instances/1.2.840.1051457738253118922381479013141215320088/jpg 
  Message: 開始轉換 DICOM 為 JPG: SOP Instance UID=1.2.840.1051457738253118922381479013141215320088, ContentType=application/dicom
  Properties: RequestId=40000002-0001-fd00-b63f-84710c7967bb; RequestPath=/api/NhiPatientImage/studies/1.2.840.6610321904118510815420318233761831142014/series/1.2.840.185393732156165237212158241127106677643111/instances/1.2.840.1051457738253118922381479013141215320088/jpg; ActionId=2f5091dd-40fd-47ba-b540-f0e1a733b6dd; ActionName=NHI_AI_MedReportViewerWebApi.Controllers.NhiPatientImageController.GetImageScreenshotAsync (NHI-AI-MedReportViewerWebApi); StudyInstanceUid=1.2.840.6610321904118510815420318233761831142014; SeriesInstanceUid=1.2.840.185393732156165237212158241127106677643111; SopInstanceUid=1.2.840.1051457738253118922381479013141215320088
  ======================================================================

2026-05-21 15:08:49.4549 [INFO] [NHI_AI_MedReportViewerWebApi.Services.NhiPatientImageService] [TraceID: 00-2440d68e213f5e8a27a6a6ed1d598c2c-f23eb12341b30648-00]
  Event: 0
  Request: GET https://lcr-tc.nhi.gov.tw/api/NhiPatientImage/studies/1.2.840.1405011311801131732011012121012200126134/series/1.2.840.51111141244381216847820799116149155151129/instances/1.2.840.3219370233171571652261152261706625011114738/jpg 
  Message: 開始轉換 DICOM 為 JPG: SOP Instance UID=1.2.840.3219370233171571652261152261706625011114738, ContentType=application/dicom
  Properties: RequestId=4000024c-0002-ff00-b63f-84710c7967bb; RequestPath=/api/NhiPatientImage/studies/1.2.840.1405011311801131732011012121012200126134/series/1.2.840.51111141244381216847820799116149155151129/instances/1.2.840.3219370233171571652261152261706625011114738/jpg; ActionId=2f5091dd-40fd-47ba-b540-f0e1a733b6dd; ActionName=NHI_AI_MedReportViewerWebApi.Controllers.NhiPatientImageController.GetImageScreenshotAsync (NHI-AI-MedReportViewerWebApi); StudyInstanceUid=1.2.840.1405011311801131732011012121012200126134; SeriesInstanceUid=1.2.840.51111141244381216847820799116149155151129; SopInstanceUid=1.2.840.3219370233171571652261152261706625011114738
  ======================================================================

2026-05-21 15:08:49.4549 [INFO] [NHI_AI_MedReportViewerWebApi.Services.NhiPatientImageService] [TraceID: 00-ee3842ad900e0152e8ae867fc06c4b54-2e24474d45be3f9b-00]
  Event: 0
  Request: GET https://lcr-tc.nhi.gov.tw/api/NhiPatientImage/studies/1.2.840.6610321904118510815420318233761831142014/series/1.2.840.185393732156165237212158241127106677643111/instances/1.2.840.3417124205586658229153205402522644/jpg 
  Message: 開始轉換 DICOM 為 JPG: SOP Instance UID=1.2.840.3417124205586658229153205402522644, ContentType=application/dicom
  Properties: RequestId=40000290-0001-ff00-b63f-84710c7967bb; RequestPath=/api/NhiPatientImage/studies/1.2.840.6610321904118510815420318233761831142014/series/1.2.840.185393732156165237212158241127106677643111/instances/1.2.840.3417124205586658229153205402522644/jpg; ActionId=2f5091dd-40fd-47ba-b540-f0e1a733b6dd; ActionName=NHI_AI_MedReportViewerWebApi.Controllers.NhiPatientImageController.GetImageScreenshotAsync (NHI-AI-MedReportViewerWebApi); StudyInstanceUid=1.2.840.6610321904118510815420318233761831142014; SeriesInstanceUid=1.2.840.185393732156165237212158241127106677643111; SopInstanceUid=1.2.840.3417124205586658229153205402522644
  ======================================================================

2026-05-21 15:08:51.6557 [INFO] [NHI_AI_MedReportViewerWebApi.Services.NhiPatientImageService] [TraceID: 00-2440d68e213f5e8a27a6a6ed1d598c2c-f23eb12341b30648-00]
  Event: 0
  Request: GET https://lcr-tc.nhi.gov.tw/api/NhiPatientImage/studies/1.2.840.1405011311801131732011012121012200126134/series/1.2.840.51111141244381216847820799116149155151129/instances/1.2.840.3219370233171571652261152261706625011114738/jpg 
  Message: 成功轉換 DICOM 為 JPG: SOP Instance UID=1.2.840.3219370233171571652261152261706625011114738
  Properties: RequestId=4000024c-0002-ff00-b63f-84710c7967bb; RequestPath=/api/NhiPatientImage/studies/1.2.840.1405011311801131732011012121012200126134/series/1.2.840.51111141244381216847820799116149155151129/instances/1.2.840.3219370233171571652261152261706625011114738/jpg; ActionId=2f5091dd-40fd-47ba-b540-f0e1a733b6dd; ActionName=NHI_AI_MedReportViewerWebApi.Controllers.NhiPatientImageController.GetImageScreenshotAsync (NHI-AI-MedReportViewerWebApi); StudyInstanceUid=1.2.840.1405011311801131732011012121012200126134; SeriesInstanceUid=1.2.840.51111141244381216847820799116149155151129; SopInstanceUid=1.2.840.3219370233171571652261152261706625011114738
  ======================================================================

2026-05-21 15:08:51.6557 [INFO] [NHI_AI_MedReportViewerWebApi.Services.NhiPatientImageService] [TraceID: 00-2d7eb882a390a8f4be517d1ab0a81999-426dda14ec5228cf-00]
  Event: 0
  Request: GET https://lcr-tc.nhi.gov.tw/api/NhiPatientImage/studies/1.2.840.1405011311801131732011012121012200126134/series/1.2.840.51111141244381216847820799116149155151129/instances/1.2.840.232761451702923525417733227971231052812514/jpg 
  Message: 成功轉換 DICOM 為 JPG: SOP Instance UID=1.2.840.232761451702923525417733227971231052812514
  Properties: RequestId=40000002-0001-fc00-b63f-84710c7967bb; RequestPath=/api/NhiPatientImage/studies/1.2.840.1405011311801131732011012121012200126134/series/1.2.840.51111141244381216847820799116149155151129/instances/1.2.840.232761451702923525417733227971231052812514/jpg; ActionId=2f5091dd-40fd-47ba-b540-f0e1a733b6dd; ActionName=NHI_AI_MedReportViewerWebApi.Controllers.NhiPatientImageController.GetImageScreenshotAsync (NHI-AI-MedReportViewerWebApi); StudyInstanceUid=1.2.840.1405011311801131732011012121012200126134; SeriesInstanceUid=1.2.840.51111141244381216847820799116149155151129; SopInstanceUid=1.2.840.232761451702923525417733227971231052812514
  ======================================================================

2026-05-21 15:08:51.6557 [INFO] [NHI_AI_MedReportViewerWebApi.Services.NhiPatientImageService] [TraceID: 00-ee3842ad900e0152e8ae867fc06c4b54-2e24474d45be3f9b-00]
  Event: 0
  Request: GET https://lcr-tc.nhi.gov.tw/api/NhiPatientImage/studies/1.2.840.6610321904118510815420318233761831142014/series/1.2.840.185393732156165237212158241127106677643111/instances/1.2.840.3417124205586658229153205402522644/jpg 
  Message: 成功轉換 DICOM 為 JPG: SOP Instance UID=1.2.840.3417124205586658229153205402522644
  Properties: RequestId=40000290-0001-ff00-b63f-84710c7967bb; RequestPath=/api/NhiPatientImage/studies/1.2.840.6610321904118510815420318233761831142014/series/1.2.840.185393732156165237212158241127106677643111/instances/1.2.840.3417124205586658229153205402522644/jpg; ActionId=2f5091dd-40fd-47ba-b540-f0e1a733b6dd; ActionName=NHI_AI_MedReportViewerWebApi.Controllers.NhiPatientImageController.GetImageScreenshotAsync (NHI-AI-MedReportViewerWebApi); StudyInstanceUid=1.2.840.6610321904118510815420318233761831142014; SeriesInstanceUid=1.2.840.185393732156165237212158241127106677643111; SopInstanceUid=1.2.840.3417124205586658229153205402522644
  ======================================================================

2026-05-21 15:08:51.6557 [INFO] [NHI_AI_MedReportViewerWebApi.Services.NhiPatientImageService] [TraceID: 00-5d834d39db6d6166a539f494221e4068-557aac72d097f7eb-00]
  Event: 0
  Request: GET https://lcr-tc.nhi.gov.tw/api/NhiPatientImage/studies/1.2.840.6610321904118510815420318233761831142014/series/1.2.840.185393732156165237212158241127106677643111/instances/1.2.840.1051457738253118922381479013141215320088/jpg 
  Message: 成功轉換 DICOM 為 JPG: SOP Instance UID=1.2.840.1051457738253118922381479013141215320088
  Properties: RequestId=40000002-0001-fd00-b63f-84710c7967bb; RequestPath=/api/NhiPatientImage/studies/1.2.840.6610321904118510815420318233761831142014/series/1.2.840.185393732156165237212158241127106677643111/instances/1.2.840.1051457738253118922381479013141215320088/jpg; ActionId=2f5091dd-40fd-47ba-b540-f0e1a733b6dd; ActionName=NHI_AI_MedReportViewerWebApi.Controllers.NhiPatientImageController.GetImageScreenshotAsync (NHI-AI-MedReportViewerWebApi); StudyInstanceUid=1.2.840.6610321904118510815420318233761831142014; SeriesInstanceUid=1.2.840.185393732156165237212158241127106677643111; SopInstanceUid=1.2.840.1051457738253118922381479013141215320088
  ======================================================================

2026-05-21 15:08:52.6748 [INFO] [NHI_AI_MedReportViewerWebApi.Services.NhiPatientImageService] [TraceID: 00-9d5172e3b2130d76ca844b33a1d9a24c-6168a26523ab7576-00]
  Event: 0
  Request: GET https://lcr-tc.nhi.gov.tw/api/NhiPatientImage/studies/1.2.840.6610321904118510815420318233761831142014/series-uid 
  Message: 開始查詢 Series Instance UID: Study=1.2.840.6610321904118510815420318233761831142014, SeriesNumber=4
  Properties: RequestId=4000022d-0006-fc00-b63f-84710c7967bb; RequestPath=/api/NhiPatientImage/studies/1.2.840.6610321904118510815420318233761831142014/series-uid; ActionId=d8463340-b851-4e92-be0f-8b014b0feec8; ActionName=NHI_AI_MedReportViewerWebApi.Controllers.NhiPatientImageController.GetSeriesInstanceUid (NHI-AI-MedReportViewerWebApi); StudyInstanceUid=1.2.840.6610321904118510815420318233761831142014; SeriesNumber=4
  ======================================================================

2026-05-21 15:08:52.7169 [INFO] [Polly] [TraceID: 00-9d5172e3b2130d76ca844b33a1d9a24c-6168a26523ab7576-00]
  Event: 0
  Request: GET https://lcr-tc.nhi.gov.tw/api/NhiPatientImage/studies/1.2.840.6610321904118510815420318233761831142014/series-uid 
  Message: Execution attempt. Source: 'OracleResiliencePipeline/(null)/Retry', Operation Key: '', Result: '1.2.840.185393732156165237212158241127106677643111', Handled: 'False', Attempt: '0', Execution Time: '19.9199'
  Properties: PipelineName=OracleResiliencePipeline; PipelineInstance=(null); StrategyName=Retry; Result=1.2.840.185393732156165237212158241127106677643111; Handled=false; Attempt=0; ExecutionTimeMs=19.9199; EventId=3; EventName=ExecutionAttempt; RequestId=4000022d-0006-fc00-b63f-84710c7967bb; RequestPath=/api/NhiPatientImage/studies/1.2.840.6610321904118510815420318233761831142014/series-uid; ActionId=d8463340-b851-4e92-be0f-8b014b0feec8; ActionName=NHI_AI_MedReportViewerWebApi.Controllers.NhiPatientImageController.GetSeriesInstanceUid (NHI-AI-MedReportViewerWebApi); StudyInstanceUid=1.2.840.6610321904118510815420318233761831142014; SeriesNumber=4
  ======================================================================

2026-05-21 15:08:52.7383 [INFO] [NHI_AI_MedReportViewerWebApi.Services.NhiPatientImageService] [TraceID: 00-9d5172e3b2130d76ca844b33a1d9a24c-6168a26523ab7576-00]
  Event: 0
  Request: GET https://lcr-tc.nhi.gov.tw/api/NhiPatientImage/studies/1.2.840.6610321904118510815420318233761831142014/series-uid 
  Message: 找到 Series Number 4 對應的 Series Instance UID: 1.2.840.185393732156165237212158241127106677643111
  Properties: RequestId=4000022d-0006-fc00-b63f-84710c7967bb; RequestPath=/api/NhiPatientImage/studies/1.2.840.6610321904118510815420318233761831142014/series-uid; ActionId=d8463340-b851-4e92-be0f-8b014b0feec8; ActionName=NHI_AI_MedReportViewerWebApi.Controllers.NhiPatientImageController.GetSeriesInstanceUid (NHI-AI-MedReportViewerWebApi); StudyInstanceUid=1.2.840.6610321904118510815420318233761831142014; SeriesNumber=4
  ======================================================================

2026-05-21 15:08:52.7735 [INFO] [NHI_AI_MedReportViewerWebApi.Services.NhiPatientImageService] [TraceID: 00-1478aacdd9de0b73f33cd3c55d22ad36-14468054dbcb9196-00]
  Event: 0
  Request: GET https://lcr-tc.nhi.gov.tw/api/NhiPatientImage/studies/1.2.840.6610321904118510815420318233761831142014/series-uid 
  Message: 開始查詢 Series Instance UID: Study=1.2.840.6610321904118510815420318233761831142014, SeriesNumber=4
  Properties: RequestId=4000030f-0005-fb00-b63f-84710c7967bb; RequestPath=/api/NhiPatientImage/studies/1.2.840.6610321904118510815420318233761831142014/series-uid; ActionId=d8463340-b851-4e92-be0f-8b014b0feec8; ActionName=NHI_AI_MedReportViewerWebApi.Controllers.NhiPatientImageController.GetSeriesInstanceUid (NHI-AI-MedReportViewerWebApi); StudyInstanceUid=1.2.840.6610321904118510815420318233761831142014; SeriesNumber=4
  ======================================================================

2026-05-21 15:08:52.7735 [INFO] [NHI_AI_MedReportViewerWebApi.Services.NhiPatientImageService] [TraceID: 00-9065d4670de5b9439d062a592cec38d0-e420f3c9c9521b7e-00]
  Event: 0
  Request: GET https://lcr-tc.nhi.gov.tw/api/NhiPatientImage/studies/1.2.840.1405011311801131732011012121012200126134/series-uid 
  Message: 開始查詢 Series Instance UID: Study=1.2.840.1405011311801131732011012121012200126134, SeriesNumber=4
  Properties: RequestId=4000010f-0005-fd00-b63f-84710c7967bb; RequestPath=/api/NhiPatientImage/studies/1.2.840.1405011311801131732011012121012200126134/series-uid; ActionId=d8463340-b851-4e92-be0f-8b014b0feec8; ActionName=NHI_AI_MedReportViewerWebApi.Controllers.NhiPatientImageController.GetSeriesInstanceUid (NHI-AI-MedReportViewerWebApi); StudyInstanceUid=1.2.840.1405011311801131732011012121012200126134; SeriesNumber=4
  ======================================================================

2026-05-21 15:08:52.8140 [INFO] [Polly] [TraceID: 00-1478aacdd9de0b73f33cd3c55d22ad36-14468054dbcb9196-00]
  Event: 0
  Request: GET https://lcr-tc.nhi.gov.tw/api/NhiPatientImage/studies/1.2.840.6610321904118510815420318233761831142014/series-uid 
  Message: Execution attempt. Source: 'OracleResiliencePipeline/(null)/Retry', Operation Key: '', Result: '1.2.840.185393732156165237212158241127106677643111', Handled: 'False', Attempt: '0', Execution Time: '14.9695'
  Properties: PipelineName=OracleResiliencePipeline; PipelineInstance=(null); StrategyName=Retry; Result=1.2.840.185393732156165237212158241127106677643111; Handled=false; Attempt=0; ExecutionTimeMs=14.9695; EventId=3; EventName=ExecutionAttempt; RequestId=4000030f-0005-fb00-b63f-84710c7967bb; RequestPath=/api/NhiPatientImage/studies/1.2.840.6610321904118510815420318233761831142014/series-uid; ActionId=d8463340-b851-4e92-be0f-8b014b0feec8; ActionName=NHI_AI_MedReportViewerWebApi.Controllers.NhiPatientImageController.GetSeriesInstanceUid (NHI-AI-MedReportViewerWebApi); StudyInstanceUid=1.2.840.6610321904118510815420318233761831142014; SeriesNumber=4
  ======================================================================

2026-05-21 15:08:52.8140 [INFO] [Polly] [TraceID: 00-9065d4670de5b9439d062a592cec38d0-e420f3c9c9521b7e-00]
  Event: 0
  Request: GET https://lcr-tc.nhi.gov.tw/api/NhiPatientImage/studies/1.2.840.1405011311801131732011012121012200126134/series-uid 
  Message: Execution attempt. Source: 'OracleResiliencePipeline/(null)/Retry', Operation Key: '', Result: '1.2.840.51111141244381216847820799116149155151129', Handled: 'False', Attempt: '0', Execution Time: '16.5485'
  Properties: PipelineName=OracleResiliencePipeline; PipelineInstance=(null); StrategyName=Retry; Result=1.2.840.51111141244381216847820799116149155151129; Handled=false; Attempt=0; ExecutionTimeMs=16.5485; EventId=3; EventName=ExecutionAttempt; RequestId=4000010f-0005-fd00-b63f-84710c7967bb; RequestPath=/api/NhiPatientImage/studies/1.2.840.1405011311801131732011012121012200126134/series-uid; ActionId=d8463340-b851-4e92-be0f-8b014b0feec8; ActionName=NHI_AI_MedReportViewerWebApi.Controllers.NhiPatientImageController.GetSeriesInstanceUid (NHI-AI-MedReportViewerWebApi); StudyInstanceUid=1.2.840.1405011311801131732011012121012200126134; SeriesNumber=4
  ======================================================================

2026-05-21 15:08:52.8414 [INFO] [NHI_AI_MedReportViewerWebApi.Services.NhiPatientImageService] [TraceID: 00-1478aacdd9de0b73f33cd3c55d22ad36-14468054dbcb9196-00]
  Event: 0
  Request: GET https://lcr-tc.nhi.gov.tw/api/NhiPatientImage/studies/1.2.840.6610321904118510815420318233761831142014/series-uid 
  Message: 找到 Series Number 4 對應的 Series Instance UID: 1.2.840.185393732156165237212158241127106677643111
  Properties: RequestId=4000030f-0005-fb00-b63f-84710c7967bb; RequestPath=/api/NhiPatientImage/studies/1.2.840.6610321904118510815420318233761831142014/series-uid; ActionId=d8463340-b851-4e92-be0f-8b014b0feec8; ActionName=NHI_AI_MedReportViewerWebApi.Controllers.NhiPatientImageController.GetSeriesInstanceUid (NHI-AI-MedReportViewerWebApi); StudyInstanceUid=1.2.840.6610321904118510815420318233761831142014; SeriesNumber=4
  ======================================================================

2026-05-21 15:08:52.8414 [INFO] [NHI_AI_MedReportViewerWebApi.Services.NhiPatientImageService] [TraceID: 00-9065d4670de5b9439d062a592cec38d0-e420f3c9c9521b7e-00]
  Event: 0
  Request: GET https://lcr-tc.nhi.gov.tw/api/NhiPatientImage/studies/1.2.840.1405011311801131732011012121012200126134/series-uid 
  Message: 找到 Series Number 4 對應的 Series Instance UID: 1.2.840.51111141244381216847820799116149155151129
  Properties: RequestId=4000010f-0005-fd00-b63f-84710c7967bb; RequestPath=/api/NhiPatientImage/studies/1.2.840.1405011311801131732011012121012200126134/series-uid; ActionId=d8463340-b851-4e92-be0f-8b014b0feec8; ActionName=NHI_AI_MedReportViewerWebApi.Controllers.NhiPatientImageController.GetSeriesInstanceUid (NHI-AI-MedReportViewerWebApi); StudyInstanceUid=1.2.840.1405011311801131732011012121012200126134; SeriesNumber=4
  ======================================================================

2026-05-21 15:08:52.8737 [INFO] [NHI_AI_MedReportViewerWebApi.Services.NhiPatientImageService] [TraceID: 00-47a115098918a05251ffe287fc50142e-c77dfc2d447bd31c-00]
  Event: 0
  Request: GET https://lcr-tc.nhi.gov.tw/api/NhiPatientImage/studies/1.2.840.6610321904118510815420318233761831142014/series-uid 
  Message: 開始查詢 Series Instance UID: Study=1.2.840.6610321904118510815420318233761831142014, SeriesNumber=4
  Properties: RequestId=40000311-0005-fb00-b63f-84710c7967bb; RequestPath=/api/NhiPatientImage/studies/1.2.840.6610321904118510815420318233761831142014/series-uid; ActionId=d8463340-b851-4e92-be0f-8b014b0feec8; ActionName=NHI_AI_MedReportViewerWebApi.Controllers.NhiPatientImageController.GetSeriesInstanceUid (NHI-AI-MedReportViewerWebApi); StudyInstanceUid=1.2.840.6610321904118510815420318233761831142014; SeriesNumber=4
  ======================================================================

2026-05-21 15:08:52.8737 [INFO] [NHI_AI_MedReportViewerWebApi.Services.NhiPatientImageService] [TraceID: 00-11959a5ca1108e4e69cf574ed1ec7455-f12d9b574a564dee-00]
  Event: 0
  Request: GET https://lcr-tc.nhi.gov.tw/api/NhiPatientImage/studies/1.2.840.6610321904118510815420318233761831142014/series/1.2.840.185393732156165237212158241127106677643111/sop-uid 
  Message: 開始查詢 SOP Instance UID: Study=1.2.840.6610321904118510815420318233761831142014, Series=1.2.840.185393732156165237212158241127106677643111, InstanceNumber=29
  Properties: RequestId=4000008e-0005-fc00-b63f-84710c7967bb; RequestPath=/api/NhiPatientImage/studies/1.2.840.6610321904118510815420318233761831142014/series/1.2.840.185393732156165237212158241127106677643111/sop-uid; ActionId=7158c667-11e4-4319-b269-e88ef361d8c2; ActionName=NHI_AI_MedReportViewerWebApi.Controllers.NhiPatientImageController.GetSopInstanceUid (NHI-AI-MedReportViewerWebApi); StudyInstanceUid=1.2.840.6610321904118510815420318233761831142014; SeriesInstanceUid=1.2.840.185393732156165237212158241127106677643111; InstanceNumber=29
  ======================================================================

2026-05-21 15:08:52.8941 [INFO] [NHI_AI_MedReportViewerWebApi.Services.NhiRegistrationService] [TraceID: 00-bf54bd037b49c5c692ece75ca5502957-98707a96f98cc70a-00]
  Event: 0
  Request: GET https://lcr-tc.nhi.gov.tw/api/registration/get-target-instance 
  Message: 查詢目標 Instance Number。Patient: Z299999830-20251102-1211-00000000001, RefSeries: 1.2.840.185393732156165237212158241127106677643111, DstSeries: 1.2.840.51111141244381216847820799116149155151129
  Properties: PatientId=Z299999830-20251102-1211-00000000001; RefSeriesUid=1.2.840.185393732156165237212158241127106677643111; DstSeriesUid=1.2.840.51111141244381216847820799116149155151129; RequestId=40000111-0005-fd00-b63f-84710c7967bb; RequestPath=/api/registration/get-target-instance; ActionId=93e4c7ee-5630-4687-a0a5-913c8f0db361; ActionName=NHI_AI_MedReportViewerWebApi.Controllers.RegistrationController.GetTargetInstance (NHI-AI-MedReportViewerWebApi); patientObjId=Z299999830-20251102-1211-00000000001; refStudyObjId=Z299999830-STUDY-OBJID-2025110200018; refStudyUid=1.2.840.6610321904118510815420318233761831142014; refSeriesUid=1.2.840.185393732156165237212158241127106677643111; refInstanceNum=29; targetStudyObjId=Z299999830-STUDY-OBJID-2025110200020; targetStudyUid=1.2.840.1405011311801131732011012121012200126134; targetSeriesUid=1.2.840.51111141244381216847820799116149155151129
  ======================================================================

2026-05-21 15:08:52.9112 [INFO] [Polly] [TraceID: 00-47a115098918a05251ffe287fc50142e-c77dfc2d447bd31c-00]
  Event: 0
  Request: GET https://lcr-tc.nhi.gov.tw/api/NhiPatientImage/studies/1.2.840.6610321904118510815420318233761831142014/series-uid 
  Message: Execution attempt. Source: 'OracleResiliencePipeline/(null)/Retry', Operation Key: '', Result: '1.2.840.185393732156165237212158241127106677643111', Handled: 'False', Attempt: '0', Execution Time: '14.0517'
  Properties: PipelineName=OracleResiliencePipeline; PipelineInstance=(null); StrategyName=Retry; Result=1.2.840.185393732156165237212158241127106677643111; Handled=false; Attempt=0; ExecutionTimeMs=14.0517; EventId=3; EventName=ExecutionAttempt; RequestId=40000311-0005-fb00-b63f-84710c7967bb; RequestPath=/api/NhiPatientImage/studies/1.2.840.6610321904118510815420318233761831142014/series-uid; ActionId=d8463340-b851-4e92-be0f-8b014b0feec8; ActionName=NHI_AI_MedReportViewerWebApi.Controllers.NhiPatientImageController.GetSeriesInstanceUid (NHI-AI-MedReportViewerWebApi); StudyInstanceUid=1.2.840.6610321904118510815420318233761831142014; SeriesNumber=4
  ======================================================================

2026-05-21 15:08:52.9268 [INFO] [NHI_AI_MedReportViewerWebApi.Services.NhiPatientImageService] [TraceID: 00-47a115098918a05251ffe287fc50142e-c77dfc2d447bd31c-00]
  Event: 0
  Request: GET https://lcr-tc.nhi.gov.tw/api/NhiPatientImage/studies/1.2.840.6610321904118510815420318233761831142014/series-uid 
  Message: 找到 Series Number 4 對應的 Series Instance UID: 1.2.840.185393732156165237212158241127106677643111
  Properties: RequestId=40000311-0005-fb00-b63f-84710c7967bb; RequestPath=/api/NhiPatientImage/studies/1.2.840.6610321904118510815420318233761831142014/series-uid; ActionId=d8463340-b851-4e92-be0f-8b014b0feec8; ActionName=NHI_AI_MedReportViewerWebApi.Controllers.NhiPatientImageController.GetSeriesInstanceUid (NHI-AI-MedReportViewerWebApi); StudyInstanceUid=1.2.840.6610321904118510815420318233761831142014; SeriesNumber=4
  ======================================================================

2026-05-21 15:08:52.9268 [INFO] [Polly] [TraceID: 00-11959a5ca1108e4e69cf574ed1ec7455-f12d9b574a564dee-00]
  Event: 0
  Request: GET https://lcr-tc.nhi.gov.tw/api/NhiPatientImage/studies/1.2.840.6610321904118510815420318233761831142014/series/1.2.840.185393732156165237212158241127106677643111/sop-uid 
  Message: Execution attempt. Source: 'OracleResiliencePipeline/(null)/Retry', Operation Key: '', Result: '1.2.840.3417124205586658229153205402522644', Handled: 'False', Attempt: '0', Execution Time: '27.5877'
  Properties: PipelineName=OracleResiliencePipeline; PipelineInstance=(null); StrategyName=Retry; Result=1.2.840.3417124205586658229153205402522644; Handled=false; Attempt=0; ExecutionTimeMs=27.5877; EventId=3; EventName=ExecutionAttempt; RequestId=4000008e-0005-fc00-b63f-84710c7967bb; RequestPath=/api/NhiPatientImage/studies/1.2.840.6610321904118510815420318233761831142014/series/1.2.840.185393732156165237212158241127106677643111/sop-uid; ActionId=7158c667-11e4-4319-b269-e88ef361d8c2; ActionName=NHI_AI_MedReportViewerWebApi.Controllers.NhiPatientImageController.GetSopInstanceUid (NHI-AI-MedReportViewerWebApi); StudyInstanceUid=1.2.840.6610321904118510815420318233761831142014; SeriesInstanceUid=1.2.840.185393732156165237212158241127106677643111; InstanceNumber=29
  ======================================================================

2026-05-21 15:08:52.9507 [INFO] [Polly] [TraceID: 00-bf54bd037b49c5c692ece75ca5502957-98707a96f98cc70a-00]
  Event: 0
  Request: GET https://lcr-tc.nhi.gov.tw/api/registration/get-target-instance 
  Message: Execution attempt. Source: 'OracleResiliencePipeline/(null)/Retry', Operation Key: '', Result: '33', Handled: 'False', Attempt: '0', Execution Time: '29.7191'
  Properties: PipelineName=OracleResiliencePipeline; PipelineInstance=(null); StrategyName=Retry; Result=33; Handled=false; Attempt=0; ExecutionTimeMs=29.7191; EventId=3; EventName=ExecutionAttempt; RequestId=40000111-0005-fd00-b63f-84710c7967bb; RequestPath=/api/registration/get-target-instance; ActionId=93e4c7ee-5630-4687-a0a5-913c8f0db361; ActionName=NHI_AI_MedReportViewerWebApi.Controllers.RegistrationController.GetTargetInstance (NHI-AI-MedReportViewerWebApi); patientObjId=Z299999830-20251102-1211-00000000001; refStudyObjId=Z299999830-STUDY-OBJID-2025110200018; refStudyUid=1.2.840.6610321904118510815420318233761831142014; refSeriesUid=1.2.840.185393732156165237212158241127106677643111; refInstanceNum=29; targetStudyObjId=Z299999830-STUDY-OBJID-2025110200020; targetStudyUid=1.2.840.1405011311801131732011012121012200126134; targetSeriesUid=1.2.840.51111141244381216847820799116149155151129
  ======================================================================

2026-05-21 15:08:52.9507 [INFO] [NHI_AI_MedReportViewerWebApi.Services.NhiPatientImageService] [TraceID: 00-11959a5ca1108e4e69cf574ed1ec7455-f12d9b574a564dee-00]
  Event: 0
  Request: GET https://lcr-tc.nhi.gov.tw/api/NhiPatientImage/studies/1.2.840.6610321904118510815420318233761831142014/series/1.2.840.185393732156165237212158241127106677643111/sop-uid 
  Message: 找到 Instance Number 29 對應的 SOP Instance UID: 1.2.840.3417124205586658229153205402522644
  Properties: RequestId=4000008e-0005-fc00-b63f-84710c7967bb; RequestPath=/api/NhiPatientImage/studies/1.2.840.6610321904118510815420318233761831142014/series/1.2.840.185393732156165237212158241127106677643111/sop-uid; ActionId=7158c667-11e4-4319-b269-e88ef361d8c2; ActionName=NHI_AI_MedReportViewerWebApi.Controllers.NhiPatientImageController.GetSopInstanceUid (NHI-AI-MedReportViewerWebApi); StudyInstanceUid=1.2.840.6610321904118510815420318233761831142014; SeriesInstanceUid=1.2.840.185393732156165237212158241127106677643111; InstanceNumber=29
  ======================================================================

2026-05-21 15:08:52.9507 [INFO] [NHI_AI_MedReportViewerWebApi.Services.NhiPatientImageService] [TraceID: 00-078fa682ac7be597471c398737876980-6d290f5ca9acf7e6-00]
  Event: 0
  Request: GET https://lcr-tc.nhi.gov.tw/api/NhiPatientImage/studies/1.2.840.167221195121219905290418769251473628129/series-uid 
  Message: 開始查詢 Series Instance UID: Study=1.2.840.167221195121219905290418769251473628129, SeriesNumber=9
  Properties: RequestId=40000313-0005-fb00-b63f-84710c7967bb; RequestPath=/api/NhiPatientImage/studies/1.2.840.167221195121219905290418769251473628129/series-uid; ActionId=d8463340-b851-4e92-be0f-8b014b0feec8; ActionName=NHI_AI_MedReportViewerWebApi.Controllers.NhiPatientImageController.GetSeriesInstanceUid (NHI-AI-MedReportViewerWebApi); StudyInstanceUid=1.2.840.167221195121219905290418769251473628129; SeriesNumber=9
  ======================================================================

2026-05-21 15:08:52.9670 [INFO] [NHI_AI_MedReportViewerWebApi.Services.NhiRegistrationService] [TraceID: 00-bf54bd037b49c5c692ece75ca5502957-98707a96f98cc70a-00]
  Event: 0
  Request: GET https://lcr-tc.nhi.gov.tw/api/registration/get-target-instance 
  Message: 找到對應的目標 Instance Number: 33
  Properties: TargetInstanceNum=33; RequestId=40000111-0005-fd00-b63f-84710c7967bb; RequestPath=/api/registration/get-target-instance; ActionId=93e4c7ee-5630-4687-a0a5-913c8f0db361; ActionName=NHI_AI_MedReportViewerWebApi.Controllers.RegistrationController.GetTargetInstance (NHI-AI-MedReportViewerWebApi); patientObjId=Z299999830-20251102-1211-00000000001; refStudyObjId=Z299999830-STUDY-OBJID-2025110200018; refStudyUid=1.2.840.6610321904118510815420318233761831142014; refSeriesUid=1.2.840.185393732156165237212158241127106677643111; refInstanceNum=29; targetStudyObjId=Z299999830-STUDY-OBJID-2025110200020; targetStudyUid=1.2.840.1405011311801131732011012121012200126134; targetSeriesUid=1.2.840.51111141244381216847820799116149155151129
  ======================================================================

2026-05-21 15:08:52.9862 [INFO] [NHI_AI_MedReportViewerWebApi.Services.NhiPatientImageService] [TraceID: 00-bf54bd037b49c5c692ece75ca5502957-98707a96f98cc70a-00]
  Event: 0
  Request: GET https://lcr-tc.nhi.gov.tw/api/registration/get-target-instance 
  Message: 開始查詢 SOP Instance UID: Study=1.2.840.1405011311801131732011012121012200126134, Series=1.2.840.51111141244381216847820799116149155151129, InstanceNumber=33
  Properties: RequestId=40000111-0005-fd00-b63f-84710c7967bb; RequestPath=/api/registration/get-target-instance; ActionId=93e4c7ee-5630-4687-a0a5-913c8f0db361; ActionName=NHI_AI_MedReportViewerWebApi.Controllers.RegistrationController.GetTargetInstance (NHI-AI-MedReportViewerWebApi); patientObjId=Z299999830-20251102-1211-00000000001; refStudyObjId=Z299999830-STUDY-OBJID-2025110200018; refStudyUid=1.2.840.6610321904118510815420318233761831142014; refSeriesUid=1.2.840.185393732156165237212158241127106677643111; refInstanceNum=29; targetStudyObjId=Z299999830-STUDY-OBJID-2025110200020; targetStudyUid=1.2.840.1405011311801131732011012121012200126134; targetSeriesUid=1.2.840.51111141244381216847820799116149155151129
  ======================================================================

2026-05-21 15:08:52.9862 [INFO] [AIRS.Core.Helpers.ZfpOracleDbHelper] [TraceID: 00-4872e2d4af1f83d28430c58cd7074408-73457f29f0ae4111-00]
  Event: 0
  Request: GET https://lcr-tc.nhi.gov.tw/api/NhiPatientImage/studies/1.2.840.6610321904118510815420318233761831142014/series/1.2.840.185393732156165237212158241127106677643111/images 
  Message: GetSortedImagesBySeries(studyInstanceUid: 1.2.840.6610321904118510815420318233761831142014, seriesInstanceUid: 1.2.840.185393732156165237212158241127106677643111)
  Properties: StudyUid=1.2.840.6610321904118510815420318233761831142014; SeriesUid=1.2.840.185393732156165237212158241127106677643111; RequestId=40000090-0005-fc00-b63f-84710c7967bb; RequestPath=/api/NhiPatientImage/studies/1.2.840.6610321904118510815420318233761831142014/series/1.2.840.185393732156165237212158241127106677643111/images; ActionId=35e04f32-c653-4eec-9ba0-f3f9258dc16a; ActionName=NHI_AI_MedReportViewerWebApi.Controllers.NhiPatientImageController.GetImagesInSeries (NHI-AI-MedReportViewerWebApi); StudyInstanceUid=1.2.840.6610321904118510815420318233761831142014; SeriesInstanceUid=1.2.840.185393732156165237212158241127106677643111
  ======================================================================

2026-05-21 15:08:53.0022 [INFO] [Polly] [TraceID: 00-078fa682ac7be597471c398737876980-6d290f5ca9acf7e6-00]
  Event: 0
  Request: GET https://lcr-tc.nhi.gov.tw/api/NhiPatientImage/studies/1.2.840.167221195121219905290418769251473628129/series-uid 
  Message: Execution attempt. Source: 'OracleResiliencePipeline/(null)/Retry', Operation Key: '', Result: '1.2.840.1721868228751932482087238247913291134107', Handled: 'False', Attempt: '0', Execution Time: '19.64'
  Properties: PipelineName=OracleResiliencePipeline; PipelineInstance=(null); StrategyName=Retry; Result=1.2.840.1721868228751932482087238247913291134107; Handled=false; Attempt=0; ExecutionTimeMs=19.64; EventId=3; EventName=ExecutionAttempt; RequestId=40000313-0005-fb00-b63f-84710c7967bb; RequestPath=/api/NhiPatientImage/studies/1.2.840.167221195121219905290418769251473628129/series-uid; ActionId=d8463340-b851-4e92-be0f-8b014b0feec8; ActionName=NHI_AI_MedReportViewerWebApi.Controllers.NhiPatientImageController.GetSeriesInstanceUid (NHI-AI-MedReportViewerWebApi); StudyInstanceUid=1.2.840.167221195121219905290418769251473628129; SeriesNumber=9
  ======================================================================

2026-05-21 15:08:53.0147 [INFO] [NHI_AI_MedReportViewerWebApi.Services.NhiPatientImageService] [TraceID: 00-078fa682ac7be597471c398737876980-6d290f5ca9acf7e6-00]
  Event: 0
  Request: GET https://lcr-tc.nhi.gov.tw/api/NhiPatientImage/studies/1.2.840.167221195121219905290418769251473628129/series-uid 
  Message: 找到 Series Number 9 對應的 Series Instance UID: 1.2.840.1721868228751932482087238247913291134107
  Properties: RequestId=40000313-0005-fb00-b63f-84710c7967bb; RequestPath=/api/NhiPatientImage/studies/1.2.840.167221195121219905290418769251473628129/series-uid; ActionId=d8463340-b851-4e92-be0f-8b014b0feec8; ActionName=NHI_AI_MedReportViewerWebApi.Controllers.NhiPatientImageController.GetSeriesInstanceUid (NHI-AI-MedReportViewerWebApi); StudyInstanceUid=1.2.840.167221195121219905290418769251473628129; SeriesNumber=9
  ======================================================================

2026-05-21 15:08:53.0147 [INFO] [Polly] [TraceID: 00-bf54bd037b49c5c692ece75ca5502957-98707a96f98cc70a-00]
  Event: 0
  Request: GET https://lcr-tc.nhi.gov.tw/api/registration/get-target-instance 
  Message: Execution attempt. Source: 'OracleResiliencePipeline/(null)/Retry', Operation Key: '', Result: '1.2.840.24579199223184521533823815810478347056196', Handled: 'False', Attempt: '0', Execution Time: '18.8098'
  Properties: PipelineName=OracleResiliencePipeline; PipelineInstance=(null); StrategyName=Retry; Result=1.2.840.24579199223184521533823815810478347056196; Handled=false; Attempt=0; ExecutionTimeMs=18.8098; EventId=3; EventName=ExecutionAttempt; RequestId=40000111-0005-fd00-b63f-84710c7967bb; RequestPath=/api/registration/get-target-instance; ActionId=93e4c7ee-5630-4687-a0a5-913c8f0db361; ActionName=NHI_AI_MedReportViewerWebApi.Controllers.RegistrationController.GetTargetInstance (NHI-AI-MedReportViewerWebApi); patientObjId=Z299999830-20251102-1211-00000000001; refStudyObjId=Z299999830-STUDY-OBJID-2025110200018; refStudyUid=1.2.840.6610321904118510815420318233761831142014; refSeriesUid=1.2.840.185393732156165237212158241127106677643111; refInstanceNum=29; targetStudyObjId=Z299999830-STUDY-OBJID-2025110200020; targetStudyUid=1.2.840.1405011311801131732011012121012200126134; targetSeriesUid=1.2.840.51111141244381216847820799116149155151129
  ======================================================================

2026-05-21 15:08:53.0330 [INFO] [Polly] [TraceID: 00-4872e2d4af1f83d28430c58cd7074408-73457f29f0ae4111-00]
  Event: 0
  Request: GET https://lcr-tc.nhi.gov.tw/api/NhiPatientImage/studies/1.2.840.6610321904118510815420318233761831142014/series/1.2.840.185393732156165237212158241127106677643111/images 
  Message: Execution attempt. Source: 'OracleResiliencePipeline/(null)/Retry', Operation Key: '', Result: 'System.Collections.Generic.List`1[System.String]', Handled: 'False', Attempt: '0', Execution Time: '22.4897'
  Properties: PipelineName=OracleResiliencePipeline; PipelineInstance=(null); StrategyName=Retry; Result="1.2.840.1632043725513810816713916815619218925318642200", "1.2.840.12824610616196922242371316810622081166179208", "1.2.840.8022422321122157981788256192572041282127", "1.2.840.2206116663014716937301872401895018823180", "1.2.840.24916619524368135122165131699317812111917958", "1.2.840.2557418888171132781984218215321815314217182", "1.2.840.1331258610722313715914848612714736185549", "1.2.840.176471047618218319324976131437024062153104", "1.2.840.2317124914797591948217221525411981102165211", "1.2.840.2432291151001091116220170198462126124519525", "1.2.840.13718025284337916867205991721902221752241", "1.2.840.141249215811693831012211372055417317112244", "1.2.840.7915218421103666518885820798276365", "1.2.840.12725410512014414818147229781361351981777945", "1.2.840.2151951201541264014770521334200246010697", "1.2.840.2342512471292459209612524725355283636178", "1.2.840.831041441179212412617721019219315858194180208", "1.2.840.29362272496541751571417261332832127115", "1.2.840.17215012710320822013455119215223242532281928", "1.2.840.8619212522202191296414620244200137249129128", "1.2.840.134163985114017662298067944325423323819", "1.2.840.3571361221351368222140103211272069922136", "1.2.840.47125872001291166316812018168248167209165158", "1.2.840.12320412119924923521518413117631972551411634", "1.2.840.96851491431191261578792176216200206225228224", "1.2.840.24278111321442892202464721723399188110230", "1.2.840.138311622352399924018832227925171672155", "1.2.840.2341525274212127441751241052421352018064169", "1.2.840.3417124205586658229153205402522644", "1.2.840.2511664518631962291533152232211442233237", "1.2.840.1012237654199921541313414811823124615223932", "1.2.840.235799138187147710188228149187179103216181", "1.2.840.2321282215112972713121414711949702522269", "1.2.840.8272391622716640177791681201001961819384", "1.2.840.162627165206141194484216036163160720101", "1.2.840.3017021841391013223120134124379822867", "1.2.840.8912419623213524836117572263881132146369", "1.2.840.2473250841411613447189941919111216667", "1.2.840.17523612322514813713912018825414421121482100146", "1.2.840.14216522568252061463822719018817744176250131", "1.2.840.14653247416410524878117871322191302189276", "1.2.840.2002531052522011745273144209236211165872142", "1.2.840.12425122359121341039841902381911823369", "1.2.840.1471991676177142529816021331961202131867", "1.2.840.14219756175156242127251671842094184145231", "1.2.840.1051457738253118922381479013141215320088", "1.2.840.13464249170133801534318229831882081842132", "1.2.840.18017114530944338133176166141181209224204230", "1.2.840.120229167611227816611782181243130612610140", "1.2.840.12915454173234628251170732238340176", "1.2.840.16114204100105195122132316622368117225912", "1.2.840.23314315086582251594128239543835159146", "1.2.840.152823820312540165234111214651466916811045", "1.2.840.249214252228136200157176431459823419518110214", "1.2.840.1351281952382161411062171021335915170110121127", "1.2.840.206621859016799158162234223128767211718535", "1.2.840.17221910615454312413096196758432239173", "1.2.840.1327611416620254218238161981324347218179175", "1.2.840.18856124217612148553222244248235125110173", "1.2.840.12219751723612120653945124013313814577187", "1.2.840.73127216246105861702536425571448114798", "1.2.840.18422349179211129176253251461941395616619654", "1.2.840.9715347611361591012161925417522723297171135", "1.2.840.2472472575187192110128131166762005243217174", "1.2.840.133134104272481442408520715011311318169113205", "1.2.840.22653250141226615419522143801541336464215"; Handled=false; Attempt=0; ExecutionTimeMs=22.4897; EventId=3; EventName=ExecutionAttempt; RequestId=40000090-0005-fc00-b63f-84710c7967bb; RequestPath=/api/NhiPatientImage/studies/1.2.840.6610321904118510815420318233761831142014/series/1.2.840.185393732156165237212158241127106677643111/images; ActionId=35e04f32-c653-4eec-9ba0-f3f9258dc16a; ActionName=NHI_AI_MedReportViewerWebApi.Controllers.NhiPatientImageController.GetImagesInSeries (NHI-AI-MedReportViewerWebApi); StudyInstanceUid=1.2.840.6610321904118510815420318233761831142014; SeriesInstanceUid=1.2.840.185393732156165237212158241127106677643111
  ======================================================================

2026-05-21 15:08:53.0330 [INFO] [NHI_AI_MedReportViewerWebApi.Services.NhiPatientImageService] [TraceID: 00-bf54bd037b49c5c692ece75ca5502957-98707a96f98cc70a-00]
  Event: 0
  Request: GET https://lcr-tc.nhi.gov.tw/api/registration/get-target-instance 
  Message: 找到 Instance Number 33 對應的 SOP Instance UID: 1.2.840.24579199223184521533823815810478347056196
  Properties: RequestId=40000111-0005-fd00-b63f-84710c7967bb; RequestPath=/api/registration/get-target-instance; ActionId=93e4c7ee-5630-4687-a0a5-913c8f0db361; ActionName=NHI_AI_MedReportViewerWebApi.Controllers.RegistrationController.GetTargetInstance (NHI-AI-MedReportViewerWebApi); patientObjId=Z299999830-20251102-1211-00000000001; refStudyObjId=Z299999830-STUDY-OBJID-2025110200018; refStudyUid=1.2.840.6610321904118510815420318233761831142014; refSeriesUid=1.2.840.185393732156165237212158241127106677643111; refInstanceNum=29; targetStudyObjId=Z299999830-STUDY-OBJID-2025110200020; targetStudyUid=1.2.840.1405011311801131732011012121012200126134; targetSeriesUid=1.2.840.51111141244381216847820799116149155151129
  ======================================================================

2026-05-21 15:08:53.0506 [INFO] [NHI_AI_MedReportViewerWebApi.Services.NhiRegistrationService] [TraceID: 00-965e10d3ad90e54d12f12b1df0d8301a-3be09a9b266a05a6-00]
  Event: 0
  Request: GET https://lcr-tc.nhi.gov.tw/api/registration/get-target-instance 
  Message: 查詢目標 Instance Number。Patient: Z299999830-20251102-1211-00000000001, RefSeries: 1.2.840.185393732156165237212158241127106677643111, DstSeries: 1.2.840.1721868228751932482087238247913291134107
  Properties: PatientId=Z299999830-20251102-1211-00000000001; RefSeriesUid=1.2.840.185393732156165237212158241127106677643111; DstSeriesUid=1.2.840.1721868228751932482087238247913291134107; RequestId=40000315-0005-fb00-b63f-84710c7967bb; RequestPath=/api/registration/get-target-instance; ActionId=93e4c7ee-5630-4687-a0a5-913c8f0db361; ActionName=NHI_AI_MedReportViewerWebApi.Controllers.RegistrationController.GetTargetInstance (NHI-AI-MedReportViewerWebApi); patientObjId=Z299999830-20251102-1211-00000000001; refStudyObjId=Z299999830-STUDY-OBJID-2025110200018; refStudyUid=1.2.840.6610321904118510815420318233761831142014; refSeriesUid=1.2.840.185393732156165237212158241127106677643111; refInstanceNum=29; targetStudyObjId=Z299999830-STUDY-OBJID-2025110200021; targetStudyUid=1.2.840.167221195121219905290418769251473628129; targetSeriesUid=1.2.840.1721868228751932482087238247913291134107
  ======================================================================

2026-05-21 15:08:53.0506 [INFO] [NHI_AI_MedReportViewerWebApi.Services.NhiPatientImageService] [TraceID: 00-4872e2d4af1f83d28430c58cd7074408-73457f29f0ae4111-00]
  Event: 0
  Request: GET https://lcr-tc.nhi.gov.tw/api/NhiPatientImage/studies/1.2.840.6610321904118510815420318233761831142014/series/1.2.840.185393732156165237212158241127106677643111/images 
  Message: Series 1.2.840.185393732156165237212158241127106677643111 包含 66 個影像（已快取）
  Properties: SeriesInstanceUid=1.2.840.185393732156165237212158241127106677643111; Count=66; RequestId=40000090-0005-fc00-b63f-84710c7967bb; RequestPath=/api/NhiPatientImage/studies/1.2.840.6610321904118510815420318233761831142014/series/1.2.840.185393732156165237212158241127106677643111/images; ActionId=35e04f32-c653-4eec-9ba0-f3f9258dc16a; ActionName=NHI_AI_MedReportViewerWebApi.Controllers.NhiPatientImageController.GetImagesInSeries (NHI-AI-MedReportViewerWebApi); StudyInstanceUid=1.2.840.6610321904118510815420318233761831142014; SeriesInstanceUid=1.2.840.185393732156165237212158241127106677643111
  ======================================================================

2026-05-21 15:08:53.0774 [INFO] [Polly] [TraceID: 00-965e10d3ad90e54d12f12b1df0d8301a-3be09a9b266a05a6-00]
  Event: 0
  Request: GET https://lcr-tc.nhi.gov.tw/api/registration/get-target-instance 
  Message: Execution attempt. Source: 'OracleResiliencePipeline/(null)/Retry', Operation Key: '', Result: '23', Handled: 'False', Attempt: '0', Execution Time: '12.0691'
  Properties: PipelineName=OracleResiliencePipeline; PipelineInstance=(null); StrategyName=Retry; Result=23; Handled=false; Attempt=0; ExecutionTimeMs=12.0691; EventId=3; EventName=ExecutionAttempt; RequestId=40000315-0005-fb00-b63f-84710c7967bb; RequestPath=/api/registration/get-target-instance; ActionId=93e4c7ee-5630-4687-a0a5-913c8f0db361; ActionName=NHI_AI_MedReportViewerWebApi.Controllers.RegistrationController.GetTargetInstance (NHI-AI-MedReportViewerWebApi); patientObjId=Z299999830-20251102-1211-00000000001; refStudyObjId=Z299999830-STUDY-OBJID-2025110200018; refStudyUid=1.2.840.6610321904118510815420318233761831142014; refSeriesUid=1.2.840.185393732156165237212158241127106677643111; refInstanceNum=29; targetStudyObjId=Z299999830-STUDY-OBJID-2025110200021; targetStudyUid=1.2.840.167221195121219905290418769251473628129; targetSeriesUid=1.2.840.1721868228751932482087238247913291134107
  ======================================================================

2026-05-21 15:08:53.0774 [INFO] [AIRS.Core.Helpers.ZfpOracleDbHelper] [TraceID: 00-23a9758be102fa4eed36c9f6f459c843-b562724477be1d90-00]
  Event: 0
  Request: GET https://lcr-tc.nhi.gov.tw/api/NhiPatientImage/studies/1.2.840.1405011311801131732011012121012200126134/series/1.2.840.51111141244381216847820799116149155151129/images 
  Message: GetSortedImagesBySeries(studyInstanceUid: 1.2.840.1405011311801131732011012121012200126134, seriesInstanceUid: 1.2.840.51111141244381216847820799116149155151129)
  Properties: StudyUid=1.2.840.1405011311801131732011012121012200126134; SeriesUid=1.2.840.51111141244381216847820799116149155151129; RequestId=40000113-0005-fd00-b63f-84710c7967bb; RequestPath=/api/NhiPatientImage/studies/1.2.840.1405011311801131732011012121012200126134/series/1.2.840.51111141244381216847820799116149155151129/images; ActionId=35e04f32-c653-4eec-9ba0-f3f9258dc16a; ActionName=NHI_AI_MedReportViewerWebApi.Controllers.NhiPatientImageController.GetImagesInSeries (NHI-AI-MedReportViewerWebApi); StudyInstanceUid=1.2.840.1405011311801131732011012121012200126134; SeriesInstanceUid=1.2.840.51111141244381216847820799116149155151129
  ======================================================================

2026-05-21 15:08:53.0774 [INFO] [AIRS.Core.Helpers.ZfpOracleDbHelper] [TraceID: 00-2e34bcc4f2cb3c935b6611de087e40c6-f513fda17fcf4f08-00]
  Event: 0
  Request: GET https://lcr-tc.nhi.gov.tw/api/NhiPatientImage/studies/1.2.840.6610321904118510815420318233761831142014/series/1.2.840.185393732156165237212158241127106677643111/instances/1.2.840.3417124205586658229153205402522644 
  Message: GetImageKey(studyInstanceUid: 1.2.840.6610321904118510815420318233761831142014, seriesInstanceUid: 1.2.840.185393732156165237212158241127106677643111, sopInstanceUid: 1.2.840.3417124205586658229153205402522644)
  Properties: StudyUid=1.2.840.6610321904118510815420318233761831142014; SeriesUid=1.2.840.185393732156165237212158241127106677643111; SopUid=1.2.840.3417124205586658229153205402522644; RequestId=4000012d-0004-fd00-b63f-84710c7967bb; RequestPath=/api/NhiPatientImage/studies/1.2.840.6610321904118510815420318233761831142014/series/1.2.840.185393732156165237212158241127106677643111/instances/1.2.840.3417124205586658229153205402522644; ActionId=2997d705-421a-43cc-a7a2-38ca60f284dd; ActionName=NHI_AI_MedReportViewerWebApi.Controllers.NhiPatientImageController.GetImage (NHI-AI-MedReportViewerWebApi); StudyInstanceUid=1.2.840.6610321904118510815420318233761831142014; SeriesInstanceUid=1.2.840.185393732156165237212158241127106677643111; SopInstanceUid=1.2.840.3417124205586658229153205402522644
  ======================================================================

2026-05-21 15:08:53.0963 [INFO] [NHI_AI_MedReportViewerWebApi.Services.NhiRegistrationService] [TraceID: 00-965e10d3ad90e54d12f12b1df0d8301a-3be09a9b266a05a6-00]
  Event: 0
  Request: GET https://lcr-tc.nhi.gov.tw/api/registration/get-target-instance 
  Message: 找到對應的目標 Instance Number: 23
  Properties: TargetInstanceNum=23; RequestId=40000315-0005-fb00-b63f-84710c7967bb; RequestPath=/api/registration/get-target-instance; ActionId=93e4c7ee-5630-4687-a0a5-913c8f0db361; ActionName=NHI_AI_MedReportViewerWebApi.Controllers.RegistrationController.GetTargetInstance (NHI-AI-MedReportViewerWebApi); patientObjId=Z299999830-20251102-1211-00000000001; refStudyObjId=Z299999830-STUDY-OBJID-2025110200018; refStudyUid=1.2.840.6610321904118510815420318233761831142014; refSeriesUid=1.2.840.185393732156165237212158241127106677643111; refInstanceNum=29; targetStudyObjId=Z299999830-STUDY-OBJID-2025110200021; targetStudyUid=1.2.840.167221195121219905290418769251473628129; targetSeriesUid=1.2.840.1721868228751932482087238247913291134107
  ======================================================================

2026-05-21 15:08:53.1086 [INFO] [NHI_AI_MedReportViewerWebApi.Services.NhiPatientImageService] [TraceID: 00-965e10d3ad90e54d12f12b1df0d8301a-3be09a9b266a05a6-00]
  Event: 0
  Request: GET https://lcr-tc.nhi.gov.tw/api/registration/get-target-instance 
  Message: 開始查詢 SOP Instance UID: Study=1.2.840.167221195121219905290418769251473628129, Series=1.2.840.1721868228751932482087238247913291134107, InstanceNumber=23
  Properties: RequestId=40000315-0005-fb00-b63f-84710c7967bb; RequestPath=/api/registration/get-target-instance; ActionId=93e4c7ee-5630-4687-a0a5-913c8f0db361; ActionName=NHI_AI_MedReportViewerWebApi.Controllers.RegistrationController.GetTargetInstance (NHI-AI-MedReportViewerWebApi); patientObjId=Z299999830-20251102-1211-00000000001; refStudyObjId=Z299999830-STUDY-OBJID-2025110200018; refStudyUid=1.2.840.6610321904118510815420318233761831142014; refSeriesUid=1.2.840.185393732156165237212158241127106677643111; refInstanceNum=29; targetStudyObjId=Z299999830-STUDY-OBJID-2025110200021; targetStudyUid=1.2.840.167221195121219905290418769251473628129; targetSeriesUid=1.2.840.1721868228751932482087238247913291134107
  ======================================================================

2026-05-21 15:08:53.1238 [INFO] [Polly] [TraceID: 00-23a9758be102fa4eed36c9f6f459c843-b562724477be1d90-00]
  Event: 0
  Request: GET https://lcr-tc.nhi.gov.tw/api/NhiPatientImage/studies/1.2.840.1405011311801131732011012121012200126134/series/1.2.840.51111141244381216847820799116149155151129/images 
  Message: Execution attempt. Source: 'OracleResiliencePipeline/(null)/Retry', Operation Key: '', Result: 'System.Collections.Generic.List`1[System.String]', Handled: 'False', Attempt: '0', Execution Time: '19.4333'
  Properties: PipelineName=OracleResiliencePipeline; PipelineInstance=(null); StrategyName=Retry; Result="1.2.840.2061571949218919334175231551712412547510074", "1.2.840.4317422109666377202252183116461781761730", "1.2.840.101783112147232172831772838225446128176", "1.2.840.2303953785712521920117339160942687129213", "1.2.840.200021613616468224191622522053543348340", "1.2.840.198184179512391447017013322219849112219204231", "1.2.840.106141244162012018721413819312714323417954131", "1.2.840.1927661702395058248254106820725487246171", "1.2.840.163958132292354012310611219013328199252", "1.2.840.19181166251812515325562322029666164161189", "1.2.840.67801661932519123111014316925539237246255124", "1.2.840.20623142111132262332041011621081583711788228", "1.2.840.72162213133125028151971073166138144170", "1.2.840.2505092322019924820216752372744239124139", "1.2.840.39134455429773612210132992143042195251", "1.2.840.21968231175216249160111166180231191801394690", "1.2.840.11215642183941092733110821413222116251132", "1.2.840.15414346236251182292191652451982257182162240", "1.2.840.16314192051791352222351951007719355104160237", "1.2.840.32742142037423824461212641081602119623122", "1.2.840.20823743177130641801492461606449220614196", "1.2.840.1456024318615254146161233342715115025132", "1.2.840.138372231751691761532314619817225195120845", "1.2.840.202193111243208481988771172312455314113886", "1.2.840.204248191132167118174140124108220230208234184225", "1.2.840.244712061814917399272254525152771539", "1.2.840.2434934109152101581536511610012316913848107", "1.2.840.232451451860230217203158127747320321513839", "1.2.840.3219370233171571652261152261706625011114738", "1.2.840.152196199221672382241715263117220158388", "1.2.840.2495819220919723319215897253228238153019898", "1.2.840.136198245209951011039682301972141761725516", "1.2.840.24579199223184521533823815810478347056196", "1.2.840.121101162301451061431712490229533715686240", "1.2.840.7499111637790839129431708552728204", "1.2.840.17620941479171284898262227124811117329", "1.2.840.911228174233112962715321252163237261011", "1.2.840.10902301695619217323116820145200745190105", "1.2.840.4823620746212509172106421102176233223107", "1.2.840.13115091142231331436320116010018198622197", "1.2.840.177871712112351721355421792314382197212226", "1.2.840.17230180122942297223510210933215591832308", "1.2.840.902467845121291941056421200146896719275", "1.2.840.851241510497240195701611681021620155285", "1.2.840.8972124312838111351341958611122684255176", "1.2.840.232761451702923525417733227971231052812514", "1.2.840.674111832312223811583222123199315320066", "1.2.840.2511512441031312144124014619222025510920714614", "1.2.840.2551131162449872678459192842219625019257", "1.2.840.67175254104199150222151251272511884254117218", "1.2.840.1252092281241615101135610523317516913170253", "1.2.840.1222281738219121330205431421111515522717716", "1.2.840.1652322162171725272442391142284521137198125", "1.2.840.124193124958311740161715137118230504724", "1.2.840.75872211022024494166608611991711021429", "1.2.840.6070123121031771799610711835109123254237101", "1.2.840.13310157362485784271378410206716104216", "1.2.840.13139451895221920127245824121220524615146", "1.2.840.9911885882496730109140208244216105913585", "1.2.840.24219415516223032401334344741361648371198", "1.2.840.192235252151741171123812418935197661788042", "1.2.840.10219713612611281251331311241572223491939", "1.2.840.15019216525211672175610116221723420832112129", "1.2.840.8521715523175116512125187163310419240206", "1.2.840.5640155349615416612353138230222611314157", "1.2.840.11819119791138491152017516470321621296155", "1.2.840.158231741381201461887317691521132138112167", "1.2.840.12422323480115142120111766210773725125336", "1.2.840.98412375212423414778189212105722323718485", "1.2.840.14417621397288362217601035514713010511889", "1.2.840.2432091551373133420813517145121249172022", "1.2.840.230865117852421442062081399210917211075222", "1.2.840.1417134827712933152241501441131816537112"; Handled=false; Attempt=0; ExecutionTimeMs=19.4333; EventId=3; EventName=ExecutionAttempt; RequestId=40000113-0005-fd00-b63f-84710c7967bb; RequestPath=/api/NhiPatientImage/studies/1.2.840.1405011311801131732011012121012200126134/series/1.2.840.51111141244381216847820799116149155151129/images; ActionId=35e04f32-c653-4eec-9ba0-f3f9258dc16a; ActionName=NHI_AI_MedReportViewerWebApi.Controllers.NhiPatientImageController.GetImagesInSeries (NHI-AI-MedReportViewerWebApi); StudyInstanceUid=1.2.840.1405011311801131732011012121012200126134; SeriesInstanceUid=1.2.840.51111141244381216847820799116149155151129
  ======================================================================

2026-05-21 15:08:53.1238 [INFO] [Polly] [TraceID: 00-2e34bcc4f2cb3c935b6611de087e40c6-f513fda17fcf4f08-00]
  Event: 0
  Request: GET https://lcr-tc.nhi.gov.tw/api/NhiPatientImage/studies/1.2.840.6610321904118510815420318233761831142014/series/1.2.840.185393732156165237212158241127106677643111/instances/1.2.840.3417124205586658229153205402522644 
  Message: Execution attempt. Source: 'OracleResiliencePipeline/(null)/Retry', Operation Key: '', Result: 'NHI_ZFP_Viewer.ImageSources.ImageInfo', Handled: 'False', Attempt: '0', Execution Time: '13.6485'
  Properties: PipelineName=OracleResiliencePipeline; PipelineInstance=(null); StrategyName=Retry; Result=NHI_ZFP_Viewer.ImageSources.ImageInfo; Handled=false; Attempt=0; ExecutionTimeMs=13.6485; EventId=3; EventName=ExecutionAttempt; RequestId=4000012d-0004-fd00-b63f-84710c7967bb; RequestPath=/api/NhiPatientImage/studies/1.2.840.6610321904118510815420318233761831142014/series/1.2.840.185393732156165237212158241127106677643111/instances/1.2.840.3417124205586658229153205402522644; ActionId=2997d705-421a-43cc-a7a2-38ca60f284dd; ActionName=NHI_AI_MedReportViewerWebApi.Controllers.NhiPatientImageController.GetImage (NHI-AI-MedReportViewerWebApi); StudyInstanceUid=1.2.840.6610321904118510815420318233761831142014; SeriesInstanceUid=1.2.840.185393732156165237212158241127106677643111; SopInstanceUid=1.2.840.3417124205586658229153205402522644
  ======================================================================

2026-05-21 15:08:53.1422 [INFO] [Polly] [TraceID: 00-965e10d3ad90e54d12f12b1df0d8301a-3be09a9b266a05a6-00]
  Event: 0
  Request: GET https://lcr-tc.nhi.gov.tw/api/registration/get-target-instance 
  Message: Execution attempt. Source: 'OracleResiliencePipeline/(null)/Retry', Operation Key: '', Result: '1.2.840.98120681611151912501302422382492421676315575', Handled: 'False', Attempt: '0', Execution Time: '17.3847'
  Properties: PipelineName=OracleResiliencePipeline; PipelineInstance=(null); StrategyName=Retry; Result=1.2.840.98120681611151912501302422382492421676315575; Handled=false; Attempt=0; ExecutionTimeMs=17.3847; EventId=3; EventName=ExecutionAttempt; RequestId=40000315-0005-fb00-b63f-84710c7967bb; RequestPath=/api/registration/get-target-instance; ActionId=93e4c7ee-5630-4687-a0a5-913c8f0db361; ActionName=NHI_AI_MedReportViewerWebApi.Controllers.RegistrationController.GetTargetInstance (NHI-AI-MedReportViewerWebApi); patientObjId=Z299999830-20251102-1211-00000000001; refStudyObjId=Z299999830-STUDY-OBJID-2025110200018; refStudyUid=1.2.840.6610321904118510815420318233761831142014; refSeriesUid=1.2.840.185393732156165237212158241127106677643111; refInstanceNum=29; targetStudyObjId=Z299999830-STUDY-OBJID-2025110200021; targetStudyUid=1.2.840.167221195121219905290418769251473628129; targetSeriesUid=1.2.840.1721868228751932482087238247913291134107
  ======================================================================

2026-05-21 15:08:53.1422 [INFO] [NHI_AI_MedReportViewerWebApi.Services.NhiPatientImageService] [TraceID: 00-23a9758be102fa4eed36c9f6f459c843-b562724477be1d90-00]
  Event: 0
  Request: GET https://lcr-tc.nhi.gov.tw/api/NhiPatientImage/studies/1.2.840.1405011311801131732011012121012200126134/series/1.2.840.51111141244381216847820799116149155151129/images 
  Message: Series 1.2.840.51111141244381216847820799116149155151129 包含 73 個影像（已快取）
  Properties: SeriesInstanceUid=1.2.840.51111141244381216847820799116149155151129; Count=73; RequestId=40000113-0005-fd00-b63f-84710c7967bb; RequestPath=/api/NhiPatientImage/studies/1.2.840.1405011311801131732011012121012200126134/series/1.2.840.51111141244381216847820799116149155151129/images; ActionId=35e04f32-c653-4eec-9ba0-f3f9258dc16a; ActionName=NHI_AI_MedReportViewerWebApi.Controllers.NhiPatientImageController.GetImagesInSeries (NHI-AI-MedReportViewerWebApi); StudyInstanceUid=1.2.840.1405011311801131732011012121012200126134; SeriesInstanceUid=1.2.840.51111141244381216847820799116149155151129
  ======================================================================

2026-05-21 15:08:53.1571 [INFO] [AIRS.Core.Helpers.ZfpOracleDbHelper] [TraceID: 00-2e34bcc4f2cb3c935b6611de087e40c6-f513fda17fcf4f08-00]
  Event: 0
  Request: GET https://lcr-tc.nhi.gov.tw/api/NhiPatientImage/studies/1.2.840.6610321904118510815420318233761831142014/series/1.2.840.185393732156165237212158241127106677643111/instances/1.2.840.3417124205586658229153205402522644 
  Message: GetImageKey = Archived/20230510/1.2.840.6610321904118510815420318233761831142014/1.2.840.185393732156165237212158241127106677643111/1.2.840.3417124205586658229153205402522644.dcm, 48 ms elapsed.
  Properties: S3ObjectKey=Archived/20230510/1.2.840.6610321904118510815420318233761831142014/1.2.840.185393732156165237212158241127106677643111/1.2.840.3417124205586658229153205402522644.dcm; Elapsed=48; RequestId=4000012d-0004-fd00-b63f-84710c7967bb; RequestPath=/api/NhiPatientImage/studies/1.2.840.6610321904118510815420318233761831142014/series/1.2.840.185393732156165237212158241127106677643111/instances/1.2.840.3417124205586658229153205402522644; ActionId=2997d705-421a-43cc-a7a2-38ca60f284dd; ActionName=NHI_AI_MedReportViewerWebApi.Controllers.NhiPatientImageController.GetImage (NHI-AI-MedReportViewerWebApi); StudyInstanceUid=1.2.840.6610321904118510815420318233761831142014; SeriesInstanceUid=1.2.840.185393732156165237212158241127106677643111; SopInstanceUid=1.2.840.3417124205586658229153205402522644
  ======================================================================

2026-05-21 15:08:53.1699 [INFO] [NHI_AI_MedReportViewerWebApi.Services.NhiPatientImageService] [TraceID: 00-965e10d3ad90e54d12f12b1df0d8301a-3be09a9b266a05a6-00]
  Event: 0
  Request: GET https://lcr-tc.nhi.gov.tw/api/registration/get-target-instance 
  Message: 找到 Instance Number 23 對應的 SOP Instance UID: 1.2.840.98120681611151912501302422382492421676315575
  Properties: RequestId=40000315-0005-fb00-b63f-84710c7967bb; RequestPath=/api/registration/get-target-instance; ActionId=93e4c7ee-5630-4687-a0a5-913c8f0db361; ActionName=NHI_AI_MedReportViewerWebApi.Controllers.RegistrationController.GetTargetInstance (NHI-AI-MedReportViewerWebApi); patientObjId=Z299999830-20251102-1211-00000000001; refStudyObjId=Z299999830-STUDY-OBJID-2025110200018; refStudyUid=1.2.840.6610321904118510815420318233761831142014; refSeriesUid=1.2.840.185393732156165237212158241127106677643111; refInstanceNum=29; targetStudyObjId=Z299999830-STUDY-OBJID-2025110200021; targetStudyUid=1.2.840.167221195121219905290418769251473628129; targetSeriesUid=1.2.840.1721868228751932482087238247913291134107
  ======================================================================

2026-05-21 15:08:53.1907 [INFO] [AIRS.Core.Helpers.ZfpOracleDbHelper] [TraceID: 00-dd2ed0606076c479082ab0ca0faa27ce-4f8762cda081c092-00]
  Event: 0
  Request: GET https://lcr-tc.nhi.gov.tw/api/NhiPatientImage/studies/1.2.840.1405011311801131732011012121012200126134/series/1.2.840.51111141244381216847820799116149155151129/instances/1.2.840.24579199223184521533823815810478347056196 
  Message: GetImageKey(studyInstanceUid: 1.2.840.1405011311801131732011012121012200126134, seriesInstanceUid: 1.2.840.51111141244381216847820799116149155151129, sopInstanceUid: 1.2.840.24579199223184521533823815810478347056196)
  Properties: StudyUid=1.2.840.1405011311801131732011012121012200126134; SeriesUid=1.2.840.51111141244381216847820799116149155151129; SopUid=1.2.840.24579199223184521533823815810478347056196; RequestId=4000022e-0007-fe00-b63f-84710c7967bb; RequestPath=/api/NhiPatientImage/studies/1.2.840.1405011311801131732011012121012200126134/series/1.2.840.51111141244381216847820799116149155151129/instances/1.2.840.24579199223184521533823815810478347056196; ActionId=2997d705-421a-43cc-a7a2-38ca60f284dd; ActionName=NHI_AI_MedReportViewerWebApi.Controllers.NhiPatientImageController.GetImage (NHI-AI-MedReportViewerWebApi); StudyInstanceUid=1.2.840.1405011311801131732011012121012200126134; SeriesInstanceUid=1.2.840.51111141244381216847820799116149155151129; SopInstanceUid=1.2.840.24579199223184521533823815810478347056196
  ======================================================================

2026-05-21 15:08:53.2003 [INFO] [AIRS.Core.Helpers.ZfpOracleDbHelper] [TraceID: 00-97403c4415057b1c1d65f7d6a36b07f8-0a371c1d11662af2-00]
  Event: 0
  Request: GET https://lcr-tc.nhi.gov.tw/api/NhiPatientImage/studies/1.2.840.167221195121219905290418769251473628129/series/1.2.840.1721868228751932482087238247913291134107/images 
  Message: GetSortedImagesBySeries(studyInstanceUid: 1.2.840.167221195121219905290418769251473628129, seriesInstanceUid: 1.2.840.1721868228751932482087238247913291134107)
  Properties: StudyUid=1.2.840.167221195121219905290418769251473628129; SeriesUid=1.2.840.1721868228751932482087238247913291134107; RequestId=400001dd-0000-fd00-b63f-84710c7967bb; RequestPath=/api/NhiPatientImage/studies/1.2.840.167221195121219905290418769251473628129/series/1.2.840.1721868228751932482087238247913291134107/images; ActionId=35e04f32-c653-4eec-9ba0-f3f9258dc16a; ActionName=NHI_AI_MedReportViewerWebApi.Controllers.NhiPatientImageController.GetImagesInSeries (NHI-AI-MedReportViewerWebApi); StudyInstanceUid=1.2.840.167221195121219905290418769251473628129; SeriesInstanceUid=1.2.840.1721868228751932482087238247913291134107
  ======================================================================

2026-05-21 15:08:53.2179 [INFO] [Polly] [TraceID: 00-dd2ed0606076c479082ab0ca0faa27ce-4f8762cda081c092-00]
  Event: 0
  Request: GET https://lcr-tc.nhi.gov.tw/api/NhiPatientImage/studies/1.2.840.1405011311801131732011012121012200126134/series/1.2.840.51111141244381216847820799116149155151129/instances/1.2.840.24579199223184521533823815810478347056196 
  Message: Execution attempt. Source: 'OracleResiliencePipeline/(null)/Retry', Operation Key: '', Result: 'NHI_ZFP_Viewer.ImageSources.ImageInfo', Handled: 'False', Attempt: '0', Execution Time: '14.2843'
  Properties: PipelineName=OracleResiliencePipeline; PipelineInstance=(null); StrategyName=Retry; Result=NHI_ZFP_Viewer.ImageSources.ImageInfo; Handled=false; Attempt=0; ExecutionTimeMs=14.2843; EventId=3; EventName=ExecutionAttempt; RequestId=4000022e-0007-fe00-b63f-84710c7967bb; RequestPath=/api/NhiPatientImage/studies/1.2.840.1405011311801131732011012121012200126134/series/1.2.840.51111141244381216847820799116149155151129/instances/1.2.840.24579199223184521533823815810478347056196; ActionId=2997d705-421a-43cc-a7a2-38ca60f284dd; ActionName=NHI_AI_MedReportViewerWebApi.Controllers.NhiPatientImageController.GetImage (NHI-AI-MedReportViewerWebApi); StudyInstanceUid=1.2.840.1405011311801131732011012121012200126134; SeriesInstanceUid=1.2.840.51111141244381216847820799116149155151129; SopInstanceUid=1.2.840.24579199223184521533823815810478347056196
  ======================================================================

2026-05-21 15:08:53.2363 [INFO] [AIRS.Core.Helpers.ZfpOracleDbHelper] [TraceID: 00-dd2ed0606076c479082ab0ca0faa27ce-4f8762cda081c092-00]
  Event: 0
  Request: GET https://lcr-tc.nhi.gov.tw/api/NhiPatientImage/studies/1.2.840.1405011311801131732011012121012200126134/series/1.2.840.51111141244381216847820799116149155151129/instances/1.2.840.24579199223184521533823815810478347056196 
  Message: GetImageKey = Archived/20230210/1.2.840.1405011311801131732011012121012200126134/1.2.840.51111141244381216847820799116149155151129/1.2.840.24579199223184521533823815810478347056196.dcm, 38 ms elapsed.
  Properties: S3ObjectKey=Archived/20230210/1.2.840.1405011311801131732011012121012200126134/1.2.840.51111141244381216847820799116149155151129/1.2.840.24579199223184521533823815810478347056196.dcm; Elapsed=38; RequestId=4000022e-0007-fe00-b63f-84710c7967bb; RequestPath=/api/NhiPatientImage/studies/1.2.840.1405011311801131732011012121012200126134/series/1.2.840.51111141244381216847820799116149155151129/instances/1.2.840.24579199223184521533823815810478347056196; ActionId=2997d705-421a-43cc-a7a2-38ca60f284dd; ActionName=NHI_AI_MedReportViewerWebApi.Controllers.NhiPatientImageController.GetImage (NHI-AI-MedReportViewerWebApi); StudyInstanceUid=1.2.840.1405011311801131732011012121012200126134; SeriesInstanceUid=1.2.840.51111141244381216847820799116149155151129; SopInstanceUid=1.2.840.24579199223184521533823815810478347056196
  ======================================================================

2026-05-21 15:08:53.2363 [INFO] [Polly] [TraceID: 00-97403c4415057b1c1d65f7d6a36b07f8-0a371c1d11662af2-00]
  Event: 0
  Request: GET https://lcr-tc.nhi.gov.tw/api/NhiPatientImage/studies/1.2.840.167221195121219905290418769251473628129/series/1.2.840.1721868228751932482087238247913291134107/images 
  Message: Execution attempt. Source: 'OracleResiliencePipeline/(null)/Retry', Operation Key: '', Result: 'System.Collections.Generic.List`1[System.String]', Handled: 'False', Attempt: '0', Execution Time: '26.6573'
  Properties: PipelineName=OracleResiliencePipeline; PipelineInstance=(null); StrategyName=Retry; Result="1.2.840.252211106124520135135208721519618519247", "1.2.840.1582538515910311713157212331871906721174137", "1.2.840.1121732141391006399178179183720316028133205", "1.2.840.23144224772552138310013920084226170249116105", "1.2.840.11459081222741362442452718462159174129239", "1.2.840.61671719339219712391016622615677151152131", "1.2.840.2114920321015014916144159138392014398239226", "1.2.840.156128442247923121043240132151492361301940", "1.2.840.1002371745326180187761952261151201491125286", "1.2.840.227472515420110987231611624219824214433227", "1.2.840.7117421871591711447470131536794181121234", "1.2.840.231681005834137691861822451431814125177150", "1.2.840.2491141807673217145301982923121211174145", "1.2.840.5011512213017411123613221113311522711710122165", "1.2.840.5117814018425325154371340252891642222157", "1.2.840.6316621515812195239117223243248119240239174127", "1.2.840.1266868107155176143136221255451781532275020", "1.2.840.91249242519717517133202134477983562539", "1.2.840.20179777210523341301091992685166125220198", "1.2.840.1085765141192207912301051956510369186155159", "1.2.840.207117841121711912031514973110715116417719", "1.2.840.2161094723320996223402222191381235918886", "1.2.840.98120681611151912501302422382492421676315575", "1.2.840.131251416719124502341992514622161693078", "1.2.840.1751731851481413384399150233642272074825", "1.2.840.255236133223962162343189116401631862105333", "1.2.840.93228114112421961123317674781846516024812", "1.2.840.16612210219096842052452401261431348311068230", "1.2.840.1204221254033668818126222250213232149144", "1.2.840.1890328661581411952039054228237371131", "1.2.840.96228322616318712776671824513411012125", "1.2.840.742022615329461481342288288725517244250", "1.2.840.1151862161622455714017863210224421542006456", "1.2.840.233451389771151041411761422033239226232119", "1.2.840.2117620641361284013722815216335103147206122", "1.2.840.309614619825119715421152715220169213129168", "1.2.840.12818512414524110215481321129261181815141", "1.2.840.1111112025511823821571132112113731258057", "1.2.840.81861291711061623224227237218631277223269", "1.2.840.187192218216205844144139193462617686941", "1.2.840.652181951185021059161191691781692148210165", "1.2.840.10224521122186206179323381801542388615246", "1.2.840.57867117126185891201861521901241235114193", "1.2.840.1841931001196192071362241888722713215322646", "1.2.840.102243100411555623420201295515111720696191", "1.2.840.116381981161715631121720060125436019994", "1.2.840.561561191724011916648224911887523818077199", "1.2.840.54551831166227811352302152151181441663213", "1.2.840.16536628487136255108142167742155816018062", "1.2.840.19024517381130851201871091542011085420518695", "1.2.840.1117974124110519616231192742412282434172", "1.2.840.38261211169515782686118703116167132113", "1.2.840.13631241221156244201204188578922525178131172", "1.2.840.105165279424821215209662287152211241208197", "1.2.840.522054221920211611362183212111741962637154", "1.2.840.2552212141155201301530175103741011386112", "1.2.840.1091854201661155418250237252121412024323"; Handled=false; Attempt=0; ExecutionTimeMs=26.6573; EventId=3; EventName=ExecutionAttempt; RequestId=400001dd-0000-fd00-b63f-84710c7967bb; RequestPath=/api/NhiPatientImage/studies/1.2.840.167221195121219905290418769251473628129/series/1.2.840.1721868228751932482087238247913291134107/images; ActionId=35e04f32-c653-4eec-9ba0-f3f9258dc16a; ActionName=NHI_AI_MedReportViewerWebApi.Controllers.NhiPatientImageController.GetImagesInSeries (NHI-AI-MedReportViewerWebApi); StudyInstanceUid=1.2.840.167221195121219905290418769251473628129; SeriesInstanceUid=1.2.840.1721868228751932482087238247913291134107
  ======================================================================

2026-05-21 15:08:53.2654 [INFO] [NHI_AI_MedReportViewerWebApi.Services.NhiPatientImageService] [TraceID: 00-97403c4415057b1c1d65f7d6a36b07f8-0a371c1d11662af2-00]
  Event: 0
  Request: GET https://lcr-tc.nhi.gov.tw/api/NhiPatientImage/studies/1.2.840.167221195121219905290418769251473628129/series/1.2.840.1721868228751932482087238247913291134107/images 
  Message: Series 1.2.840.1721868228751932482087238247913291134107 包含 57 個影像（已快取）
  Properties: SeriesInstanceUid=1.2.840.1721868228751932482087238247913291134107; Count=57; RequestId=400001dd-0000-fd00-b63f-84710c7967bb; RequestPath=/api/NhiPatientImage/studies/1.2.840.167221195121219905290418769251473628129/series/1.2.840.1721868228751932482087238247913291134107/images; ActionId=35e04f32-c653-4eec-9ba0-f3f9258dc16a; ActionName=NHI_AI_MedReportViewerWebApi.Controllers.NhiPatientImageController.GetImagesInSeries (NHI-AI-MedReportViewerWebApi); StudyInstanceUid=1.2.840.167221195121219905290418769251473628129; SeriesInstanceUid=1.2.840.1721868228751932482087238247913291134107
  ======================================================================

2026-05-21 15:08:53.3003 [INFO] [AIRS.Core.Helpers.ZfpOracleDbHelper] [TraceID: 00-32bd29fdae94e1f885442b1276749cce-afa6ce4c8fd66b82-00]
  Event: 0
  Request: GET https://lcr-tc.nhi.gov.tw/api/NhiPatientImage/studies/1.2.840.167221195121219905290418769251473628129/series/1.2.840.1721868228751932482087238247913291134107/instances/1.2.840.98120681611151912501302422382492421676315575 
  Message: GetImageKey(studyInstanceUid: 1.2.840.167221195121219905290418769251473628129, seriesInstanceUid: 1.2.840.1721868228751932482087238247913291134107, sopInstanceUid: 1.2.840.98120681611151912501302422382492421676315575)
  Properties: StudyUid=1.2.840.167221195121219905290418769251473628129; SeriesUid=1.2.840.1721868228751932482087238247913291134107; SopUid=1.2.840.98120681611151912501302422382492421676315575; RequestId=400001df-0000-fd00-b63f-84710c7967bb; RequestPath=/api/NhiPatientImage/studies/1.2.840.167221195121219905290418769251473628129/series/1.2.840.1721868228751932482087238247913291134107/instances/1.2.840.98120681611151912501302422382492421676315575; ActionId=2997d705-421a-43cc-a7a2-38ca60f284dd; ActionName=NHI_AI_MedReportViewerWebApi.Controllers.NhiPatientImageController.GetImage (NHI-AI-MedReportViewerWebApi); StudyInstanceUid=1.2.840.167221195121219905290418769251473628129; SeriesInstanceUid=1.2.840.1721868228751932482087238247913291134107; SopInstanceUid=1.2.840.98120681611151912501302422382492421676315575
  ======================================================================

2026-05-21 15:08:53.3112 [INFO] [AIRS.Core.Common.LogForgingTools] [TraceID: 00-2e34bcc4f2cb3c935b6611de087e40c6-f513fda17fcf4f08-00]
  Event: 0
  Request: GET https://lcr-tc.nhi.gov.tw/api/NhiPatientImage/studies/1.2.840.6610321904118510815420318233761831142014/series/1.2.840.185393732156165237212158241127106677643111/instances/1.2.840.3417124205586658229153205402522644 
  Message: 1779347333311 GetImage() 由 S3 取得 stream，耗時 127 ms.
  Properties: RequestId=4000012d-0004-fd00-b63f-84710c7967bb; RequestPath=/api/NhiPatientImage/studies/1.2.840.6610321904118510815420318233761831142014/series/1.2.840.185393732156165237212158241127106677643111/instances/1.2.840.3417124205586658229153205402522644; ActionId=2997d705-421a-43cc-a7a2-38ca60f284dd; ActionName=NHI_AI_MedReportViewerWebApi.Controllers.NhiPatientImageController.GetImage (NHI-AI-MedReportViewerWebApi); StudyInstanceUid=1.2.840.6610321904118510815420318233761831142014; SeriesInstanceUid=1.2.840.185393732156165237212158241127106677643111; SopInstanceUid=1.2.840.3417124205586658229153205402522644
  ======================================================================

2026-05-21 15:08:53.3297 [INFO] [NHI_AI_MedReportViewerWebApi.Services.NhiPatientImageService] [TraceID: 00-2e34bcc4f2cb3c935b6611de087e40c6-f513fda17fcf4f08-00]
  Event: 0
  Request: GET https://lcr-tc.nhi.gov.tw/api/NhiPatientImage/studies/1.2.840.6610321904118510815420318233761831142014/series/1.2.840.185393732156165237212158241127106677643111/instances/1.2.840.3417124205586658229153205402522644 
  Message: 成功從 S3 取得影像: 1.2.840.3417124205586658229153205402522644
  Properties: RequestId=4000012d-0004-fd00-b63f-84710c7967bb; RequestPath=/api/NhiPatientImage/studies/1.2.840.6610321904118510815420318233761831142014/series/1.2.840.185393732156165237212158241127106677643111/instances/1.2.840.3417124205586658229153205402522644; ActionId=2997d705-421a-43cc-a7a2-38ca60f284dd; ActionName=NHI_AI_MedReportViewerWebApi.Controllers.NhiPatientImageController.GetImage (NHI-AI-MedReportViewerWebApi); StudyInstanceUid=1.2.840.6610321904118510815420318233761831142014; SeriesInstanceUid=1.2.840.185393732156165237212158241127106677643111; SopInstanceUid=1.2.840.3417124205586658229153205402522644
  ======================================================================

2026-05-21 15:08:53.3561 [INFO] [AIRS.Core.Common.LogForgingTools] [TraceID: 00-dd2ed0606076c479082ab0ca0faa27ce-4f8762cda081c092-00]
  Event: 0
  Request: GET https://lcr-tc.nhi.gov.tw/api/NhiPatientImage/studies/1.2.840.1405011311801131732011012121012200126134/series/1.2.840.51111141244381216847820799116149155151129/instances/1.2.840.24579199223184521533823815810478347056196 
  Message: 1779347333356 GetImage() 由 S3 取得 stream，耗時 98 ms.
  Properties: RequestId=4000022e-0007-fe00-b63f-84710c7967bb; RequestPath=/api/NhiPatientImage/studies/1.2.840.1405011311801131732011012121012200126134/series/1.2.840.51111141244381216847820799116149155151129/instances/1.2.840.24579199223184521533823815810478347056196; ActionId=2997d705-421a-43cc-a7a2-38ca60f284dd; ActionName=NHI_AI_MedReportViewerWebApi.Controllers.NhiPatientImageController.GetImage (NHI-AI-MedReportViewerWebApi); StudyInstanceUid=1.2.840.1405011311801131732011012121012200126134; SeriesInstanceUid=1.2.840.51111141244381216847820799116149155151129; SopInstanceUid=1.2.840.24579199223184521533823815810478347056196
  ======================================================================

2026-05-21 15:08:53.3701 [INFO] [Polly] [TraceID: 00-32bd29fdae94e1f885442b1276749cce-afa6ce4c8fd66b82-00]
  Event: 0
  Request: GET https://lcr-tc.nhi.gov.tw/api/NhiPatientImage/studies/1.2.840.167221195121219905290418769251473628129/series/1.2.840.1721868228751932482087238247913291134107/instances/1.2.840.98120681611151912501302422382492421676315575 
  Message: Execution attempt. Source: 'OracleResiliencePipeline/(null)/Retry', Operation Key: '', Result: 'NHI_ZFP_Viewer.ImageSources.ImageInfo', Handled: 'False', Attempt: '0', Execution Time: '47.4179'
  Properties: PipelineName=OracleResiliencePipeline; PipelineInstance=(null); StrategyName=Retry; Result=NHI_ZFP_Viewer.ImageSources.ImageInfo; Handled=false; Attempt=0; ExecutionTimeMs=47.4179; EventId=3; EventName=ExecutionAttempt; RequestId=400001df-0000-fd00-b63f-84710c7967bb; RequestPath=/api/NhiPatientImage/studies/1.2.840.167221195121219905290418769251473628129/series/1.2.840.1721868228751932482087238247913291134107/instances/1.2.840.98120681611151912501302422382492421676315575; ActionId=2997d705-421a-43cc-a7a2-38ca60f284dd; ActionName=NHI_AI_MedReportViewerWebApi.Controllers.NhiPatientImageController.GetImage (NHI-AI-MedReportViewerWebApi); StudyInstanceUid=1.2.840.167221195121219905290418769251473628129; SeriesInstanceUid=1.2.840.1721868228751932482087238247913291134107; SopInstanceUid=1.2.840.98120681611151912501302422382492421676315575
  ======================================================================

2026-05-21 15:08:53.3744 [INFO] [NHI_AI_MedReportViewerWebApi.Services.NhiPatientImageService] [TraceID: 00-dd2ed0606076c479082ab0ca0faa27ce-4f8762cda081c092-00]
  Event: 0
  Request: GET https://lcr-tc.nhi.gov.tw/api/NhiPatientImage/studies/1.2.840.1405011311801131732011012121012200126134/series/1.2.840.51111141244381216847820799116149155151129/instances/1.2.840.24579199223184521533823815810478347056196 
  Message: 成功從 S3 取得影像: 1.2.840.24579199223184521533823815810478347056196
  Properties: RequestId=4000022e-0007-fe00-b63f-84710c7967bb; RequestPath=/api/NhiPatientImage/studies/1.2.840.1405011311801131732011012121012200126134/series/1.2.840.51111141244381216847820799116149155151129/instances/1.2.840.24579199223184521533823815810478347056196; ActionId=2997d705-421a-43cc-a7a2-38ca60f284dd; ActionName=NHI_AI_MedReportViewerWebApi.Controllers.NhiPatientImageController.GetImage (NHI-AI-MedReportViewerWebApi); StudyInstanceUid=1.2.840.1405011311801131732011012121012200126134; SeriesInstanceUid=1.2.840.51111141244381216847820799116149155151129; SopInstanceUid=1.2.840.24579199223184521533823815810478347056196
  ======================================================================

2026-05-21 15:08:53.3943 [INFO] [AIRS.Core.Helpers.ZfpOracleDbHelper] [TraceID: 00-32bd29fdae94e1f885442b1276749cce-afa6ce4c8fd66b82-00]
  Event: 0
  Request: GET https://lcr-tc.nhi.gov.tw/api/NhiPatientImage/studies/1.2.840.167221195121219905290418769251473628129/series/1.2.840.1721868228751932482087238247913291134107/instances/1.2.840.98120681611151912501302422382492421676315575 
  Message: GetImageKey = Archived/20230810/1.2.840.167221195121219905290418769251473628129/1.2.840.1721868228751932482087238247913291134107/1.2.840.98120681611151912501302422382492421676315575.dcm, 81 ms elapsed.
  Properties: S3ObjectKey=Archived/20230810/1.2.840.167221195121219905290418769251473628129/1.2.840.1721868228751932482087238247913291134107/1.2.840.98120681611151912501302422382492421676315575.dcm; Elapsed=81; RequestId=400001df-0000-fd00-b63f-84710c7967bb; RequestPath=/api/NhiPatientImage/studies/1.2.840.167221195121219905290418769251473628129/series/1.2.840.1721868228751932482087238247913291134107/instances/1.2.840.98120681611151912501302422382492421676315575; ActionId=2997d705-421a-43cc-a7a2-38ca60f284dd; ActionName=NHI_AI_MedReportViewerWebApi.Controllers.NhiPatientImageController.GetImage (NHI-AI-MedReportViewerWebApi); StudyInstanceUid=1.2.840.167221195121219905290418769251473628129; SeriesInstanceUid=1.2.840.1721868228751932482087238247913291134107; SopInstanceUid=1.2.840.98120681611151912501302422382492421676315575
  ======================================================================

2026-05-21 15:08:53.4689 [INFO] [AIRS.Core.Common.LogForgingTools] [TraceID: 00-32bd29fdae94e1f885442b1276749cce-afa6ce4c8fd66b82-00]
  Event: 0
  Request: GET https://lcr-tc.nhi.gov.tw/api/NhiPatientImage/studies/1.2.840.167221195121219905290418769251473628129/series/1.2.840.1721868228751932482087238247913291134107/instances/1.2.840.98120681611151912501302422382492421676315575 
  Message: 1779347333468 GetImage() 由 S3 取得 stream，耗時 54 ms.
  Properties: RequestId=400001df-0000-fd00-b63f-84710c7967bb; RequestPath=/api/NhiPatientImage/studies/1.2.840.167221195121219905290418769251473628129/series/1.2.840.1721868228751932482087238247913291134107/instances/1.2.840.98120681611151912501302422382492421676315575; ActionId=2997d705-421a-43cc-a7a2-38ca60f284dd; ActionName=NHI_AI_MedReportViewerWebApi.Controllers.NhiPatientImageController.GetImage (NHI-AI-MedReportViewerWebApi); StudyInstanceUid=1.2.840.167221195121219905290418769251473628129; SeriesInstanceUid=1.2.840.1721868228751932482087238247913291134107; SopInstanceUid=1.2.840.98120681611151912501302422382492421676315575
  ======================================================================

2026-05-21 15:08:53.4903 [INFO] [NHI_AI_MedReportViewerWebApi.Services.NhiPatientImageService] [TraceID: 00-32bd29fdae94e1f885442b1276749cce-afa6ce4c8fd66b82-00]
  Event: 0
  Request: GET https://lcr-tc.nhi.gov.tw/api/NhiPatientImage/studies/1.2.840.167221195121219905290418769251473628129/series/1.2.840.1721868228751932482087238247913291134107/instances/1.2.840.98120681611151912501302422382492421676315575 
  Message: 成功從 S3 取得影像: 1.2.840.98120681611151912501302422382492421676315575
  Properties: RequestId=400001df-0000-fd00-b63f-84710c7967bb; RequestPath=/api/NhiPatientImage/studies/1.2.840.167221195121219905290418769251473628129/series/1.2.840.1721868228751932482087238247913291134107/instances/1.2.840.98120681611151912501302422382492421676315575; ActionId=2997d705-421a-43cc-a7a2-38ca60f284dd; ActionName=NHI_AI_MedReportViewerWebApi.Controllers.NhiPatientImageController.GetImage (NHI-AI-MedReportViewerWebApi); StudyInstanceUid=1.2.840.167221195121219905290418769251473628129; SeriesInstanceUid=1.2.840.1721868228751932482087238247913291134107; SopInstanceUid=1.2.840.98120681611151912501302422382492421676315575
  ======================================================================

2026-05-21 15:08:54.1977 [INFO] [AIRS.Core.Helpers.ZfpOracleDbHelper] [TraceID: 00-9006ba2d2890e33d4b9d4aeb8b92116f-27d3bdcb32da2986-00]
  Event: 0
  Request: GET https://lcr-tc.nhi.gov.tw/api/NhiPatientImage/studies/1.2.840.6610321904118510815420318233761831142014/series/1.2.840.185393732156165237212158241127106677643111/instances/1.2.840.2511664518631962291533152232211442233237 
  Message: GetImageKey(studyInstanceUid: 1.2.840.6610321904118510815420318233761831142014, seriesInstanceUid: 1.2.840.185393732156165237212158241127106677643111, sopInstanceUid: 1.2.840.2511664518631962291533152232211442233237)
  Properties: StudyUid=1.2.840.6610321904118510815420318233761831142014; SeriesUid=1.2.840.185393732156165237212158241127106677643111; SopUid=1.2.840.2511664518631962291533152232211442233237; RequestId=40000317-0005-fb00-b63f-84710c7967bb; RequestPath=/api/NhiPatientImage/studies/1.2.840.6610321904118510815420318233761831142014/series/1.2.840.185393732156165237212158241127106677643111/instances/1.2.840.2511664518631962291533152232211442233237; ActionId=2997d705-421a-43cc-a7a2-38ca60f284dd; ActionName=NHI_AI_MedReportViewerWebApi.Controllers.NhiPatientImageController.GetImage (NHI-AI-MedReportViewerWebApi); StudyInstanceUid=1.2.840.6610321904118510815420318233761831142014; SeriesInstanceUid=1.2.840.185393732156165237212158241127106677643111; SopInstanceUid=1.2.840.2511664518631962291533152232211442233237
  ======================================================================

2026-05-21 15:08:54.2401 [INFO] [Polly] [TraceID: 00-9006ba2d2890e33d4b9d4aeb8b92116f-27d3bdcb32da2986-00]
  Event: 0
  Request: GET https://lcr-tc.nhi.gov.tw/api/NhiPatientImage/studies/1.2.840.6610321904118510815420318233761831142014/series/1.2.840.185393732156165237212158241127106677643111/instances/1.2.840.2511664518631962291533152232211442233237 
  Message: Execution attempt. Source: 'OracleResiliencePipeline/(null)/Retry', Operation Key: '', Result: 'NHI_ZFP_Viewer.ImageSources.ImageInfo', Handled: 'False', Attempt: '0', Execution Time: '18.3401'
  Properties: PipelineName=OracleResiliencePipeline; PipelineInstance=(null); StrategyName=Retry; Result=NHI_ZFP_Viewer.ImageSources.ImageInfo; Handled=false; Attempt=0; ExecutionTimeMs=18.3401; EventId=3; EventName=ExecutionAttempt; RequestId=40000317-0005-fb00-b63f-84710c7967bb; RequestPath=/api/NhiPatientImage/studies/1.2.840.6610321904118510815420318233761831142014/series/1.2.840.185393732156165237212158241127106677643111/instances/1.2.840.2511664518631962291533152232211442233237; ActionId=2997d705-421a-43cc-a7a2-38ca60f284dd; ActionName=NHI_AI_MedReportViewerWebApi.Controllers.NhiPatientImageController.GetImage (NHI-AI-MedReportViewerWebApi); StudyInstanceUid=1.2.840.6610321904118510815420318233761831142014; SeriesInstanceUid=1.2.840.185393732156165237212158241127106677643111; SopInstanceUid=1.2.840.2511664518631962291533152232211442233237
  ======================================================================

2026-05-21 15:08:54.2640 [INFO] [AIRS.Core.Helpers.ZfpOracleDbHelper] [TraceID: 00-9006ba2d2890e33d4b9d4aeb8b92116f-27d3bdcb32da2986-00]
  Event: 0
  Request: GET https://lcr-tc.nhi.gov.tw/api/NhiPatientImage/studies/1.2.840.6610321904118510815420318233761831142014/series/1.2.840.185393732156165237212158241127106677643111/instances/1.2.840.2511664518631962291533152232211442233237 
  Message: GetImageKey = Archived/20230510/1.2.840.6610321904118510815420318233761831142014/1.2.840.185393732156165237212158241127106677643111/1.2.840.2511664518631962291533152232211442233237.dcm, 52 ms elapsed.
  Properties: S3ObjectKey=Archived/20230510/1.2.840.6610321904118510815420318233761831142014/1.2.840.185393732156165237212158241127106677643111/1.2.840.2511664518631962291533152232211442233237.dcm; Elapsed=52; RequestId=40000317-0005-fb00-b63f-84710c7967bb; RequestPath=/api/NhiPatientImage/studies/1.2.840.6610321904118510815420318233761831142014/series/1.2.840.185393732156165237212158241127106677643111/instances/1.2.840.2511664518631962291533152232211442233237; ActionId=2997d705-421a-43cc-a7a2-38ca60f284dd; ActionName=NHI_AI_MedReportViewerWebApi.Controllers.NhiPatientImageController.GetImage (NHI-AI-MedReportViewerWebApi); StudyInstanceUid=1.2.840.6610321904118510815420318233761831142014; SeriesInstanceUid=1.2.840.185393732156165237212158241127106677643111; SopInstanceUid=1.2.840.2511664518631962291533152232211442233237
  ======================================================================

2026-05-21 15:08:54.3074 [INFO] [AIRS.Core.Helpers.ZfpOracleDbHelper] [TraceID: 00-27e0bfa8b2713d0ab797edd82db093bf-137f976828a0e6d3-00]
  Event: 0
  Request: GET https://lcr-tc.nhi.gov.tw/api/NhiPatientImage/studies/1.2.840.6610321904118510815420318233761831142014/series/1.2.840.185393732156165237212158241127106677643111/instances/1.2.840.1012237654199921541313414811823124615223932 
  Message: GetImageKey(studyInstanceUid: 1.2.840.6610321904118510815420318233761831142014, seriesInstanceUid: 1.2.840.185393732156165237212158241127106677643111, sopInstanceUid: 1.2.840.1012237654199921541313414811823124615223932)
  Properties: StudyUid=1.2.840.6610321904118510815420318233761831142014; SeriesUid=1.2.840.185393732156165237212158241127106677643111; SopUid=1.2.840.1012237654199921541313414811823124615223932; RequestId=4000022f-0006-fc00-b63f-84710c7967bb; RequestPath=/api/NhiPatientImage/studies/1.2.840.6610321904118510815420318233761831142014/series/1.2.840.185393732156165237212158241127106677643111/instances/1.2.840.1012237654199921541313414811823124615223932; ActionId=2997d705-421a-43cc-a7a2-38ca60f284dd; ActionName=NHI_AI_MedReportViewerWebApi.Controllers.NhiPatientImageController.GetImage (NHI-AI-MedReportViewerWebApi); StudyInstanceUid=1.2.840.6610321904118510815420318233761831142014; SeriesInstanceUid=1.2.840.185393732156165237212158241127106677643111; SopInstanceUid=1.2.840.1012237654199921541313414811823124615223932
  ======================================================================

2026-05-21 15:08:54.3442 [INFO] [AIRS.Core.Common.LogForgingTools] [TraceID: 00-9006ba2d2890e33d4b9d4aeb8b92116f-27d3bdcb32da2986-00]
  Event: 0
  Request: GET https://lcr-tc.nhi.gov.tw/api/NhiPatientImage/studies/1.2.840.6610321904118510815420318233761831142014/series/1.2.840.185393732156165237212158241127106677643111/instances/1.2.840.2511664518631962291533152232211442233237 
  Message: 1779347334344 GetImage() 由 S3 取得 stream，耗時 53 ms.
  Properties: RequestId=40000317-0005-fb00-b63f-84710c7967bb; RequestPath=/api/NhiPatientImage/studies/1.2.840.6610321904118510815420318233761831142014/series/1.2.840.185393732156165237212158241127106677643111/instances/1.2.840.2511664518631962291533152232211442233237; ActionId=2997d705-421a-43cc-a7a2-38ca60f284dd; ActionName=NHI_AI_MedReportViewerWebApi.Controllers.NhiPatientImageController.GetImage (NHI-AI-MedReportViewerWebApi); StudyInstanceUid=1.2.840.6610321904118510815420318233761831142014; SeriesInstanceUid=1.2.840.185393732156165237212158241127106677643111; SopInstanceUid=1.2.840.2511664518631962291533152232211442233237
  ======================================================================

2026-05-21 15:08:54.3442 [INFO] [Polly] [TraceID: 00-27e0bfa8b2713d0ab797edd82db093bf-137f976828a0e6d3-00]
  Event: 0
  Request: GET https://lcr-tc.nhi.gov.tw/api/NhiPatientImage/studies/1.2.840.6610321904118510815420318233761831142014/series/1.2.840.185393732156165237212158241127106677643111/instances/1.2.840.1012237654199921541313414811823124615223932 
  Message: Execution attempt. Source: 'OracleResiliencePipeline/(null)/Retry', Operation Key: '', Result: 'NHI_ZFP_Viewer.ImageSources.ImageInfo', Handled: 'False', Attempt: '0', Execution Time: '15.4768'
  Properties: PipelineName=OracleResiliencePipeline; PipelineInstance=(null); StrategyName=Retry; Result=NHI_ZFP_Viewer.ImageSources.ImageInfo; Handled=false; Attempt=0; ExecutionTimeMs=15.4768; EventId=3; EventName=ExecutionAttempt; RequestId=4000022f-0006-fc00-b63f-84710c7967bb; RequestPath=/api/NhiPatientImage/studies/1.2.840.6610321904118510815420318233761831142014/series/1.2.840.185393732156165237212158241127106677643111/instances/1.2.840.1012237654199921541313414811823124615223932; ActionId=2997d705-421a-43cc-a7a2-38ca60f284dd; ActionName=NHI_AI_MedReportViewerWebApi.Controllers.NhiPatientImageController.GetImage (NHI-AI-MedReportViewerWebApi); StudyInstanceUid=1.2.840.6610321904118510815420318233761831142014; SeriesInstanceUid=1.2.840.185393732156165237212158241127106677643111; SopInstanceUid=1.2.840.1012237654199921541313414811823124615223932
  ======================================================================

2026-05-21 15:08:54.3610 [INFO] [NHI_AI_MedReportViewerWebApi.Services.NhiPatientImageService] [TraceID: 00-9006ba2d2890e33d4b9d4aeb8b92116f-27d3bdcb32da2986-00]
  Event: 0
  Request: GET https://lcr-tc.nhi.gov.tw/api/NhiPatientImage/studies/1.2.840.6610321904118510815420318233761831142014/series/1.2.840.185393732156165237212158241127106677643111/instances/1.2.840.2511664518631962291533152232211442233237 
  Message: 成功從 S3 取得影像: 1.2.840.2511664518631962291533152232211442233237
  Properties: RequestId=40000317-0005-fb00-b63f-84710c7967bb; RequestPath=/api/NhiPatientImage/studies/1.2.840.6610321904118510815420318233761831142014/series/1.2.840.185393732156165237212158241127106677643111/instances/1.2.840.2511664518631962291533152232211442233237; ActionId=2997d705-421a-43cc-a7a2-38ca60f284dd; ActionName=NHI_AI_MedReportViewerWebApi.Controllers.NhiPatientImageController.GetImage (NHI-AI-MedReportViewerWebApi); StudyInstanceUid=1.2.840.6610321904118510815420318233761831142014; SeriesInstanceUid=1.2.840.185393732156165237212158241127106677643111; SopInstanceUid=1.2.840.2511664518631962291533152232211442233237
  ======================================================================

2026-05-21 15:08:54.3729 [INFO] [AIRS.Core.Helpers.ZfpOracleDbHelper] [TraceID: 00-27e0bfa8b2713d0ab797edd82db093bf-137f976828a0e6d3-00]
  Event: 0
  Request: GET https://lcr-tc.nhi.gov.tw/api/NhiPatientImage/studies/1.2.840.6610321904118510815420318233761831142014/series/1.2.840.185393732156165237212158241127106677643111/instances/1.2.840.1012237654199921541313414811823124615223932 
  Message: GetImageKey = Archived/20230510/1.2.840.6610321904118510815420318233761831142014/1.2.840.185393732156165237212158241127106677643111/1.2.840.1012237654199921541313414811823124615223932.dcm, 45 ms elapsed.
  Properties: S3ObjectKey=Archived/20230510/1.2.840.6610321904118510815420318233761831142014/1.2.840.185393732156165237212158241127106677643111/1.2.840.1012237654199921541313414811823124615223932.dcm; Elapsed=45; RequestId=4000022f-0006-fc00-b63f-84710c7967bb; RequestPath=/api/NhiPatientImage/studies/1.2.840.6610321904118510815420318233761831142014/series/1.2.840.185393732156165237212158241127106677643111/instances/1.2.840.1012237654199921541313414811823124615223932; ActionId=2997d705-421a-43cc-a7a2-38ca60f284dd; ActionName=NHI_AI_MedReportViewerWebApi.Controllers.NhiPatientImageController.GetImage (NHI-AI-MedReportViewerWebApi); StudyInstanceUid=1.2.840.6610321904118510815420318233761831142014; SeriesInstanceUid=1.2.840.185393732156165237212158241127106677643111; SopInstanceUid=1.2.840.1012237654199921541313414811823124615223932
  ======================================================================

2026-05-21 15:08:54.4598 [INFO] [AIRS.Core.Common.LogForgingTools] [TraceID: 00-27e0bfa8b2713d0ab797edd82db093bf-137f976828a0e6d3-00]
  Event: 0
  Request: GET https://lcr-tc.nhi.gov.tw/api/NhiPatientImage/studies/1.2.840.6610321904118510815420318233761831142014/series/1.2.840.185393732156165237212158241127106677643111/instances/1.2.840.1012237654199921541313414811823124615223932 
  Message: 1779347334459 GetImage() 由 S3 取得 stream，耗時 69 ms.
  Properties: RequestId=4000022f-0006-fc00-b63f-84710c7967bb; RequestPath=/api/NhiPatientImage/studies/1.2.840.6610321904118510815420318233761831142014/series/1.2.840.185393732156165237212158241127106677643111/instances/1.2.840.1012237654199921541313414811823124615223932; ActionId=2997d705-421a-43cc-a7a2-38ca60f284dd; ActionName=NHI_AI_MedReportViewerWebApi.Controllers.NhiPatientImageController.GetImage (NHI-AI-MedReportViewerWebApi); StudyInstanceUid=1.2.840.6610321904118510815420318233761831142014; SeriesInstanceUid=1.2.840.185393732156165237212158241127106677643111; SopInstanceUid=1.2.840.1012237654199921541313414811823124615223932
  ======================================================================

2026-05-21 15:08:54.4768 [INFO] [NHI_AI_MedReportViewerWebApi.Services.NhiPatientImageService] [TraceID: 00-27e0bfa8b2713d0ab797edd82db093bf-137f976828a0e6d3-00]
  Event: 0
  Request: GET https://lcr-tc.nhi.gov.tw/api/NhiPatientImage/studies/1.2.840.6610321904118510815420318233761831142014/series/1.2.840.185393732156165237212158241127106677643111/instances/1.2.840.1012237654199921541313414811823124615223932 
  Message: 成功從 S3 取得影像: 1.2.840.1012237654199921541313414811823124615223932
  Properties: RequestId=4000022f-0006-fc00-b63f-84710c7967bb; RequestPath=/api/NhiPatientImage/studies/1.2.840.6610321904118510815420318233761831142014/series/1.2.840.185393732156165237212158241127106677643111/instances/1.2.840.1012237654199921541313414811823124615223932; ActionId=2997d705-421a-43cc-a7a2-38ca60f284dd; ActionName=NHI_AI_MedReportViewerWebApi.Controllers.NhiPatientImageController.GetImage (NHI-AI-MedReportViewerWebApi); StudyInstanceUid=1.2.840.6610321904118510815420318233761831142014; SeriesInstanceUid=1.2.840.185393732156165237212158241127106677643111; SopInstanceUid=1.2.840.1012237654199921541313414811823124615223932
  ======================================================================

2026-05-21 15:08:54.7057 [INFO] [AIRS.Core.Helpers.ZfpOracleDbHelper] [TraceID: 00-e6858b8d4e97825192f12e32560fe523-273060a58565cf0f-00]
  Event: 0
  Request: GET https://lcr-tc.nhi.gov.tw/api/NhiPatientImage/studies/1.2.840.6610321904118510815420318233761831142014/series/1.2.840.185393732156165237212158241127106677643111/instances/1.2.840.235799138187147710188228149187179103216181 
  Message: GetImageKey(studyInstanceUid: 1.2.840.6610321904118510815420318233761831142014, seriesInstanceUid: 1.2.840.185393732156165237212158241127106677643111, sopInstanceUid: 1.2.840.235799138187147710188228149187179103216181)
  Properties: StudyUid=1.2.840.6610321904118510815420318233761831142014; SeriesUid=1.2.840.185393732156165237212158241127106677643111; SopUid=1.2.840.235799138187147710188228149187179103216181; RequestId=40000231-0006-fc00-b63f-84710c7967bb; RequestPath=/api/NhiPatientImage/studies/1.2.840.6610321904118510815420318233761831142014/series/1.2.840.185393732156165237212158241127106677643111/instances/1.2.840.235799138187147710188228149187179103216181; ActionId=2997d705-421a-43cc-a7a2-38ca60f284dd; ActionName=NHI_AI_MedReportViewerWebApi.Controllers.NhiPatientImageController.GetImage (NHI-AI-MedReportViewerWebApi); StudyInstanceUid=1.2.840.6610321904118510815420318233761831142014; SeriesInstanceUid=1.2.840.185393732156165237212158241127106677643111; SopInstanceUid=1.2.840.235799138187147710188228149187179103216181
  ======================================================================

2026-05-21 15:08:54.7496 [INFO] [Polly] [TraceID: 00-e6858b8d4e97825192f12e32560fe523-273060a58565cf0f-00]
  Event: 0
  Request: GET https://lcr-tc.nhi.gov.tw/api/NhiPatientImage/studies/1.2.840.6610321904118510815420318233761831142014/series/1.2.840.185393732156165237212158241127106677643111/instances/1.2.840.235799138187147710188228149187179103216181 
  Message: Execution attempt. Source: 'OracleResiliencePipeline/(null)/Retry', Operation Key: '', Result: 'NHI_ZFP_Viewer.ImageSources.ImageInfo', Handled: 'False', Attempt: '0', Execution Time: '17.6486'
  Properties: PipelineName=OracleResiliencePipeline; PipelineInstance=(null); StrategyName=Retry; Result=NHI_ZFP_Viewer.ImageSources.ImageInfo; Handled=false; Attempt=0; ExecutionTimeMs=17.6486; EventId=3; EventName=ExecutionAttempt; RequestId=40000231-0006-fc00-b63f-84710c7967bb; RequestPath=/api/NhiPatientImage/studies/1.2.840.6610321904118510815420318233761831142014/series/1.2.840.185393732156165237212158241127106677643111/instances/1.2.840.235799138187147710188228149187179103216181; ActionId=2997d705-421a-43cc-a7a2-38ca60f284dd; ActionName=NHI_AI_MedReportViewerWebApi.Controllers.NhiPatientImageController.GetImage (NHI-AI-MedReportViewerWebApi); StudyInstanceUid=1.2.840.6610321904118510815420318233761831142014; SeriesInstanceUid=1.2.840.185393732156165237212158241127106677643111; SopInstanceUid=1.2.840.235799138187147710188228149187179103216181
  ======================================================================

2026-05-21 15:08:54.7811 [INFO] [AIRS.Core.Helpers.ZfpOracleDbHelper] [TraceID: 00-e6858b8d4e97825192f12e32560fe523-273060a58565cf0f-00]
  Event: 0
  Request: GET https://lcr-tc.nhi.gov.tw/api/NhiPatientImage/studies/1.2.840.6610321904118510815420318233761831142014/series/1.2.840.185393732156165237212158241127106677643111/instances/1.2.840.235799138187147710188228149187179103216181 
  Message: GetImageKey = Archived/20230510/1.2.840.6610321904118510815420318233761831142014/1.2.840.185393732156165237212158241127106677643111/1.2.840.235799138187147710188228149187179103216181.dcm, 53 ms elapsed.
  Properties: S3ObjectKey=Archived/20230510/1.2.840.6610321904118510815420318233761831142014/1.2.840.185393732156165237212158241127106677643111/1.2.840.235799138187147710188228149187179103216181.dcm; Elapsed=53; RequestId=40000231-0006-fc00-b63f-84710c7967bb; RequestPath=/api/NhiPatientImage/studies/1.2.840.6610321904118510815420318233761831142014/series/1.2.840.185393732156165237212158241127106677643111/instances/1.2.840.235799138187147710188228149187179103216181; ActionId=2997d705-421a-43cc-a7a2-38ca60f284dd; ActionName=NHI_AI_MedReportViewerWebApi.Controllers.NhiPatientImageController.GetImage (NHI-AI-MedReportViewerWebApi); StudyInstanceUid=1.2.840.6610321904118510815420318233761831142014; SeriesInstanceUid=1.2.840.185393732156165237212158241127106677643111; SopInstanceUid=1.2.840.235799138187147710188228149187179103216181
  ======================================================================

2026-05-21 15:08:54.8580 [INFO] [AIRS.Core.Common.LogForgingTools] [TraceID: 00-e6858b8d4e97825192f12e32560fe523-273060a58565cf0f-00]
  Event: 0
  Request: GET https://lcr-tc.nhi.gov.tw/api/NhiPatientImage/studies/1.2.840.6610321904118510815420318233761831142014/series/1.2.840.185393732156165237212158241127106677643111/instances/1.2.840.235799138187147710188228149187179103216181 
  Message: 1779347334858 GetImage() 由 S3 取得 stream，耗時 57 ms.
  Properties: RequestId=40000231-0006-fc00-b63f-84710c7967bb; RequestPath=/api/NhiPatientImage/studies/1.2.840.6610321904118510815420318233761831142014/series/1.2.840.185393732156165237212158241127106677643111/instances/1.2.840.235799138187147710188228149187179103216181; ActionId=2997d705-421a-43cc-a7a2-38ca60f284dd; ActionName=NHI_AI_MedReportViewerWebApi.Controllers.NhiPatientImageController.GetImage (NHI-AI-MedReportViewerWebApi); StudyInstanceUid=1.2.840.6610321904118510815420318233761831142014; SeriesInstanceUid=1.2.840.185393732156165237212158241127106677643111; SopInstanceUid=1.2.840.235799138187147710188228149187179103216181
  ======================================================================

2026-05-21 15:08:54.8790 [INFO] [NHI_AI_MedReportViewerWebApi.Services.NhiPatientImageService] [TraceID: 00-e6858b8d4e97825192f12e32560fe523-273060a58565cf0f-00]
  Event: 0
  Request: GET https://lcr-tc.nhi.gov.tw/api/NhiPatientImage/studies/1.2.840.6610321904118510815420318233761831142014/series/1.2.840.185393732156165237212158241127106677643111/instances/1.2.840.235799138187147710188228149187179103216181 
  Message: 成功從 S3 取得影像: 1.2.840.235799138187147710188228149187179103216181
  Properties: RequestId=40000231-0006-fc00-b63f-84710c7967bb; RequestPath=/api/NhiPatientImage/studies/1.2.840.6610321904118510815420318233761831142014/series/1.2.840.185393732156165237212158241127106677643111/instances/1.2.840.235799138187147710188228149187179103216181; ActionId=2997d705-421a-43cc-a7a2-38ca60f284dd; ActionName=NHI_AI_MedReportViewerWebApi.Controllers.NhiPatientImageController.GetImage (NHI-AI-MedReportViewerWebApi); StudyInstanceUid=1.2.840.6610321904118510815420318233761831142014; SeriesInstanceUid=1.2.840.185393732156165237212158241127106677643111; SopInstanceUid=1.2.840.235799138187147710188228149187179103216181
  ======================================================================

2026-05-21 15:08:55.1750 [INFO] [AIRS.Core.Helpers.ZfpOracleDbHelper] [TraceID: 00-f998a30da21595423b3acde5b0afd591-d8a886faac622aa7-00]
  Event: 0
  Request: GET https://lcr-tc.nhi.gov.tw/api/NhiPatientImage/studies/1.2.840.6610321904118510815420318233761831142014/series/1.2.840.185393732156165237212158241127106677643111/instances/1.2.840.8272391622716640177791681201001961819384 
  Message: GetImageKey(studyInstanceUid: 1.2.840.6610321904118510815420318233761831142014, seriesInstanceUid: 1.2.840.185393732156165237212158241127106677643111, sopInstanceUid: 1.2.840.8272391622716640177791681201001961819384)
  Properties: StudyUid=1.2.840.6610321904118510815420318233761831142014; SeriesUid=1.2.840.185393732156165237212158241127106677643111; SopUid=1.2.840.8272391622716640177791681201001961819384; RequestId=40000319-0005-fb00-b63f-84710c7967bb; RequestPath=/api/NhiPatientImage/studies/1.2.840.6610321904118510815420318233761831142014/series/1.2.840.185393732156165237212158241127106677643111/instances/1.2.840.8272391622716640177791681201001961819384; ActionId=2997d705-421a-43cc-a7a2-38ca60f284dd; ActionName=NHI_AI_MedReportViewerWebApi.Controllers.NhiPatientImageController.GetImage (NHI-AI-MedReportViewerWebApi); StudyInstanceUid=1.2.840.6610321904118510815420318233761831142014; SeriesInstanceUid=1.2.840.185393732156165237212158241127106677643111; SopInstanceUid=1.2.840.8272391622716640177791681201001961819384
  ======================================================================

2026-05-21 15:08:55.2204 [INFO] [Polly] [TraceID: 00-f998a30da21595423b3acde5b0afd591-d8a886faac622aa7-00]
  Event: 0
  Request: GET https://lcr-tc.nhi.gov.tw/api/NhiPatientImage/studies/1.2.840.6610321904118510815420318233761831142014/series/1.2.840.185393732156165237212158241127106677643111/instances/1.2.840.8272391622716640177791681201001961819384 
  Message: Execution attempt. Source: 'OracleResiliencePipeline/(null)/Retry', Operation Key: '', Result: 'NHI_ZFP_Viewer.ImageSources.ImageInfo', Handled: 'False', Attempt: '0', Execution Time: '17.6151'
  Properties: PipelineName=OracleResiliencePipeline; PipelineInstance=(null); StrategyName=Retry; Result=NHI_ZFP_Viewer.ImageSources.ImageInfo; Handled=false; Attempt=0; ExecutionTimeMs=17.6151; EventId=3; EventName=ExecutionAttempt; RequestId=40000319-0005-fb00-b63f-84710c7967bb; RequestPath=/api/NhiPatientImage/studies/1.2.840.6610321904118510815420318233761831142014/series/1.2.840.185393732156165237212158241127106677643111/instances/1.2.840.8272391622716640177791681201001961819384; ActionId=2997d705-421a-43cc-a7a2-38ca60f284dd; ActionName=NHI_AI_MedReportViewerWebApi.Controllers.NhiPatientImageController.GetImage (NHI-AI-MedReportViewerWebApi); StudyInstanceUid=1.2.840.6610321904118510815420318233761831142014; SeriesInstanceUid=1.2.840.185393732156165237212158241127106677643111; SopInstanceUid=1.2.840.8272391622716640177791681201001961819384
  ======================================================================

2026-05-21 15:08:55.2498 [INFO] [AIRS.Core.Helpers.ZfpOracleDbHelper] [TraceID: 00-f998a30da21595423b3acde5b0afd591-d8a886faac622aa7-00]
  Event: 0
  Request: GET https://lcr-tc.nhi.gov.tw/api/NhiPatientImage/studies/1.2.840.6610321904118510815420318233761831142014/series/1.2.840.185393732156165237212158241127106677643111/instances/1.2.840.8272391622716640177791681201001961819384 
  Message: GetImageKey = Archived/20230510/1.2.840.6610321904118510815420318233761831142014/1.2.840.185393732156165237212158241127106677643111/1.2.840.8272391622716640177791681201001961819384.dcm, 51 ms elapsed.
  Properties: S3ObjectKey=Archived/20230510/1.2.840.6610321904118510815420318233761831142014/1.2.840.185393732156165237212158241127106677643111/1.2.840.8272391622716640177791681201001961819384.dcm; Elapsed=51; RequestId=40000319-0005-fb00-b63f-84710c7967bb; RequestPath=/api/NhiPatientImage/studies/1.2.840.6610321904118510815420318233761831142014/series/1.2.840.185393732156165237212158241127106677643111/instances/1.2.840.8272391622716640177791681201001961819384; ActionId=2997d705-421a-43cc-a7a2-38ca60f284dd; ActionName=NHI_AI_MedReportViewerWebApi.Controllers.NhiPatientImageController.GetImage (NHI-AI-MedReportViewerWebApi); StudyInstanceUid=1.2.840.6610321904118510815420318233761831142014; SeriesInstanceUid=1.2.840.185393732156165237212158241127106677643111; SopInstanceUid=1.2.840.8272391622716640177791681201001961819384
  ======================================================================

2026-05-21 15:08:55.2498 [INFO] [AIRS.Core.Helpers.ZfpOracleDbHelper] [TraceID: 00-f537dd9b1b7ed45fd085f9a1a351f13a-3a171fb73b6797f8-00]
  Event: 0
  Request: GET https://lcr-tc.nhi.gov.tw/api/NhiPatientImage/studies/1.2.840.6610321904118510815420318233761831142014/series/1.2.840.185393732156165237212158241127106677643111/instances/1.2.840.162627165206141194484216036163160720101 
  Message: GetImageKey(studyInstanceUid: 1.2.840.6610321904118510815420318233761831142014, seriesInstanceUid: 1.2.840.185393732156165237212158241127106677643111, sopInstanceUid: 1.2.840.162627165206141194484216036163160720101)
  Properties: StudyUid=1.2.840.6610321904118510815420318233761831142014; SeriesUid=1.2.840.185393732156165237212158241127106677643111; SopUid=1.2.840.162627165206141194484216036163160720101; RequestId=40000233-0006-fc00-b63f-84710c7967bb; RequestPath=/api/NhiPatientImage/studies/1.2.840.6610321904118510815420318233761831142014/series/1.2.840.185393732156165237212158241127106677643111/instances/1.2.840.162627165206141194484216036163160720101; ActionId=2997d705-421a-43cc-a7a2-38ca60f284dd; ActionName=NHI_AI_MedReportViewerWebApi.Controllers.NhiPatientImageController.GetImage (NHI-AI-MedReportViewerWebApi); StudyInstanceUid=1.2.840.6610321904118510815420318233761831142014; SeriesInstanceUid=1.2.840.185393732156165237212158241127106677643111; SopInstanceUid=1.2.840.162627165206141194484216036163160720101
  ======================================================================

2026-05-21 15:08:55.2925 [INFO] [Polly] [TraceID: 00-f537dd9b1b7ed45fd085f9a1a351f13a-3a171fb73b6797f8-00]
  Event: 0
  Request: GET https://lcr-tc.nhi.gov.tw/api/NhiPatientImage/studies/1.2.840.6610321904118510815420318233761831142014/series/1.2.840.185393732156165237212158241127106677643111/instances/1.2.840.162627165206141194484216036163160720101 
  Message: Execution attempt. Source: 'OracleResiliencePipeline/(null)/Retry', Operation Key: '', Result: 'NHI_ZFP_Viewer.ImageSources.ImageInfo', Handled: 'False', Attempt: '0', Execution Time: '14.5594'
  Properties: PipelineName=OracleResiliencePipeline; PipelineInstance=(null); StrategyName=Retry; Result=NHI_ZFP_Viewer.ImageSources.ImageInfo; Handled=false; Attempt=0; ExecutionTimeMs=14.5594; EventId=3; EventName=ExecutionAttempt; RequestId=40000233-0006-fc00-b63f-84710c7967bb; RequestPath=/api/NhiPatientImage/studies/1.2.840.6610321904118510815420318233761831142014/series/1.2.840.185393732156165237212158241127106677643111/instances/1.2.840.162627165206141194484216036163160720101; ActionId=2997d705-421a-43cc-a7a2-38ca60f284dd; ActionName=NHI_AI_MedReportViewerWebApi.Controllers.NhiPatientImageController.GetImage (NHI-AI-MedReportViewerWebApi); StudyInstanceUid=1.2.840.6610321904118510815420318233761831142014; SeriesInstanceUid=1.2.840.185393732156165237212158241127106677643111; SopInstanceUid=1.2.840.162627165206141194484216036163160720101
  ======================================================================

2026-05-21 15:08:55.3106 [INFO] [AIRS.Core.Helpers.ZfpOracleDbHelper] [TraceID: 00-f537dd9b1b7ed45fd085f9a1a351f13a-3a171fb73b6797f8-00]
  Event: 0
  Request: GET https://lcr-tc.nhi.gov.tw/api/NhiPatientImage/studies/1.2.840.6610321904118510815420318233761831142014/series/1.2.840.185393732156165237212158241127106677643111/instances/1.2.840.162627165206141194484216036163160720101 
  Message: GetImageKey = Archived/20230510/1.2.840.6610321904118510815420318233761831142014/1.2.840.185393732156165237212158241127106677643111/1.2.840.162627165206141194484216036163160720101.dcm, 34 ms elapsed.
  Properties: S3ObjectKey=Archived/20230510/1.2.840.6610321904118510815420318233761831142014/1.2.840.185393732156165237212158241127106677643111/1.2.840.162627165206141194484216036163160720101.dcm; Elapsed=34; RequestId=40000233-0006-fc00-b63f-84710c7967bb; RequestPath=/api/NhiPatientImage/studies/1.2.840.6610321904118510815420318233761831142014/series/1.2.840.185393732156165237212158241127106677643111/instances/1.2.840.162627165206141194484216036163160720101; ActionId=2997d705-421a-43cc-a7a2-38ca60f284dd; ActionName=NHI_AI_MedReportViewerWebApi.Controllers.NhiPatientImageController.GetImage (NHI-AI-MedReportViewerWebApi); StudyInstanceUid=1.2.840.6610321904118510815420318233761831142014; SeriesInstanceUid=1.2.840.185393732156165237212158241127106677643111; SopInstanceUid=1.2.840.162627165206141194484216036163160720101
  ======================================================================

2026-05-21 15:08:55.3106 [INFO] [AIRS.Core.Common.LogForgingTools] [TraceID: 00-f998a30da21595423b3acde5b0afd591-d8a886faac622aa7-00]
  Event: 0
  Request: GET https://lcr-tc.nhi.gov.tw/api/NhiPatientImage/studies/1.2.840.6610321904118510815420318233761831142014/series/1.2.840.185393732156165237212158241127106677643111/instances/1.2.840.8272391622716640177791681201001961819384 
  Message: 1779347335323 GetImage() 由 S3 取得 stream，耗時 55 ms.
  Properties: RequestId=40000319-0005-fb00-b63f-84710c7967bb; RequestPath=/api/NhiPatientImage/studies/1.2.840.6610321904118510815420318233761831142014/series/1.2.840.185393732156165237212158241127106677643111/instances/1.2.840.8272391622716640177791681201001961819384; ActionId=2997d705-421a-43cc-a7a2-38ca60f284dd; ActionName=NHI_AI_MedReportViewerWebApi.Controllers.NhiPatientImageController.GetImage (NHI-AI-MedReportViewerWebApi); StudyInstanceUid=1.2.840.6610321904118510815420318233761831142014; SeriesInstanceUid=1.2.840.185393732156165237212158241127106677643111; SopInstanceUid=1.2.840.8272391622716640177791681201001961819384
  ======================================================================

2026-05-21 15:08:55.3418 [INFO] [NHI_AI_MedReportViewerWebApi.Services.NhiPatientImageService] [TraceID: 00-f998a30da21595423b3acde5b0afd591-d8a886faac622aa7-00]
  Event: 0
  Request: GET https://lcr-tc.nhi.gov.tw/api/NhiPatientImage/studies/1.2.840.6610321904118510815420318233761831142014/series/1.2.840.185393732156165237212158241127106677643111/instances/1.2.840.8272391622716640177791681201001961819384 
  Message: 成功從 S3 取得影像: 1.2.840.8272391622716640177791681201001961819384
  Properties: RequestId=40000319-0005-fb00-b63f-84710c7967bb; RequestPath=/api/NhiPatientImage/studies/1.2.840.6610321904118510815420318233761831142014/series/1.2.840.185393732156165237212158241127106677643111/instances/1.2.840.8272391622716640177791681201001961819384; ActionId=2997d705-421a-43cc-a7a2-38ca60f284dd; ActionName=NHI_AI_MedReportViewerWebApi.Controllers.NhiPatientImageController.GetImage (NHI-AI-MedReportViewerWebApi); StudyInstanceUid=1.2.840.6610321904118510815420318233761831142014; SeriesInstanceUid=1.2.840.185393732156165237212158241127106677643111; SopInstanceUid=1.2.840.8272391622716640177791681201001961819384
  ======================================================================

2026-05-21 15:08:55.3856 [INFO] [AIRS.Core.Common.LogForgingTools] [TraceID: 00-f537dd9b1b7ed45fd085f9a1a351f13a-3a171fb73b6797f8-00]
  Event: 0
  Request: GET https://lcr-tc.nhi.gov.tw/api/NhiPatientImage/studies/1.2.840.6610321904118510815420318233761831142014/series/1.2.840.185393732156165237212158241127106677643111/instances/1.2.840.162627165206141194484216036163160720101 
  Message: 1779347335385 GetImage() 由 S3 取得 stream，耗時 58 ms.
  Properties: RequestId=40000233-0006-fc00-b63f-84710c7967bb; RequestPath=/api/NhiPatientImage/studies/1.2.840.6610321904118510815420318233761831142014/series/1.2.840.185393732156165237212158241127106677643111/instances/1.2.840.162627165206141194484216036163160720101; ActionId=2997d705-421a-43cc-a7a2-38ca60f284dd; ActionName=NHI_AI_MedReportViewerWebApi.Controllers.NhiPatientImageController.GetImage (NHI-AI-MedReportViewerWebApi); StudyInstanceUid=1.2.840.6610321904118510815420318233761831142014; SeriesInstanceUid=1.2.840.185393732156165237212158241127106677643111; SopInstanceUid=1.2.840.162627165206141194484216036163160720101
  ======================================================================

2026-05-21 15:08:55.3955 [INFO] [AIRS.Core.Helpers.ZfpOracleDbHelper] [TraceID: 00-72a04e183f74a12737aed059deb145ec-a203feecb26cba96-00]
  Event: 0
  Request: GET https://lcr-tc.nhi.gov.tw/api/NhiPatientImage/studies/1.2.840.6610321904118510815420318233761831142014/series/1.2.840.185393732156165237212158241127106677643111/instances/1.2.840.3017021841391013223120134124379822867 
  Message: GetImageKey(studyInstanceUid: 1.2.840.6610321904118510815420318233761831142014, seriesInstanceUid: 1.2.840.185393732156165237212158241127106677643111, sopInstanceUid: 1.2.840.3017021841391013223120134124379822867)
  Properties: StudyUid=1.2.840.6610321904118510815420318233761831142014; SeriesUid=1.2.840.185393732156165237212158241127106677643111; SopUid=1.2.840.3017021841391013223120134124379822867; RequestId=40000185-0003-fe00-b63f-84710c7967bb; RequestPath=/api/NhiPatientImage/studies/1.2.840.6610321904118510815420318233761831142014/series/1.2.840.185393732156165237212158241127106677643111/instances/1.2.840.3017021841391013223120134124379822867; ActionId=2997d705-421a-43cc-a7a2-38ca60f284dd; ActionName=NHI_AI_MedReportViewerWebApi.Controllers.NhiPatientImageController.GetImage (NHI-AI-MedReportViewerWebApi); StudyInstanceUid=1.2.840.6610321904118510815420318233761831142014; SeriesInstanceUid=1.2.840.185393732156165237212158241127106677643111; SopInstanceUid=1.2.840.3017021841391013223120134124379822867
  ======================================================================

2026-05-21 15:08:55.4069 [INFO] [NHI_AI_MedReportViewerWebApi.Services.NhiPatientImageService] [TraceID: 00-f537dd9b1b7ed45fd085f9a1a351f13a-3a171fb73b6797f8-00]
  Event: 0
  Request: GET https://lcr-tc.nhi.gov.tw/api/NhiPatientImage/studies/1.2.840.6610321904118510815420318233761831142014/series/1.2.840.185393732156165237212158241127106677643111/instances/1.2.840.162627165206141194484216036163160720101 
  Message: 成功從 S3 取得影像: 1.2.840.162627165206141194484216036163160720101
  Properties: RequestId=40000233-0006-fc00-b63f-84710c7967bb; RequestPath=/api/NhiPatientImage/studies/1.2.840.6610321904118510815420318233761831142014/series/1.2.840.185393732156165237212158241127106677643111/instances/1.2.840.162627165206141194484216036163160720101; ActionId=2997d705-421a-43cc-a7a2-38ca60f284dd; ActionName=NHI_AI_MedReportViewerWebApi.Controllers.NhiPatientImageController.GetImage (NHI-AI-MedReportViewerWebApi); StudyInstanceUid=1.2.840.6610321904118510815420318233761831142014; SeriesInstanceUid=1.2.840.185393732156165237212158241127106677643111; SopInstanceUid=1.2.840.162627165206141194484216036163160720101
  ======================================================================

2026-05-21 15:08:55.4327 [INFO] [Polly] [TraceID: 00-72a04e183f74a12737aed059deb145ec-a203feecb26cba96-00]
  Event: 0
  Request: GET https://lcr-tc.nhi.gov.tw/api/NhiPatientImage/studies/1.2.840.6610321904118510815420318233761831142014/series/1.2.840.185393732156165237212158241127106677643111/instances/1.2.840.3017021841391013223120134124379822867 
  Message: Execution attempt. Source: 'OracleResiliencePipeline/(null)/Retry', Operation Key: '', Result: 'NHI_ZFP_Viewer.ImageSources.ImageInfo', Handled: 'False', Attempt: '0', Execution Time: '16.8279'
  Properties: PipelineName=OracleResiliencePipeline; PipelineInstance=(null); StrategyName=Retry; Result=NHI_ZFP_Viewer.ImageSources.ImageInfo; Handled=false; Attempt=0; ExecutionTimeMs=16.8279; EventId=3; EventName=ExecutionAttempt; RequestId=40000185-0003-fe00-b63f-84710c7967bb; RequestPath=/api/NhiPatientImage/studies/1.2.840.6610321904118510815420318233761831142014/series/1.2.840.185393732156165237212158241127106677643111/instances/1.2.840.3017021841391013223120134124379822867; ActionId=2997d705-421a-43cc-a7a2-38ca60f284dd; ActionName=NHI_AI_MedReportViewerWebApi.Controllers.NhiPatientImageController.GetImage (NHI-AI-MedReportViewerWebApi); StudyInstanceUid=1.2.840.6610321904118510815420318233761831142014; SeriesInstanceUid=1.2.840.185393732156165237212158241127106677643111; SopInstanceUid=1.2.840.3017021841391013223120134124379822867
  ======================================================================

2026-05-21 15:08:55.4529 [INFO] [AIRS.Core.Helpers.ZfpOracleDbHelper] [TraceID: 00-72a04e183f74a12737aed059deb145ec-a203feecb26cba96-00]
  Event: 0
  Request: GET https://lcr-tc.nhi.gov.tw/api/NhiPatientImage/studies/1.2.840.6610321904118510815420318233761831142014/series/1.2.840.185393732156165237212158241127106677643111/instances/1.2.840.3017021841391013223120134124379822867 
  Message: GetImageKey = Archived/20230510/1.2.840.6610321904118510815420318233761831142014/1.2.840.185393732156165237212158241127106677643111/1.2.840.3017021841391013223120134124379822867.dcm, 39 ms elapsed.
  Properties: S3ObjectKey=Archived/20230510/1.2.840.6610321904118510815420318233761831142014/1.2.840.185393732156165237212158241127106677643111/1.2.840.3017021841391013223120134124379822867.dcm; Elapsed=39; RequestId=40000185-0003-fe00-b63f-84710c7967bb; RequestPath=/api/NhiPatientImage/studies/1.2.840.6610321904118510815420318233761831142014/series/1.2.840.185393732156165237212158241127106677643111/instances/1.2.840.3017021841391013223120134124379822867; ActionId=2997d705-421a-43cc-a7a2-38ca60f284dd; ActionName=NHI_AI_MedReportViewerWebApi.Controllers.NhiPatientImageController.GetImage (NHI-AI-MedReportViewerWebApi); StudyInstanceUid=1.2.840.6610321904118510815420318233761831142014; SeriesInstanceUid=1.2.840.185393732156165237212158241127106677643111; SopInstanceUid=1.2.840.3017021841391013223120134124379822867
  ======================================================================

2026-05-21 15:08:55.5421 [INFO] [AIRS.Core.Common.LogForgingTools] [TraceID: 00-72a04e183f74a12737aed059deb145ec-a203feecb26cba96-00]
  Event: 0
  Request: GET https://lcr-tc.nhi.gov.tw/api/NhiPatientImage/studies/1.2.840.6610321904118510815420318233761831142014/series/1.2.840.185393732156165237212158241127106677643111/instances/1.2.840.3017021841391013223120134124379822867 
  Message: 1779347335542 GetImage() 由 S3 取得 stream，耗時 73 ms.
  Properties: RequestId=40000185-0003-fe00-b63f-84710c7967bb; RequestPath=/api/NhiPatientImage/studies/1.2.840.6610321904118510815420318233761831142014/series/1.2.840.185393732156165237212158241127106677643111/instances/1.2.840.3017021841391013223120134124379822867; ActionId=2997d705-421a-43cc-a7a2-38ca60f284dd; ActionName=NHI_AI_MedReportViewerWebApi.Controllers.NhiPatientImageController.GetImage (NHI-AI-MedReportViewerWebApi); StudyInstanceUid=1.2.840.6610321904118510815420318233761831142014; SeriesInstanceUid=1.2.840.185393732156165237212158241127106677643111; SopInstanceUid=1.2.840.3017021841391013223120134124379822867
  ======================================================================

2026-05-21 15:08:55.5631 [INFO] [NHI_AI_MedReportViewerWebApi.Services.NhiPatientImageService] [TraceID: 00-72a04e183f74a12737aed059deb145ec-a203feecb26cba96-00]
  Event: 0
  Request: GET https://lcr-tc.nhi.gov.tw/api/NhiPatientImage/studies/1.2.840.6610321904118510815420318233761831142014/series/1.2.840.185393732156165237212158241127106677643111/instances/1.2.840.3017021841391013223120134124379822867 
  Message: 成功從 S3 取得影像: 1.2.840.3017021841391013223120134124379822867
  Properties: RequestId=40000185-0003-fe00-b63f-84710c7967bb; RequestPath=/api/NhiPatientImage/studies/1.2.840.6610321904118510815420318233761831142014/series/1.2.840.185393732156165237212158241127106677643111/instances/1.2.840.3017021841391013223120134124379822867; ActionId=2997d705-421a-43cc-a7a2-38ca60f284dd; ActionName=NHI_AI_MedReportViewerWebApi.Controllers.NhiPatientImageController.GetImage (NHI-AI-MedReportViewerWebApi); StudyInstanceUid=1.2.840.6610321904118510815420318233761831142014; SeriesInstanceUid=1.2.840.185393732156165237212158241127106677643111; SopInstanceUid=1.2.840.3017021841391013223120134124379822867
  ======================================================================

2026-05-21 15:08:55.7649 [INFO] [AIRS.Core.Helpers.ZfpOracleDbHelper] [TraceID: 00-10f7541941c758db6dcf49633582ed7b-5ace4c4e9ac7426a-00]
  Event: 0
  Request: GET https://lcr-tc.nhi.gov.tw/api/NhiPatientImage/studies/1.2.840.6610321904118510815420318233761831142014/series/1.2.840.185393732156165237212158241127106677643111/instances/1.2.840.2473250841411613447189941919111216667 
  Message: GetImageKey(studyInstanceUid: 1.2.840.6610321904118510815420318233761831142014, seriesInstanceUid: 1.2.840.185393732156165237212158241127106677643111, sopInstanceUid: 1.2.840.2473250841411613447189941919111216667)
  Properties: StudyUid=1.2.840.6610321904118510815420318233761831142014; SeriesUid=1.2.840.185393732156165237212158241127106677643111; SopUid=1.2.840.2473250841411613447189941919111216667; RequestId=40000235-0006-fc00-b63f-84710c7967bb; RequestPath=/api/NhiPatientImage/studies/1.2.840.6610321904118510815420318233761831142014/series/1.2.840.185393732156165237212158241127106677643111/instances/1.2.840.2473250841411613447189941919111216667; ActionId=2997d705-421a-43cc-a7a2-38ca60f284dd; ActionName=NHI_AI_MedReportViewerWebApi.Controllers.NhiPatientImageController.GetImage (NHI-AI-MedReportViewerWebApi); StudyInstanceUid=1.2.840.6610321904118510815420318233761831142014; SeriesInstanceUid=1.2.840.185393732156165237212158241127106677643111; SopInstanceUid=1.2.840.2473250841411613447189941919111216667
  ======================================================================

2026-05-21 15:08:55.8067 [INFO] [Polly] [TraceID: 00-10f7541941c758db6dcf49633582ed7b-5ace4c4e9ac7426a-00]
  Event: 0
  Request: GET https://lcr-tc.nhi.gov.tw/api/NhiPatientImage/studies/1.2.840.6610321904118510815420318233761831142014/series/1.2.840.185393732156165237212158241127106677643111/instances/1.2.840.2473250841411613447189941919111216667 
  Message: Execution attempt. Source: 'OracleResiliencePipeline/(null)/Retry', Operation Key: '', Result: 'NHI_ZFP_Viewer.ImageSources.ImageInfo', Handled: 'False', Attempt: '0', Execution Time: '16.3565'
  Properties: PipelineName=OracleResiliencePipeline; PipelineInstance=(null); StrategyName=Retry; Result=NHI_ZFP_Viewer.ImageSources.ImageInfo; Handled=false; Attempt=0; ExecutionTimeMs=16.3565; EventId=3; EventName=ExecutionAttempt; RequestId=40000235-0006-fc00-b63f-84710c7967bb; RequestPath=/api/NhiPatientImage/studies/1.2.840.6610321904118510815420318233761831142014/series/1.2.840.185393732156165237212158241127106677643111/instances/1.2.840.2473250841411613447189941919111216667; ActionId=2997d705-421a-43cc-a7a2-38ca60f284dd; ActionName=NHI_AI_MedReportViewerWebApi.Controllers.NhiPatientImageController.GetImage (NHI-AI-MedReportViewerWebApi); StudyInstanceUid=1.2.840.6610321904118510815420318233761831142014; SeriesInstanceUid=1.2.840.185393732156165237212158241127106677643111; SopInstanceUid=1.2.840.2473250841411613447189941919111216667
  ======================================================================

2026-05-21 15:08:55.8303 [INFO] [AIRS.Core.Helpers.ZfpOracleDbHelper] [TraceID: 00-10f7541941c758db6dcf49633582ed7b-5ace4c4e9ac7426a-00]
  Event: 0
  Request: GET https://lcr-tc.nhi.gov.tw/api/NhiPatientImage/studies/1.2.840.6610321904118510815420318233761831142014/series/1.2.840.185393732156165237212158241127106677643111/instances/1.2.840.2473250841411613447189941919111216667 
  Message: GetImageKey = Archived/20230510/1.2.840.6610321904118510815420318233761831142014/1.2.840.185393732156165237212158241127106677643111/1.2.840.2473250841411613447189941919111216667.dcm, 47 ms elapsed.
  Properties: S3ObjectKey=Archived/20230510/1.2.840.6610321904118510815420318233761831142014/1.2.840.185393732156165237212158241127106677643111/1.2.840.2473250841411613447189941919111216667.dcm; Elapsed=47; RequestId=40000235-0006-fc00-b63f-84710c7967bb; RequestPath=/api/NhiPatientImage/studies/1.2.840.6610321904118510815420318233761831142014/series/1.2.840.185393732156165237212158241127106677643111/instances/1.2.840.2473250841411613447189941919111216667; ActionId=2997d705-421a-43cc-a7a2-38ca60f284dd; ActionName=NHI_AI_MedReportViewerWebApi.Controllers.NhiPatientImageController.GetImage (NHI-AI-MedReportViewerWebApi); StudyInstanceUid=1.2.840.6610321904118510815420318233761831142014; SeriesInstanceUid=1.2.840.185393732156165237212158241127106677643111; SopInstanceUid=1.2.840.2473250841411613447189941919111216667
  ======================================================================

2026-05-21 15:08:55.9258 [INFO] [AIRS.Core.Common.LogForgingTools] [TraceID: 00-10f7541941c758db6dcf49633582ed7b-5ace4c4e9ac7426a-00]
  Event: 0
  Request: GET https://lcr-tc.nhi.gov.tw/api/NhiPatientImage/studies/1.2.840.6610321904118510815420318233761831142014/series/1.2.840.185393732156165237212158241127106677643111/instances/1.2.840.2473250841411613447189941919111216667 
  Message: 1779347335925 GetImage() 由 S3 取得 stream，耗時 71 ms.
  Properties: RequestId=40000235-0006-fc00-b63f-84710c7967bb; RequestPath=/api/NhiPatientImage/studies/1.2.840.6610321904118510815420318233761831142014/series/1.2.840.185393732156165237212158241127106677643111/instances/1.2.840.2473250841411613447189941919111216667; ActionId=2997d705-421a-43cc-a7a2-38ca60f284dd; ActionName=NHI_AI_MedReportViewerWebApi.Controllers.NhiPatientImageController.GetImage (NHI-AI-MedReportViewerWebApi); StudyInstanceUid=1.2.840.6610321904118510815420318233761831142014; SeriesInstanceUid=1.2.840.185393732156165237212158241127106677643111; SopInstanceUid=1.2.840.2473250841411613447189941919111216667
  ======================================================================

2026-05-21 15:08:55.9472 [INFO] [NHI_AI_MedReportViewerWebApi.Services.NhiPatientImageService] [TraceID: 00-10f7541941c758db6dcf49633582ed7b-5ace4c4e9ac7426a-00]
  Event: 0
  Request: GET https://lcr-tc.nhi.gov.tw/api/NhiPatientImage/studies/1.2.840.6610321904118510815420318233761831142014/series/1.2.840.185393732156165237212158241127106677643111/instances/1.2.840.2473250841411613447189941919111216667 
  Message: 成功從 S3 取得影像: 1.2.840.2473250841411613447189941919111216667
  Properties: RequestId=40000235-0006-fc00-b63f-84710c7967bb; RequestPath=/api/NhiPatientImage/studies/1.2.840.6610321904118510815420318233761831142014/series/1.2.840.185393732156165237212158241127106677643111/instances/1.2.840.2473250841411613447189941919111216667; ActionId=2997d705-421a-43cc-a7a2-38ca60f284dd; ActionName=NHI_AI_MedReportViewerWebApi.Controllers.NhiPatientImageController.GetImage (NHI-AI-MedReportViewerWebApi); StudyInstanceUid=1.2.840.6610321904118510815420318233761831142014; SeriesInstanceUid=1.2.840.185393732156165237212158241127106677643111; SopInstanceUid=1.2.840.2473250841411613447189941919111216667
  ======================================================================

2026-05-21 15:08:56.0174 [INFO] [AIRS.Core.Helpers.ZfpOracleDbHelper] [TraceID: 00-5100ccf721346ef31c3939485652e09f-bf9fe7afab20d021-00]
  Event: 0
  Request: GET https://lcr-tc.nhi.gov.tw/api/NhiPatientImage/studies/1.2.840.6610321904118510815420318233761831142014/series/1.2.840.185393732156165237212158241127106677643111/instances/1.2.840.8912419623213524836117572263881132146369 
  Message: GetImageKey(studyInstanceUid: 1.2.840.6610321904118510815420318233761831142014, seriesInstanceUid: 1.2.840.185393732156165237212158241127106677643111, sopInstanceUid: 1.2.840.8912419623213524836117572263881132146369)
  Properties: StudyUid=1.2.840.6610321904118510815420318233761831142014; SeriesUid=1.2.840.185393732156165237212158241127106677643111; SopUid=1.2.840.8912419623213524836117572263881132146369; RequestId=40000187-0003-fe00-b63f-84710c7967bb; RequestPath=/api/NhiPatientImage/studies/1.2.840.6610321904118510815420318233761831142014/series/1.2.840.185393732156165237212158241127106677643111/instances/1.2.840.8912419623213524836117572263881132146369; ActionId=2997d705-421a-43cc-a7a2-38ca60f284dd; ActionName=NHI_AI_MedReportViewerWebApi.Controllers.NhiPatientImageController.GetImage (NHI-AI-MedReportViewerWebApi); StudyInstanceUid=1.2.840.6610321904118510815420318233761831142014; SeriesInstanceUid=1.2.840.185393732156165237212158241127106677643111; SopInstanceUid=1.2.840.8912419623213524836117572263881132146369
  ======================================================================

2026-05-21 15:08:56.0599 [INFO] [Polly] [TraceID: 00-5100ccf721346ef31c3939485652e09f-bf9fe7afab20d021-00]
  Event: 0
  Request: GET https://lcr-tc.nhi.gov.tw/api/NhiPatientImage/studies/1.2.840.6610321904118510815420318233761831142014/series/1.2.840.185393732156165237212158241127106677643111/instances/1.2.840.8912419623213524836117572263881132146369 
  Message: Execution attempt. Source: 'OracleResiliencePipeline/(null)/Retry', Operation Key: '', Result: 'NHI_ZFP_Viewer.ImageSources.ImageInfo', Handled: 'False', Attempt: '0', Execution Time: '17.9476'
  Properties: PipelineName=OracleResiliencePipeline; PipelineInstance=(null); StrategyName=Retry; Result=NHI_ZFP_Viewer.ImageSources.ImageInfo; Handled=false; Attempt=0; ExecutionTimeMs=17.9476; EventId=3; EventName=ExecutionAttempt; RequestId=40000187-0003-fe00-b63f-84710c7967bb; RequestPath=/api/NhiPatientImage/studies/1.2.840.6610321904118510815420318233761831142014/series/1.2.840.185393732156165237212158241127106677643111/instances/1.2.840.8912419623213524836117572263881132146369; ActionId=2997d705-421a-43cc-a7a2-38ca60f284dd; ActionName=NHI_AI_MedReportViewerWebApi.Controllers.NhiPatientImageController.GetImage (NHI-AI-MedReportViewerWebApi); StudyInstanceUid=1.2.840.6610321904118510815420318233761831142014; SeriesInstanceUid=1.2.840.185393732156165237212158241127106677643111; SopInstanceUid=1.2.840.8912419623213524836117572263881132146369
  ======================================================================

2026-05-21 15:08:56.0844 [INFO] [AIRS.Core.Helpers.ZfpOracleDbHelper] [TraceID: 00-5100ccf721346ef31c3939485652e09f-bf9fe7afab20d021-00]
  Event: 0
  Request: GET https://lcr-tc.nhi.gov.tw/api/NhiPatientImage/studies/1.2.840.6610321904118510815420318233761831142014/series/1.2.840.185393732156165237212158241127106677643111/instances/1.2.840.8912419623213524836117572263881132146369 
  Message: GetImageKey = Archived/20230510/1.2.840.6610321904118510815420318233761831142014/1.2.840.185393732156165237212158241127106677643111/1.2.840.8912419623213524836117572263881132146369.dcm, 50 ms elapsed.
  Properties: S3ObjectKey=Archived/20230510/1.2.840.6610321904118510815420318233761831142014/1.2.840.185393732156165237212158241127106677643111/1.2.840.8912419623213524836117572263881132146369.dcm; Elapsed=50; RequestId=40000187-0003-fe00-b63f-84710c7967bb; RequestPath=/api/NhiPatientImage/studies/1.2.840.6610321904118510815420318233761831142014/series/1.2.840.185393732156165237212158241127106677643111/instances/1.2.840.8912419623213524836117572263881132146369; ActionId=2997d705-421a-43cc-a7a2-38ca60f284dd; ActionName=NHI_AI_MedReportViewerWebApi.Controllers.NhiPatientImageController.GetImage (NHI-AI-MedReportViewerWebApi); StudyInstanceUid=1.2.840.6610321904118510815420318233761831142014; SeriesInstanceUid=1.2.840.185393732156165237212158241127106677643111; SopInstanceUid=1.2.840.8912419623213524836117572263881132146369
  ======================================================================

2026-05-21 15:08:56.1446 [INFO] [AIRS.Core.Helpers.ZfpOracleDbHelper] [TraceID: 00-ffde8a26c7e235f937ec5d572119ac34-8e945edd7f440068-00]
  Event: 0
  Request: GET https://lcr-tc.nhi.gov.tw/api/NhiPatientImage/studies/1.2.840.6610321904118510815420318233761831142014/series/1.2.840.185393732156165237212158241127106677643111/instances/1.2.840.2321282215112972713121414711949702522269 
  Message: GetImageKey(studyInstanceUid: 1.2.840.6610321904118510815420318233761831142014, seriesInstanceUid: 1.2.840.185393732156165237212158241127106677643111, sopInstanceUid: 1.2.840.2321282215112972713121414711949702522269)
  Properties: StudyUid=1.2.840.6610321904118510815420318233761831142014; SeriesUid=1.2.840.185393732156165237212158241127106677643111; SopUid=1.2.840.2321282215112972713121414711949702522269; RequestId=4000012f-0004-fd00-b63f-84710c7967bb; RequestPath=/api/NhiPatientImage/studies/1.2.840.6610321904118510815420318233761831142014/series/1.2.840.185393732156165237212158241127106677643111/instances/1.2.840.2321282215112972713121414711949702522269; ActionId=2997d705-421a-43cc-a7a2-38ca60f284dd; ActionName=NHI_AI_MedReportViewerWebApi.Controllers.NhiPatientImageController.GetImage (NHI-AI-MedReportViewerWebApi); StudyInstanceUid=1.2.840.6610321904118510815420318233761831142014; SeriesInstanceUid=1.2.840.185393732156165237212158241127106677643111; SopInstanceUid=1.2.840.2321282215112972713121414711949702522269
  ======================================================================

2026-05-21 15:08:56.1818 [INFO] [AIRS.Core.Common.LogForgingTools] [TraceID: 00-5100ccf721346ef31c3939485652e09f-bf9fe7afab20d021-00]
  Event: 0
  Request: GET https://lcr-tc.nhi.gov.tw/api/NhiPatientImage/studies/1.2.840.6610321904118510815420318233761831142014/series/1.2.840.185393732156165237212158241127106677643111/instances/1.2.840.8912419623213524836117572263881132146369 
  Message: 1779347336181 GetImage() 由 S3 取得 stream，耗時 74 ms.
  Properties: RequestId=40000187-0003-fe00-b63f-84710c7967bb; RequestPath=/api/NhiPatientImage/studies/1.2.840.6610321904118510815420318233761831142014/series/1.2.840.185393732156165237212158241127106677643111/instances/1.2.840.8912419623213524836117572263881132146369; ActionId=2997d705-421a-43cc-a7a2-38ca60f284dd; ActionName=NHI_AI_MedReportViewerWebApi.Controllers.NhiPatientImageController.GetImage (NHI-AI-MedReportViewerWebApi); StudyInstanceUid=1.2.840.6610321904118510815420318233761831142014; SeriesInstanceUid=1.2.840.185393732156165237212158241127106677643111; SopInstanceUid=1.2.840.8912419623213524836117572263881132146369
  ======================================================================

2026-05-21 15:08:56.1857 [INFO] [Polly] [TraceID: 00-ffde8a26c7e235f937ec5d572119ac34-8e945edd7f440068-00]
  Event: 0
  Request: GET https://lcr-tc.nhi.gov.tw/api/NhiPatientImage/studies/1.2.840.6610321904118510815420318233761831142014/series/1.2.840.185393732156165237212158241127106677643111/instances/1.2.840.2321282215112972713121414711949702522269 
  Message: Execution attempt. Source: 'OracleResiliencePipeline/(null)/Retry', Operation Key: '', Result: 'NHI_ZFP_Viewer.ImageSources.ImageInfo', Handled: 'False', Attempt: '0', Execution Time: '14.2698'
  Properties: PipelineName=OracleResiliencePipeline; PipelineInstance=(null); StrategyName=Retry; Result=NHI_ZFP_Viewer.ImageSources.ImageInfo; Handled=false; Attempt=0; ExecutionTimeMs=14.2698; EventId=3; EventName=ExecutionAttempt; RequestId=4000012f-0004-fd00-b63f-84710c7967bb; RequestPath=/api/NhiPatientImage/studies/1.2.840.6610321904118510815420318233761831142014/series/1.2.840.185393732156165237212158241127106677643111/instances/1.2.840.2321282215112972713121414711949702522269; ActionId=2997d705-421a-43cc-a7a2-38ca60f284dd; ActionName=NHI_AI_MedReportViewerWebApi.Controllers.NhiPatientImageController.GetImage (NHI-AI-MedReportViewerWebApi); StudyInstanceUid=1.2.840.6610321904118510815420318233761831142014; SeriesInstanceUid=1.2.840.185393732156165237212158241127106677643111; SopInstanceUid=1.2.840.2321282215112972713121414711949702522269
  ======================================================================

2026-05-21 15:08:56.2015 [INFO] [NHI_AI_MedReportViewerWebApi.Services.NhiPatientImageService] [TraceID: 00-5100ccf721346ef31c3939485652e09f-bf9fe7afab20d021-00]
  Event: 0
  Request: GET https://lcr-tc.nhi.gov.tw/api/NhiPatientImage/studies/1.2.840.6610321904118510815420318233761831142014/series/1.2.840.185393732156165237212158241127106677643111/instances/1.2.840.8912419623213524836117572263881132146369 
  Message: 成功從 S3 取得影像: 1.2.840.8912419623213524836117572263881132146369
  Properties: RequestId=40000187-0003-fe00-b63f-84710c7967bb; RequestPath=/api/NhiPatientImage/studies/1.2.840.6610321904118510815420318233761831142014/series/1.2.840.185393732156165237212158241127106677643111/instances/1.2.840.8912419623213524836117572263881132146369; ActionId=2997d705-421a-43cc-a7a2-38ca60f284dd; ActionName=NHI_AI_MedReportViewerWebApi.Controllers.NhiPatientImageController.GetImage (NHI-AI-MedReportViewerWebApi); StudyInstanceUid=1.2.840.6610321904118510815420318233761831142014; SeriesInstanceUid=1.2.840.185393732156165237212158241127106677643111; SopInstanceUid=1.2.840.8912419623213524836117572263881132146369
  ======================================================================

2026-05-21 15:08:56.2015 [INFO] [AIRS.Core.Helpers.ZfpOracleDbHelper] [TraceID: 00-ffde8a26c7e235f937ec5d572119ac34-8e945edd7f440068-00]
  Event: 0
  Request: GET https://lcr-tc.nhi.gov.tw/api/NhiPatientImage/studies/1.2.840.6610321904118510815420318233761831142014/series/1.2.840.185393732156165237212158241127106677643111/instances/1.2.840.2321282215112972713121414711949702522269 
  Message: GetImageKey = Archived/20230510/1.2.840.6610321904118510815420318233761831142014/1.2.840.185393732156165237212158241127106677643111/1.2.840.2321282215112972713121414711949702522269.dcm, 44 ms elapsed.
  Properties: S3ObjectKey=Archived/20230510/1.2.840.6610321904118510815420318233761831142014/1.2.840.185393732156165237212158241127106677643111/1.2.840.2321282215112972713121414711949702522269.dcm; Elapsed=44; RequestId=4000012f-0004-fd00-b63f-84710c7967bb; RequestPath=/api/NhiPatientImage/studies/1.2.840.6610321904118510815420318233761831142014/series/1.2.840.185393732156165237212158241127106677643111/instances/1.2.840.2321282215112972713121414711949702522269; ActionId=2997d705-421a-43cc-a7a2-38ca60f284dd; ActionName=NHI_AI_MedReportViewerWebApi.Controllers.NhiPatientImageController.GetImage (NHI-AI-MedReportViewerWebApi); StudyInstanceUid=1.2.840.6610321904118510815420318233761831142014; SeriesInstanceUid=1.2.840.185393732156165237212158241127106677643111; SopInstanceUid=1.2.840.2321282215112972713121414711949702522269
  ======================================================================

2026-05-21 15:08:56.2987 [INFO] [AIRS.Core.Common.LogForgingTools] [TraceID: 00-ffde8a26c7e235f937ec5d572119ac34-8e945edd7f440068-00]
  Event: 0
  Request: GET https://lcr-tc.nhi.gov.tw/api/NhiPatientImage/studies/1.2.840.6610321904118510815420318233761831142014/series/1.2.840.185393732156165237212158241127106677643111/instances/1.2.840.2321282215112972713121414711949702522269 
  Message: 1779347336298 GetImage() 由 S3 取得 stream，耗時 68 ms.
  Properties: RequestId=4000012f-0004-fd00-b63f-84710c7967bb; RequestPath=/api/NhiPatientImage/studies/1.2.840.6610321904118510815420318233761831142014/series/1.2.840.185393732156165237212158241127106677643111/instances/1.2.840.2321282215112972713121414711949702522269; ActionId=2997d705-421a-43cc-a7a2-38ca60f284dd; ActionName=NHI_AI_MedReportViewerWebApi.Controllers.NhiPatientImageController.GetImage (NHI-AI-MedReportViewerWebApi); StudyInstanceUid=1.2.840.6610321904118510815420318233761831142014; SeriesInstanceUid=1.2.840.185393732156165237212158241127106677643111; SopInstanceUid=1.2.840.2321282215112972713121414711949702522269
  ======================================================================

2026-05-21 15:08:56.3159 [INFO] [NHI_AI_MedReportViewerWebApi.Services.NhiPatientImageService] [TraceID: 00-ffde8a26c7e235f937ec5d572119ac34-8e945edd7f440068-00]
  Event: 0
  Request: GET https://lcr-tc.nhi.gov.tw/api/NhiPatientImage/studies/1.2.840.6610321904118510815420318233761831142014/series/1.2.840.185393732156165237212158241127106677643111/instances/1.2.840.2321282215112972713121414711949702522269 
  Message: 成功從 S3 取得影像: 1.2.840.2321282215112972713121414711949702522269
  Properties: RequestId=4000012f-0004-fd00-b63f-84710c7967bb; RequestPath=/api/NhiPatientImage/studies/1.2.840.6610321904118510815420318233761831142014/series/1.2.840.185393732156165237212158241127106677643111/instances/1.2.840.2321282215112972713121414711949702522269; ActionId=2997d705-421a-43cc-a7a2-38ca60f284dd; ActionName=NHI_AI_MedReportViewerWebApi.Controllers.NhiPatientImageController.GetImage (NHI-AI-MedReportViewerWebApi); StudyInstanceUid=1.2.840.6610321904118510815420318233761831142014; SeriesInstanceUid=1.2.840.185393732156165237212158241127106677643111; SopInstanceUid=1.2.840.2321282215112972713121414711949702522269
  ======================================================================

2026-05-21 15:08:56.9853 [INFO] [AIRS.Core.Helpers.ZfpOracleDbHelper] [TraceID: 00-57a1ca6764fa5cc4451d7e616809b3bb-7ccdefef35fa9dac-00]
  Event: 0
  Request: GET https://lcr-tc.nhi.gov.tw/api/NhiPatientImage/studies/1.2.840.6610321904118510815420318233761831142014/series/1.2.840.185393732156165237212158241127106677643111/instances/1.2.840.2341525274212127441751241052421352018064169 
  Message: GetImageKey(studyInstanceUid: 1.2.840.6610321904118510815420318233761831142014, seriesInstanceUid: 1.2.840.185393732156165237212158241127106677643111, sopInstanceUid: 1.2.840.2341525274212127441751241052421352018064169)
  Properties: StudyUid=1.2.840.6610321904118510815420318233761831142014; SeriesUid=1.2.840.185393732156165237212158241127106677643111; SopUid=1.2.840.2341525274212127441751241052421352018064169; RequestId=40000189-0003-fe00-b63f-84710c7967bb; RequestPath=/api/NhiPatientImage/studies/1.2.840.6610321904118510815420318233761831142014/series/1.2.840.185393732156165237212158241127106677643111/instances/1.2.840.2341525274212127441751241052421352018064169; ActionId=2997d705-421a-43cc-a7a2-38ca60f284dd; ActionName=NHI_AI_MedReportViewerWebApi.Controllers.NhiPatientImageController.GetImage (NHI-AI-MedReportViewerWebApi); StudyInstanceUid=1.2.840.6610321904118510815420318233761831142014; SeriesInstanceUid=1.2.840.185393732156165237212158241127106677643111; SopInstanceUid=1.2.840.2341525274212127441751241052421352018064169
  ======================================================================

2026-05-21 15:08:57.0271 [INFO] [Polly] [TraceID: 00-57a1ca6764fa5cc4451d7e616809b3bb-7ccdefef35fa9dac-00]
  Event: 0
  Request: GET https://lcr-tc.nhi.gov.tw/api/NhiPatientImage/studies/1.2.840.6610321904118510815420318233761831142014/series/1.2.840.185393732156165237212158241127106677643111/instances/1.2.840.2341525274212127441751241052421352018064169 
  Message: Execution attempt. Source: 'OracleResiliencePipeline/(null)/Retry', Operation Key: '', Result: 'NHI_ZFP_Viewer.ImageSources.ImageInfo', Handled: 'False', Attempt: '0', Execution Time: '15.249'
  Properties: PipelineName=OracleResiliencePipeline; PipelineInstance=(null); StrategyName=Retry; Result=NHI_ZFP_Viewer.ImageSources.ImageInfo; Handled=false; Attempt=0; ExecutionTimeMs=15.249; EventId=3; EventName=ExecutionAttempt; RequestId=40000189-0003-fe00-b63f-84710c7967bb; RequestPath=/api/NhiPatientImage/studies/1.2.840.6610321904118510815420318233761831142014/series/1.2.840.185393732156165237212158241127106677643111/instances/1.2.840.2341525274212127441751241052421352018064169; ActionId=2997d705-421a-43cc-a7a2-38ca60f284dd; ActionName=NHI_AI_MedReportViewerWebApi.Controllers.NhiPatientImageController.GetImage (NHI-AI-MedReportViewerWebApi); StudyInstanceUid=1.2.840.6610321904118510815420318233761831142014; SeriesInstanceUid=1.2.840.185393732156165237212158241127106677643111; SopInstanceUid=1.2.840.2341525274212127441751241052421352018064169
  ======================================================================

2026-05-21 15:08:57.0478 [INFO] [AIRS.Core.Helpers.ZfpOracleDbHelper] [TraceID: 00-57a1ca6764fa5cc4451d7e616809b3bb-7ccdefef35fa9dac-00]
  Event: 0
  Request: GET https://lcr-tc.nhi.gov.tw/api/NhiPatientImage/studies/1.2.840.6610321904118510815420318233761831142014/series/1.2.840.185393732156165237212158241127106677643111/instances/1.2.840.2341525274212127441751241052421352018064169 
  Message: GetImageKey = Archived/20230510/1.2.840.6610321904118510815420318233761831142014/1.2.840.185393732156165237212158241127106677643111/1.2.840.2341525274212127441751241052421352018064169.dcm, 46 ms elapsed.
  Properties: S3ObjectKey=Archived/20230510/1.2.840.6610321904118510815420318233761831142014/1.2.840.185393732156165237212158241127106677643111/1.2.840.2341525274212127441751241052421352018064169.dcm; Elapsed=46; RequestId=40000189-0003-fe00-b63f-84710c7967bb; RequestPath=/api/NhiPatientImage/studies/1.2.840.6610321904118510815420318233761831142014/series/1.2.840.185393732156165237212158241127106677643111/instances/1.2.840.2341525274212127441751241052421352018064169; ActionId=2997d705-421a-43cc-a7a2-38ca60f284dd; ActionName=NHI_AI_MedReportViewerWebApi.Controllers.NhiPatientImageController.GetImage (NHI-AI-MedReportViewerWebApi); StudyInstanceUid=1.2.840.6610321904118510815420318233761831142014; SeriesInstanceUid=1.2.840.185393732156165237212158241127106677643111; SopInstanceUid=1.2.840.2341525274212127441751241052421352018064169
  ======================================================================

2026-05-21 15:08:57.1273 [INFO] [AIRS.Core.Common.LogForgingTools] [TraceID: 00-57a1ca6764fa5cc4451d7e616809b3bb-7ccdefef35fa9dac-00]
  Event: 0
  Request: GET https://lcr-tc.nhi.gov.tw/api/NhiPatientImage/studies/1.2.840.6610321904118510815420318233761831142014/series/1.2.840.185393732156165237212158241127106677643111/instances/1.2.840.2341525274212127441751241052421352018064169 
  Message: 1779347337127 GetImage() 由 S3 取得 stream，耗時 53 ms.
  Properties: RequestId=40000189-0003-fe00-b63f-84710c7967bb; RequestPath=/api/NhiPatientImage/studies/1.2.840.6610321904118510815420318233761831142014/series/1.2.840.185393732156165237212158241127106677643111/instances/1.2.840.2341525274212127441751241052421352018064169; ActionId=2997d705-421a-43cc-a7a2-38ca60f284dd; ActionName=NHI_AI_MedReportViewerWebApi.Controllers.NhiPatientImageController.GetImage (NHI-AI-MedReportViewerWebApi); StudyInstanceUid=1.2.840.6610321904118510815420318233761831142014; SeriesInstanceUid=1.2.840.185393732156165237212158241127106677643111; SopInstanceUid=1.2.840.2341525274212127441751241052421352018064169
  ======================================================================

2026-05-21 15:08:57.1480 [INFO] [NHI_AI_MedReportViewerWebApi.Services.NhiPatientImageService] [TraceID: 00-57a1ca6764fa5cc4451d7e616809b3bb-7ccdefef35fa9dac-00]
  Event: 0
  Request: GET https://lcr-tc.nhi.gov.tw/api/NhiPatientImage/studies/1.2.840.6610321904118510815420318233761831142014/series/1.2.840.185393732156165237212158241127106677643111/instances/1.2.840.2341525274212127441751241052421352018064169 
  Message: 成功從 S3 取得影像: 1.2.840.2341525274212127441751241052421352018064169
  Properties: RequestId=40000189-0003-fe00-b63f-84710c7967bb; RequestPath=/api/NhiPatientImage/studies/1.2.840.6610321904118510815420318233761831142014/series/1.2.840.185393732156165237212158241127106677643111/instances/1.2.840.2341525274212127441751241052421352018064169; ActionId=2997d705-421a-43cc-a7a2-38ca60f284dd; ActionName=NHI_AI_MedReportViewerWebApi.Controllers.NhiPatientImageController.GetImage (NHI-AI-MedReportViewerWebApi); StudyInstanceUid=1.2.840.6610321904118510815420318233761831142014; SeriesInstanceUid=1.2.840.185393732156165237212158241127106677643111; SopInstanceUid=1.2.840.2341525274212127441751241052421352018064169
  ======================================================================

2026-05-21 15:08:57.6042 [INFO] [AIRS.Core.Helpers.ZfpOracleDbHelper] [TraceID: 00-8b5d12b283e0dff891eff45a1bc1ff98-8d897e30407f62f0-00]
  Event: 0
  Request: GET https://lcr-tc.nhi.gov.tw/api/NhiPatientImage/studies/1.2.840.1405011311801131732011012121012200126134/series/1.2.840.51111141244381216847820799116149155151129/instances/1.2.840.17620941479171284898262227124811117329 
  Message: GetImageKey(studyInstanceUid: 1.2.840.1405011311801131732011012121012200126134, seriesInstanceUid: 1.2.840.51111141244381216847820799116149155151129, sopInstanceUid: 1.2.840.17620941479171284898262227124811117329)
  Properties: StudyUid=1.2.840.1405011311801131732011012121012200126134; SeriesUid=1.2.840.51111141244381216847820799116149155151129; SopUid=1.2.840.17620941479171284898262227124811117329; RequestId=4000018b-0003-fe00-b63f-84710c7967bb; RequestPath=/api/NhiPatientImage/studies/1.2.840.1405011311801131732011012121012200126134/series/1.2.840.51111141244381216847820799116149155151129/instances/1.2.840.17620941479171284898262227124811117329; ActionId=2997d705-421a-43cc-a7a2-38ca60f284dd; ActionName=NHI_AI_MedReportViewerWebApi.Controllers.NhiPatientImageController.GetImage (NHI-AI-MedReportViewerWebApi); StudyInstanceUid=1.2.840.1405011311801131732011012121012200126134; SeriesInstanceUid=1.2.840.51111141244381216847820799116149155151129; SopInstanceUid=1.2.840.17620941479171284898262227124811117329
  ======================================================================

2026-05-21 15:08:57.6452 [INFO] [Polly] [TraceID: 00-8b5d12b283e0dff891eff45a1bc1ff98-8d897e30407f62f0-00]
  Event: 0
  Request: GET https://lcr-tc.nhi.gov.tw/api/NhiPatientImage/studies/1.2.840.1405011311801131732011012121012200126134/series/1.2.840.51111141244381216847820799116149155151129/instances/1.2.840.17620941479171284898262227124811117329 
  Message: Execution attempt. Source: 'OracleResiliencePipeline/(null)/Retry', Operation Key: '', Result: 'NHI_ZFP_Viewer.ImageSources.ImageInfo', Handled: 'False', Attempt: '0', Execution Time: '16.4196'
  Properties: PipelineName=OracleResiliencePipeline; PipelineInstance=(null); StrategyName=Retry; Result=NHI_ZFP_Viewer.ImageSources.ImageInfo; Handled=false; Attempt=0; ExecutionTimeMs=16.4196; EventId=3; EventName=ExecutionAttempt; RequestId=4000018b-0003-fe00-b63f-84710c7967bb; RequestPath=/api/NhiPatientImage/studies/1.2.840.1405011311801131732011012121012200126134/series/1.2.840.51111141244381216847820799116149155151129/instances/1.2.840.17620941479171284898262227124811117329; ActionId=2997d705-421a-43cc-a7a2-38ca60f284dd; ActionName=NHI_AI_MedReportViewerWebApi.Controllers.NhiPatientImageController.GetImage (NHI-AI-MedReportViewerWebApi); StudyInstanceUid=1.2.840.1405011311801131732011012121012200126134; SeriesInstanceUid=1.2.840.51111141244381216847820799116149155151129; SopInstanceUid=1.2.840.17620941479171284898262227124811117329
  ======================================================================

2026-05-21 15:08:57.6733 [INFO] [AIRS.Core.Helpers.ZfpOracleDbHelper] [TraceID: 00-8b5d12b283e0dff891eff45a1bc1ff98-8d897e30407f62f0-00]
  Event: 0
  Request: GET https://lcr-tc.nhi.gov.tw/api/NhiPatientImage/studies/1.2.840.1405011311801131732011012121012200126134/series/1.2.840.51111141244381216847820799116149155151129/instances/1.2.840.17620941479171284898262227124811117329 
  Message: GetImageKey = Archived/20230210/1.2.840.1405011311801131732011012121012200126134/1.2.840.51111141244381216847820799116149155151129/1.2.840.17620941479171284898262227124811117329.dcm, 48 ms elapsed.
  Properties: S3ObjectKey=Archived/20230210/1.2.840.1405011311801131732011012121012200126134/1.2.840.51111141244381216847820799116149155151129/1.2.840.17620941479171284898262227124811117329.dcm; Elapsed=48; RequestId=4000018b-0003-fe00-b63f-84710c7967bb; RequestPath=/api/NhiPatientImage/studies/1.2.840.1405011311801131732011012121012200126134/series/1.2.840.51111141244381216847820799116149155151129/instances/1.2.840.17620941479171284898262227124811117329; ActionId=2997d705-421a-43cc-a7a2-38ca60f284dd; ActionName=NHI_AI_MedReportViewerWebApi.Controllers.NhiPatientImageController.GetImage (NHI-AI-MedReportViewerWebApi); StudyInstanceUid=1.2.840.1405011311801131732011012121012200126134; SeriesInstanceUid=1.2.840.51111141244381216847820799116149155151129; SopInstanceUid=1.2.840.17620941479171284898262227124811117329
  ======================================================================

2026-05-21 15:08:57.7666 [INFO] [AIRS.Core.Common.LogForgingTools] [TraceID: 00-8b5d12b283e0dff891eff45a1bc1ff98-8d897e30407f62f0-00]
  Event: 0
  Request: GET https://lcr-tc.nhi.gov.tw/api/NhiPatientImage/studies/1.2.840.1405011311801131732011012121012200126134/series/1.2.840.51111141244381216847820799116149155151129/instances/1.2.840.17620941479171284898262227124811117329 
  Message: 1779347337766 GetImage() 由 S3 取得 stream，耗時 74 ms.
  Properties: RequestId=4000018b-0003-fe00-b63f-84710c7967bb; RequestPath=/api/NhiPatientImage/studies/1.2.840.1405011311801131732011012121012200126134/series/1.2.840.51111141244381216847820799116149155151129/instances/1.2.840.17620941479171284898262227124811117329; ActionId=2997d705-421a-43cc-a7a2-38ca60f284dd; ActionName=NHI_AI_MedReportViewerWebApi.Controllers.NhiPatientImageController.GetImage (NHI-AI-MedReportViewerWebApi); StudyInstanceUid=1.2.840.1405011311801131732011012121012200126134; SeriesInstanceUid=1.2.840.51111141244381216847820799116149155151129; SopInstanceUid=1.2.840.17620941479171284898262227124811117329
  ======================================================================

2026-05-21 15:08:57.7876 [INFO] [NHI_AI_MedReportViewerWebApi.Services.NhiPatientImageService] [TraceID: 00-8b5d12b283e0dff891eff45a1bc1ff98-8d897e30407f62f0-00]
  Event: 0
  Request: GET https://lcr-tc.nhi.gov.tw/api/NhiPatientImage/studies/1.2.840.1405011311801131732011012121012200126134/series/1.2.840.51111141244381216847820799116149155151129/instances/1.2.840.17620941479171284898262227124811117329 
  Message: 成功從 S3 取得影像: 1.2.840.17620941479171284898262227124811117329
  Properties: RequestId=4000018b-0003-fe00-b63f-84710c7967bb; RequestPath=/api/NhiPatientImage/studies/1.2.840.1405011311801131732011012121012200126134/series/1.2.840.51111141244381216847820799116149155151129/instances/1.2.840.17620941479171284898262227124811117329; ActionId=2997d705-421a-43cc-a7a2-38ca60f284dd; ActionName=NHI_AI_MedReportViewerWebApi.Controllers.NhiPatientImageController.GetImage (NHI-AI-MedReportViewerWebApi); StudyInstanceUid=1.2.840.1405011311801131732011012121012200126134; SeriesInstanceUid=1.2.840.51111141244381216847820799116149155151129; SopInstanceUid=1.2.840.17620941479171284898262227124811117329
  ======================================================================

2026-05-21 15:08:57.9136 [INFO] [AIRS.Core.Helpers.ZfpOracleDbHelper] [TraceID: 00-68dccf3dd0822c4751cc1f0304056196-fa9042ba00f39be6-00]
  Event: 0
  Request: GET https://lcr-tc.nhi.gov.tw/api/NhiPatientImage/studies/1.2.840.1405011311801131732011012121012200126134/series/1.2.840.51111141244381216847820799116149155151129/instances/1.2.840.177871712112351721355421792314382197212226 
  Message: GetImageKey(studyInstanceUid: 1.2.840.1405011311801131732011012121012200126134, seriesInstanceUid: 1.2.840.51111141244381216847820799116149155151129, sopInstanceUid: 1.2.840.177871712112351721355421792314382197212226)
  Properties: StudyUid=1.2.840.1405011311801131732011012121012200126134; SeriesUid=1.2.840.51111141244381216847820799116149155151129; SopUid=1.2.840.177871712112351721355421792314382197212226; RequestId=4000018d-0003-fe00-b63f-84710c7967bb; RequestPath=/api/NhiPatientImage/studies/1.2.840.1405011311801131732011012121012200126134/series/1.2.840.51111141244381216847820799116149155151129/instances/1.2.840.177871712112351721355421792314382197212226; ActionId=2997d705-421a-43cc-a7a2-38ca60f284dd; ActionName=NHI_AI_MedReportViewerWebApi.Controllers.NhiPatientImageController.GetImage (NHI-AI-MedReportViewerWebApi); StudyInstanceUid=1.2.840.1405011311801131732011012121012200126134; SeriesInstanceUid=1.2.840.51111141244381216847820799116149155151129; SopInstanceUid=1.2.840.177871712112351721355421792314382197212226
  ======================================================================

2026-05-21 15:08:57.9538 [INFO] [Polly] [TraceID: 00-68dccf3dd0822c4751cc1f0304056196-fa9042ba00f39be6-00]
  Event: 0
  Request: GET https://lcr-tc.nhi.gov.tw/api/NhiPatientImage/studies/1.2.840.1405011311801131732011012121012200126134/series/1.2.840.51111141244381216847820799116149155151129/instances/1.2.840.177871712112351721355421792314382197212226 
  Message: Execution attempt. Source: 'OracleResiliencePipeline/(null)/Retry', Operation Key: '', Result: 'NHI_ZFP_Viewer.ImageSources.ImageInfo', Handled: 'False', Attempt: '0', Execution Time: '15.5116'
  Properties: PipelineName=OracleResiliencePipeline; PipelineInstance=(null); StrategyName=Retry; Result=NHI_ZFP_Viewer.ImageSources.ImageInfo; Handled=false; Attempt=0; ExecutionTimeMs=15.5116; EventId=3; EventName=ExecutionAttempt; RequestId=4000018d-0003-fe00-b63f-84710c7967bb; RequestPath=/api/NhiPatientImage/studies/1.2.840.1405011311801131732011012121012200126134/series/1.2.840.51111141244381216847820799116149155151129/instances/1.2.840.177871712112351721355421792314382197212226; ActionId=2997d705-421a-43cc-a7a2-38ca60f284dd; ActionName=NHI_AI_MedReportViewerWebApi.Controllers.NhiPatientImageController.GetImage (NHI-AI-MedReportViewerWebApi); StudyInstanceUid=1.2.840.1405011311801131732011012121012200126134; SeriesInstanceUid=1.2.840.51111141244381216847820799116149155151129; SopInstanceUid=1.2.840.177871712112351721355421792314382197212226
  ======================================================================

2026-05-21 15:08:57.9797 [INFO] [AIRS.Core.Helpers.ZfpOracleDbHelper] [TraceID: 00-68dccf3dd0822c4751cc1f0304056196-fa9042ba00f39be6-00]
  Event: 0
  Request: GET https://lcr-tc.nhi.gov.tw/api/NhiPatientImage/studies/1.2.840.1405011311801131732011012121012200126134/series/1.2.840.51111141244381216847820799116149155151129/instances/1.2.840.177871712112351721355421792314382197212226 
  Message: GetImageKey = Archived/20230210/1.2.840.1405011311801131732011012121012200126134/1.2.840.51111141244381216847820799116149155151129/1.2.840.177871712112351721355421792314382197212226.dcm, 49 ms elapsed.
  Properties: S3ObjectKey=Archived/20230210/1.2.840.1405011311801131732011012121012200126134/1.2.840.51111141244381216847820799116149155151129/1.2.840.177871712112351721355421792314382197212226.dcm; Elapsed=49; RequestId=4000018d-0003-fe00-b63f-84710c7967bb; RequestPath=/api/NhiPatientImage/studies/1.2.840.1405011311801131732011012121012200126134/series/1.2.840.51111141244381216847820799116149155151129/instances/1.2.840.177871712112351721355421792314382197212226; ActionId=2997d705-421a-43cc-a7a2-38ca60f284dd; ActionName=NHI_AI_MedReportViewerWebApi.Controllers.NhiPatientImageController.GetImage (NHI-AI-MedReportViewerWebApi); StudyInstanceUid=1.2.840.1405011311801131732011012121012200126134; SeriesInstanceUid=1.2.840.51111141244381216847820799116149155151129; SopInstanceUid=1.2.840.177871712112351721355421792314382197212226
  ======================================================================

2026-05-21 15:08:58.0838 [INFO] [AIRS.Core.Common.LogForgingTools] [TraceID: 00-68dccf3dd0822c4751cc1f0304056196-fa9042ba00f39be6-00]
  Event: 0
  Request: GET https://lcr-tc.nhi.gov.tw/api/NhiPatientImage/studies/1.2.840.1405011311801131732011012121012200126134/series/1.2.840.51111141244381216847820799116149155151129/instances/1.2.840.177871712112351721355421792314382197212226 
  Message: 1779347338083 GetImage() 由 S3 取得 stream，耗時 79 ms.
  Properties: RequestId=4000018d-0003-fe00-b63f-84710c7967bb; RequestPath=/api/NhiPatientImage/studies/1.2.840.1405011311801131732011012121012200126134/series/1.2.840.51111141244381216847820799116149155151129/instances/1.2.840.177871712112351721355421792314382197212226; ActionId=2997d705-421a-43cc-a7a2-38ca60f284dd; ActionName=NHI_AI_MedReportViewerWebApi.Controllers.NhiPatientImageController.GetImage (NHI-AI-MedReportViewerWebApi); StudyInstanceUid=1.2.840.1405011311801131732011012121012200126134; SeriesInstanceUid=1.2.840.51111141244381216847820799116149155151129; SopInstanceUid=1.2.840.177871712112351721355421792314382197212226
  ======================================================================

2026-05-21 15:08:58.1051 [INFO] [NHI_AI_MedReportViewerWebApi.Services.NhiPatientImageService] [TraceID: 00-68dccf3dd0822c4751cc1f0304056196-fa9042ba00f39be6-00]
  Event: 0
  Request: GET https://lcr-tc.nhi.gov.tw/api/NhiPatientImage/studies/1.2.840.1405011311801131732011012121012200126134/series/1.2.840.51111141244381216847820799116149155151129/instances/1.2.840.177871712112351721355421792314382197212226 
  Message: 成功從 S3 取得影像: 1.2.840.177871712112351721355421792314382197212226
  Properties: RequestId=4000018d-0003-fe00-b63f-84710c7967bb; RequestPath=/api/NhiPatientImage/studies/1.2.840.1405011311801131732011012121012200126134/series/1.2.840.51111141244381216847820799116149155151129/instances/1.2.840.177871712112351721355421792314382197212226; ActionId=2997d705-421a-43cc-a7a2-38ca60f284dd; ActionName=NHI_AI_MedReportViewerWebApi.Controllers.NhiPatientImageController.GetImage (NHI-AI-MedReportViewerWebApi); StudyInstanceUid=1.2.840.1405011311801131732011012121012200126134; SeriesInstanceUid=1.2.840.51111141244381216847820799116149155151129; SopInstanceUid=1.2.840.177871712112351721355421792314382197212226
  ======================================================================

2026-05-21 15:08:58.1626 [INFO] [AIRS.Core.Helpers.ZfpOracleDbHelper] [TraceID: 00-a5f736e383d1c5cc6c6d3fc601d45fb6-6faaabd2f81346ab-00]
  Event: 0
  Request: GET https://lcr-tc.nhi.gov.tw/api/NhiPatientImage/studies/1.2.840.1405011311801131732011012121012200126134/series/1.2.840.51111141244381216847820799116149155151129/instances/1.2.840.902467845121291941056421200146896719275 
  Message: GetImageKey(studyInstanceUid: 1.2.840.1405011311801131732011012121012200126134, seriesInstanceUid: 1.2.840.51111141244381216847820799116149155151129, sopInstanceUid: 1.2.840.902467845121291941056421200146896719275)
  Properties: StudyUid=1.2.840.1405011311801131732011012121012200126134; SeriesUid=1.2.840.51111141244381216847820799116149155151129; SopUid=1.2.840.902467845121291941056421200146896719275; RequestId=40000237-0006-fc00-b63f-84710c7967bb; RequestPath=/api/NhiPatientImage/studies/1.2.840.1405011311801131732011012121012200126134/series/1.2.840.51111141244381216847820799116149155151129/instances/1.2.840.902467845121291941056421200146896719275; ActionId=2997d705-421a-43cc-a7a2-38ca60f284dd; ActionName=NHI_AI_MedReportViewerWebApi.Controllers.NhiPatientImageController.GetImage (NHI-AI-MedReportViewerWebApi); StudyInstanceUid=1.2.840.1405011311801131732011012121012200126134; SeriesInstanceUid=1.2.840.51111141244381216847820799116149155151129; SopInstanceUid=1.2.840.902467845121291941056421200146896719275
  ======================================================================

2026-05-21 15:08:58.2017 [INFO] [Polly] [TraceID: 00-a5f736e383d1c5cc6c6d3fc601d45fb6-6faaabd2f81346ab-00]
  Event: 0
  Request: GET https://lcr-tc.nhi.gov.tw/api/NhiPatientImage/studies/1.2.840.1405011311801131732011012121012200126134/series/1.2.840.51111141244381216847820799116149155151129/instances/1.2.840.902467845121291941056421200146896719275 
  Message: Execution attempt. Source: 'OracleResiliencePipeline/(null)/Retry', Operation Key: '', Result: 'NHI_ZFP_Viewer.ImageSources.ImageInfo', Handled: 'False', Attempt: '0', Execution Time: '16.342'
  Properties: PipelineName=OracleResiliencePipeline; PipelineInstance=(null); StrategyName=Retry; Result=NHI_ZFP_Viewer.ImageSources.ImageInfo; Handled=false; Attempt=0; ExecutionTimeMs=16.342; EventId=3; EventName=ExecutionAttempt; RequestId=40000237-0006-fc00-b63f-84710c7967bb; RequestPath=/api/NhiPatientImage/studies/1.2.840.1405011311801131732011012121012200126134/series/1.2.840.51111141244381216847820799116149155151129/instances/1.2.840.902467845121291941056421200146896719275; ActionId=2997d705-421a-43cc-a7a2-38ca60f284dd; ActionName=NHI_AI_MedReportViewerWebApi.Controllers.NhiPatientImageController.GetImage (NHI-AI-MedReportViewerWebApi); StudyInstanceUid=1.2.840.1405011311801131732011012121012200126134; SeriesInstanceUid=1.2.840.51111141244381216847820799116149155151129; SopInstanceUid=1.2.840.902467845121291941056421200146896719275
  ======================================================================

2026-05-21 15:08:58.2286 [INFO] [AIRS.Core.Helpers.ZfpOracleDbHelper] [TraceID: 00-a5f736e383d1c5cc6c6d3fc601d45fb6-6faaabd2f81346ab-00]
  Event: 0
  Request: GET https://lcr-tc.nhi.gov.tw/api/NhiPatientImage/studies/1.2.840.1405011311801131732011012121012200126134/series/1.2.840.51111141244381216847820799116149155151129/instances/1.2.840.902467845121291941056421200146896719275 
  Message: GetImageKey = Archived/20230210/1.2.840.1405011311801131732011012121012200126134/1.2.840.51111141244381216847820799116149155151129/1.2.840.902467845121291941056421200146896719275.dcm, 51 ms elapsed.
  Properties: S3ObjectKey=Archived/20230210/1.2.840.1405011311801131732011012121012200126134/1.2.840.51111141244381216847820799116149155151129/1.2.840.902467845121291941056421200146896719275.dcm; Elapsed=51; RequestId=40000237-0006-fc00-b63f-84710c7967bb; RequestPath=/api/NhiPatientImage/studies/1.2.840.1405011311801131732011012121012200126134/series/1.2.840.51111141244381216847820799116149155151129/instances/1.2.840.902467845121291941056421200146896719275; ActionId=2997d705-421a-43cc-a7a2-38ca60f284dd; ActionName=NHI_AI_MedReportViewerWebApi.Controllers.NhiPatientImageController.GetImage (NHI-AI-MedReportViewerWebApi); StudyInstanceUid=1.2.840.1405011311801131732011012121012200126134; SeriesInstanceUid=1.2.840.51111141244381216847820799116149155151129; SopInstanceUid=1.2.840.902467845121291941056421200146896719275
  ======================================================================

2026-05-21 15:08:58.3044 [INFO] [AIRS.Core.Common.LogForgingTools] [TraceID: 00-a5f736e383d1c5cc6c6d3fc601d45fb6-6faaabd2f81346ab-00]
  Event: 0
  Request: GET https://lcr-tc.nhi.gov.tw/api/NhiPatientImage/studies/1.2.840.1405011311801131732011012121012200126134/series/1.2.840.51111141244381216847820799116149155151129/instances/1.2.840.902467845121291941056421200146896719275 
  Message: 1779347338304 GetImage() 由 S3 取得 stream，耗時 51 ms.
  Properties: RequestId=40000237-0006-fc00-b63f-84710c7967bb; RequestPath=/api/NhiPatientImage/studies/1.2.840.1405011311801131732011012121012200126134/series/1.2.840.51111141244381216847820799116149155151129/instances/1.2.840.902467845121291941056421200146896719275; ActionId=2997d705-421a-43cc-a7a2-38ca60f284dd; ActionName=NHI_AI_MedReportViewerWebApi.Controllers.NhiPatientImageController.GetImage (NHI-AI-MedReportViewerWebApi); StudyInstanceUid=1.2.840.1405011311801131732011012121012200126134; SeriesInstanceUid=1.2.840.51111141244381216847820799116149155151129; SopInstanceUid=1.2.840.902467845121291941056421200146896719275
  ======================================================================

2026-05-21 15:08:58.3277 [INFO] [NHI_AI_MedReportViewerWebApi.Services.NhiPatientImageService] [TraceID: 00-a5f736e383d1c5cc6c6d3fc601d45fb6-6faaabd2f81346ab-00]
  Event: 0
  Request: GET https://lcr-tc.nhi.gov.tw/api/NhiPatientImage/studies/1.2.840.1405011311801131732011012121012200126134/series/1.2.840.51111141244381216847820799116149155151129/instances/1.2.840.902467845121291941056421200146896719275 
  Message: 成功從 S3 取得影像: 1.2.840.902467845121291941056421200146896719275
  Properties: RequestId=40000237-0006-fc00-b63f-84710c7967bb; RequestPath=/api/NhiPatientImage/studies/1.2.840.1405011311801131732011012121012200126134/series/1.2.840.51111141244381216847820799116149155151129/instances/1.2.840.902467845121291941056421200146896719275; ActionId=2997d705-421a-43cc-a7a2-38ca60f284dd; ActionName=NHI_AI_MedReportViewerWebApi.Controllers.NhiPatientImageController.GetImage (NHI-AI-MedReportViewerWebApi); StudyInstanceUid=1.2.840.1405011311801131732011012121012200126134; SeriesInstanceUid=1.2.840.51111141244381216847820799116149155151129; SopInstanceUid=1.2.840.902467845121291941056421200146896719275
  ======================================================================

2026-05-21 15:08:58.8387 [INFO] [AIRS.Core.Helpers.ZfpOracleDbHelper] [TraceID: 00-4c24355dac63f4c40882e12732f8f1f1-8b1158b5fdb0c0b7-00]
  Event: 0
  Request: GET https://lcr-tc.nhi.gov.tw/api/NhiPatientImage/studies/1.2.840.1405011311801131732011012121012200126134/series/1.2.840.51111141244381216847820799116149155151129/instances/1.2.840.17230180122942297223510210933215591832308 
  Message: GetImageKey(studyInstanceUid: 1.2.840.1405011311801131732011012121012200126134, seriesInstanceUid: 1.2.840.51111141244381216847820799116149155151129, sopInstanceUid: 1.2.840.17230180122942297223510210933215591832308)
  Properties: StudyUid=1.2.840.1405011311801131732011012121012200126134; SeriesUid=1.2.840.51111141244381216847820799116149155151129; SopUid=1.2.840.17230180122942297223510210933215591832308; RequestId=40000239-0006-fc00-b63f-84710c7967bb; RequestPath=/api/NhiPatientImage/studies/1.2.840.1405011311801131732011012121012200126134/series/1.2.840.51111141244381216847820799116149155151129/instances/1.2.840.17230180122942297223510210933215591832308; ActionId=2997d705-421a-43cc-a7a2-38ca60f284dd; ActionName=NHI_AI_MedReportViewerWebApi.Controllers.NhiPatientImageController.GetImage (NHI-AI-MedReportViewerWebApi); StudyInstanceUid=1.2.840.1405011311801131732011012121012200126134; SeriesInstanceUid=1.2.840.51111141244381216847820799116149155151129; SopInstanceUid=1.2.840.17230180122942297223510210933215591832308
  ======================================================================

2026-05-21 15:08:58.8795 [INFO] [Polly] [TraceID: 00-4c24355dac63f4c40882e12732f8f1f1-8b1158b5fdb0c0b7-00]
  Event: 0
  Request: GET https://lcr-tc.nhi.gov.tw/api/NhiPatientImage/studies/1.2.840.1405011311801131732011012121012200126134/series/1.2.840.51111141244381216847820799116149155151129/instances/1.2.840.17230180122942297223510210933215591832308 
  Message: Execution attempt. Source: 'OracleResiliencePipeline/(null)/Retry', Operation Key: '', Result: 'NHI_ZFP_Viewer.ImageSources.ImageInfo', Handled: 'False', Attempt: '0', Execution Time: '15.4806'
  Properties: PipelineName=OracleResiliencePipeline; PipelineInstance=(null); StrategyName=Retry; Result=NHI_ZFP_Viewer.ImageSources.ImageInfo; Handled=false; Attempt=0; ExecutionTimeMs=15.4806; EventId=3; EventName=ExecutionAttempt; RequestId=40000239-0006-fc00-b63f-84710c7967bb; RequestPath=/api/NhiPatientImage/studies/1.2.840.1405011311801131732011012121012200126134/series/1.2.840.51111141244381216847820799116149155151129/instances/1.2.840.17230180122942297223510210933215591832308; ActionId=2997d705-421a-43cc-a7a2-38ca60f284dd; ActionName=NHI_AI_MedReportViewerWebApi.Controllers.NhiPatientImageController.GetImage (NHI-AI-MedReportViewerWebApi); StudyInstanceUid=1.2.840.1405011311801131732011012121012200126134; SeriesInstanceUid=1.2.840.51111141244381216847820799116149155151129; SopInstanceUid=1.2.840.17230180122942297223510210933215591832308
  ======================================================================

2026-05-21 15:08:58.9137 [INFO] [AIRS.Core.Helpers.ZfpOracleDbHelper] [TraceID: 00-4c24355dac63f4c40882e12732f8f1f1-8b1158b5fdb0c0b7-00]
  Event: 0
  Request: GET https://lcr-tc.nhi.gov.tw/api/NhiPatientImage/studies/1.2.840.1405011311801131732011012121012200126134/series/1.2.840.51111141244381216847820799116149155151129/instances/1.2.840.17230180122942297223510210933215591832308 
  Message: GetImageKey = Archived/20230210/1.2.840.1405011311801131732011012121012200126134/1.2.840.51111141244381216847820799116149155151129/1.2.840.17230180122942297223510210933215591832308.dcm, 53 ms elapsed.
  Properties: S3ObjectKey=Archived/20230210/1.2.840.1405011311801131732011012121012200126134/1.2.840.51111141244381216847820799116149155151129/1.2.840.17230180122942297223510210933215591832308.dcm; Elapsed=53; RequestId=40000239-0006-fc00-b63f-84710c7967bb; RequestPath=/api/NhiPatientImage/studies/1.2.840.1405011311801131732011012121012200126134/series/1.2.840.51111141244381216847820799116149155151129/instances/1.2.840.17230180122942297223510210933215591832308; ActionId=2997d705-421a-43cc-a7a2-38ca60f284dd; ActionName=NHI_AI_MedReportViewerWebApi.Controllers.NhiPatientImageController.GetImage (NHI-AI-MedReportViewerWebApi); StudyInstanceUid=1.2.840.1405011311801131732011012121012200126134; SeriesInstanceUid=1.2.840.51111141244381216847820799116149155151129; SopInstanceUid=1.2.840.17230180122942297223510210933215591832308
  ======================================================================

2026-05-21 15:08:58.9318 [INFO] [AIRS.Core.Helpers.ZfpOracleDbHelper] [TraceID: 00-fe11341c596d404445dec280cb024aaf-d845a29d59d9032a-00]
  Event: 0
  Request: GET https://lcr-tc.nhi.gov.tw/api/NhiPatientImage/studies/1.2.840.1405011311801131732011012121012200126134/series/1.2.840.51111141244381216847820799116149155151129/instances/1.2.840.13115091142231331436320116010018198622197 
  Message: GetImageKey(studyInstanceUid: 1.2.840.1405011311801131732011012121012200126134, seriesInstanceUid: 1.2.840.51111141244381216847820799116149155151129, sopInstanceUid: 1.2.840.13115091142231331436320116010018198622197)
  Properties: StudyUid=1.2.840.1405011311801131732011012121012200126134; SeriesUid=1.2.840.51111141244381216847820799116149155151129; SopUid=1.2.840.13115091142231331436320116010018198622197; RequestId=40000131-0004-fd00-b63f-84710c7967bb; RequestPath=/api/NhiPatientImage/studies/1.2.840.1405011311801131732011012121012200126134/series/1.2.840.51111141244381216847820799116149155151129/instances/1.2.840.13115091142231331436320116010018198622197; ActionId=2997d705-421a-43cc-a7a2-38ca60f284dd; ActionName=NHI_AI_MedReportViewerWebApi.Controllers.NhiPatientImageController.GetImage (NHI-AI-MedReportViewerWebApi); StudyInstanceUid=1.2.840.1405011311801131732011012121012200126134; SeriesInstanceUid=1.2.840.51111141244381216847820799116149155151129; SopInstanceUid=1.2.840.13115091142231331436320116010018198622197
  ======================================================================

2026-05-21 15:08:58.9640 [INFO] [Polly] [TraceID: 00-fe11341c596d404445dec280cb024aaf-d845a29d59d9032a-00]
  Event: 0
  Request: GET https://lcr-tc.nhi.gov.tw/api/NhiPatientImage/studies/1.2.840.1405011311801131732011012121012200126134/series/1.2.840.51111141244381216847820799116149155151129/instances/1.2.840.13115091142231331436320116010018198622197 
  Message: Execution attempt. Source: 'OracleResiliencePipeline/(null)/Retry', Operation Key: '', Result: 'NHI_ZFP_Viewer.ImageSources.ImageInfo', Handled: 'False', Attempt: '0', Execution Time: '13.7056'
  Properties: PipelineName=OracleResiliencePipeline; PipelineInstance=(null); StrategyName=Retry; Result=NHI_ZFP_Viewer.ImageSources.ImageInfo; Handled=false; Attempt=0; ExecutionTimeMs=13.7056; EventId=3; EventName=ExecutionAttempt; RequestId=40000131-0004-fd00-b63f-84710c7967bb; RequestPath=/api/NhiPatientImage/studies/1.2.840.1405011311801131732011012121012200126134/series/1.2.840.51111141244381216847820799116149155151129/instances/1.2.840.13115091142231331436320116010018198622197; ActionId=2997d705-421a-43cc-a7a2-38ca60f284dd; ActionName=NHI_AI_MedReportViewerWebApi.Controllers.NhiPatientImageController.GetImage (NHI-AI-MedReportViewerWebApi); StudyInstanceUid=1.2.840.1405011311801131732011012121012200126134; SeriesInstanceUid=1.2.840.51111141244381216847820799116149155151129; SopInstanceUid=1.2.840.13115091142231331436320116010018198622197
  ======================================================================

2026-05-21 15:08:58.9844 [INFO] [AIRS.Core.Common.LogForgingTools] [TraceID: 00-4c24355dac63f4c40882e12732f8f1f1-8b1158b5fdb0c0b7-00]
  Event: 0
  Request: GET https://lcr-tc.nhi.gov.tw/api/NhiPatientImage/studies/1.2.840.1405011311801131732011012121012200126134/series/1.2.840.51111141244381216847820799116149155151129/instances/1.2.840.17230180122942297223510210933215591832308 
  Message: 1779347338984 GetImage() 由 S3 取得 stream，耗時 48 ms.
  Properties: RequestId=40000239-0006-fc00-b63f-84710c7967bb; RequestPath=/api/NhiPatientImage/studies/1.2.840.1405011311801131732011012121012200126134/series/1.2.840.51111141244381216847820799116149155151129/instances/1.2.840.17230180122942297223510210933215591832308; ActionId=2997d705-421a-43cc-a7a2-38ca60f284dd; ActionName=NHI_AI_MedReportViewerWebApi.Controllers.NhiPatientImageController.GetImage (NHI-AI-MedReportViewerWebApi); StudyInstanceUid=1.2.840.1405011311801131732011012121012200126134; SeriesInstanceUid=1.2.840.51111141244381216847820799116149155151129; SopInstanceUid=1.2.840.17230180122942297223510210933215591832308
  ======================================================================

2026-05-21 15:08:58.9871 [INFO] [AIRS.Core.Helpers.ZfpOracleDbHelper] [TraceID: 00-fe11341c596d404445dec280cb024aaf-d845a29d59d9032a-00]
  Event: 0
  Request: GET https://lcr-tc.nhi.gov.tw/api/NhiPatientImage/studies/1.2.840.1405011311801131732011012121012200126134/series/1.2.840.51111141244381216847820799116149155151129/instances/1.2.840.13115091142231331436320116010018198622197 
  Message: GetImageKey = Archived/20230210/1.2.840.1405011311801131732011012121012200126134/1.2.840.51111141244381216847820799116149155151129/1.2.840.13115091142231331436320116010018198622197.dcm, 43 ms elapsed.
  Properties: S3ObjectKey=Archived/20230210/1.2.840.1405011311801131732011012121012200126134/1.2.840.51111141244381216847820799116149155151129/1.2.840.13115091142231331436320116010018198622197.dcm; Elapsed=43; RequestId=40000131-0004-fd00-b63f-84710c7967bb; RequestPath=/api/NhiPatientImage/studies/1.2.840.1405011311801131732011012121012200126134/series/1.2.840.51111141244381216847820799116149155151129/instances/1.2.840.13115091142231331436320116010018198622197; ActionId=2997d705-421a-43cc-a7a2-38ca60f284dd; ActionName=NHI_AI_MedReportViewerWebApi.Controllers.NhiPatientImageController.GetImage (NHI-AI-MedReportViewerWebApi); StudyInstanceUid=1.2.840.1405011311801131732011012121012200126134; SeriesInstanceUid=1.2.840.51111141244381216847820799116149155151129; SopInstanceUid=1.2.840.13115091142231331436320116010018198622197
  ======================================================================

2026-05-21 15:08:59.0056 [INFO] [NHI_AI_MedReportViewerWebApi.Services.NhiPatientImageService] [TraceID: 00-4c24355dac63f4c40882e12732f8f1f1-8b1158b5fdb0c0b7-00]
  Event: 0
  Request: GET https://lcr-tc.nhi.gov.tw/api/NhiPatientImage/studies/1.2.840.1405011311801131732011012121012200126134/series/1.2.840.51111141244381216847820799116149155151129/instances/1.2.840.17230180122942297223510210933215591832308 
  Message: 成功從 S3 取得影像: 1.2.840.17230180122942297223510210933215591832308
  Properties: RequestId=40000239-0006-fc00-b63f-84710c7967bb; RequestPath=/api/NhiPatientImage/studies/1.2.840.1405011311801131732011012121012200126134/series/1.2.840.51111141244381216847820799116149155151129/instances/1.2.840.17230180122942297223510210933215591832308; ActionId=2997d705-421a-43cc-a7a2-38ca60f284dd; ActionName=NHI_AI_MedReportViewerWebApi.Controllers.NhiPatientImageController.GetImage (NHI-AI-MedReportViewerWebApi); StudyInstanceUid=1.2.840.1405011311801131732011012121012200126134; SeriesInstanceUid=1.2.840.51111141244381216847820799116149155151129; SopInstanceUid=1.2.840.17230180122942297223510210933215591832308
  ======================================================================

2026-05-21 15:08:59.0809 [INFO] [AIRS.Core.Common.LogForgingTools] [TraceID: 00-fe11341c596d404445dec280cb024aaf-d845a29d59d9032a-00]
  Event: 0
  Request: GET https://lcr-tc.nhi.gov.tw/api/NhiPatientImage/studies/1.2.840.1405011311801131732011012121012200126134/series/1.2.840.51111141244381216847820799116149155151129/instances/1.2.840.13115091142231331436320116010018198622197 
  Message: 1779347339080 GetImage() 由 S3 取得 stream，耗時 70 ms.
  Properties: RequestId=40000131-0004-fd00-b63f-84710c7967bb; RequestPath=/api/NhiPatientImage/studies/1.2.840.1405011311801131732011012121012200126134/series/1.2.840.51111141244381216847820799116149155151129/instances/1.2.840.13115091142231331436320116010018198622197; ActionId=2997d705-421a-43cc-a7a2-38ca60f284dd; ActionName=NHI_AI_MedReportViewerWebApi.Controllers.NhiPatientImageController.GetImage (NHI-AI-MedReportViewerWebApi); StudyInstanceUid=1.2.840.1405011311801131732011012121012200126134; SeriesInstanceUid=1.2.840.51111141244381216847820799116149155151129; SopInstanceUid=1.2.840.13115091142231331436320116010018198622197
  ======================================================================

2026-05-21 15:08:59.1066 [INFO] [NHI_AI_MedReportViewerWebApi.Services.NhiPatientImageService] [TraceID: 00-fe11341c596d404445dec280cb024aaf-d845a29d59d9032a-00]
  Event: 0
  Request: GET https://lcr-tc.nhi.gov.tw/api/NhiPatientImage/studies/1.2.840.1405011311801131732011012121012200126134/series/1.2.840.51111141244381216847820799116149155151129/instances/1.2.840.13115091142231331436320116010018198622197 
  Message: 成功從 S3 取得影像: 1.2.840.13115091142231331436320116010018198622197
  Properties: RequestId=40000131-0004-fd00-b63f-84710c7967bb; RequestPath=/api/NhiPatientImage/studies/1.2.840.1405011311801131732011012121012200126134/series/1.2.840.51111141244381216847820799116149155151129/instances/1.2.840.13115091142231331436320116010018198622197; ActionId=2997d705-421a-43cc-a7a2-38ca60f284dd; ActionName=NHI_AI_MedReportViewerWebApi.Controllers.NhiPatientImageController.GetImage (NHI-AI-MedReportViewerWebApi); StudyInstanceUid=1.2.840.1405011311801131732011012121012200126134; SeriesInstanceUid=1.2.840.51111141244381216847820799116149155151129; SopInstanceUid=1.2.840.13115091142231331436320116010018198622197
  ======================================================================

2026-05-21 15:09:00.0860 [INFO] [NHI_AI_MedReportViewerWebApi.Services.NhiPatientImageService] [TraceID: 00-a827dadfb95c6e5dd4ebbb2985c5ea2d-9d2c64bc5dc18191-00]
  Event: 0
  Request: GET https://lcr-tc.nhi.gov.tw/api/NhiPatientImage/studies/1.2.840.133888132105150143162871541411731780159144/series-uid 
  Message: 開始查詢 Series Instance UID: Study=1.2.840.133888132105150143162871541411731780159144, SeriesNumber=15
  Properties: RequestId=4000023b-0006-fc00-b63f-84710c7967bb; RequestPath=/api/NhiPatientImage/studies/1.2.840.133888132105150143162871541411731780159144/series-uid; ActionId=d8463340-b851-4e92-be0f-8b014b0feec8; ActionName=NHI_AI_MedReportViewerWebApi.Controllers.NhiPatientImageController.GetSeriesInstanceUid (NHI-AI-MedReportViewerWebApi); StudyInstanceUid=1.2.840.133888132105150143162871541411731780159144; SeriesNumber=15
  ======================================================================

2026-05-21 15:09:00.1280 [INFO] [Polly] [TraceID: 00-a827dadfb95c6e5dd4ebbb2985c5ea2d-9d2c64bc5dc18191-00]
  Event: 0
  Request: GET https://lcr-tc.nhi.gov.tw/api/NhiPatientImage/studies/1.2.840.133888132105150143162871541411731780159144/series-uid 
  Message: Execution attempt. Source: 'OracleResiliencePipeline/(null)/Retry', Operation Key: '', Result: '1.2.840.19216622352892321110282110210111240391850', Handled: 'False', Attempt: '0', Execution Time: '14.3711'
  Properties: PipelineName=OracleResiliencePipeline; PipelineInstance=(null); StrategyName=Retry; Result=1.2.840.19216622352892321110282110210111240391850; Handled=false; Attempt=0; ExecutionTimeMs=14.3711; EventId=3; EventName=ExecutionAttempt; RequestId=4000023b-0006-fc00-b63f-84710c7967bb; RequestPath=/api/NhiPatientImage/studies/1.2.840.133888132105150143162871541411731780159144/series-uid; ActionId=d8463340-b851-4e92-be0f-8b014b0feec8; ActionName=NHI_AI_MedReportViewerWebApi.Controllers.NhiPatientImageController.GetSeriesInstanceUid (NHI-AI-MedReportViewerWebApi); StudyInstanceUid=1.2.840.133888132105150143162871541411731780159144; SeriesNumber=15
  ======================================================================

2026-05-21 15:09:00.1474 [INFO] [NHI_AI_MedReportViewerWebApi.Services.NhiPatientImageService] [TraceID: 00-a827dadfb95c6e5dd4ebbb2985c5ea2d-9d2c64bc5dc18191-00]
  Event: 0
  Request: GET https://lcr-tc.nhi.gov.tw/api/NhiPatientImage/studies/1.2.840.133888132105150143162871541411731780159144/series-uid 
  Message: 找到 Series Number 15 對應的 Series Instance UID: 1.2.840.19216622352892321110282110210111240391850
  Properties: RequestId=4000023b-0006-fc00-b63f-84710c7967bb; RequestPath=/api/NhiPatientImage/studies/1.2.840.133888132105150143162871541411731780159144/series-uid; ActionId=d8463340-b851-4e92-be0f-8b014b0feec8; ActionName=NHI_AI_MedReportViewerWebApi.Controllers.NhiPatientImageController.GetSeriesInstanceUid (NHI-AI-MedReportViewerWebApi); StudyInstanceUid=1.2.840.133888132105150143162871541411731780159144; SeriesNumber=15
  ======================================================================

2026-05-21 16:15:36.9743 [ERROR] [Microsoft.Extensions.Diagnostics.HealthChecks.DefaultHealthCheckService] [TraceID: 00-8cf9128d9ebe0c614aa5f67acfa81059-ec44ea9804b09b49-00]
  Event: 0
  Request: GET https://10.1.72.35/health 
  Message: Health check 正式_OracleDB with status Unhealthy completed after 37966.2101ms with message '(null)'
  Properties: HealthCheckName=正式_OracleDB; HealthStatus=Unhealthy; ElapsedMilliseconds=37966.2101; EventId=103; EventName=HealthCheckEnd; RequestId=40000137-0004-fd00-b63f-84710c7967bb; RequestPath=/health; HealthCheckName=正式_OracleDB
  --- Exception ---
System.Threading.Tasks.TaskCanceledException: A task was canceled.
   at HealthChecks.Oracle.OracleHealthCheck.CheckHealthAsync(HealthCheckContext context, CancellationToken cancellationToken) in /_/src/HealthChecks.Oracle/OracleHealthCheck.cs:line 34
======================================================================

2026-05-21 17:56:03.0504 [ERROR] [Microsoft.Extensions.Diagnostics.HealthChecks.DefaultHealthCheckService] [TraceID: 00-34ac1ed0939a79ca0aac8bf7de201062-3bfc1c0b83fc447f-00]
  Event: 0
  Request: GET https://10.1.72.35/health 
  Message: Health check 正式_OracleDB with status Unhealthy completed after 18969.2609ms with message '(null)'
  Properties: HealthCheckName=正式_OracleDB; HealthStatus=Unhealthy; ElapsedMilliseconds=18969.2609; EventId=103; EventName=HealthCheckEnd; RequestId=4000013d-0004-fd00-b63f-84710c7967bb; RequestPath=/health; HealthCheckName=正式_OracleDB
  --- Exception ---
System.Threading.Tasks.TaskCanceledException: A task was canceled.
   at HealthChecks.Oracle.OracleHealthCheck.CheckHealthAsync(HealthCheckContext context, CancellationToken cancellationToken) in /_/src/HealthChecks.Oracle/OracleHealthCheck.cs:line 34
======================================================================

2026-05-21 18:13:07.5867 [ERROR] [Microsoft.Extensions.Diagnostics.HealthChecks.DefaultHealthCheckService] [TraceID: 00-90f323691aeefd8df2e59873c1620ae1-87fef1c37523cc81-00]
  Event: 0
  Request: GET https://10.1.72.35/health 
  Message: Health check 正式_OracleDB with status Unhealthy completed after 18956.3844ms with message '(null)'
  Properties: HealthCheckName=正式_OracleDB; HealthStatus=Unhealthy; ElapsedMilliseconds=18956.3844; EventId=103; EventName=HealthCheckEnd; RequestId=40000197-0003-fe00-b63f-84710c7967bb; RequestPath=/health; HealthCheckName=正式_OracleDB
  --- Exception ---
System.Threading.Tasks.TaskCanceledException: A task was canceled.
   at HealthChecks.Oracle.OracleHealthCheck.CheckHealthAsync(HealthCheckContext context, CancellationToken cancellationToken) in /_/src/HealthChecks.Oracle/OracleHealthCheck.cs:line 34
======================================================================

2026-05-21 20:09:18.4402 [ERROR] [Microsoft.Extensions.Diagnostics.HealthChecks.DefaultHealthCheckService] [TraceID: 00-68e868a2c804c665f26d9707bdc12d88-bf0ca7feea5fa308-00]
  Event: 0
  Request: GET https://10.1.72.35/health 
  Message: Health check 正式_OracleDB with status Unhealthy completed after 18980.2273ms with message '(null)'
  Properties: HealthCheckName=正式_OracleDB; HealthStatus=Unhealthy; ElapsedMilliseconds=18980.2273; EventId=103; EventName=HealthCheckEnd; RequestId=4000014b-0004-fd00-b63f-84710c7967bb; RequestPath=/health; HealthCheckName=正式_OracleDB
  --- Exception ---
System.Threading.Tasks.TaskCanceledException: A task was canceled.
   at HealthChecks.Oracle.OracleHealthCheck.CheckHealthAsync(HealthCheckContext context, CancellationToken cancellationToken) in /_/src/HealthChecks.Oracle/OracleHealthCheck.cs:line 34
======================================================================

2026-05-21 22:12:24.6785 [ERROR] [Microsoft.Extensions.Diagnostics.HealthChecks.DefaultHealthCheckService] [TraceID: 00-a6e8d8c86d298ab3d4916da404a95c99-3273c32af162aebc-00]
  Event: 0
  Request: GET https://10.1.72.35/health 
  Message: Health check 正式_OracleDB with status Unhealthy completed after 18982.7263ms with message '(null)'
  Properties: HealthCheckName=正式_OracleDB; HealthStatus=Unhealthy; ElapsedMilliseconds=18982.7263; EventId=103; EventName=HealthCheckEnd; RequestId=40000252-0007-fe00-b63f-84710c7967bb; RequestPath=/health; HealthCheckName=正式_OracleDB
  --- Exception ---
System.Threading.Tasks.TaskCanceledException: A task was canceled.
   at HealthChecks.Oracle.OracleHealthCheck.CheckHealthAsync(HealthCheckContext context, CancellationToken cancellationToken) in /_/src/HealthChecks.Oracle/OracleHealthCheck.cs:line 34
======================================================================

2026-05-21 22:26:31.6353 [ERROR] [Microsoft.Extensions.Diagnostics.HealthChecks.DefaultHealthCheckService] [TraceID: 00-f11b6d18d745f47dc3be2b8e5ce9f52c-3fcd73b568bd3c19-00]
  Event: 0
  Request: GET https://10.1.72.35/health 
  Message: Health check 正式_OracleDB with status Unhealthy completed after 37935.4919ms with message '(null)'
  Properties: HealthCheckName=正式_OracleDB; HealthStatus=Unhealthy; ElapsedMilliseconds=37935.4919; EventId=103; EventName=HealthCheckEnd; RequestId=400001a1-0003-fe00-b63f-84710c7967bb; RequestPath=/health; HealthCheckName=正式_OracleDB
  --- Exception ---
System.Threading.Tasks.TaskCanceledException: A task was canceled.
   at HealthChecks.Oracle.OracleHealthCheck.CheckHealthAsync(HealthCheckContext context, CancellationToken cancellationToken) in /_/src/HealthChecks.Oracle/OracleHealthCheck.cs:line 34
======================================================================

